{
  "uri": "https://datos.gob.mx/busca/dataset?organization=gacm",
  "publishedDate": "2017-02-15T16:48:25.684Z",
  "releases": [
    {
      "ocid": "104",
      "id": "RELEASE_104_2017-02-15T16:48:25.684Z",
      "date": "2017-02-08T06:00:00.000Z",
      "tag": [
        "contract"
      ],
      "initiationType": "tender",
      "planning": {
        "budget": {
          "source": "http://www.apartados.hacienda.gob.mx/presupuesto/temas/pef/2015/docs/09/r09_kdh_pie.pdf",
          "id": "CONSTRUCCION DE VIAS DE COMUNICACION",
          "description": "RECURSOS FISCALES",
          "amount": {
            "amount": 2441250,
            "currency": "MXN"
          },
          "project": "Nuevo Aeropuerto Internacional de la Ciudad de Mexico",
          "projectID": "46101",
          "uri": "http://www.apartados.hacienda.gob.mx/presupuesto/temas/pef/2015/docs/09/r09_kdh_pie.pdf"
        },
        "rationale": "Servicio para la Asistencia Tecnica Especializada en Materia de Diseno Sismico Estructural Aplicada a la Infraestructura Aeroportuaria",
        "documents": [
          {
            "id": "doc-b8f85884-be66-431f-9871-e5d05d863ed2",
            "documentType": "projectPlan",
            "title": "Proyecto ejecutivo de la obra",
            "description": "Terminos de referencia",
            "url": "http://189.211.120.220:8880/files/opendata/15091-AD-SRO-DCAGI-SC-091-15/4.-%20TR/4.pdf",
            "datePublished": "2015-07-31T05:00:00.000Z",
            "dateModified": "2015-07-31T05:00:00.000Z",
            "format": "html",
            "language": "es"
          }
        ]
      },
      "tender": {
        "id": "1038638",
        "title": "Servicio para la Asistencia Tecnica Especializada en Materia de Diseno Sismico Estructural Aplicada a la Infraestructura Aeroportuaria",
        "description": "Servicio para la Asistencia Tecnica Especializada en Materia de Diseno Sismico Estructural Aplicada a la Infraestructura Aeroportuaria",
        "status": "active",
        "items": [
          {
            "id": "item-0052778a-9afb-4837-ac98-6238868c7e2d",
            "description": "Servicio para la Asistencia Tecnica Especializada en Materia de Diseno Sismico Estructural Aplicada a la Infraestructura Aeroportuaria",
            "classification": {
              "scheme": "CONSTRUCCION DE VIAS DE COMUNICACION",
              "id": "6250"
            },
            "quantity": 1,
            "unit": {
              "name": "sop",
              "value": {
                "amount": 2104525.86,
                "currency": "MXN"
              }
            }
          }
        ],
        "value": {
          "amount": 2441250,
          "currency": "MXN"
        },
        "procurementMethod": "limited",
        "procurementMethodRationale": "Nacional",
        "metodoDeAdquisicion": "Adjudicación directa",
        "awardCriteria": "bestValueToGoverment",
        "awardCriteriaDetails": "No aplica",
        "submissionMethod": [
          "Presencial"
        ],
        "eligibilityCriteria": "Ver documento adjunto",
        "documents": [
          {
            "id": "doc-8a3451f3-ab83-4de9-b59b-c3d8e199c486",
            "documentType": "Clarifications",
            "title": "Actas de la junta de aclaraciones",
            "description": "Actas de la junta de aclaraciones",
            "url": "http://189.211.120.220:8880/files/opendata/15091-AD-SRO-DCAGI-SC-091-15/9.-%20AJ/9.pdf",
            "datePublished": "2015-07-31T05:00:00.000Z",
            "dateModified": "2015-07-31T05:00:00.000Z",
            "format": "html",
            "language": "es"
          },
          {
            "id": "doc-d9014310-0576-4617-8983-7260eba85fee",
            "documentType": "Tender Notice",
            "title": "Documento que contiene las especificaciones t?cnicas de la obra",
            "description": "Convocatoria al procedimiento de contratacion",
            "url": "http://189.211.120.220:8880/files/opendata/15091-AD-SRO-DCAGI-SC-091-15/8.-%20CC/8.pdf",
            "datePublished": "2015-07-31T05:00:00.000Z",
            "dateModified": "2015-07-31T05:00:00.000Z",
            "format": "html",
            "language": "es"
          },
          {
            "id": "doc-4fd8fb73-030e-484f-b467-ee117c3e0024",
            "documentType": "Tender Notice",
            "title": "Documento que describe los criterios de evaluaci?n",
            "description": "Convocatoria al procedimiento de contratacion",
            "url": "http://189.211.120.220:8880/files/opendata/15091-AD-SRO-DCAGI-SC-091-15/8.-%20CC/8.pdf",
            "datePublished": "2015-07-31T05:00:00.000Z",
            "dateModified": "2015-07-31T05:00:00.000Z",
            "format": "html",
            "language": "es"
          },
          {
            "id": "doc-62e27559-db09-493b-968f-96602a4dcd39",
            "documentType": "Tender Notice",
            "title": "Documento que contiene los objetivos y caracter?sticas del contrato y proceso de licitaci?n",
            "description": "Convocatoria al procedimiento de contratacion",
            "url": "http://189.211.120.220:8880/files/opendata/15091-AD-SRO-DCAGI-SC-091-15/8.-%20CC/8.pdf",
            "datePublished": "2015-07-31T05:00:00.000Z",
            "dateModified": "2015-07-31T05:00:00.000Z",
            "format": "html",
            "language": "es"
          },
          {
            "id": "doc-0c9f8529-d303-4b85-ac4d-830fb1ac0dba",
            "documentType": "Tender Notice",
            "title": "Convocatoria al procedimiento de contrataci?n",
            "description": "Convocatoria al procedimiento de contratacion",
            "url": "http://189.211.120.220:8880/files/opendata/15091-AD-SRO-DCAGI-SC-091-15/8.-%20CC/8.pdf",
            "datePublished": "2015-07-31T05:00:00.000Z",
            "dateModified": "2015-07-31T05:00:00.000Z",
            "format": "html",
            "language": "es"
          },
          {
            "id": "doc-a3d34e17-69a9-48ab-bb24-7fb647a9c6d2",
            "documentType": "Tender Notice",
            "title": "Documento que describe los criterios que deben cumplir los licitantes",
            "description": "Convocatoria al procedimiento de contratacion",
            "url": "http://189.211.120.220:8880/files/opendata/15091-AD-SRO-DCAGI-SC-091-15/8.-%20CC/8.pdf",
            "datePublished": "2015-07-31T05:00:00.000Z",
            "dateModified": "2015-07-31T05:00:00.000Z",
            "format": "html",
            "language": "es"
          }
        ]
      },
      "buyer": {
        "identifier": {
          "scheme": "MK-009KDH999",
          "id": "GACM",
          "legalName": "Grupo Aeroportuario de la Ciudad de Mexico, S.A. de C.V.",
          "uri": "http://www.aeropuerto.gob.mx/"
        },
        "name": "Grupo Aeroportuario de la Ciudad de Mexico, S.A. de C.V.",
        "address": {
          "streetAddress": "AV. INSURGENTES SUR NO. 2453 PISO 2 OFICINA 203",
          "locality": "COL. TIZAPAN",
          "region": "DEL. ALVARO OBREGON",
          "postalCode": "01090",
          "countryName": "Mexico"
        },
        "contactPoint": {
          "name": "G05-DIRECCION CORPORATIVA DE ADMINISTRACION Y GESTION INMOBILIARIA",
          "url": "http://www.aeropuerto.gob.mx/"
        }
      },
      "awards": [
        {
          "id": "AO-009KDH999-E43-2016",
          "title": "Servicio para la Asistencia Tecnica Especializada en Materia de Diseno Sismico Estructural Aplicada a la Infraestructura Aeroportuaria",
          "description": "Ver documento adjunto",
          "status": "active",
          "value": {
            "amount": 2104525.86,
            "currency": "MXN"
          },
          "suppliers": [
            {
              "identifier": {
                "id": "HERI3110154P4",
                "legalName": "Ismael Herrera Revilla."
              },
              "name": "Ismael Herrera Revilla.",
              "address": {
                "streetAddress": "Calle Calvario 85 casa 4",
                "locality": "Tlalpan Centro",
                "region": "Tlalpan Centro",
                "postalCode": "14000",
                "countryName": "Mexico"
              }
            }
          ],
          "items": [
            {
              "id": "item-c00acc06-bf5e-4e73-9c0b-55acc101fd86",
              "description": "Servicio para la Asistencia Tecnica Especializada en Materia de Diseno Sismico Estructural Aplicada a la Infraestructura Aeroportuaria",
              "classification": {
                "scheme": "CONSTRUCCION DE VIAS DE COMUNICACION",
                "id": "6250"
              },
              "quantity": 1,
              "unit": {
                "name": "sop",
                "value": {
                  "amount": 2104525.86,
                  "currency": "MXN"
                }
              }
            }
          ],
          "contractPeriod": {
            "startDate": "2015-12-01T06:00:00.000Z",
            "endDate": "2016-05-20T05:00:00.000Z"
          },
          "documents": [
            {
              "id": "doc-85476fdf-5c15-4029-8b89-7b09cf1c740b",
              "documentType": "Award Notice",
              "title": "Fallo",
              "description": "Acta de Fallo",
              "url": "http://189.211.120.220:8880/files/opendata/15091-AD-SRO-DCAGI-SC-091-15/12.-%20AF/12.pdf",
              "datePublished": "2015-07-31T05:00:00.000Z",
              "dateModified": "2015-07-31T05:00:00.000Z",
              "format": "html",
              "language": "es"
            },
            {
              "id": "doc-0640b380-a778-4cbf-bbe7-0fde74db9538",
              "documentType": "Award Notice",
              "title": "Fallo",
              "description": "Descripcion del acto de presentacion y apertura de proposiciones",
              "url": "http://189.211.120.220:8880/files/opendata/15091-AD-SRO-DCAGI-SC-091-15/10.-%20AP/10.pdf",
              "datePublished": "2015-07-31T05:00:00.000Z",
              "dateModified": "2015-07-31T05:00:00.000Z",
              "format": "html",
              "language": "es"
            }
          ]
        }
      ],
      "contracts": [
        {
          "id": "AD-SRO-DCAGI-SC-091/15",
          "awardID": "AO-009KDH999-E43-2016",
          "title": "Servicio para la Asistencia Tecnica Especializada en Materia de Diseno Sismico Estructural Aplicada a la Infraestructura Aeroportuaria",
          "description": "Ver documento adjunto",
          "status": "active",
          "period": {
            "startDate": "2015-12-01T06:00:00.000Z",
            "endDate": "2016-05-20T05:00:00.000Z"
          },
          "value": {
            "amount": 2104525.86,
            "currency": "MXN"
          },
          "items": [
            {
              "id": "item-bbe9993f-4597-4b8c-a6f4-2b9817cc982d",
              "description": "Servicio para la Asistencia Tecnica Especializada en Materia de Diseno Sismico Estructural Aplicada a la Infraestructura Aeroportuaria",
              "classification": {
                "scheme": "CONSTRUCCION DE VIAS DE COMUNICACION",
                "id": "6250"
              },
              "quantity": 1,
              "unit": {
                "name": "sop",
                "value": {
                  "amount": 2104525.86,
                  "currency": "MXN"
                }
              }
            }
          ],
          "dateSigned": "2015-09-08T05:00:00.000Z",
          "documents": [
            {
              "id": "doc-f402acc8-ec01-4a45-ae62-6edf3ba29be8",
              "documentType": "Contract Signed",
              "title": "Cl?usula sobre las condiciones de entrega de la obra",
              "description": "Contrato firmado",
              "url": "http://189.211.120.220:8880/files/opendata/15091-AD-SRO-DCAGI-SC-091-15/15.-%20CF/15.pdf",
              "datePublished": "2015-07-31T05:00:00.000Z",
              "dateModified": "2015-07-31T05:00:00.000Z",
              "format": "html",
              "language": "es"
            },
            {
              "id": "doc-8f49eb9e-75eb-4022-95e8-9a188e2e159d",
              "documentType": "Contract Signed",
              "title": "Contrato firmado",
              "description": "Contrato firmado",
              "url": "http://189.211.120.220:8880/files/opendata/15091-AD-SRO-DCAGI-SC-091-15/15.-%20CF/15.pdf",
              "datePublished": "2015-07-31T05:00:00.000Z",
              "dateModified": "2015-07-31T05:00:00.000Z",
              "format": "html",
              "language": "es"
            },
            {
              "id": "doc-e2f48901-4cf4-42e7-adbe-818587ac76e9",
              "documentType": "Contract Guarantees",
              "title": "Fianza de anticipo",
              "description": "Garantia sobre el anticipo",
              "url": "http://189.211.120.220:8880/files/opendata/15091-AD-SRO-DCAGI-SC-091-15/17.-%20GA/17.pdf",
              "datePublished": "2015-07-31T05:00:00.000Z",
              "dateModified": "2015-07-31T05:00:00.000Z",
              "format": "html",
              "language": "es"
            },
            {
              "id": "doc-2554f8f9-4674-4b43-af83-5ad634e34d13",
              "documentType": "Contract Guarantees",
              "title": "Fianza de cumplimiento",
              "description": "Garantias de cumplimiento",
              "url": "http://189.211.120.220:8880/files/opendata/15091-AD-SRO-DCAGI-SC-091-15/18.-%20GC/18.pdf",
              "datePublished": "2015-07-31T05:00:00.000Z",
              "dateModified": "2015-07-31T05:00:00.000Z",
              "format": "html",
              "language": "es"
            }
          ]
        }
      ],
      "language": "es"
    }
  ],
  "publisher": {
    "name": "GACM",
    "scheme": "SERVICIO",
    "uid": "AS",
    "uri": "http://www.aeropuerto.gob.mx/"
  },
  "license": "https://datos.gob.mx/libreusomx/",
  "publicationPolicy": "https://datos.gob.mx/libreusomx/"
}
