{
  "uri": "https://datos.gob.mx/busca/dataset?organization=gacm",
  "publishedDate": "2017-02-15T16:48:25.907Z",
  "releases": [
    {
      "ocid": "106",
      "id": "RELEASE_106_2017-02-15T16:48:25.906Z",
      "date": "2017-02-09T06:00:00.000Z",
      "tag": [
        "contract"
      ],
      "initiationType": "tender",
      "planning": {
        "budget": {
          "source": "http://www.apartados.hacienda.gob.mx/presupuesto/temas/pef/2015/docs/09/r09_kdh_pie.pdf",
          "id": "CONSTRUCCION DE VIAS DE COMUNICACION",
          "description": "RECURSOS FISCALES",
          "amount": {
            "amount": 26000000,
            "currency": "MXN"
          },
          "project": "Nuevo Aeropuerto Internacional de la Ciudad de Mexico",
          "projectID": "46101",
          "uri": "http://www.apartados.hacienda.gob.mx/presupuesto/temas/pef/2015/docs/09/r09_kdh_pie.pdf"
        },
        "rationale": "Servicios de experto revisor para la asistencia tecnica especializada en materia de proteccion contra incendios, aplicada a la infraestructura aeroportuaria",
        "documents": [
          {
            "id": "doc-bf2ffa91-2067-40c4-8f91-40aef378be8a",
            "documentType": "projectPlan",
            "title": "Proyecto ejecutivo de la obra",
            "description": "Terminos de referencia",
            "url": "http://189.211.120.220:8880/files/opendata/15089-AD-SRO-DCAGI-SC-089-15/4.-%20TR/4.pdf",
            "datePublished": "2015-12-01T06:00:00.000Z",
            "dateModified": "2015-12-01T06:00:00.000Z",
            "format": "html",
            "language": "es"
          }
        ]
      },
      "tender": {
        "id": "1033446",
        "title": "Servicios de experto revisor para la asistencia tecnica especializada en materia de proteccion contra incendios, aplicada a la infraestructura aeroportuaria",
        "description": "Servicios de experto revisor para la asistencia tecnica especializada en materia de proteccion contra incendios, aplicada a la infraestructura aeroportuaria",
        "status": "active",
        "items": [
          {
            "id": "item-14b113fa-8631-41a3-9d3a-1e22118603a8",
            "description": "Servicios de experto revisor para la asistencia tecnica especializada en materia de proteccion contra incendios, aplicada a la infraestructura aeroportuaria",
            "classification": {
              "scheme": "CONSTRUCCION DE VIAS DE COMUNICACION",
              "id": "6250"
            },
            "quantity": 1,
            "unit": {
              "name": "sop",
              "value": {
                "amount": 1636853.45,
                "currency": "MXN"
              }
            }
          }
        ],
        "value": {
          "amount": 26000000,
          "currency": "MXN"
        },
        "procurementMethod": "limited",
        "procurementMethodRationale": "Nacional",
        "metodoDeAdquisicion": "Adjudicación directa",
        "awardCriteria": "bestValueToGoverment",
        "awardCriteriaDetails": "No aplica",
        "submissionMethod": [
          "Presencial"
        ],
        "eligibilityCriteria": "Ver documento adjunto",
        "documents": [
          {
            "id": "doc-89706237-547b-47a2-b808-8155819479c4",
            "documentType": "Clarifications",
            "title": "Actas de la junta de aclaraciones",
            "description": "Actas de la junta de aclaraciones",
            "url": "http://189.211.120.220:8880/files/opendata/15089-AD-SRO-DCAGI-SC-089-15/9.-%20AJ/9.pdf",
            "datePublished": "2015-12-01T06:00:00.000Z",
            "dateModified": "2015-12-01T06:00:00.000Z",
            "format": "html",
            "language": "es"
          },
          {
            "id": "doc-f2be4049-99e2-457d-a247-d646c792fbb9",
            "documentType": "Tender Notice",
            "title": "Documento que contiene las especificaciones t?cnicas de la obra",
            "description": "Convocatoria al procedimiento de contratacion",
            "url": "http://189.211.120.220:8880/files/opendata/15089-AD-SRO-DCAGI-SC-089-15/8.-%20CC/8.pdf",
            "datePublished": "2015-12-01T06:00:00.000Z",
            "dateModified": "2015-12-01T06:00:00.000Z",
            "format": "html",
            "language": "es"
          },
          {
            "id": "doc-ef6e5589-87b5-4ee2-93eb-5c913a0a99ec",
            "documentType": "Tender Notice",
            "title": "Documento que describe los criterios de evaluaci?n",
            "description": "Convocatoria al procedimiento de contratacion",
            "url": "http://189.211.120.220:8880/files/opendata/15089-AD-SRO-DCAGI-SC-089-15/8.-%20CC/8.pdf",
            "datePublished": "2015-12-01T06:00:00.000Z",
            "dateModified": "2015-12-01T06:00:00.000Z",
            "format": "html",
            "language": "es"
          },
          {
            "id": "doc-d4d58984-0690-4c61-9a4b-f9222ce858bc",
            "documentType": "Tender Notice",
            "title": "Documento que contiene los objetivos y caracter?sticas del contrato y proceso de licitaci?n",
            "description": "Convocatoria al procedimiento de contratacion",
            "url": "http://189.211.120.220:8880/files/opendata/15089-AD-SRO-DCAGI-SC-089-15/8.-%20CC/8.pdf",
            "datePublished": "2015-12-01T06:00:00.000Z",
            "dateModified": "2015-12-01T06:00:00.000Z",
            "format": "html",
            "language": "es"
          },
          {
            "id": "doc-aafc3a65-c4e6-45d8-9d84-628116d6f863",
            "documentType": "Tender Notice",
            "title": "Convocatoria al procedimiento de contrataci?n",
            "description": "Convocatoria al procedimiento de contratacion",
            "url": "http://189.211.120.220:8880/files/opendata/15089-AD-SRO-DCAGI-SC-089-15/8.-%20CC/8.pdf",
            "datePublished": "2015-12-01T06:00:00.000Z",
            "dateModified": "2015-12-01T06:00:00.000Z",
            "format": "html",
            "language": "es"
          },
          {
            "id": "doc-e286f96d-3958-4569-8f57-80c5aa6f9bd8",
            "documentType": "Tender Notice",
            "title": "Documento que describe los criterios que deben cumplir los licitantes",
            "description": "Convocatoria al procedimiento de contratacion",
            "url": "http://189.211.120.220:8880/files/opendata/15089-AD-SRO-DCAGI-SC-089-15/8.-%20CC/8.pdf",
            "datePublished": "2015-12-01T06:00:00.000Z",
            "dateModified": "2015-12-01T06:00:00.000Z",
            "format": "html",
            "language": "es"
          }
        ]
      },
      "buyer": {
        "identifier": {
          "scheme": "MK-009KDH999",
          "id": "GACM",
          "legalName": "Grupo Aeroportuario de la Ciudad de Mexico, S.A. de C.V.",
          "uri": "http://www.aeropuerto.gob.mx/"
        },
        "name": "Grupo Aeroportuario de la Ciudad de Mexico, S.A. de C.V.",
        "address": {
          "streetAddress": "AV. INSURGENTES SUR NO. 2453 PISO 2 OFICINA 203",
          "locality": "COL. TIZAPAN",
          "region": "DEL. ALVARO OBREGON",
          "postalCode": "01090",
          "countryName": "Mexico"
        },
        "contactPoint": {
          "name": "G05-DIRECCION CORPORATIVA DE ADMINISTRACION Y GESTION INMOBILIARIA",
          "url": "http://www.aeropuerto.gob.mx/"
        }
      },
      "awards": [
        {
          "id": "AO-009KDH999-E33-2016",
          "title": "Servicios de experto revisor para la asistencia tecnica especializada en materia de proteccion contra incendios, aplicada a la infraestructura aeroportuaria.",
          "description": "Ver documento adjunto",
          "status": "active",
          "value": {
            "amount": 1636853.45,
            "currency": "MXN"
          },
          "suppliers": [
            {
              "identifier": {
                "id": "GOMS630930NY5",
                "legalName": "Salvador Gomez"
              },
              "name": "Salvador Gomez",
              "address": {
                "streetAddress": "Francia numero131, casa 5",
                "locality": "Florida",
                "region": "Alvaro Obregon",
                "postalCode": "1030",
                "countryName": "Mexico"
              }
            }
          ],
          "items": [
            {
              "id": "item-03045b69-d625-4c26-8cd2-3eceb4038d3a",
              "description": "Servicios de experto revisor para la asistencia tecnica especializada en materia de proteccion contra incendios, aplicada a la infraestructura aeroportuaria",
              "classification": {
                "scheme": "CONSTRUCCION DE VIAS DE COMUNICACION",
                "id": "6250"
              },
              "quantity": 1,
              "unit": {
                "name": "sop",
                "value": {
                  "amount": 1636853.45,
                  "currency": "MXN"
                }
              }
            }
          ],
          "contractPeriod": {
            "startDate": "2015-12-01T06:00:00.000Z",
            "endDate": "2016-03-26T06:00:00.000Z"
          },
          "documents": [
            {
              "id": "doc-a992ff65-4222-450e-bb3f-e347e9f3c119",
              "documentType": "Award Notice",
              "title": "Fallo",
              "description": "Acta de Fallo",
              "url": "http://189.211.120.220:8880/files/opendata/15089-AD-SRO-DCAGI-SC-089-15/12.-%20AF/12.pdf",
              "datePublished": "2015-12-01T06:00:00.000Z",
              "dateModified": "2015-12-01T06:00:00.000Z",
              "format": "html",
              "language": "es"
            },
            {
              "id": "doc-bc2af1df-092b-41a7-bb24-583bf9a4058b",
              "documentType": "Award Notice",
              "title": "Fallo",
              "description": "Descripcion del acto de presentacion y apertura de proposiciones",
              "url": "http://189.211.120.220:8880/files/opendata/15089-AD-SRO-DCAGI-SC-089-15/10.-%20AP/10.pdf",
              "datePublished": "2015-12-01T06:00:00.000Z",
              "dateModified": "2015-12-01T06:00:00.000Z",
              "format": "html",
              "language": "es"
            }
          ]
        }
      ],
      "contracts": [
        {
          "id": "AD-SRO-DCAGI-SC-089/15",
          "awardID": "AO-009KDH999-E33-2016",
          "title": "Servicios de experto revisor para la asistencia tecnica especializada en materia de proteccion contra incendios, aplicada a la infraestructura aeroportuaria.",
          "description": "Ver documento adjunto",
          "status": "active",
          "period": {
            "startDate": "2015-12-01T06:00:00.000Z",
            "endDate": "2016-03-26T06:00:00.000Z"
          },
          "value": {
            "amount": 1636853.45,
            "currency": "MXN"
          },
          "items": [
            {
              "id": "item-2b7001e1-ff83-419a-a035-6fad26258b17",
              "description": "Servicios de experto revisor para la asistencia tecnica especializada en materia de proteccion contra incendios, aplicada a la infraestructura aeroportuaria",
              "classification": {
                "scheme": "CONSTRUCCION DE VIAS DE COMUNICACION",
                "id": "6250"
              },
              "quantity": 1,
              "unit": {
                "name": "sop",
                "value": {
                  "amount": 1636853.45,
                  "currency": "MXN"
                }
              }
            }
          ],
          "dateSigned": "2015-12-01T06:00:00.000Z",
          "documents": [
            {
              "id": "doc-59983fef-249e-4a0b-bdd3-ce791a6df760",
              "documentType": "Contract Signed",
              "title": "Cl?usula sobre las condiciones de entrega de la obra",
              "description": "Contrato firmado",
              "url": "http://189.211.120.220:8880/files/opendata/15089-AD-SRO-DCAGI-SC-089-15/15.-%20CF/15.pdf",
              "datePublished": "2015-12-01T06:00:00.000Z",
              "dateModified": "2015-12-01T06:00:00.000Z",
              "format": "html",
              "language": "es"
            },
            {
              "id": "doc-bfd211fe-712b-4656-ab5a-3b2219599a2a",
              "documentType": "Contract Signed",
              "title": "Contrato firmado",
              "description": "Contrato firmado",
              "url": "http://189.211.120.220:8880/files/opendata/15089-AD-SRO-DCAGI-SC-089-15/15.-%20CF/15.pdf",
              "datePublished": "2015-12-01T06:00:00.000Z",
              "dateModified": "2015-12-01T06:00:00.000Z",
              "format": "html",
              "language": "es"
            },
            {
              "id": "doc-ca072675-4cce-44eb-bc7c-df13fbc3e8b2",
              "documentType": "Contract Guarantees",
              "title": "Fianza de anticipo",
              "description": "Garantia sobre el anticipo",
              "url": "http://189.211.120.220:8880/files/opendata/15089-AD-SRO-DCAGI-SC-089-15/17.-%20GA/17.pdf",
              "datePublished": "2015-12-01T06:00:00.000Z",
              "dateModified": "2015-12-01T06:00:00.000Z",
              "format": "html",
              "language": "es"
            },
            {
              "id": "doc-3ff01843-d0f3-4bcc-a9f2-c4e53a9e32c5",
              "documentType": "Contract Guarantees",
              "title": "Fianza de cumplimiento",
              "description": "Garantias de cumplimiento",
              "url": "http://189.211.120.220:8880/files/opendata/15089-AD-SRO-DCAGI-SC-089-15/18.-%20GC/18.pdf",
              "datePublished": "2015-12-01T06:00:00.000Z",
              "dateModified": "2015-12-01T06:00:00.000Z",
              "format": "html",
              "language": "es"
            }
          ]
        }
      ],
      "language": "es"
    }
  ],
  "publisher": {
    "name": "GACM",
    "scheme": "SERVICIO",
    "uid": "AS",
    "uri": "http://www.aeropuerto.gob.mx/"
  },
  "license": "https://datos.gob.mx/libreusomx/",
  "publicationPolicy": "https://datos.gob.mx/libreusomx/"
}
