{
  "uri": "https://datos.gob.mx/busca/dataset?organization=gacm",
  "publishedDate": "2017-02-15T16:48:25.003Z",
  "releases": [
    {
      "ocid": "107",
      "id": "RELEASE_107_2017-02-15T16:48:25.002Z",
      "date": "2017-02-07T06:00:00.000Z",
      "tag": [
        "contract"
      ],
      "initiationType": "tender",
      "planning": {
        "budget": {
          "source": "http://www.apartados.hacienda.gob.mx/presupuesto/temas/pef/2015/docs/09/r09_kdh_pie.pdf",
          "id": "OTRAS ASESORIAS PARA LA OPERACION DE PROGRAMAS",
          "description": "RECURSOS FISCALES",
          "amount": {
            "amount": 522000,
            "currency": "MXN"
          },
          "project": "Nuevo Aeropuerto Internacional de la Ciudad de Mexico",
          "projectID": "46101",
          "uri": "http://www.apartados.hacienda.gob.mx/presupuesto/temas/pef/2015/docs/09/r09_kdh_pie.pdf"
        },
        "rationale": "Servicios de un Profesionista Especializado en Temas de Desarrollo Urbano, Territorial y Regional para el Proyecto del Nuevo Aeropuerto de la Ciudad de Mexico.",
        "documents": [
          {
            "id": "doc-56a140d3-9017-4516-a928-ff62db0dc564",
            "documentType": "projectPlan",
            "title": "Proyecto ejecutivo de la obra",
            "description": "Terminos de referencia",
            "url": "http://189.211.120.220:8880/files/opendata/15073-AD-AS-DCAGI-SC-073-15/4.-%20TR/4.pdf",
            "datePublished": "2015-09-18T05:00:00.000Z",
            "dateModified": "2015-09-18T05:00:00.000Z",
            "format": "html",
            "language": "es"
          }
        ]
      },
      "tender": {
        "id": "985141",
        "title": "Servicios de un Profesionista Especializado en Temas de Desarrollo Urbano, Territorial y Regional para el Proyecto del Nuevo Aeropuerto de la Ciudad de Mexico.",
        "description": "Servicios de un Profesionista Especializado en Temas de Desarrollo Urbano, Territorial y Regional para el Proyecto del Nuevo Aeropuerto de la Ciudad de Mexico.",
        "status": "active",
        "items": [
          {
            "id": "item-b494f589-6eb9-4db8-93b3-f43d420312c9",
            "description": "Servicios de un Profesionista Especializado en Temas de Desarrollo Urbano, Territorial y Regional para el Proyecto del Nuevo Aeropuerto de la Ciudad de Mexico.",
            "classification": {
              "scheme": "SERVICIOS LEGALES, DE CONTABILIDAD, AUDITORIA Y RELACIONADOS",
              "id": "3310"
            },
            "quantity": 1,
            "unit": {
              "name": "srv",
              "value": {
                "amount": 350000,
                "currency": "MXN"
              }
            }
          }
        ],
        "value": {
          "amount": 522000,
          "currency": "MXN"
        },
        "procurementMethod": "limited",
        "procurementMethodRationale": "Nacional",
        "metodoDeAdquisicion": "Adjudicación directa",
        "awardCriteria": "bestValueToGoverment",
        "awardCriteriaDetails": "Presencial",
        "submissionMethod": [
          "Presencial"
        ],
        "eligibilityCriteria": "Ver documento adjunto",
        "documents": [
          {
            "id": "doc-676e97e7-5b8e-4974-9484-4c0da4a78550",
            "documentType": "Clarifications",
            "title": "Actas de la junta de aclaraciones",
            "description": "Actas de la junta de aclaraciones",
            "url": "http://189.211.120.220:8880/files/opendata/15073-AD-AS-DCAGI-SC-073-15/9.-%20AJ/9.pdf",
            "datePublished": "2015-09-18T05:00:00.000Z",
            "dateModified": "2015-09-18T05:00:00.000Z",
            "format": "html",
            "language": "es"
          },
          {
            "id": "doc-84047eef-3de7-4f5d-9302-ea586740e24a",
            "documentType": "Tender Notice",
            "title": "Documento que describe los criterios de evaluaci?n",
            "description": "Convocatoria al procedimiento de contratacion",
            "url": "http://189.211.120.220:8880/files/opendata/15073-AD-AS-DCAGI-SC-073-15/8.-%20CC/8.pdf",
            "datePublished": "2015-09-18T05:00:00.000Z",
            "dateModified": "2015-09-18T05:00:00.000Z",
            "format": "html",
            "language": "es"
          },
          {
            "id": "doc-950b9f05-9ad7-4c89-9c72-cf8841f035d2",
            "documentType": "Tender Notice",
            "title": "Documento que contiene los objetivos y caracter?sticas del contrato y proceso de licitaci?n",
            "description": "Convocatoria al procedimiento de contratacion",
            "url": "http://189.211.120.220:8880/files/opendata/15073-AD-AS-DCAGI-SC-073-15/8.-%20CC/8.pdf",
            "datePublished": "2015-09-18T05:00:00.000Z",
            "dateModified": "2015-09-18T05:00:00.000Z",
            "format": "html",
            "language": "es"
          },
          {
            "id": "doc-5a0d8be5-c4fc-4a41-aa3a-dd5e428a9af6",
            "documentType": "Tender Notice",
            "title": "Documento que contiene las especificaicones t?cnicas de la obra",
            "description": "Convocatoria al procedimiento de contratacion",
            "url": "http://189.211.120.220:8880/files/opendata/15073-AD-AS-DCAGI-SC-073-15/8.-%20CC/8.pdf",
            "datePublished": "2015-09-18T05:00:00.000Z",
            "dateModified": "2015-09-18T05:00:00.000Z",
            "format": "html",
            "language": "es"
          },
          {
            "id": "doc-67565ea9-62b4-41e7-b3fa-aa2ba1eaf695",
            "documentType": "Tender Notice",
            "title": "Convocatoria al procedimiento de contrataci?n",
            "description": "Convocatoria al procedimiento de contratacion",
            "url": "http://189.211.120.220:8880/files/opendata/15073-AD-AS-DCAGI-SC-073-15/8.-%20CC/8.pdf",
            "datePublished": "2015-09-18T05:00:00.000Z",
            "dateModified": "2015-09-18T05:00:00.000Z",
            "format": "html",
            "language": "es"
          },
          {
            "id": "doc-799cfc7d-921f-41ce-8851-d623452560bb",
            "documentType": "Tender Notice",
            "title": "Documento que describe los criterios que deben cumplir los licitantes",
            "description": "Convocatoria al procedimiento de contratacion",
            "url": "http://189.211.120.220:8880/files/opendata/15073-AD-AS-DCAGI-SC-073-15/8.-%20CC/8.pdf",
            "datePublished": "2015-09-18T05:00:00.000Z",
            "dateModified": "2015-09-18T05:00:00.000Z",
            "format": "html",
            "language": "es"
          }
        ]
      },
      "buyer": {
        "identifier": {
          "scheme": "MK-009KDH999",
          "id": "GACM",
          "legalName": "Grupo Aeroportuario de la Ciudad de Mexico, S.A. de C.V.",
          "uri": "http://www.aeropuerto.gob.mx/"
        },
        "name": "Grupo Aeroportuario de la Ciudad de Mexico, S.A. de C.V.",
        "address": {
          "streetAddress": "AV. INSURGENTES SUR NO. 2453 PISO 2 OFICINA 203",
          "locality": "COL. TIZAPAN",
          "region": "DEL. ALVARO OBREGON",
          "postalCode": "01090",
          "countryName": "Mexico"
        },
        "contactPoint": {
          "name": "G05-DIRECCION CORPORATIVA DE ADMINISTRACION Y GESTION INMOBILIARIA",
          "url": "http://www.aeropuerto.gob.mx/"
        }
      },
      "awards": [
        {
          "id": "AA-009KDH999-E10-2016",
          "title": "Servicios de un Profesionista Especializado en Temas de Desarrollo Urbano, Territorial y Regional para el Proyecto del Nuevo Aeropuerto de la Ciudad de Mexico.",
          "description": "Ver documento adjunto",
          "status": "active",
          "value": {
            "amount": 350000,
            "currency": "MXN"
          },
          "suppliers": [
            {
              "identifier": {
                "id": "QUTG540804EP4",
                "legalName": "Ing. Gabriel Cuadri de la Torre"
              },
              "name": "Ing. Gabriel Cuadri de la Torre",
              "address": {
                "streetAddress": "Cerro Dios de Hacha numero 42",
                "locality": "Romero de Terreros",
                "region": "Coyoacan",
                "postalCode": "4350",
                "countryName": "Mexico"
              }
            }
          ],
          "items": [
            {
              "id": "item-f4d77386-fea9-481f-9b32-2ce6ec81e3e9",
              "description": "Servicios de un Profesionista Especializado en Temas de Desarrollo Urbano, Territorial y Regional para el Proyecto del Nuevo Aeropuerto de la Ciudad de Mexico.",
              "classification": {
                "scheme": "SERVICIOS LEGALES, DE CONTABILIDAD, AUDITORIA Y RELACIONADOS",
                "id": "3310"
              },
              "quantity": 1,
              "unit": {
                "name": "srv",
                "value": {
                  "amount": 350000,
                  "currency": "MXN"
                }
              }
            }
          ],
          "contractPeriod": {
            "startDate": "2015-09-18T05:00:00.000Z",
            "endDate": "2015-12-31T06:00:00.000Z"
          },
          "documents": [
            {
              "id": "doc-2e847c3b-3749-4c80-9a28-132edf69beaf",
              "documentType": "Award Notice",
              "title": "Fallo",
              "description": "Acta de Fallo",
              "url": "http://189.211.120.220:8880/files/opendata/15073-AD-AS-DCAGI-SC-073-15/12.-%20AF/12.pdf",
              "datePublished": "2015-09-18T05:00:00.000Z",
              "dateModified": "2015-09-18T05:00:00.000Z",
              "format": "html",
              "language": "es"
            },
            {
              "id": "doc-1b8846a0-1ca7-401e-be8a-39e93fd539a3",
              "documentType": "Award Notice",
              "title": "Fallo",
              "description": "Descripcion del acto de presentacion y apertura de proposiciones",
              "url": "http://189.211.120.220:8880/files/opendata/15073-AD-AS-DCAGI-SC-073-15/10.-%20AP/10.pdf",
              "datePublished": "2015-09-18T05:00:00.000Z",
              "dateModified": "2015-09-18T05:00:00.000Z",
              "format": "html",
              "language": "es"
            }
          ]
        }
      ],
      "contracts": [
        {
          "id": "AD-AS-DCAGI-SC-073/15",
          "awardID": "AA-009KDH999-E10-2016",
          "title": "Servicios de un Profesionista Especializado en Temas de Desarrollo Urbano, Territorial y Regional para el Proyecto del Nuevo Aeropuerto de la Ciudad de Mexico.",
          "description": "Ver documento adjunto",
          "status": "active",
          "period": {
            "startDate": "2015-09-18T05:00:00.000Z",
            "endDate": "2015-12-31T06:00:00.000Z"
          },
          "value": {
            "amount": 350000,
            "currency": "MXN"
          },
          "items": [
            {
              "id": "item-3f1b4ade-ec62-41f4-88c0-f0d951455fe6",
              "description": "Servicios de un Profesionista Especializado en Temas de Desarrollo Urbano, Territorial y Regional para el Proyecto del Nuevo Aeropuerto de la Ciudad de Mexico.",
              "classification": {
                "scheme": "SERVICIOS LEGALES, DE CONTABILIDAD, AUDITORIA Y RELACIONADOS",
                "id": "3310"
              },
              "quantity": 1,
              "unit": {
                "name": "srv",
                "value": {
                  "amount": 350000,
                  "currency": "MXN"
                }
              }
            }
          ],
          "dateSigned": "2015-09-18T05:00:00.000Z",
          "documents": [
            {
              "id": "doc-d4da8c7e-8720-464f-9d41-ff07bdd9b529",
              "documentType": "Contract Signed",
              "title": "Contrato firmado",
              "description": "Contrato firmado",
              "url": "http://189.211.120.220:8880/files/opendata/15073-AD-AS-DCAGI-SC-073-15/15.-%20CF/15.pdf",
              "datePublished": "2015-09-18T05:00:00.000Z",
              "dateModified": "2015-09-18T05:00:00.000Z",
              "format": "html",
              "language": "es"
            },
            {
              "id": "doc-b95fb640-98c8-481c-8585-1eb8aa979756",
              "documentType": "Contract Signed",
              "title": "Cl?usula sobre las condiciones de entrega de la obra",
              "description": "Contrato firmado",
              "url": "http://189.211.120.220:8880/files/opendata/15073-AD-AS-DCAGI-SC-073-15/15.-%20CF/15.pdf",
              "datePublished": "2015-09-18T05:00:00.000Z",
              "dateModified": "2015-09-18T05:00:00.000Z",
              "format": "html",
              "language": "es"
            },
            {
              "id": "doc-8f52180d-1c2a-4a57-bddc-f85a9d7dcdec",
              "documentType": "Contract Guarantees",
              "title": "Fianza de anticipo",
              "description": "Garantia sobre el anticipo",
              "url": "http://189.211.120.220:8880/files/opendata/15073-AD-AS-DCAGI-SC-073-15/17.-%20GA/17.pdf",
              "datePublished": "2015-09-18T05:00:00.000Z",
              "dateModified": "2015-09-18T05:00:00.000Z",
              "format": "html",
              "language": "es"
            },
            {
              "id": "doc-e07d848c-d68b-49cb-94c4-a9bbea1b28ba",
              "documentType": "Contract Guarantees",
              "title": "Fianza de cumplimiento",
              "description": "Garantias de cumplimiento",
              "url": "http://189.211.120.220:8880/files/opendata/15073-AD-AS-DCAGI-SC-073-15/18.-%20GC/18.pdf",
              "datePublished": "2015-09-18T05:00:00.000Z",
              "dateModified": "2015-09-18T05:00:00.000Z",
              "format": "html",
              "language": "es"
            }
          ]
        }
      ],
      "language": "es"
    }
  ],
  "publisher": {
    "name": "GACM",
    "scheme": "SERVICIO",
    "uid": "AS",
    "uri": "http://www.aeropuerto.gob.mx/"
  },
  "license": "https://datos.gob.mx/libreusomx/",
  "publicationPolicy": "https://datos.gob.mx/libreusomx/"
}
