{
  "uri": "https://datos.gob.mx/busca/dataset?organization=gacm",
  "publishedDate": "2017-02-15T16:48:25.699Z",
  "releases": [
    {
      "ocid": "115",
      "id": "RELEASE_115_2017-02-15T16:48:25.698Z",
      "date": "2017-02-08T06:00:00.000Z",
      "tag": [
        "contract"
      ],
      "initiationType": "tender",
      "planning": {
        "budget": {
          "source": "http://www.apartados.hacienda.gob.mx/presupuesto/temas/pef/2015/docs/09/r09_kdh_pie.pdf",
          "id": "CONSTRUCCION DE VIAS DE COMUNICACION",
          "description": "RECURSOS FISCALES",
          "amount": {
            "amount": 26000000,
            "currency": "MXN"
          },
          "project": "Nuevo Aeropuerto Internacional de la Ciudad de Mexico",
          "projectID": "46101",
          "uri": "http://www.apartados.hacienda.gob.mx/presupuesto/temas/pef/2015/docs/09/r09_kdh_pie.pdf"
        },
        "rationale": "Servicios de Asistencia Tecnica Especializada en Materia de Diseno Sismico Estructural Aplicada a la Infraestructura Aeroportuaria.",
        "documents": [
          {
            "id": "doc-6072dd83-d711-4194-91bd-2988459d6a30",
            "documentType": "projectPlan",
            "title": "Proyecto ejecutivo de la obra",
            "description": "Terminos de referencia",
            "url": "http://189.211.120.220:8880/files/opendata/15099-AD-SRO-DCAGI-SC-099-15/4.-%20TR/4.pdf",
            "datePublished": "2015-12-01T06:00:00.000Z",
            "dateModified": "2015-12-01T06:00:00.000Z",
            "format": "html",
            "language": "es"
          }
        ]
      },
      "tender": {
        "id": "1037233",
        "title": "Servicios de Asistencia Tecnica Especializada en Materia de Diseno Sismico Estructural Aplicada a la Infraestructura Aeroportuaria.",
        "description": "Servicios de Asistencia Tecnica Especializada en Materia de Diseno Sismico Estructural Aplicada a la Infraestructura Aeroportuaria.",
        "status": "active",
        "items": [
          {
            "id": "item-ca1bf890-d2ec-41ef-ae9b-102f8c6df3d9",
            "description": "Servicio de asistencia tecnica especializada en materia de diseno sismico estructural aplicada a la infraestructura aeroportuaria.",
            "classification": {
              "scheme": "CONSTRUCCION DE VIAS DE COMUNICACION",
              "id": "6250"
            },
            "quantity": 1,
            "unit": {
              "name": "sop",
              "value": {
                "amount": 2104525.86,
                "currency": "MXN"
              }
            }
          }
        ],
        "value": {
          "amount": 26000000,
          "currency": "MXN"
        },
        "procurementMethod": "limited",
        "procurementMethodRationale": "Nacional",
        "metodoDeAdquisicion": "Adjudicación directa",
        "awardCriteria": "bestValueToGoverment",
        "awardCriteriaDetails": "No aplica",
        "submissionMethod": [
          "Presencial"
        ],
        "eligibilityCriteria": "Ver documento adjunto",
        "documents": [
          {
            "id": "doc-cf62b7c9-f81e-4c92-b3f9-8d8d27679330",
            "documentType": "Clarifications",
            "title": "Actas de la junta de aclaraciones",
            "description": "Actas de la junta de aclaraciones",
            "url": "http://189.211.120.220:8880/files/opendata/15099-AD-SRO-DCAGI-SC-099-15/9.-%20AJ/9.pdf",
            "datePublished": "2015-12-01T06:00:00.000Z",
            "dateModified": "2015-12-01T06:00:00.000Z",
            "format": "html",
            "language": "es"
          },
          {
            "id": "doc-3d2b2404-c222-4916-a474-67df00b95899",
            "documentType": "Tender Notice",
            "title": "Documento que contiene las especificaciones t?cnicas de la obra",
            "description": "Convocatoria al procedimiento de contratacion",
            "url": "http://189.211.120.220:8880/files/opendata/15099-AD-SRO-DCAGI-SC-099-15/8.-%20CC/8.pdf",
            "datePublished": "2015-12-01T06:00:00.000Z",
            "dateModified": "2015-12-01T06:00:00.000Z",
            "format": "html",
            "language": "es"
          },
          {
            "id": "doc-95a19204-9cd2-4ed2-8ff8-2e0794640376",
            "documentType": "Tender Notice",
            "title": "Documento que describe los criterios de evaluaci?n",
            "description": "Convocatoria al procedimiento de contratacion",
            "url": "http://189.211.120.220:8880/files/opendata/15099-AD-SRO-DCAGI-SC-099-15/8.-%20CC/8.pdf",
            "datePublished": "2015-12-01T06:00:00.000Z",
            "dateModified": "2015-12-01T06:00:00.000Z",
            "format": "html",
            "language": "es"
          },
          {
            "id": "doc-1c32f5d8-d08b-4968-9d17-7059e6087fc7",
            "documentType": "Tender Notice",
            "title": "Documento que contiene los objetivos y caracter?sticas del contrato y proceso de licitaci?n",
            "description": "Convocatoria al procedimiento de contratacion",
            "url": "http://189.211.120.220:8880/files/opendata/15099-AD-SRO-DCAGI-SC-099-15/8.-%20CC/8.pdf",
            "datePublished": "2015-12-01T06:00:00.000Z",
            "dateModified": "2015-12-01T06:00:00.000Z",
            "format": "html",
            "language": "es"
          },
          {
            "id": "doc-420a67d5-2533-43e8-a0c4-62cd1ec88332",
            "documentType": "Tender Notice",
            "title": "Convocatoria al procedimiento de contrataci?n",
            "description": "Convocatoria al procedimiento de contratacion",
            "url": "http://189.211.120.220:8880/files/opendata/15099-AD-SRO-DCAGI-SC-099-15/8.-%20CC/8.pdf",
            "datePublished": "2015-12-01T06:00:00.000Z",
            "dateModified": "2015-12-01T06:00:00.000Z",
            "format": "html",
            "language": "es"
          },
          {
            "id": "doc-acceb1a7-b1c6-4a0e-b7c3-abdc7b563141",
            "documentType": "Tender Notice",
            "title": "Documento que describe los criterios que deben cumplir los licitantes",
            "description": "Convocatoria al procedimiento de contratacion",
            "url": "http://189.211.120.220:8880/files/opendata/15099-AD-SRO-DCAGI-SC-099-15/8.-%20CC/8.pdf",
            "datePublished": "2015-12-01T06:00:00.000Z",
            "dateModified": "2015-12-01T06:00:00.000Z",
            "format": "html",
            "language": "es"
          }
        ]
      },
      "buyer": {
        "identifier": {
          "scheme": "MK-009KDH999",
          "id": "GACM",
          "legalName": "Grupo Aeroportuario de la Ciudad de Mexico, S.A. de C.V.",
          "uri": "http://www.aeropuerto.gob.mx/"
        },
        "name": "Grupo Aeroportuario de la Ciudad de Mexico, S.A. de C.V.",
        "address": {
          "streetAddress": "AV. INSURGENTES SUR NO. 2453 PISO 2 OFICINA 203",
          "locality": "COL. TIZAPAN",
          "region": "DEL. ALVARO OBREGON",
          "postalCode": "01090",
          "countryName": "Mexico"
        },
        "contactPoint": {
          "name": "G05-DIRECCION CORPORATIVA DE ADMINISTRACION Y GESTION INMOBILIARIA",
          "url": "http://www.aeropuerto.gob.mx/"
        }
      },
      "awards": [
        {
          "id": "AO-009KDH999-E40-2016",
          "title": "Servicios de Asistencia Tecnica Especializada en Materia de Diseno Sismico Estructural Aplicada a la Infraestructura Aeroportuaria.",
          "description": "Ver documento adjunto",
          "status": "active",
          "value": {
            "amount": 2104525.86,
            "currency": "MXN"
          },
          "suppliers": [
            {
              "identifier": {
                "id": "SURG520703IF3",
                "legalName": "Gerardo Suarez Reynoso"
              },
              "name": "Gerardo Suarez Reynoso",
              "address": {
                "streetAddress": "Planicie 16",
                "locality": "Parque del Pedregal",
                "region": "Tlalpan",
                "postalCode": "14010",
                "countryName": "Mexico"
              }
            }
          ],
          "items": [
            {
              "id": "item-81078c0f-de3d-4dbc-8b70-fe512f495f59",
              "description": "Servicio de asistencia tecnica especializada en materia de diseno sismico estructural aplicada a la infraestructura aeroportuaria.",
              "classification": {
                "scheme": "CONSTRUCCION DE VIAS DE COMUNICACION",
                "id": "6250"
              },
              "quantity": 1,
              "unit": {
                "name": "sop",
                "value": {
                  "amount": 2104525.86,
                  "currency": "MXN"
                }
              }
            }
          ],
          "contractPeriod": {
            "startDate": "2015-12-01T06:00:00.000Z",
            "endDate": "2016-05-23T05:00:00.000Z"
          },
          "documents": [
            {
              "id": "doc-7ec6e0b0-9f79-4572-ad1e-97ae83242c67",
              "documentType": "Award Notice",
              "title": "Fallo",
              "description": "Acta de Fallo",
              "url": "http://189.211.120.220:8880/files/opendata/15099-AD-SRO-DCAGI-SC-099-15/12.-%20AF/12.pdf",
              "datePublished": "2015-12-01T06:00:00.000Z",
              "dateModified": "2015-12-01T06:00:00.000Z",
              "format": "html",
              "language": "es"
            },
            {
              "id": "doc-a4e7e705-7e67-49c0-a96d-b0a4d3154a0d",
              "documentType": "Award Notice",
              "title": "Fallo",
              "description": "Descripcion del acto de presentacion y apertura de proposiciones",
              "url": "http://189.211.120.220:8880/files/opendata/15099-AD-SRO-DCAGI-SC-099-15/10.-%20AP/10.pdf",
              "datePublished": "2015-12-01T06:00:00.000Z",
              "dateModified": "2015-12-01T06:00:00.000Z",
              "format": "html",
              "language": "es"
            }
          ]
        }
      ],
      "contracts": [
        {
          "id": "AD-SRO-DCAGI-SC-099/15",
          "awardID": "AO-009KDH999-E40-2016",
          "title": "Servicios de Asistencia Tecnica Especializada en Materia de Diseno Sismico Estructural Aplicada a la Infraestructura Aeroportuaria.",
          "description": "Ver documento adjunto",
          "status": "active",
          "period": {
            "startDate": "2015-12-01T06:00:00.000Z",
            "endDate": "2016-05-23T05:00:00.000Z"
          },
          "value": {
            "amount": 2104525.86,
            "currency": "MXN"
          },
          "items": [
            {
              "id": "item-7cfbdd66-42ed-43ea-9361-aa475cab5994",
              "description": "Servicio de asistencia tecnica especializada en materia de diseno sismico estructural aplicada a la infraestructura aeroportuaria.",
              "classification": {
                "scheme": "CONSTRUCCION DE VIAS DE COMUNICACION",
                "id": "6250"
              },
              "quantity": 1,
              "unit": {
                "name": "sop",
                "value": {
                  "amount": 2104525.86,
                  "currency": "MXN"
                }
              }
            }
          ],
          "dateSigned": "2015-12-01T06:00:00.000Z",
          "documents": [
            {
              "id": "doc-9080e9f4-e53d-4dce-8ddd-6c47ffb0ae02",
              "documentType": "Contract Signed",
              "title": "Cl?usula sobre las condiciones de entrega de la obra",
              "description": "Contrato firmado",
              "url": "http://189.211.120.220:8880/files/opendata/15099-AD-SRO-DCAGI-SC-099-15/15.-%20CF/15.pdf",
              "datePublished": "2015-12-01T06:00:00.000Z",
              "dateModified": "2015-12-01T06:00:00.000Z",
              "format": "html",
              "language": "es"
            },
            {
              "id": "doc-7c565927-e89d-4d84-b21c-23e3adeb1992",
              "documentType": "Contract Signed",
              "title": "Contrato firmado",
              "description": "Contrato firmado",
              "url": "http://189.211.120.220:8880/files/opendata/15099-AD-SRO-DCAGI-SC-099-15/15.-%20CF/15.pdf",
              "datePublished": "2015-12-01T06:00:00.000Z",
              "dateModified": "2015-12-01T06:00:00.000Z",
              "format": "html",
              "language": "es"
            },
            {
              "id": "doc-45ac5d77-784e-43a4-b86b-8e5e39137519",
              "documentType": "Contract Guarantees",
              "title": "Fianza de anticipo",
              "description": "Garantia sobre el anticipo",
              "url": "http://189.211.120.220:8880/files/opendata/15099-AD-SRO-DCAGI-SC-099-15/17.-%20GA/17.pdf",
              "datePublished": "2015-12-01T06:00:00.000Z",
              "dateModified": "2015-12-01T06:00:00.000Z",
              "format": "html",
              "language": "es"
            },
            {
              "id": "doc-b79b58d1-d3cd-41d2-8b18-69d6be877353",
              "documentType": "Contract Guarantees",
              "title": "Fianza de cumplimiento",
              "description": "Garantias de cumplimiento",
              "url": "http://189.211.120.220:8880/files/opendata/15099-AD-SRO-DCAGI-SC-099-15/18.-%20GC/18.pdf",
              "datePublished": "2015-12-01T06:00:00.000Z",
              "dateModified": "2015-12-01T06:00:00.000Z",
              "format": "html",
              "language": "es"
            }
          ]
        }
      ],
      "language": "es"
    }
  ],
  "publisher": {
    "name": "GACM",
    "scheme": "SERVICIO",
    "uid": "AS",
    "uri": "http://www.aeropuerto.gob.mx/"
  },
  "license": "https://datos.gob.mx/libreusomx/",
  "publicationPolicy": "https://datos.gob.mx/libreusomx/"
}
