{
  "uri": "https://datos.gob.mx/busca/dataset?organization=gacm",
  "publishedDate": "2017-02-15T16:48:25.697Z",
  "releases": [
    {
      "ocid": "118",
      "id": "RELEASE_118_2017-02-15T16:48:25.697Z",
      "date": "2017-02-08T06:00:00.000Z",
      "tag": [
        "contract"
      ],
      "initiationType": "tender",
      "planning": {
        "budget": {
          "source": "http://www.apartados.hacienda.gob.mx/presupuesto/temas/pef/2015/docs/09/r09_kdh_pie.pdf",
          "id": "OBRAS DE CONSTRUCCION PARA EDIFICIOS NO HABITACIONALES",
          "description": "RECURSOS FISCALES",
          "amount": {
            "amount": 720001,
            "currency": "MXN"
          },
          "project": "Nuevo Aeropuerto Internacional de la Ciudad de Mexico",
          "projectID": "46101",
          "uri": "http://www.apartados.hacienda.gob.mx/presupuesto/temas/pef/2015/docs/09/r09_kdh_pie.pdf"
        },
        "rationale": "Proyecto Ejecutivo para el Alumbrado Publico de la Barda Perimetral del Nuevo Aeropuerto Internacional de la Ciudad de Mexico (NAICM).",
        "documents": [
          {
            "id": "doc-ef045075-fc11-4e69-a8cd-3776cfe38560",
            "documentType": "projectPlan",
            "title": "Proyecto ejecutivo de la obra",
            "description": "Terminos de referencia",
            "url": "http://189.211.120.220:8880/files/opendata/15104-AD-SRO-DCAGI-SC-104-15/4.-%20TR/4.pdf",
            "datePublished": "2015-11-18T06:00:00.000Z",
            "dateModified": "2015-11-18T06:00:00.000Z",
            "format": "html",
            "language": "es"
          },
          {
            "id": "doc-86d4faa3-11e4-4e82-b053-bfeeef30bd28",
            "documentType": "projectPlan",
            "title": "Proyecto ejecutivo de la obra",
            "description": "Terminos de referencia",
            "url": "http://189.211.120.220:8880/files/opendata/15104-AD-SRO-DCAGI-SC-104-15/4.-%20TR/4.1.pdf",
            "datePublished": "2015-11-18T06:00:00.000Z",
            "dateModified": "2015-11-18T06:00:00.000Z",
            "format": "html",
            "language": "es"
          }
        ]
      },
      "tender": {
        "id": "1043951",
        "title": "Proyecto Ejecutivo para el Alumbrado Publico de la Barda Perimetral del Nuevo Aeropuerto Internacional de la Ciudad de Mexico (NAICM).",
        "description": "Proyecto Ejecutivo para el Alumbrado Publico de la Barda Perimetral del Nuevo Aeropuerto Internacional de la Ciudad de Mexico (NAICM).",
        "status": "active",
        "items": [
          {
            "id": "item-7478766a-0bea-4179-a387-98c917f897b6",
            "description": "Proyecto Ejecutivo para el Alumbrado Publico de la Barda Perimetral del Nuevo Aeropuerto Internacional de la Ciudad de Mexico (NAICM).",
            "classification": {
              "scheme": "EDIFICACION NO HABITACIONAL",
              "id": "6220"
            },
            "quantity": 1,
            "unit": {
              "name": "sop",
              "value": {
                "amount": 620689.66,
                "currency": "MXN"
              }
            }
          }
        ],
        "value": {
          "amount": 720001,
          "currency": "MXN"
        },
        "procurementMethod": "limited",
        "procurementMethodRationale": "Nacional",
        "metodoDeAdquisicion": "Adjudicación directa",
        "awardCriteria": "bestValueToGoverment",
        "awardCriteriaDetails": "No aplica",
        "submissionMethod": [
          "Presencial"
        ],
        "eligibilityCriteria": "Ver documento adjunto",
        "documents": [
          {
            "id": "doc-95a8b4b2-e2c2-4623-bc09-a897fcff99c3",
            "documentType": "Clarifications",
            "title": "Actas de la junta de aclaraciones",
            "description": "Actas de la junta de aclaraciones",
            "url": "http://189.211.120.220:8880/files/opendata/15104-AD-SRO-DCAGI-SC-104-15/9.-%20AJ/9.pdf",
            "datePublished": "2015-11-18T06:00:00.000Z",
            "dateModified": "2015-11-18T06:00:00.000Z",
            "format": "html",
            "language": "es"
          },
          {
            "id": "doc-f2408f64-8f7e-46b2-894c-571f037ced38",
            "documentType": "Tender Notice",
            "title": "Documento que contiene las especificaciones t?cnicas de la obra",
            "description": "Convocatoria al procedimiento de contratacion",
            "url": "http://189.211.120.220:8880/files/opendata/15104-AD-SRO-DCAGI-SC-104-15/8.-%20CC/8.pdf",
            "datePublished": "2015-11-18T06:00:00.000Z",
            "dateModified": "2015-11-18T06:00:00.000Z",
            "format": "html",
            "language": "es"
          },
          {
            "id": "doc-f0a2b429-f44a-4fa0-994b-6800e4365a2c",
            "documentType": "Tender Notice",
            "title": "Documento que describe los criterios de evaluaci?n",
            "description": "Convocatoria al procedimiento de contratacion",
            "url": "http://189.211.120.220:8880/files/opendata/15104-AD-SRO-DCAGI-SC-104-15/8.-%20CC/8.pdf",
            "datePublished": "2015-11-18T06:00:00.000Z",
            "dateModified": "2015-11-18T06:00:00.000Z",
            "format": "html",
            "language": "es"
          },
          {
            "id": "doc-8357ed44-bc47-47c8-bb86-b05e09aa3499",
            "documentType": "Tender Notice",
            "title": "Documento que contiene los objetivos y caracter?sticas del contrato y proceso de licitaci?n",
            "description": "Convocatoria al procedimiento de contratacion",
            "url": "http://189.211.120.220:8880/files/opendata/15104-AD-SRO-DCAGI-SC-104-15/8.-%20CC/8.pdf",
            "datePublished": "2015-11-18T06:00:00.000Z",
            "dateModified": "2015-11-18T06:00:00.000Z",
            "format": "html",
            "language": "es"
          },
          {
            "id": "doc-99149ef2-37bf-4aa7-b449-edd521455be8",
            "documentType": "Tender Notice",
            "title": "Convocatoria al procedimiento de contrataci?n",
            "description": "Convocatoria al procedimiento de contratacion",
            "url": "http://189.211.120.220:8880/files/opendata/15104-AD-SRO-DCAGI-SC-104-15/8.-%20CC/8.pdf",
            "datePublished": "2015-11-18T06:00:00.000Z",
            "dateModified": "2015-11-18T06:00:00.000Z",
            "format": "html",
            "language": "es"
          },
          {
            "id": "doc-34718c76-8dfd-4343-b3dd-9888fe6d0a0b",
            "documentType": "Tender Notice",
            "title": "Documento que describe los criterios que deben cumplir los licitantes",
            "description": "Convocatoria al procedimiento de contratacion",
            "url": "http://189.211.120.220:8880/files/opendata/15104-AD-SRO-DCAGI-SC-104-15/8.-%20CC/8.pdf",
            "datePublished": "2015-11-18T06:00:00.000Z",
            "dateModified": "2015-11-18T06:00:00.000Z",
            "format": "html",
            "language": "es"
          }
        ]
      },
      "buyer": {
        "identifier": {
          "scheme": "MK-009KDH999",
          "id": "GACM",
          "legalName": "Grupo Aeroportuario de la Ciudad de Mexico, S.A. de C.V.",
          "uri": "http://www.aeropuerto.gob.mx/"
        },
        "name": "Grupo Aeroportuario de la Ciudad de Mexico, S.A. de C.V.",
        "address": {
          "streetAddress": "AV. INSURGENTES SUR NO. 2453 PISO 2 OFICINA 203",
          "locality": "COL. TIZAPAN",
          "region": "DEL. ALVARO OBREGON",
          "postalCode": "01090",
          "countryName": "Mexico"
        },
        "contactPoint": {
          "name": "G05-DIRECCION CORPORATIVA DE ADMINISTRACION Y GESTION INMOBILIARIA",
          "url": "http://www.aeropuerto.gob.mx/"
        }
      },
      "awards": [
        {
          "id": "AO-009KDH999-E55-2016",
          "title": "Proyecto Ejecutivo para el Alumbrado Publico de la Barda Perimetral del Nuevo Aeropuerto Internacional de la Ciudad de Mexico (NAICM).",
          "description": "Ver documento adjunto",
          "status": "active",
          "value": {
            "amount": 620689.66,
            "currency": "MXN"
          },
          "suppliers": [
            {
              "identifier": {
                "id": "IME150515FY0",
                "legalName": "Itenergy de Mexico S. A. de C. V."
              },
              "name": "Itenergy de Mexico S. A. de C. V.",
              "address": {
                "streetAddress": "Montesino no. 38, Piso 28, Oficina 12.",
                "locality": "Napoles",
                "region": "Benito Juarez",
                "postalCode": "03810",
                "countryName": "Mexico"
              }
            }
          ],
          "items": [
            {
              "id": "item-4d6afa20-a776-438c-b8b9-6afb44c0a169",
              "description": "Proyecto Ejecutivo para el Alumbrado Publico de la Barda Perimetral del Nuevo Aeropuerto Internacional de la Ciudad de Mexico (NAICM).",
              "classification": {
                "scheme": "EDIFICACION NO HABITACIONAL",
                "id": "6220"
              },
              "quantity": 1,
              "unit": {
                "name": "sop",
                "value": {
                  "amount": 620689.66,
                  "currency": "MXN"
                }
              }
            }
          ],
          "contractPeriod": {
            "startDate": "2015-12-02T06:00:00.000Z",
            "endDate": "2015-12-31T06:00:00.000Z"
          },
          "documents": [
            {
              "id": "doc-848f2a95-3023-49e8-b541-100e4331b4fb",
              "documentType": "Award Notice",
              "title": "Fallo",
              "description": "Acta de Fallo",
              "url": "http://189.211.120.220:8880/files/opendata/15104-AD-SRO-DCAGI-SC-104-15/12.-%20AF/12.pdf",
              "datePublished": "2015-11-18T06:00:00.000Z",
              "dateModified": "2015-11-18T06:00:00.000Z",
              "format": "html",
              "language": "es"
            },
            {
              "id": "doc-3eceb7e6-d5da-4684-90d9-6db658e09f91",
              "documentType": "Award Notice",
              "title": "Fallo",
              "description": "Descripcion del acto de presentacion y apertura de proposiciones",
              "url": "http://189.211.120.220:8880/files/opendata/15104-AD-SRO-DCAGI-SC-104-15/10.-%20AP/10.pdf",
              "datePublished": "2015-11-18T06:00:00.000Z",
              "dateModified": "2015-11-18T06:00:00.000Z",
              "format": "html",
              "language": "es"
            }
          ]
        }
      ],
      "contracts": [
        {
          "id": "AD-SRO-DCAGI-SC-104/15",
          "awardID": "AO-009KDH999-E55-2016",
          "title": "Proyecto Ejecutivo para el Alumbrado Publico de la Barda Perimetral del Nuevo Aeropuerto Internacional de la Ciudad de Mexico (NAICM).",
          "description": "Ver documento adjunto",
          "status": "active",
          "period": {
            "startDate": "2015-12-02T06:00:00.000Z",
            "endDate": "2015-12-31T06:00:00.000Z"
          },
          "value": {
            "amount": 620689.66,
            "currency": "MXN"
          },
          "items": [
            {
              "id": "item-88d08a21-f000-4177-bd76-42fe4efd66d4",
              "description": "Proyecto Ejecutivo para el Alumbrado Publico de la Barda Perimetral del Nuevo Aeropuerto Internacional de la Ciudad de Mexico (NAICM).",
              "classification": {
                "scheme": "EDIFICACION NO HABITACIONAL",
                "id": "6220"
              },
              "quantity": 1,
              "unit": {
                "name": "sop",
                "value": {
                  "amount": 620689.66,
                  "currency": "MXN"
                }
              }
            }
          ],
          "dateSigned": "2015-11-30T06:00:00.000Z",
          "documents": [
            {
              "id": "doc-80cb7534-d214-486d-a9a4-1d061cd7cc82",
              "documentType": "Contract Signed",
              "title": "Cl?usula sobre las condiciones de entrega de la obra",
              "description": "Contrato firmado",
              "url": "http://189.211.120.220:8880/files/opendata/15104-AD-SRO-DCAGI-SC-104-15/15.-%20CF/15.pdf",
              "datePublished": "2015-11-18T06:00:00.000Z",
              "dateModified": "2015-11-18T06:00:00.000Z",
              "format": "html",
              "language": "es"
            },
            {
              "id": "doc-a838c123-1e4a-44c7-8f5e-41b33579c0f1",
              "documentType": "Contract Signed",
              "title": "Contrato firmado",
              "description": "Contrato firmado",
              "url": "http://189.211.120.220:8880/files/opendata/15104-AD-SRO-DCAGI-SC-104-15/15.-%20CF/15.pdf",
              "datePublished": "2015-11-18T06:00:00.000Z",
              "dateModified": "2015-11-18T06:00:00.000Z",
              "format": "html",
              "language": "es"
            },
            {
              "id": "doc-4ceb0fb2-8a03-4043-b6fa-4f3a9265b3d7",
              "documentType": "Contract Guarantees",
              "title": "Fianza de anticipo",
              "description": "Garantia sobre el anticipo",
              "url": "http://189.211.120.220:8880/files/opendata/15104-AD-SRO-DCAGI-SC-104-15/17.-%20GA/17.pdf",
              "datePublished": "2015-11-18T06:00:00.000Z",
              "dateModified": "2015-11-18T06:00:00.000Z",
              "format": "html",
              "language": "es"
            },
            {
              "id": "doc-2fdeee36-0bdd-4840-aef2-5143366bb595",
              "documentType": "Contract Guarantees",
              "title": "Fianza de cumplimiento",
              "description": "Garantias de cumplimiento",
              "url": "http://189.211.120.220:8880/files/opendata/15104-AD-SRO-DCAGI-SC-104-15/18.-%20GC/18.pdf",
              "datePublished": "2015-11-18T06:00:00.000Z",
              "dateModified": "2015-11-18T06:00:00.000Z",
              "format": "html",
              "language": "es"
            }
          ]
        }
      ],
      "language": "es"
    }
  ],
  "publisher": {
    "name": "GACM",
    "scheme": "SERVICIO",
    "uid": "AS",
    "uri": "http://www.aeropuerto.gob.mx/"
  },
  "license": "https://datos.gob.mx/libreusomx/",
  "publicationPolicy": "https://datos.gob.mx/libreusomx/"
}
