{
  "uri": "https://datos.gob.mx/busca/dataset?organization=gacm",
  "publishedDate": "2017-02-15T16:48:25.486Z",
  "releases": [
    {
      "ocid": "12",
      "id": "RELEASE_12_2017-02-15T16:48:25.485Z",
      "date": "2017-02-08T06:00:00.000Z",
      "tag": [
        "contract"
      ],
      "initiationType": "tender",
      "planning": {
        "budget": {
          "id": "OTRAS ASESORIAS PARA LA OPERACION DE PROGRAMAS",
          "description": "RECURSOS FISCALES",
          "amount": {
            "amount": 55645.2,
            "currency": "MXN"
          },
          "project": "Nuevo Aeropuerto Internacional de la Ciudad de Mexico",
          "projectID": "46101"
        },
        "rationale": "Prestacion de los Servicios de Auditoria Externa que se realizaran sobre los estados financieros de la entidad con cifras al 31 de diciembre de 2014.",
        "documents": [
          {
            "id": "doc-36d2ac4d-ed34-4fa3-a0e4-00d6f41170ef",
            "documentType": "projectPlan",
            "title": "Proyecto ejecutivo de la obra",
            "description": "Terminos de referencia",
            "url": "http://189.211.120.220:8880/files/opendata/14012-AD-S-DCAGI-SC-012-14/4.-%20TR/4.pdf",
            "datePublished": "2014-11-01T06:00:00.000Z",
            "dateModified": "2014-11-01T06:00:00.000Z",
            "format": "html",
            "language": "es"
          }
        ]
      },
      "tender": {
        "id": "749472",
        "title": "Prestacion de los Servicios de Auditoria Externa que se realizaran sobre los estados financieros de la entidad con cifras al 31 de diciembre de 2014.",
        "description": "Prestacion de los Servicios de Auditoria Externa que se realizaran sobre los estados financieros de la entidad con cifras al 31 de diciembre de 2014.",
        "status": "active",
        "items": [
          {
            "id": "item-0fa40aae-fc0c-417b-83b1-b415e353a87f",
            "description": "Servicios de Auditoria Externa que se realizaran sobre los estados financieros de la entidad con cifras al 31 de diciembre de 2014.",
            "classification": {
              "scheme": "SERVICIOS LEGALES, DE CONTABILIDAD, AUDITORIA Y RELACIONADOS",
              "id": "3310"
            },
            "quantity": 1,
            "unit": {
              "name": "srv",
              "value": {
                "amount": 55645.2,
                "currency": "MXN"
              }
            }
          }
        ],
        "value": {
          "amount": 55645.2,
          "currency": "MXN"
        },
        "procurementMethod": "limited",
        "procurementMethodRationale": "Nacional",
        "metodoDeAdquisicion": "Adjudicación directa",
        "awardCriteria": "bestValueToGoverment",
        "awardCriteriaDetails": "No aplica",
        "submissionMethod": [
          "Presencial"
        ],
        "eligibilityCriteria": "Ver documento adjunto",
        "documents": [
          {
            "id": "doc-53b7d850-5e82-4840-852f-ad7aa4219410",
            "documentType": "Clarifications",
            "title": "Actas de la junta de aclaraciones",
            "description": "Actas de la junta de aclaraciones",
            "url": "http://189.211.120.220:8880/files/opendata/14012-AD-S-DCAGI-SC-012-14/9.-%20AJ/9.pdf",
            "datePublished": "2014-11-01T06:00:00.000Z",
            "dateModified": "2014-11-01T06:00:00.000Z",
            "format": "html",
            "language": "es"
          },
          {
            "id": "doc-701953d1-c41b-42b4-a044-4b83ad38f192",
            "documentType": "Tender Notice",
            "title": "Documento que describe los criterios que deben cumplir los licitantes",
            "description": "Convocatoria al procedimiento de contratacion",
            "url": "http://189.211.120.220:8880/files/opendata/14012-AD-S-DCAGI-SC-012-14/8.-%20CC/8.pdf",
            "datePublished": "2014-11-01T06:00:00.000Z",
            "dateModified": "2014-11-01T06:00:00.000Z",
            "format": "html",
            "language": "es"
          },
          {
            "id": "doc-cc0cb535-5511-4f18-a6ca-0b7728a863b5",
            "documentType": "Tender Notice",
            "title": "Documento que contiene los objetivos y caracter?sticas del contrato y proceso de licitaci?n",
            "description": "Convocatoria al procedimiento de contratacion",
            "url": "http://189.211.120.220:8880/files/opendata/14012-AD-S-DCAGI-SC-012-14/8.-%20CC/8.pdf",
            "datePublished": "2014-11-01T06:00:00.000Z",
            "dateModified": "2014-11-01T06:00:00.000Z",
            "format": "html",
            "language": "es"
          },
          {
            "id": "doc-413ddbe3-8778-4b8e-b6c8-0771caecdbb2",
            "documentType": "Tender Notice",
            "title": "Documento que contiene las especificaicones t?cnicas de la obra",
            "description": "Convocatoria al procedimiento de contratacion",
            "url": "http://189.211.120.220:8880/files/opendata/14012-AD-S-DCAGI-SC-012-14/8.-%20CC/8.pdf",
            "datePublished": "2014-11-01T06:00:00.000Z",
            "dateModified": "2014-11-01T06:00:00.000Z",
            "format": "html",
            "language": "es"
          },
          {
            "id": "doc-fe6381f0-5b15-480a-80a6-835ebb332319",
            "documentType": "Tender Notice",
            "title": "Convocatoria al procedimiento de contrataci?n",
            "description": "Convocatoria al procedimiento de contratacion",
            "url": "http://189.211.120.220:8880/files/opendata/14012-AD-S-DCAGI-SC-012-14/8.-%20CC/8.pdf",
            "datePublished": "2014-11-01T06:00:00.000Z",
            "dateModified": "2014-11-01T06:00:00.000Z",
            "format": "html",
            "language": "es"
          },
          {
            "id": "doc-9fe712e1-2fd3-4de8-b7bd-a8306392766f",
            "documentType": "Tender Notice",
            "title": "Documento que describe los criterios de evaluaci?n",
            "description": "Convocatoria al procedimiento de contratacion",
            "url": "http://189.211.120.220:8880/files/opendata/14012-AD-S-DCAGI-SC-012-14/8.-%20CC/8.pdf",
            "datePublished": "2014-11-01T06:00:00.000Z",
            "dateModified": "2014-11-01T06:00:00.000Z",
            "format": "html",
            "language": "es"
          }
        ]
      },
      "buyer": {
        "identifier": {
          "scheme": "MK-009KDH999",
          "id": "GACM",
          "legalName": "Grupo Aeroportuario de la Ciudad de Mexico, S.A. de C.V.",
          "uri": "http://www.aeropuerto.gob.mx/"
        },
        "name": "Grupo Aeroportuario de la Ciudad de Mexico, S.A. de C.V.",
        "address": {
          "streetAddress": "AV. INSURGENTES SUR NO. 2453 PISO 2 OFICINA 203",
          "locality": "COL. TIZAPAN",
          "region": "DEL. ALVARO OBREGON",
          "postalCode": "01090",
          "countryName": "Mexico"
        },
        "contactPoint": {
          "name": "G05-DIRECCION CORPORATIVA DE ADMINISTRACION Y GESTION INMOBILIARIA",
          "url": "http://www.aeropuerto.gob.mx/"
        }
      },
      "awards": [
        {
          "id": "No Aplica.",
          "title": "Prestacion de los Servicios de Auditoria Externa que se realizaran sobre los estados financieros de la entidad con cifras al 31 de diciembre de 2014.",
          "description": "Ver documento adjunto",
          "status": "active",
          "value": {
            "amount": 55645.2,
            "currency": "MXN"
          },
          "suppliers": [
            {
              "identifier": {
                "id": "BGL860218J58",
                "legalName": "Bejar Galindo Lozano y Cia; S.C."
              },
              "name": "Bejar Galindo Lozano y Cia; S.C.",
              "address": {
                "streetAddress": "San Francisco numero 25, Int. 202 y 302",
                "locality": "Del Valle",
                "region": "Benito Juarez",
                "postalCode": "3100",
                "countryName": "Mexico"
              }
            }
          ],
          "items": [
            {
              "id": "item-220596e6-4105-4420-afdc-ebf8642c3766",
              "description": "Servicios de Auditoria Externa que se realizaran sobre los estados financieros de la entidad con cifras al 31 de diciembre de 2014.",
              "classification": {
                "scheme": "SERVICIOS LEGALES, DE CONTABILIDAD, AUDITORIA Y RELACIONADOS",
                "id": "3310"
              },
              "quantity": 1,
              "unit": {
                "name": "srv",
                "value": {
                  "amount": 55645.2,
                  "currency": "MXN"
                }
              }
            }
          ],
          "contractPeriod": {
            "startDate": "2014-11-01T06:00:00.000Z",
            "endDate": "2015-11-01T06:00:00.000Z"
          },
          "documents": [
            {
              "id": "doc-ca767276-4f44-41c9-a459-e8c055563e5c",
              "documentType": "Award Notice",
              "title": "Fallo",
              "description": "Acta de fallo",
              "url": "http://189.211.120.220:8880/files/opendata/14012-AD-S-DCAGI-SC-012-14/12.-%20AF/12.pdf",
              "datePublished": "2014-11-01T06:00:00.000Z",
              "dateModified": "2014-11-01T06:00:00.000Z",
              "format": "html",
              "language": "es"
            },
            {
              "id": "doc-3022abd3-1c52-42fc-8e49-d5be084213bd",
              "documentType": "Award Notice",
              "title": "Fallo",
              "description": "Descripcion del acto de presentacion y apertura de proposiciones",
              "url": "http://189.211.120.220:8880/files/opendata/14012-AD-S-DCAGI-SC-012-14/10.-%20AP/10.pdf",
              "datePublished": "2014-11-01T06:00:00.000Z",
              "dateModified": "2014-11-01T06:00:00.000Z",
              "format": "html",
              "language": "es"
            }
          ]
        }
      ],
      "contracts": [
        {
          "id": "AD-S-DCAGI-SC-012/2014",
          "awardID": "No Aplica.",
          "title": "Prestacion de los Servicios de Auditoria Externa que se realizaran sobre los estados financieros de la entidad con cifras al 31 de diciembre de 2014.",
          "description": "Ver documento adjunto",
          "status": "active",
          "period": {
            "startDate": "2014-11-01T06:00:00.000Z",
            "endDate": "2015-11-01T06:00:00.000Z"
          },
          "value": {
            "amount": 55645.2,
            "currency": "MXN"
          },
          "items": [
            {
              "id": "item-19e8f9dc-80e2-448d-a7f6-8db0474433b6",
              "description": "Servicios de Auditoria Externa que se realizaran sobre los estados financieros de la entidad con cifras al 31 de diciembre de 2014.",
              "classification": {
                "scheme": "SERVICIOS LEGALES, DE CONTABILIDAD, AUDITORIA Y RELACIONADOS",
                "id": "3310"
              },
              "quantity": 1,
              "unit": {
                "name": "srv",
                "value": {
                  "amount": 55645.2,
                  "currency": "MXN"
                }
              }
            }
          ],
          "dateSigned": "2014-11-01T06:00:00.000Z",
          "documents": [
            {
              "id": "doc-c3ae6427-99ef-4ada-9414-3991258c781d",
              "documentType": "Contract Signed",
              "title": "Cl?usula sobre las condiciones de entrega de la obra",
              "description": "Contrato firmado",
              "url": "http://189.211.120.220:8880/files/opendata/14012-AD-S-DCAGI-SC-012-14/15.-%20CF/15.pdf",
              "datePublished": "2014-11-01T06:00:00.000Z",
              "dateModified": "2014-11-01T06:00:00.000Z",
              "format": "html",
              "language": "es"
            },
            {
              "id": "doc-0ad0b235-024a-4589-aa85-de3d62efff55",
              "documentType": "Contract Signed",
              "title": "Contrato firmado",
              "description": "Contrato firmado",
              "url": "http://189.211.120.220:8880/files/opendata/14012-AD-S-DCAGI-SC-012-14/15.-%20CF/15.pdf",
              "datePublished": "2014-11-01T06:00:00.000Z",
              "dateModified": "2014-11-01T06:00:00.000Z",
              "format": "html",
              "language": "es"
            },
            {
              "id": "doc-1967e77d-43f1-4343-8371-b7b6b507d964",
              "documentType": "Contract Guarantees",
              "title": "Fianza de anticipo",
              "description": "Garantia sobre el anticipo",
              "url": "http://189.211.120.220:8880/files/opendata/14012-AD-S-DCAGI-SC-012-14/17.-%20GA/17.pdf",
              "datePublished": "2014-11-01T06:00:00.000Z",
              "dateModified": "2014-11-01T06:00:00.000Z",
              "format": "html",
              "language": "es"
            },
            {
              "id": "doc-cc37c8c5-ab51-4f4a-b17a-6a600856f301",
              "documentType": "Contract Guarantees",
              "title": "Fianza de cumplimiento",
              "description": "Garantias de cumplimiento",
              "url": "http://189.211.120.220:8880/files/opendata/14012-AD-S-DCAGI-SC-012-14/18.-%20GC/18.pdf",
              "datePublished": "2014-11-01T06:00:00.000Z",
              "dateModified": "2014-11-01T06:00:00.000Z",
              "format": "html",
              "language": "es"
            }
          ]
        }
      ],
      "language": "es"
    }
  ],
  "publisher": {
    "name": "GACM",
    "scheme": "SERVICIO",
    "uid": "AS",
    "uri": "http://www.aeropuerto.gob.mx/"
  },
  "license": "https://datos.gob.mx/libreusomx/",
  "publicationPolicy": "https://datos.gob.mx/libreusomx/"
}
