{
  "uri": "https://datos.gob.mx/busca/dataset?organization=gacm",
  "publishedDate": "2017-02-15T16:48:25.272Z",
  "releases": [
    {
      "ocid": "124",
      "id": "RELEASE_124_2017-02-15T16:48:25.271Z",
      "date": "2017-02-08T06:00:00.000Z",
      "tag": [
        "contract"
      ],
      "initiationType": "tender",
      "planning": {
        "budget": {
          "source": "http://www.apartados.hacienda.gob.mx/presupuesto/temas/pef/2015/docs/09/r09_kdh_pie.pdf",
          "id": "OTRAS ASESORIAS PARA LA OPERACION DE PROGRAMAS",
          "description": "RECURSOS FISCALES",
          "amount": {
            "amount": 424560,
            "currency": "MXN"
          },
          "project": "Nuevo Aeropuerto Internacional de la Ciudad de Mexico",
          "projectID": "46101",
          "uri": "http://www.apartados.hacienda.gob.mx/presupuesto/temas/pef/2015/docs/09/r09_kdh_pie.pdf"
        },
        "rationale": "Servicios Profesionales consistentes en la Consultoria y Asesoria preventiva en Materia Laboral",
        "documents": [
          {
            "id": "doc-ee444b16-ba20-404d-b3ca-255302b0204f",
            "documentType": "projectPlan",
            "title": "Proyecto ejecutivo de la obra",
            "description": "Terminos de referencia",
            "url": "http://189.211.120.220:8880/files/opendata/15070-AD-AS-DCAGI-SC-070-15/4.-%20TR/4.pdf",
            "datePublished": "2015-09-02T05:00:00.000Z",
            "dateModified": "2015-09-02T05:00:00.000Z",
            "format": "html",
            "language": "es"
          }
        ]
      },
      "tender": {
        "id": "1051687",
        "title": "Servicios Profesionales consistentes en la Consultoria y Asesoria preventiva en Materia Laboral",
        "description": "Servicios Profesionales consistentes en la Consultoria y Asesoria preventiva en Materia Laboral",
        "status": "active",
        "items": [
          {
            "id": "item-79b7e2b4-0ef9-403c-aff7-bc7ba0093c80",
            "description": "Servicios Profesionales consistentes en la Consultoria y Asesoria preventiva en Materia Laboral",
            "classification": {
              "scheme": "SERVICIOS LEGALES, DE CONTABILIDAD, AUDITORIA Y RELACIONADOS",
              "id": "3310"
            },
            "quantity": 1,
            "unit": {
              "name": "srv",
              "value": {
                "amount": 305000,
                "currency": "MXN"
              }
            }
          }
        ],
        "value": {
          "amount": 424560,
          "currency": "MXN"
        },
        "procurementMethod": "limited",
        "procurementMethodRationale": "Nacional",
        "metodoDeAdquisicion": "Adjudicación directa",
        "awardCriteria": "bestValueToGoverment",
        "awardCriteriaDetails": "No aplica",
        "submissionMethod": [
          "Presencial"
        ],
        "eligibilityCriteria": "Ver documento adjunto",
        "documents": [
          {
            "id": "doc-6d39cca8-1117-4a92-8242-a5037c5c9f21",
            "documentType": "Clarifications",
            "title": "Actas de la junta de aclaraciones",
            "description": "Actas de la junta de aclaraciones",
            "url": "http://189.211.120.220:8880/files/opendata/15070-AD-AS-DCAGI-SC-070-15/9.-%20AJ/9.pdf",
            "datePublished": "2015-09-02T05:00:00.000Z",
            "dateModified": "2015-09-02T05:00:00.000Z",
            "format": "html",
            "language": "es"
          },
          {
            "id": "doc-cc4d9759-a438-451c-b838-d066d171ee73",
            "documentType": "Tender Notice",
            "title": "Documento que describe los criterios de evaluaci?n",
            "description": "Convocatoria al procedimiento de contratacion",
            "url": "http://189.211.120.220:8880/files/opendata/15070-AD-AS-DCAGI-SC-070-15/8.-%20CC/8.pdf",
            "datePublished": "2015-09-02T05:00:00.000Z",
            "dateModified": "2015-09-02T05:00:00.000Z",
            "format": "html",
            "language": "es"
          },
          {
            "id": "doc-35430d15-5e6b-4124-878e-1b09d0e9b850",
            "documentType": "Tender Notice",
            "title": "Documento que contiene los objetivos y caracter?sticas del contrato y proceso de licitaci?n",
            "description": "Convocatoria al procedimiento de contratacion",
            "url": "http://189.211.120.220:8880/files/opendata/15070-AD-AS-DCAGI-SC-070-15/8.-%20CC/8.pdf",
            "datePublished": "2015-09-02T05:00:00.000Z",
            "dateModified": "2015-09-02T05:00:00.000Z",
            "format": "html",
            "language": "es"
          },
          {
            "id": "doc-e424ee8e-42fa-48d2-964e-6c937b7a9474",
            "documentType": "Tender Notice",
            "title": "Documento que contiene las especificaicones t?cnicas de la obra",
            "description": "Convocatoria al procedimiento de contratacion",
            "url": "http://189.211.120.220:8880/files/opendata/15070-AD-AS-DCAGI-SC-070-15/8.-%20CC/8.pdf",
            "datePublished": "2015-09-02T05:00:00.000Z",
            "dateModified": "2015-09-02T05:00:00.000Z",
            "format": "html",
            "language": "es"
          },
          {
            "id": "doc-fb2c1bce-c7b9-4d79-a474-3240e9501c97",
            "documentType": "Tender Notice",
            "title": "Convocatoria al procedimiento de contrataci?n",
            "description": "Convocatoria al procedimiento de contratacion",
            "url": "http://189.211.120.220:8880/files/opendata/15070-AD-AS-DCAGI-SC-070-15/8.-%20CC/8.pdf",
            "datePublished": "2015-09-02T05:00:00.000Z",
            "dateModified": "2015-09-02T05:00:00.000Z",
            "format": "html",
            "language": "es"
          },
          {
            "id": "doc-0a9e7542-b4eb-4f1e-b661-95fe631d50e5",
            "documentType": "Tender Notice",
            "title": "Documento que describe los criterios que deben cumplir los licitantes",
            "description": "Convocatoria al procedimiento de contratacion",
            "url": "http://189.211.120.220:8880/files/opendata/15070-AD-AS-DCAGI-SC-070-15/8.-%20CC/8.pdf",
            "datePublished": "2015-09-02T05:00:00.000Z",
            "dateModified": "2015-09-02T05:00:00.000Z",
            "format": "html",
            "language": "es"
          }
        ]
      },
      "buyer": {
        "identifier": {
          "scheme": "MK-009KDH999",
          "id": "GACM",
          "legalName": "Grupo Aeroportuario de la Ciudad de Mexico, S.A. de C.V.",
          "uri": "http://www.aeropuerto.gob.mx/"
        },
        "name": "Grupo Aeroportuario de la Ciudad de Mexico, S.A. de C.V.",
        "address": {
          "streetAddress": "AV. INSURGENTES SUR NO. 2453 PISO 2 OFICINA 203",
          "locality": "COL. TIZAPAN",
          "region": "DEL. ALVARO OBREGON",
          "postalCode": "01090",
          "countryName": "Mexico"
        },
        "contactPoint": {
          "name": "G05-DIRECCION CORPORATIVA DE ADMINISTRACION Y GESTION INMOBILIARIA",
          "url": "http://www.aeropuerto.gob.mx/"
        }
      },
      "awards": [
        {
          "id": "AA-009KDH999-E63-2016",
          "title": "Contrato de Prestacion de Servicios Profesionales Consistentes en la Consultoria y Asesoria Preventiva en Materia Laboral",
          "description": "Ver documento adjunto",
          "status": "active",
          "value": {
            "amount": 305000,
            "currency": "MXN"
          },
          "suppliers": [
            {
              "identifier": {
                "id": "CSJ130426GT9",
                "legalName": "Consorcio de Servicios Juridicos Monsalvo, S.C."
              },
              "name": "Consorcio de Servicios Juridicos Monsalvo, S.C.",
              "address": {
                "streetAddress": "Pitagoras 903",
                "locality": "Col. Del Valle",
                "region": "Benito Juarez",
                "postalCode": "03100",
                "countryName": "Mexico"
              }
            }
          ],
          "items": [
            {
              "id": "item-d28b43b9-e731-4621-b917-6467737b6fb4",
              "description": "Servicios Profesionales consistentes en la Consultoria y Asesoria preventiva en Materia Laboral",
              "classification": {
                "scheme": "SERVICIOS LEGALES, DE CONTABILIDAD, AUDITORIA Y RELACIONADOS",
                "id": "3310"
              },
              "quantity": 1,
              "unit": {
                "name": "srv",
                "value": {
                  "amount": 305000,
                  "currency": "MXN"
                }
              }
            }
          ],
          "contractPeriod": {
            "startDate": "2015-09-02T05:00:00.000Z",
            "endDate": "2015-12-31T06:00:00.000Z"
          },
          "documents": [
            {
              "id": "doc-3f05d58e-69b4-4e95-991f-fe37a679c712",
              "documentType": "Award Notice",
              "title": "Fallo",
              "description": "Acta de Fallo",
              "url": "http://189.211.120.220:8880/files/opendata/15070-AD-AS-DCAGI-SC-070-15/12.-%20AF/12.pdf",
              "datePublished": "2015-09-02T05:00:00.000Z",
              "dateModified": "2015-09-02T05:00:00.000Z",
              "format": "html",
              "language": "es"
            },
            {
              "id": "doc-df179abd-ac1b-4c31-a4e4-845b9097dd3c",
              "documentType": "Award Notice",
              "title": "Fallo",
              "description": "Descripcion del acto de presentacion y apertura de proposiciones",
              "url": "http://189.211.120.220:8880/files/opendata/15070-AD-AS-DCAGI-SC-070-15/10.-%20AP/10.pdf",
              "datePublished": "2015-09-02T05:00:00.000Z",
              "dateModified": "2015-09-02T05:00:00.000Z",
              "format": "html",
              "language": "es"
            }
          ]
        }
      ],
      "contracts": [
        {
          "id": "AD-AS-DCAGI-SC-070/2015",
          "awardID": "AA-009KDH999-E63-2016",
          "title": "Contrato de Prestacion de Servicios Profesionales Consistentes en la Consultoria y Asesoria Preventiva en Materia Laboral",
          "description": "Ver documento adjunto",
          "status": "active",
          "period": {
            "startDate": "2015-09-02T05:00:00.000Z",
            "endDate": "2015-12-31T06:00:00.000Z"
          },
          "value": {
            "amount": 305000,
            "currency": "MXN"
          },
          "items": [
            {
              "id": "item-dd5dc838-cfa3-441d-882a-27b34c7b638f",
              "description": "Servicios Profesionales consistentes en la Consultoria y Asesoria preventiva en Materia Laboral",
              "classification": {
                "scheme": "SERVICIOS LEGALES, DE CONTABILIDAD, AUDITORIA Y RELACIONADOS",
                "id": "3310"
              },
              "quantity": 1,
              "unit": {
                "name": "srv",
                "value": {
                  "amount": 305000,
                  "currency": "MXN"
                }
              }
            }
          ],
          "dateSigned": "2015-09-02T05:00:00.000Z",
          "documents": [
            {
              "id": "doc-bc069668-0b53-4aee-a4c2-e452a3df519a",
              "documentType": "Contract Signed",
              "title": "Contrato firmado",
              "description": "Contrato firmado",
              "url": "http://189.211.120.220:8880/files/opendata/15070-AD-AS-DCAGI-SC-070-15/15.-%20CF/15.pdf",
              "datePublished": "2015-09-02T05:00:00.000Z",
              "dateModified": "2015-09-02T05:00:00.000Z",
              "format": "html",
              "language": "es"
            },
            {
              "id": "doc-fe11f710-69ff-449b-bde3-1b0d5ef354bf",
              "documentType": "Contract Signed",
              "title": "Cl?usula sobre las condiciones de entrega de la obra",
              "description": "Contrato firmado",
              "url": "http://189.211.120.220:8880/files/opendata/15070-AD-AS-DCAGI-SC-070-15/15.-%20CF/15.pdf",
              "datePublished": "2015-09-02T05:00:00.000Z",
              "dateModified": "2015-09-02T05:00:00.000Z",
              "format": "html",
              "language": "es"
            },
            {
              "id": "doc-b3ae5b03-92a6-44fa-a0c1-0b99bfa0c851",
              "documentType": "Contract Guarantees",
              "title": "Fianza de anticipo",
              "description": "Garantia sobre el anticipo",
              "url": "http://189.211.120.220:8880/files/opendata/15070-AD-AS-DCAGI-SC-070-15/17.-%20GA/17.pdf",
              "datePublished": "2015-09-02T05:00:00.000Z",
              "dateModified": "2015-09-02T05:00:00.000Z",
              "format": "html",
              "language": "es"
            },
            {
              "id": "doc-8db0dcc7-83c6-4331-bd60-0629b652966e",
              "documentType": "Contract Guarantees",
              "title": "Fianza de cumplimiento",
              "description": "Garantias de cumplimiento",
              "url": "http://189.211.120.220:8880/files/opendata/15070-AD-AS-DCAGI-SC-070-15/18.-%20GC/18.pdf",
              "datePublished": "2015-09-02T05:00:00.000Z",
              "dateModified": "2015-09-02T05:00:00.000Z",
              "format": "html",
              "language": "es"
            }
          ]
        }
      ],
      "language": "es"
    }
  ],
  "publisher": {
    "name": "GACM",
    "scheme": "SERVICIO",
    "uid": "AS",
    "uri": "http://www.aeropuerto.gob.mx/"
  },
  "license": "https://datos.gob.mx/libreusomx/",
  "publicationPolicy": "https://datos.gob.mx/libreusomx/"
}
