{
  "uri": "https://datos.gob.mx/busca/dataset?organization=gacm",
  "publishedDate": "2017-02-15T16:48:25.938Z",
  "releases": [
    {
      "ocid": "126",
      "id": "RELEASE_126_2017-02-15T16:48:25.937Z",
      "date": "2017-02-09T06:00:00.000Z",
      "tag": [
        "contract"
      ],
      "initiationType": "tender",
      "planning": {
        "budget": {
          "source": "http://www.apartados.hacienda.gob.mx/presupuesto/temas/pef/2015/docs/09/r09_kdh_pie.pdf",
          "id": "CONSTRUCCION DE VIAS DE COMUNICACION",
          "description": "RECURSOS FISCALES",
          "amount": {
            "amount": 15650000,
            "currency": "MXN"
          },
          "project": "Nuevo Aeropuerto Internacional de la Ciudad de Mexico",
          "projectID": "46101",
          "uri": "http://www.apartados.hacienda.gob.mx/presupuesto/temas/pef/2015/docs/09/r09_kdh_pie.pdf"
        },
        "rationale": "Servicio de asistencia tecnica especializada en materia de Geotecnia y Cimentacion aplicada a la infraestructura aeroportuaria.",
        "documents": [
          {
            "id": "doc-486f6b2f-fe9d-4263-9f89-983e513ad3c1",
            "documentType": "projectPlan",
            "title": "Proyecto ejecutivo de la obra",
            "description": "Terminos de referencia",
            "url": "http://189.211.120.220:8880/files/opendata/15086-AD-SRO-DCAGI-SC-086-15/4.-%20TR/4.pdf",
            "datePublished": "2015-11-01T06:00:00.000Z",
            "dateModified": "2015-11-01T06:00:00.000Z",
            "format": "html",
            "language": "es"
          }
        ]
      },
      "tender": {
        "id": "1038567",
        "title": "Servicio de asistencia tecnica especializada en materia de Geotecnia y Cimentacion aplicada a la infraestructura aeroportuaria.",
        "description": "Servicio de asistencia tecnica especializada en materia de Geotecnia y Cimentacion aplicada a la infraestructura aeroportuaria.",
        "status": "active",
        "items": [
          {
            "id": "item-486b8429-5ee3-4cf5-8fd7-f896ad24fdb5",
            "description": "Servicio de asistencia tecnica especializada en materia de Geotecnia y Cimentacion aplicada a la infraestructura aeroportuaria.",
            "classification": {
              "scheme": "CONSTRUCCION DE VIAS DE COMUNICACION",
              "id": "6250"
            },
            "quantity": 1,
            "unit": {
              "name": "sop",
              "value": {
                "amount": 1880043.1,
                "currency": "MXN"
              }
            }
          }
        ],
        "value": {
          "amount": 15650000,
          "currency": "MXN"
        },
        "procurementMethod": "limited",
        "procurementMethodRationale": "Nacional",
        "metodoDeAdquisicion": "Adjudicación directa",
        "awardCriteria": "bestValueToGoverment",
        "awardCriteriaDetails": "Presencial",
        "submissionMethod": [
          "Presencial"
        ],
        "eligibilityCriteria": "Ver documento adjunto",
        "documents": [
          {
            "id": "doc-7c02ace8-1e05-48f4-8a3f-3ac6034fd8b6",
            "documentType": "Clarifications",
            "title": "Actas de la junta de aclaraciones",
            "description": "Actas de la junta de aclaraciones",
            "url": "http://189.211.120.220:8880/files/opendata/15086-AD-SRO-DCAGI-SC-086-15/9.-%20AJ/9.pdf",
            "datePublished": "2015-11-01T06:00:00.000Z",
            "dateModified": "2015-11-01T06:00:00.000Z",
            "format": "html",
            "language": "es"
          },
          {
            "id": "doc-e1edad6b-e6b1-44d3-9614-b5092a9d0577",
            "documentType": "Tender Notice",
            "title": "Documento que contiene las especificaciones t?cnicas de la obra",
            "description": "Convocatoria al procedimiento de contratacion",
            "url": "http://189.211.120.220:8880/files/opendata/15086-AD-SRO-DCAGI-SC-086-15/8.-%20CC/8.pdf",
            "datePublished": "2015-11-01T06:00:00.000Z",
            "dateModified": "2015-11-01T06:00:00.000Z",
            "format": "html",
            "language": "es"
          },
          {
            "id": "doc-379930dd-25f9-4ba7-b895-a01bc247402a",
            "documentType": "Tender Notice",
            "title": "Documento que describe los criterios de evaluaci?n",
            "description": "Convocatoria al procedimiento de contratacion",
            "url": "http://189.211.120.220:8880/files/opendata/15086-AD-SRO-DCAGI-SC-086-15/8.-%20CC/8.pdf",
            "datePublished": "2015-11-01T06:00:00.000Z",
            "dateModified": "2015-11-01T06:00:00.000Z",
            "format": "html",
            "language": "es"
          },
          {
            "id": "doc-6791559c-b6c7-4adf-9d0b-390fd2efa2be",
            "documentType": "Tender Notice",
            "title": "Documento que contiene los objetivos y caracter?sticas del contrato y proceso de licitaci?n",
            "description": "Convocatoria al procedimiento de contratacion",
            "url": "http://189.211.120.220:8880/files/opendata/15086-AD-SRO-DCAGI-SC-086-15/8.-%20CC/8.pdf",
            "datePublished": "2015-11-01T06:00:00.000Z",
            "dateModified": "2015-11-01T06:00:00.000Z",
            "format": "html",
            "language": "es"
          },
          {
            "id": "doc-2315e72b-d5fc-4e78-a3b2-5a2431869e38",
            "documentType": "Tender Notice",
            "title": "Convocatoria al procedimiento de contrataci?n",
            "description": "Convocatoria al procedimiento de contratacion",
            "url": "http://189.211.120.220:8880/files/opendata/15086-AD-SRO-DCAGI-SC-086-15/8.-%20CC/8.pdf",
            "datePublished": "2015-11-01T06:00:00.000Z",
            "dateModified": "2015-11-01T06:00:00.000Z",
            "format": "html",
            "language": "es"
          },
          {
            "id": "doc-e432cc16-cdcc-42f1-bfae-bb4f6577d71f",
            "documentType": "Tender Notice",
            "title": "Documento que describe los criterios que deben cumplir los licitantes",
            "description": "Convocatoria al procedimiento de contratacion",
            "url": "http://189.211.120.220:8880/files/opendata/15086-AD-SRO-DCAGI-SC-086-15/8.-%20CC/8.pdf",
            "datePublished": "2015-11-01T06:00:00.000Z",
            "dateModified": "2015-11-01T06:00:00.000Z",
            "format": "html",
            "language": "es"
          }
        ]
      },
      "buyer": {
        "identifier": {
          "scheme": "MK-009KDH999",
          "id": "GACM",
          "legalName": "Grupo Aeroportuario de la Ciudad de Mexico, S.A. de C.V.",
          "uri": "http://www.aeropuerto.gob.mx/"
        },
        "name": "Grupo Aeroportuario de la Ciudad de Mexico, S.A. de C.V.",
        "address": {
          "streetAddress": "AV. INSURGENTES SUR NO. 2453 PISO 2 OFICINA 203",
          "locality": "COL. TIZAPAN",
          "region": "DEL. ALVARO OBREGON",
          "postalCode": "01090",
          "countryName": "Mexico"
        },
        "contactPoint": {
          "name": "G05-DIRECCION CORPORATIVA DE ADMINISTRACION Y GESTION INMOBILIARIA",
          "url": "http://www.aeropuerto.gob.mx/"
        }
      },
      "awards": [
        {
          "id": "AO-009KDH999-E42-2016",
          "title": "Servicio de asistencia tecnica especializada en materia de Geotecnia y Cimentacion aplicada a la infraestructura aeroportuaria.",
          "description": "Ver documento adjunto",
          "status": "active",
          "value": {
            "amount": 1880043.1,
            "currency": "MXN"
          },
          "suppliers": [
            {
              "identifier": {
                "id": "TAGE250811PC2",
                "legalName": "M. C. Enrique Alvaro Tamez Gonzalez"
              },
              "name": "M. C. Enrique Alvaro Tamez Gonzalez",
              "address": {
                "streetAddress": "Av. Explanada 1615",
                "locality": "Lomas de Chapultepec",
                "region": "Miguel Hidalgo",
                "postalCode": "011000",
                "countryName": "Mexico"
              }
            }
          ],
          "items": [
            {
              "id": "item-46a32cbf-3fad-4375-a511-a3473f08b966",
              "description": "Servicio de asistencia tecnica especializada en materia de Geotecnia y Cimentacion aplicada a la infraestructura aeroportuaria.",
              "classification": {
                "scheme": "CONSTRUCCION DE VIAS DE COMUNICACION",
                "id": "6250"
              },
              "quantity": 1,
              "unit": {
                "name": "sop",
                "value": {
                  "amount": 1880043.1,
                  "currency": "MXN"
                }
              }
            }
          ],
          "contractPeriod": {
            "startDate": "2015-11-01T06:00:00.000Z",
            "endDate": "2016-04-28T05:00:00.000Z"
          },
          "documents": [
            {
              "id": "doc-574329e8-adf6-4d09-9763-dab509d0fb15",
              "documentType": "Award Notice",
              "title": "Fallo",
              "description": "Acta de Fallo",
              "url": "http://189.211.120.220:8880/files/opendata/15086-AD-SRO-DCAGI-SC-086-15/12.-%20AF/12.pdf",
              "datePublished": "2015-11-01T06:00:00.000Z",
              "dateModified": "2015-11-01T06:00:00.000Z",
              "format": "html",
              "language": "es"
            },
            {
              "id": "doc-13715262-281a-4827-a93d-7d81bf348d76",
              "documentType": "Award Notice",
              "title": "Fallo",
              "description": "Descripcion del acto de presentacion y apertura de proposiciones",
              "url": "http://189.211.120.220:8880/files/opendata/15086-AD-SRO-DCAGI-SC-086-15/10.-%20AP/10.pdf",
              "datePublished": "2015-11-01T06:00:00.000Z",
              "dateModified": "2015-11-01T06:00:00.000Z",
              "format": "html",
              "language": "es"
            }
          ]
        }
      ],
      "contracts": [
        {
          "id": "AD-SRO-DCAGI-SC-086/15",
          "awardID": "AO-009KDH999-E42-2016",
          "title": "Servicio de asistencia tecnica especializada en materia de Geotecnia y Cimentacion aplicada a la infraestructura aeroportuaria.",
          "description": "Ver documento adjunto",
          "status": "active",
          "period": {
            "startDate": "2015-11-01T06:00:00.000Z",
            "endDate": "2016-04-28T05:00:00.000Z"
          },
          "value": {
            "amount": 1880043.1,
            "currency": "MXN"
          },
          "items": [
            {
              "id": "item-de2040bb-8fd8-457a-828e-7f3335f31b74",
              "description": "Servicio de asistencia tecnica especializada en materia de Geotecnia y Cimentacion aplicada a la infraestructura aeroportuaria.",
              "classification": {
                "scheme": "CONSTRUCCION DE VIAS DE COMUNICACION",
                "id": "6250"
              },
              "quantity": 1,
              "unit": {
                "name": "sop",
                "value": {
                  "amount": 1880043.1,
                  "currency": "MXN"
                }
              }
            }
          ],
          "dateSigned": "2015-11-01T06:00:00.000Z",
          "documents": [
            {
              "id": "doc-4d6f53e6-249f-48c0-a3ff-8f3be026794b",
              "documentType": "Contract Signed",
              "title": "Cl?usula sobre las condiciones de entrega de la obra",
              "description": "Contrato firmado",
              "url": "http://189.211.120.220:8880/files/opendata/15086-AD-SRO-DCAGI-SC-086-15/15.-%20CF/15.pdf",
              "datePublished": "2015-11-01T06:00:00.000Z",
              "dateModified": "2015-11-01T06:00:00.000Z",
              "format": "html",
              "language": "es"
            },
            {
              "id": "doc-50aaa850-91e4-4d14-9dbd-8a97caf82235",
              "documentType": "Contract Signed",
              "title": "Contrato firmado",
              "description": "Contrato firmado",
              "url": "http://189.211.120.220:8880/files/opendata/15086-AD-SRO-DCAGI-SC-086-15/15.-%20CF/15.pdf",
              "datePublished": "2015-11-01T06:00:00.000Z",
              "dateModified": "2015-11-01T06:00:00.000Z",
              "format": "html",
              "language": "es"
            },
            {
              "id": "doc-7da62635-b05a-4d38-8f64-b3ffe3ef8459",
              "documentType": "Contract Guarantees",
              "title": "Fianza de anticipo",
              "description": "Garantia sobre el anticipo",
              "url": "http://189.211.120.220:8880/files/opendata/15086-AD-SRO-DCAGI-SC-086-15/17.-%20GA/17.pdf",
              "datePublished": "2015-11-01T06:00:00.000Z",
              "dateModified": "2015-11-01T06:00:00.000Z",
              "format": "html",
              "language": "es"
            },
            {
              "id": "doc-2be3e278-6bb9-4ec6-9a54-eb5e581d7bb7",
              "documentType": "Contract Guarantees",
              "title": "Fianza de cumplimiento",
              "description": "Garantias de cumplimiento",
              "url": "http://189.211.120.220:8880/files/opendata/15086-AD-SRO-DCAGI-SC-086-15/18.-%20GC/18.pdf",
              "datePublished": "2015-11-01T06:00:00.000Z",
              "dateModified": "2015-11-01T06:00:00.000Z",
              "format": "html",
              "language": "es"
            }
          ]
        }
      ],
      "language": "es"
    }
  ],
  "publisher": {
    "name": "GACM",
    "scheme": "SERVICIO",
    "uid": "AS",
    "uri": "http://www.aeropuerto.gob.mx/"
  },
  "license": "https://datos.gob.mx/libreusomx/",
  "publicationPolicy": "https://datos.gob.mx/libreusomx/"
}
