{
  "uri": "https://datos.gob.mx/busca/dataset?organization=gacm",
  "publishedDate": "2017-02-15T16:48:26.221Z",
  "releases": [
    {
      "ocid": "13",
      "id": "RELEASE_13_2017-02-15T16:48:26.220Z",
      "date": "2017-02-09T06:00:00.000Z",
      "tag": [
        "contract"
      ],
      "initiationType": "tender",
      "planning": {
        "budget": {
          "id": "ARRENDAMIENTO DE EDIFICIOS Y LOCALES",
          "description": "RECURSOS FISCALES",
          "amount": {
            "amount": 17600000,
            "currency": "MXN"
          },
          "project": "Nuevo Aeropuerto Internacional de la Ciudad de Mexico",
          "projectID": "46101"
        },
        "rationale": "Arrendamiento Torre Murano (1218 M2)",
        "documents": [
          {
            "id": "doc-c121c31a-2c9e-4db8-a196-6d9963606e1f",
            "documentType": "projectPlan",
            "title": "Proyecto ejecutivo de la obra",
            "description": "Terminos de referencia",
            "url": "http://189.211.120.220:8880/files/opendata/14001-CTO.ARRENDAMIENTO.T.MURANO.01-14/4.-%20TR/4.pdf",
            "datePublished": "2014-09-15T05:00:00.000Z",
            "dateModified": "2014-09-15T05:00:00.000Z",
            "format": "html",
            "language": "es"
          }
        ]
      },
      "tender": {
        "id": "No aplica",
        "title": "Arrendamiento Torre Murano (1218 M2)",
        "description": "Arrendamiento Torre Murano (1218 M2)",
        "status": "active",
        "items": [
          {
            "id": "item-3728bb5d-1e05-4e46-8dda-dfbfd5909870",
            "description": "Arrendamiento Torre Murano (1218 M2)",
            "classification": {
              "scheme": "ARRENDAMIENTO DE EDIFICIOS",
              "id": "3220"
            },
            "quantity": 1,
            "unit": {
              "name": "srv",
              "value": {
                "amount": 16216056,
                "currency": "MXN"
              }
            }
          }
        ],
        "value": {
          "amount": 17600000,
          "currency": "MXN"
        },
        "procurementMethod": "limited",
        "procurementMethodRationale": "Nacional",
        "metodoDeAdquisicion": "Adjudicación directa",
        "awardCriteria": "bestValueToGoverment",
        "awardCriteriaDetails": "No aplica",
        "submissionMethod": [
          "No aplica"
        ],
        "eligibilityCriteria": "Ver documento adjunto"
      },
      "buyer": {
        "identifier": {
          "scheme": "MK-009KDH999",
          "id": "GACM",
          "legalName": "Grupo Aeroportuario de la Ciudad de Mexico, S.A. de C.V.",
          "uri": "http://www.aeropuerto.gob.mx/"
        },
        "name": "Grupo Aeroportuario de la Ciudad de Mexico, S.A. de C.V.",
        "address": {
          "streetAddress": "AV. INSURGENTES SUR NO. 2453 PISO 2 OFICINA 203",
          "locality": "COL. TIZAPAN",
          "region": "DEL. ALVARO OBREGON",
          "postalCode": "01090",
          "countryName": "Mexico"
        },
        "contactPoint": {
          "name": "G05-DIRECCION CORPORATIVA DE ADMINISTRACION Y GESTION INMOBILIARIA",
          "url": "http://www.aeropuerto.gob.mx/"
        }
      },
      "awards": [
        {
          "id": "No aplica",
          "title": "Arrendamiento Torre Murano (1218 M2)",
          "description": "Ver documento adjunto",
          "status": "active",
          "value": {
            "amount": 16216056,
            "currency": "MXN"
          },
          "suppliers": [
            {
              "identifier": {
                "id": "BMF020529L22",
                "legalName": "Banca MIFEL, S.A."
              },
              "name": "Banca MIFEL, S.A.",
              "address": {
                "streetAddress": "Av. Periferico Sur No. 4118",
                "locality": "Jardines del Pedregal",
                "region": "Alvaro Obregon",
                "postalCode": "1900",
                "countryName": "Mexico"
              }
            }
          ],
          "items": [
            {
              "id": "item-6fc1f548-738e-425f-a94e-10989a979311",
              "description": "Arrendamiento Torre Murano (1218 M2)",
              "classification": {
                "scheme": "ARRENDAMIENTO DE EDIFICIOS",
                "id": "3220"
              },
              "quantity": 1,
              "unit": {
                "name": "srv",
                "value": {
                  "amount": 16216056,
                  "currency": "MXN"
                }
              }
            }
          ],
          "contractPeriod": {
            "startDate": "2015-09-15T05:00:00.000Z",
            "endDate": "2017-09-14T05:00:00.000Z"
          }
        }
      ],
      "contracts": [
        {
          "id": "CTO.ARRENDAMIENTO.T.MURANO.01/14",
          "awardID": "No aplica",
          "title": "Arrendamiento Torre Murano (1218 M2)",
          "description": "Ver documento adjunto",
          "status": "active",
          "period": {
            "startDate": "2015-09-15T05:00:00.000Z",
            "endDate": "2017-09-14T05:00:00.000Z"
          },
          "value": {
            "amount": 16216056,
            "currency": "MXN"
          },
          "items": [
            {
              "id": "item-0cb150cc-a60e-4286-bf2d-eab1cad152f0",
              "description": "Arrendamiento Torre Murano (1218 M2)",
              "classification": {
                "scheme": "ARRENDAMIENTO DE EDIFICIOS",
                "id": "3220"
              },
              "quantity": 1,
              "unit": {
                "name": "srv",
                "value": {
                  "amount": 16216056,
                  "currency": "MXN"
                }
              }
            }
          ],
          "dateSigned": "2014-09-15T05:00:00.000Z",
          "documents": [
            {
              "id": "doc-136d266a-7cec-4b3b-a9c2-367d7fb178ec",
              "documentType": "Contract Signed",
              "title": "Cl?usula sobre las condiciones de entrega de la obra",
              "description": "Contrato firmado",
              "url": "http://189.211.120.220:8880/files/opendata/14001-CTO.ARRENDAMIENTO.T.MURANO.01-14/15.-%20CF/15.pdf",
              "datePublished": "2014-09-15T05:00:00.000Z",
              "dateModified": "2014-09-15T05:00:00.000Z",
              "format": "html",
              "language": "es"
            },
            {
              "id": "doc-966abba4-77f7-4a62-ac04-c32b02f0744a",
              "documentType": "Contract Signed",
              "title": "Contrato firmado",
              "description": "Contrato firmado",
              "url": "http://189.211.120.220:8880/files/opendata/14001-CTO.ARRENDAMIENTO.T.MURANO.01-14/15.-%20CF/15.pdf",
              "datePublished": "2014-09-15T05:00:00.000Z",
              "dateModified": "2014-09-15T05:00:00.000Z",
              "format": "html",
              "language": "es"
            }
          ]
        }
      ],
      "language": "es"
    }
  ],
  "publisher": {
    "name": "GACM",
    "scheme": "SERVICIO",
    "uid": "AS",
    "uri": "http://www.aeropuerto.gob.mx/"
  },
  "license": "https://datos.gob.mx/libreusomx/",
  "publicationPolicy": "https://datos.gob.mx/libreusomx/"
}
