{
  "uri": "https://datos.gob.mx/busca/dataset?organization=gacm",
  "publishedDate": "2017-02-15T16:48:25.695Z",
  "releases": [
    {
      "ocid": "133",
      "id": "RELEASE_133_2017-02-15T16:48:25.695Z",
      "date": "2017-02-08T06:00:00.000Z",
      "tag": [
        "contract"
      ],
      "initiationType": "tender",
      "planning": {
        "budget": {
          "source": "http://www.apartados.hacienda.gob.mx/presupuesto/temas/pef/2015/docs/09/r09_kdh_pie.pdf",
          "id": "CONSTRUCCION DE VIAS DE COMUNICACION",
          "description": "RECURSOS FISCALES",
          "amount": {
            "amount": 15650000,
            "currency": "MXN"
          },
          "project": "Nuevo Aeropuerto Internacional de la Ciudad de Mexico",
          "projectID": "46101",
          "uri": "http://www.apartados.hacienda.gob.mx/presupuesto/temas/pef/2015/docs/09/r09_kdh_pie.pdf"
        },
        "rationale": "Asistencia tecnica especializada en Geotecnia y Cimentacion Aplicada a la Infraestructura Aeroportuaria",
        "documents": [
          {
            "id": "doc-f2f31518-a8cd-46ef-9c72-e50e6caf284c",
            "documentType": "projectPlan",
            "title": "Proyecto ejecutivo de la obra",
            "description": "Terminos de referencia",
            "url": "http://189.211.120.220:8880/files/opendata/15098-AD-SRO-DCAGI-SC-098-15/4.-%20TR/4.pdf",
            "datePublished": "2015-12-01T06:00:00.000Z",
            "dateModified": "2015-12-01T06:00:00.000Z",
            "format": "html",
            "language": "es"
          }
        ]
      },
      "tender": {
        "id": "1032142",
        "title": "Servicios de experto revisor para el panel Geotecnia y Cimentacion Aplicada a la Infraestructura Aeroportuaria",
        "description": "Asistencia tecnica especializada en Geotecnia y Cimentacion Aplicada a la Infraestructura Aeroportuaria",
        "status": "active",
        "items": [
          {
            "id": "item-e7a79506-2868-42a2-b463-df83fe3b787d",
            "description": "Servicios de experto revisor para el panel Geotecnia y Cimentacion Aplicada a la Infraestructura Aeroportuaria",
            "classification": {
              "scheme": "CONSTRUCCION DE VIAS DE COMUNICACION",
              "id": "6250"
            },
            "quantity": 1,
            "unit": {
              "name": "sop",
              "value": {
                "amount": 1683620.7,
                "currency": "MXN"
              }
            }
          }
        ],
        "value": {
          "amount": 15650000,
          "currency": "MXN"
        },
        "procurementMethod": "limited",
        "procurementMethodRationale": "Nacional",
        "metodoDeAdquisicion": "Adjudicación directa",
        "awardCriteria": "bestValueToGoverment",
        "awardCriteriaDetails": "No aplica",
        "submissionMethod": [
          "Presencial"
        ],
        "eligibilityCriteria": "Ver documento adjunto",
        "documents": [
          {
            "id": "doc-b57b86da-fc2e-4433-b255-78d3b7468597",
            "documentType": "Clarifications",
            "title": "Actas de la junta de aclaraciones",
            "description": "Actas de la junta de aclaraciones",
            "url": "http://189.211.120.220:8880/files/opendata/15098-AD-SRO-DCAGI-SC-098-15/9.-%20AJ/9.pdf",
            "datePublished": "2015-12-01T06:00:00.000Z",
            "dateModified": "2015-12-01T06:00:00.000Z",
            "format": "html",
            "language": "es"
          },
          {
            "id": "doc-0d9d60b8-af9a-4b83-aff9-d4ed63a5b7bc",
            "documentType": "Tender Notice",
            "title": "Documento que contiene las especificaciones t?cnicas de la obra",
            "description": "Convocatoria al procedimiento de contratacion",
            "url": "http://189.211.120.220:8880/files/opendata/15098-AD-SRO-DCAGI-SC-098-15/8.-%20CC/8.pdf",
            "datePublished": "2015-12-01T06:00:00.000Z",
            "dateModified": "2015-12-01T06:00:00.000Z",
            "format": "html",
            "language": "es"
          },
          {
            "id": "doc-27cce5c7-fa20-4cbf-b733-a4f1415c6ce7",
            "documentType": "Tender Notice",
            "title": "Documento que describe los criterios de evaluaci?n",
            "description": "Convocatoria al procedimiento de contratacion",
            "url": "http://189.211.120.220:8880/files/opendata/15098-AD-SRO-DCAGI-SC-098-15/8.-%20CC/8.pdf",
            "datePublished": "2015-12-01T06:00:00.000Z",
            "dateModified": "2015-12-01T06:00:00.000Z",
            "format": "html",
            "language": "es"
          },
          {
            "id": "doc-e7640c2b-36cb-47d6-b82e-0c8e4e12d0c6",
            "documentType": "Tender Notice",
            "title": "Documento que contiene los objetivos y caracter?sticas del contrato y proceso de licitaci?n",
            "description": "Convocatoria al procedimiento de contratacion",
            "url": "http://189.211.120.220:8880/files/opendata/15098-AD-SRO-DCAGI-SC-098-15/8.-%20CC/8.pdf",
            "datePublished": "2015-12-01T06:00:00.000Z",
            "dateModified": "2015-12-01T06:00:00.000Z",
            "format": "html",
            "language": "es"
          },
          {
            "id": "doc-ed2b45e5-3bcc-47de-a56e-d6015a0b15eb",
            "documentType": "Tender Notice",
            "title": "Convocatoria al procedimiento de contrataci?n",
            "description": "Convocatoria al procedimiento de contratacion",
            "url": "http://189.211.120.220:8880/files/opendata/15098-AD-SRO-DCAGI-SC-098-15/8.-%20CC/8.pdf",
            "datePublished": "2015-12-01T06:00:00.000Z",
            "dateModified": "2015-12-01T06:00:00.000Z",
            "format": "html",
            "language": "es"
          },
          {
            "id": "doc-99aaa11d-9eba-42a4-ad9f-1c0222011e95",
            "documentType": "Tender Notice",
            "title": "Documento que describe los criterios que deben cumplir los licitantes",
            "description": "Convocatoria al procedimiento de contratacion",
            "url": "http://189.211.120.220:8880/files/opendata/15098-AD-SRO-DCAGI-SC-098-15/8.-%20CC/8.pdf",
            "datePublished": "2015-12-01T06:00:00.000Z",
            "dateModified": "2015-12-01T06:00:00.000Z",
            "format": "html",
            "language": "es"
          }
        ]
      },
      "buyer": {
        "identifier": {
          "scheme": "MK-009KDH999",
          "id": "GACM",
          "legalName": "Grupo Aeroportuario de la Ciudad de Mexico, S.A. de C.V.",
          "uri": "http://www.aeropuerto.gob.mx/"
        },
        "name": "Grupo Aeroportuario de la Ciudad de Mexico, S.A. de C.V.",
        "address": {
          "streetAddress": "AV. INSURGENTES SUR NO. 2453 PISO 2 OFICINA 203",
          "locality": "COL. TIZAPAN",
          "region": "DEL. ALVARO OBREGON",
          "postalCode": "01090",
          "countryName": "Mexico"
        },
        "contactPoint": {
          "name": "G05-DIRECCION CORPORATIVA DE ADMINISTRACION Y GESTION INMOBILIARIA",
          "url": "http://www.aeropuerto.gob.mx/"
        }
      },
      "awards": [
        {
          "id": "AO-009KDH999-E31-2016",
          "title": "Servicios de experto revisor para el panel Geotecnia y Cimentacion Aplicada a la Infraestructura Aeroportuaria",
          "description": "Ver documento adjunto",
          "status": "active",
          "value": {
            "amount": 1683620.7,
            "currency": "MXN"
          },
          "suppliers": [
            {
              "identifier": {
                "id": "SICG341213JLA",
                "legalName": "Guillermo Springall Caram"
              },
              "name": "Guillermo Springall Caram",
              "address": {
                "streetAddress": "Rafael Checa 60",
                "locality": "Chimalistac",
                "region": "Alvaro Obregon",
                "postalCode": "1070",
                "countryName": "Mexico"
              }
            }
          ],
          "items": [
            {
              "id": "item-45b1705d-131f-485c-8655-1304e416420a",
              "description": "Servicios de experto revisor para el panel Geotecnia y Cimentacion Aplicada a la Infraestructura Aeroportuaria",
              "classification": {
                "scheme": "CONSTRUCCION DE VIAS DE COMUNICACION",
                "id": "6250"
              },
              "quantity": 1,
              "unit": {
                "name": "sop",
                "value": {
                  "amount": 1683620.7,
                  "currency": "MXN"
                }
              }
            }
          ],
          "contractPeriod": {
            "startDate": "2015-12-01T06:00:00.000Z",
            "endDate": "2016-05-28T05:00:00.000Z"
          },
          "documents": [
            {
              "id": "doc-cf1ecd0f-41ea-4a57-989b-8a6e419c1683",
              "documentType": "Award Notice",
              "title": "Fallo",
              "description": "Acta de Fallo",
              "url": "http://189.211.120.220:8880/files/opendata/15098-AD-SRO-DCAGI-SC-098-15/12.-%20AF/12.pdf",
              "datePublished": "2015-12-01T06:00:00.000Z",
              "dateModified": "2015-12-01T06:00:00.000Z",
              "format": "html",
              "language": "es"
            },
            {
              "id": "doc-ce23b57d-5bd4-4c59-b388-f49207861b70",
              "documentType": "Award Notice",
              "title": "Fallo",
              "description": "Descripcion del acto de presentacion y apertura de proposiciones",
              "url": "http://189.211.120.220:8880/files/opendata/15098-AD-SRO-DCAGI-SC-098-15/10.-%20AP/10.pdf",
              "datePublished": "2015-12-01T06:00:00.000Z",
              "dateModified": "2015-12-01T06:00:00.000Z",
              "format": "html",
              "language": "es"
            }
          ]
        }
      ],
      "contracts": [
        {
          "id": "AD-SRO-DCAGI-SC-098/15",
          "awardID": "AO-009KDH999-E31-2016",
          "title": "Servicios de experto revisor para el panel Geotecnia y Cimentacion Aplicada a la Infraestructura Aeroportuaria",
          "description": "Ver documento adjunto",
          "status": "active",
          "period": {
            "startDate": "2015-12-01T06:00:00.000Z",
            "endDate": "2016-05-28T05:00:00.000Z"
          },
          "value": {
            "amount": 1683620.7,
            "currency": "MXN"
          },
          "items": [
            {
              "id": "item-d71195e0-9713-4254-b725-bdddbeea4c74",
              "description": "Servicios de experto revisor para el panel Geotecnia y Cimentacion Aplicada a la Infraestructura Aeroportuaria",
              "classification": {
                "scheme": "CONSTRUCCION DE VIAS DE COMUNICACION",
                "id": "6250"
              },
              "quantity": 1,
              "unit": {
                "name": "sop",
                "value": {
                  "amount": 1683620.7,
                  "currency": "MXN"
                }
              }
            }
          ],
          "dateSigned": "2015-12-01T06:00:00.000Z",
          "documents": [
            {
              "id": "doc-30ba01a7-b668-4d69-ac32-be3fa08cb71f",
              "documentType": "Contract Signed",
              "title": "Cl?usula sobre las condiciones de entrega de la obra",
              "description": "Contrato firmado",
              "url": "http://189.211.120.220:8880/files/opendata/15098-AD-SRO-DCAGI-SC-098-15/15.-%20CF/15.pdf",
              "datePublished": "2015-12-01T06:00:00.000Z",
              "dateModified": "2015-12-01T06:00:00.000Z",
              "format": "html",
              "language": "es"
            },
            {
              "id": "doc-7d7af0b8-2b42-48e7-8da4-ec8a91096a7c",
              "documentType": "Contract Signed",
              "title": "Contrato firmado",
              "description": "Contrato firmado",
              "url": "http://189.211.120.220:8880/files/opendata/15098-AD-SRO-DCAGI-SC-098-15/15.-%20CF/15.pdf",
              "datePublished": "2015-12-01T06:00:00.000Z",
              "dateModified": "2015-12-01T06:00:00.000Z",
              "format": "html",
              "language": "es"
            },
            {
              "id": "doc-4164fe2f-7d98-4951-a797-0a7261b67c18",
              "documentType": "Contract Guarantees",
              "title": "Fianza de anticipo",
              "description": "Garantia sobre el anticipo",
              "url": "http://189.211.120.220:8880/files/opendata/15098-AD-SRO-DCAGI-SC-098-15/17.-%20GA/17.pdf",
              "datePublished": "2015-12-01T06:00:00.000Z",
              "dateModified": "2015-12-01T06:00:00.000Z",
              "format": "html",
              "language": "es"
            },
            {
              "id": "doc-3025a2c4-5ef2-45d1-a36d-5f5b91975e53",
              "documentType": "Contract Guarantees",
              "title": "Fianza de cumplimiento",
              "description": "Garantias de cumplimiento",
              "url": "http://189.211.120.220:8880/files/opendata/15098-AD-SRO-DCAGI-SC-098-15/18.-%20GC/18.pdf",
              "datePublished": "2015-12-01T06:00:00.000Z",
              "dateModified": "2015-12-01T06:00:00.000Z",
              "format": "html",
              "language": "es"
            }
          ]
        }
      ],
      "language": "es"
    }
  ],
  "publisher": {
    "name": "GACM",
    "scheme": "SERVICIO",
    "uid": "AS",
    "uri": "http://www.aeropuerto.gob.mx/"
  },
  "license": "https://datos.gob.mx/libreusomx/",
  "publicationPolicy": "https://datos.gob.mx/libreusomx/"
}
