{
  "uri": "https://datos.gob.mx/busca/dataset?organization=gacm",
  "publishedDate": "2017-02-15T16:48:26.009Z",
  "releases": [
    {
      "ocid": "137",
      "id": "RELEASE_137_2017-02-15T16:48:26.008Z",
      "date": "2017-02-09T06:00:00.000Z",
      "tag": [
        "contract"
      ],
      "initiationType": "tender",
      "planning": {
        "budget": {
          "source": "http://www.apartados.hacienda.gob.mx/presupuesto/temas/pef/2015/docs/09/r09_kdh_pie.pdf",
          "id": "Servicios administrados de infraestructura de comunicaciones de voz, datos y video para el Grupo Aeroportuario de la Ciudad de Mexico S.A. de C.V., para los ejercicios fiscales 2015 a 2018",
          "description": "Presupuesto de Egresos de la Federacion 2015,2016, 2017 y 2018",
          "amount": {
            "amount": 35399080.35,
            "currency": "MXN"
          },
          "project": "Nuevo Aeropuerto Internacional de la Ciudad de Mexico",
          "projectID": "46101",
          "uri": "http://www.apartados.hacienda.gob.mx/presupuesto/temas/pef/2015/docs/09/r09_kdh_pie.pdf"
        },
        "rationale": "Servicios administrados de infraestructura de comunicaciones de voz, datos y video para el Grupo Aeroportuario de la Ciudad de Mexico S.A. de C.V., para los ejercicios fiscales 2015 a 2018",
        "documents": [
          {
            "id": "doc-892ffdfa-1715-41fd-9346-3ca66aacf1e9",
            "documentType": "projectPlan",
            "title": "Proyecto ejecutivo de la obra",
            "description": "Terminos de referencia",
            "url": "http://189.211.120.220:8880/files/opendata/15074-AD-AS-DCAGI-SC-074-15/4.-%20TR/4.pdf",
            "datePublished": "2015-09-08T05:00:00.000Z",
            "dateModified": "2015-09-08T05:00:00.000Z",
            "format": "html",
            "language": "es"
          }
        ]
      },
      "tender": {
        "id": "986062",
        "title": "Servicios administrados de infraestructura de comunicaciones de voz, datos y video para el Grupo Aeroportuario de la Ciudad de Mexico S.A. de C.V., para los ejercicios fiscales 2015 a 2018",
        "description": "Servicios administrados de infraestructura de comunicaciones de voz, datos y video para el Grupo Aeroportuario de la Ciudad de Mexico S.A. de C.V., para los ejercicios fiscales 2015 a 2018",
        "status": "active",
        "items": [
          {
            "id": "item-16684065-8857-41fc-af46-8aaf914c5be7",
            "description": "Servicios administrados de infraestructura de comunicaciones de voz, datos y video para el Grupo Aeroportuario de la Ciudad de Mexico S.A. de C.V., para los ejercicios fiscales 2015 a 2018",
            "classification": {
              "scheme": "SERVICIOS DE CONDUCCION DE SE?ALES ANALOGICAS Y DIGITALES",
              "id": "3170"
            },
            "quantity": 1,
            "unit": {
              "name": "srv",
              "value": {
                "amount": 30516449.09,
                "currency": "MXN"
              }
            }
          }
        ],
        "value": {
          "amount": 35399080.35,
          "currency": "MXN"
        },
        "procurementMethod": "limited",
        "procurementMethodRationale": "No aplica",
        "metodoDeAdquisicion": "Adjudicación directa",
        "awardCriteria": "bestValueToGoverment",
        "awardCriteriaDetails": "No aplica",
        "submissionMethod": [
          "No aplica"
        ],
        "eligibilityCriteria": "Ver documento adjunto",
        "documents": [
          {
            "id": "doc-078c8bf0-c171-480c-bca3-302a14360af5",
            "documentType": "Clarifications",
            "title": "Actas de la junta de aclaraciones",
            "description": "Actas de la junta de aclaraciones",
            "url": "http://189.211.120.220:8880/files/opendata/15074-AD-AS-DCAGI-SC-074-15/9.-%20AJ/9.pdf",
            "datePublished": "2015-09-08T05:00:00.000Z",
            "dateModified": "2015-09-08T05:00:00.000Z",
            "format": "html",
            "language": "es"
          },
          {
            "id": "doc-226df1da-4a07-4539-b4e9-741acc8a6e3e",
            "documentType": "Tender Notice",
            "title": "Documento que contiene las especificaciones t?cnicas de la obra",
            "description": "Convocatoria al procedimiento de contratacion",
            "url": "http://189.211.120.220:8880/files/opendata/15074-AD-AS-DCAGI-SC-074-15/8.-%20CC/8.pdf",
            "datePublished": "2015-09-08T05:00:00.000Z",
            "dateModified": "2015-09-08T05:00:00.000Z",
            "format": "html",
            "language": "es"
          },
          {
            "id": "doc-a7c8e043-1e41-4559-a224-8f8898b26265",
            "documentType": "Tender Notice",
            "title": "Documento que describe los criterios de evaluaci?n",
            "description": "Convocatoria al procedimiento de contratacion",
            "url": "http://189.211.120.220:8880/files/opendata/15074-AD-AS-DCAGI-SC-074-15/8.-%20CC/8.pdf",
            "datePublished": "2015-09-08T05:00:00.000Z",
            "dateModified": "2015-09-08T05:00:00.000Z",
            "format": "html",
            "language": "es"
          },
          {
            "id": "doc-70a2391d-1b84-48fd-b117-6611fea98817",
            "documentType": "Tender Notice",
            "title": "Documento que contiene los objetivos y caracter?sticas del contrato y proceso de licitaci?n",
            "description": "Convocatoria al procedimiento de contratacion",
            "url": "http://189.211.120.220:8880/files/opendata/15074-AD-AS-DCAGI-SC-074-15/8.-%20CC/8.pdf",
            "datePublished": "2015-09-08T05:00:00.000Z",
            "dateModified": "2015-09-08T05:00:00.000Z",
            "format": "html",
            "language": "es"
          },
          {
            "id": "doc-22b8ae53-01b9-41b2-83b5-b59fcf5f14cc",
            "documentType": "Tender Notice",
            "title": "Convocatoria al procedimiento de contrataci?n",
            "description": "Convocatoria al procedimiento de contratacion",
            "url": "http://189.211.120.220:8880/files/opendata/15074-AD-AS-DCAGI-SC-074-15/8.-%20CC/8.pdf",
            "datePublished": "2015-09-08T05:00:00.000Z",
            "dateModified": "2015-09-08T05:00:00.000Z",
            "format": "html",
            "language": "es"
          },
          {
            "id": "doc-d63d7da0-0591-4af8-8dda-f890f7cbfe9d",
            "documentType": "Tender Notice",
            "title": "Documento que describe los criterios que deben cumplir los licitantes",
            "description": "Convocatoria al procedimiento de contratacion",
            "url": "http://189.211.120.220:8880/files/opendata/15074-AD-AS-DCAGI-SC-074-15/8.-%20CC/8.pdf",
            "datePublished": "2015-09-08T05:00:00.000Z",
            "dateModified": "2015-09-08T05:00:00.000Z",
            "format": "html",
            "language": "es"
          }
        ]
      },
      "buyer": {
        "identifier": {
          "scheme": "MK-009KDH999",
          "id": "GACM",
          "legalName": "Grupo Aeroportuario de la Ciudad de Mexico, S.A. de C.V.",
          "uri": "http://www.aeropuerto.gob.mx/"
        },
        "name": "Grupo Aeroportuario de la Ciudad de Mexico, S.A. de C.V.",
        "address": {
          "streetAddress": "AV. INSURGENTES SUR NO. 2453 PISO 2 OFICINA 203",
          "locality": "COL. TIZAPAN",
          "region": "DEL. ALVARO OBREGON",
          "postalCode": "01090",
          "countryName": "Mexico"
        },
        "contactPoint": {
          "name": "G05-DIRECCION CORPORATIVA DE ADMINISTRACION Y GESTION INMOBILIARIA",
          "url": "http://www.aeropuerto.gob.mx/"
        }
      },
      "awards": [
        {
          "id": "AA-009KDH99-E13-2016",
          "title": "Servicios de infraestructura de comunicacion de voz, datos y video para el Grupo Aeroportuario de la Ciudad de Mexico S.A. de C.V., para los ejercicios fiscales 2015 a 2018",
          "description": "Ver documento adjunto",
          "status": "active",
          "value": {
            "amount": 30516449.09,
            "currency": "MXN"
          },
          "suppliers": [
            {
              "identifier": {
                "id": "GTG020819JS3",
                "legalName": "GLOBAL TELECOMUNICATION GROUP, S. DE R.L. DE C.V.DESINGS AND INTELIGENT MATERIALS, S. DE R.L. DE C.V."
              },
              "name": "GLOBAL TELECOMUNICATION GROUP, S. DE R.L. DE C.V.DESINGS AND INTELIGENT MATERIALS, S. DE R.L. DE C.V.",
              "address": {
                "streetAddress": "Calle 17 sur 4526AVENIDA SAN BALTAZAR 2455 G",
                "locality": "Reforma Agua AzulLA HACIENDA",
                "region": "PueblaPUEBLA",
                "postalCode": "7243072570",
                "countryName": "MexicoMEXICO"
              }
            }
          ],
          "items": [
            {
              "id": "item-8042e606-9473-481e-b2e6-7e8b8a15785f",
              "description": "Servicios administrados de infraestructura de comunicaciones de voz, datos y video para el Grupo Aeroportuario de la Ciudad de Mexico S.A. de C.V., para los ejercicios fiscales 2015 a 2018",
              "classification": {
                "scheme": "SERVICIOS DE CONDUCCION DE SE?ALES ANALOGICAS Y DIGITALES",
                "id": "3170"
              },
              "quantity": 1,
              "unit": {
                "name": "srv",
                "value": {
                  "amount": 30516449.09,
                  "currency": "MXN"
                }
              }
            }
          ],
          "contractPeriod": {
            "startDate": "2015-09-08T05:00:00.000Z",
            "endDate": "2018-12-31T06:00:00.000Z"
          },
          "documents": [
            {
              "id": "doc-c76554b3-5f13-4af5-93e2-97bf7e0f1fa6",
              "documentType": "Award Notice",
              "title": "Fallo",
              "description": "Acta de Fallo",
              "url": "http://189.211.120.220:8880/files/opendata/15074-AD-AS-DCAGI-SC-074-15/12.-%20AF/12.pdf",
              "datePublished": "2015-09-08T05:00:00.000Z",
              "dateModified": "2015-09-08T05:00:00.000Z",
              "format": "html",
              "language": "es"
            },
            {
              "id": "doc-a462402a-cc5a-4785-98a8-2826f93331dd",
              "documentType": "Award Notice",
              "title": "Fallo",
              "description": "Descripcion del acto de presentacion y apertura de proposiciones",
              "url": "http://189.211.120.220:8880/files/opendata/15074-AD-AS-DCAGI-SC-074-15/10.-%20AP/10.pdf",
              "datePublished": "2015-09-08T05:00:00.000Z",
              "dateModified": "2015-09-08T05:00:00.000Z",
              "format": "html",
              "language": "es"
            }
          ]
        }
      ],
      "contracts": [
        {
          "id": "AD-AS-DCAGI-SC-074/15",
          "awardID": "AA-009KDH99-E13-2016",
          "title": "Servicios de infraestructura de comunicacion de voz, datos y video para el Grupo Aeroportuario de la Ciudad de Mexico S.A. de C.V., para los ejercicios fiscales 2015 a 2018",
          "description": "Ver documento adjunto",
          "status": "active",
          "period": {
            "startDate": "2015-09-08T05:00:00.000Z",
            "endDate": "2018-12-31T06:00:00.000Z"
          },
          "value": {
            "amount": 30516449.09,
            "currency": "MXN"
          },
          "items": [
            {
              "id": "item-e789c672-f143-4669-b3d7-e8ccbe132959",
              "description": "Servicios administrados de infraestructura de comunicaciones de voz, datos y video para el Grupo Aeroportuario de la Ciudad de Mexico S.A. de C.V., para los ejercicios fiscales 2015 a 2018",
              "classification": {
                "scheme": "SERVICIOS DE CONDUCCION DE SE?ALES ANALOGICAS Y DIGITALES",
                "id": "3170"
              },
              "quantity": 1,
              "unit": {
                "name": "srv",
                "value": {
                  "amount": 30516449.09,
                  "currency": "MXN"
                }
              }
            }
          ],
          "dateSigned": "2015-09-23T05:00:00.000Z",
          "documents": [
            {
              "id": "doc-2ff89bc6-96ad-4853-8ba2-f8f554456ebe",
              "documentType": "Contract Signed",
              "title": "Cl?usula sobre las condiciones de entrega de la obra",
              "description": "Contrato firmado",
              "url": "http://189.211.120.220:8880/files/opendata/15074-AD-AS-DCAGI-SC-074-15/15.-%20CF/15.pdf",
              "datePublished": "2015-09-08T05:00:00.000Z",
              "dateModified": "2015-09-08T05:00:00.000Z",
              "format": "html",
              "language": "es"
            },
            {
              "id": "doc-4028eb79-7e1f-496d-8228-8247ee30fcbd",
              "documentType": "Contract Signed",
              "title": "Contrato firmado",
              "description": "Contrato firmado",
              "url": "http://189.211.120.220:8880/files/opendata/15074-AD-AS-DCAGI-SC-074-15/15.-%20CF/15.pdf",
              "datePublished": "2015-09-08T05:00:00.000Z",
              "dateModified": "2015-09-08T05:00:00.000Z",
              "format": "html",
              "language": "es"
            },
            {
              "id": "doc-fa1f789e-4559-4174-b6f6-7baecfd764b3",
              "documentType": "Contract Guarantees",
              "title": "Fianza de anticipo",
              "description": "Garantia sobre el anticipo",
              "url": "http://189.211.120.220:8880/files/opendata/15074-AD-AS-DCAGI-SC-074-15/17.-%20GA/17.pdf",
              "datePublished": "2015-09-08T05:00:00.000Z",
              "dateModified": "2015-09-08T05:00:00.000Z",
              "format": "html",
              "language": "es"
            },
            {
              "id": "doc-8b09d347-b68a-4069-8338-34a2454bbffd",
              "documentType": "Contract Guarantees",
              "title": "Fianza de cumplimiento",
              "description": "Garantias de cumplimiento",
              "url": "http://189.211.120.220:8880/files/opendata/15074-AD-AS-DCAGI-SC-074-15/18.-%20GC/18.pdf",
              "datePublished": "2015-09-08T05:00:00.000Z",
              "dateModified": "2015-09-08T05:00:00.000Z",
              "format": "html",
              "language": "es"
            }
          ]
        }
      ],
      "language": "es"
    }
  ],
  "publisher": {
    "name": "GACM",
    "scheme": "SERVICIO",
    "uid": "AS",
    "uri": "http://www.aeropuerto.gob.mx/"
  },
  "license": "https://datos.gob.mx/libreusomx/",
  "publicationPolicy": "https://datos.gob.mx/libreusomx/"
}
