{
  "uri": "https://datos.gob.mx/busca/dataset?organization=gacm",
  "publishedDate": "2017-02-15T16:48:25.974Z",
  "releases": [
    {
      "ocid": "16",
      "id": "RELEASE_16_2017-02-15T16:48:25.973Z",
      "date": "2017-02-09T06:00:00.000Z",
      "tag": [
        "contract"
      ],
      "initiationType": "tender",
      "planning": {
        "budget": {
          "source": "http://www.apartados.hacienda.gob.mx/presupuesto/temas/pef/2015/docs/09/r09_kdh_pie.pdf",
          "id": "OBRAS DE CONSTRUCCION PARA EDIFICIOS NO HABITACIONALES",
          "description": "RECURSOS FISCALES",
          "amount": {
            "amount": 15000000,
            "currency": "MXN"
          },
          "project": "Nuevo Aeropuerto Internacional de la Ciudad de Mexico",
          "projectID": "46101",
          "uri": "http://www.apartados.hacienda.gob.mx/presupuesto/temas/pef/2015/docs/09/r09_kdh_pie.pdf"
        },
        "rationale": "Asesoria Legal en materia de Derecho de la Aviacion, Derecho Aeropuertario, Derecho Internacional y Especializado en Asesoria en Negociacion con Emprero Sistema Juridico Mexicano.",
        "documents": [
          {
            "id": "doc-9df8c3b1-4051-4aaf-a4bb-744ccc870d61",
            "documentType": "projectPlan",
            "title": "Proyecto ejecutivo de la obra",
            "description": "Terminos de referencia",
            "url": "http://189.211.120.220:8880/files/opendata/15045-ITP-AS-DCAGI-SC-045-15/4.-%20TR/4.pdf",
            "datePublished": "2015-05-13T05:00:00.000Z",
            "dateModified": "2015-05-13T05:00:00.000Z",
            "format": "html",
            "language": "es"
          }
        ]
      },
      "tender": {
        "id": "799522",
        "title": "Asesoria Legal en materia de Derecho de la Aviacion, Derecho Aeropuertario, Derecho Internacional y Especializado en Asesoria en Negociacion con Emprero Sistema Juridico Mexicano.",
        "description": "Asesoria Legal en materia de Derecho de la Aviacion, Derecho Aeropuertario, Derecho Internacional y Especializado en Asesoria en Negociacion con Emprero Sistema Juridico Mexicano.",
        "status": "active",
        "items": [
          {
            "id": "item-bf527d40-fe1e-41cb-8186-0aac1c846623",
            "description": "Asesoria legal en materia de Derecho de la Aviacion, Derecho Aeropuertario, Derecho Internacional y Especializado en Asesoria en Negociacion con Emprero Sistema Juridico Mexicano.",
            "classification": {
              "scheme": "EDIFICACION NO HABITACIONAL",
              "id": "6220"
            },
            "quantity": 1,
            "unit": {
              "name": "sop",
              "value": {
                "amount": 12900000,
                "currency": "MXN"
              }
            }
          }
        ],
        "value": {
          "amount": 15000000,
          "currency": "MXN"
        },
        "procurementMethod": "selective",
        "procurementMethodRationale": "Nacional",
        "metodoDeAdquisicion": "Invitación a tres",
        "awardCriteria": "bestValueToGoverment",
        "awardCriteriaDetails": "Presencial",
        "submissionMethod": [
          "Presencial"
        ],
        "tenderPeriod": {
          "endDate": "2015-05-05T05:00:00.000Z"
        },
        "enquiryPeriod": {
          "startDate": "2015-04-28T05:00:00.000Z",
          "endDate": "2015-04-28T05:00:00.000Z"
        },
        "eligibilityCriteria": "Ver documento adjunto",
        "awardPeriod": {
          "endDate": "2015-05-05T05:00:00.000Z"
        },
        "documents": [
          {
            "id": "doc-90994d3e-bd64-4e45-a137-514d46a1af6d",
            "documentType": "Clarifications",
            "title": "Actas de la junta de aclaraciones",
            "description": "Actas de la junta de aclaraciones",
            "url": "http://189.211.120.220:8880/files/opendata/15045-ITP-AS-DCAGI-SC-045-15/9.-%20AJ/9.pdf",
            "datePublished": "2015-05-13T05:00:00.000Z",
            "dateModified": "2015-05-13T05:00:00.000Z",
            "format": "html",
            "language": "es"
          },
          {
            "id": "doc-fc5272b7-2a19-4177-b488-bd977ebf9fd4",
            "documentType": "Tender Notice",
            "title": "Documento que contiene las especificaciones t?cnicas de la obra",
            "description": "Convocatoria al procedimiento de contratacion",
            "url": "http://189.211.120.220:8880/files/opendata/15045-ITP-AS-DCAGI-SC-045-15/8.-%20CC/8.pdf",
            "datePublished": "2015-05-13T05:00:00.000Z",
            "dateModified": "2015-05-13T05:00:00.000Z",
            "format": "html",
            "language": "es"
          },
          {
            "id": "doc-2ecd91ea-cd54-4bf6-8624-f34eaa207fcb",
            "documentType": "Tender Notice",
            "title": "Documento que describe los criterios de evaluaci?n",
            "description": "Convocatoria al procedimiento de contratacion",
            "url": "http://189.211.120.220:8880/files/opendata/15045-ITP-AS-DCAGI-SC-045-15/8.-%20CC/8.pdf",
            "datePublished": "2015-05-13T05:00:00.000Z",
            "dateModified": "2015-05-13T05:00:00.000Z",
            "format": "html",
            "language": "es"
          },
          {
            "id": "doc-2ca95763-86db-4c4e-8f6b-4a010beab164",
            "documentType": "Tender Notice",
            "title": "Documento que contiene los objetivos y caracter?sticas del contrato y proceso de licitaci?n",
            "description": "Convocatoria al procedimiento de contratacion",
            "url": "http://189.211.120.220:8880/files/opendata/15045-ITP-AS-DCAGI-SC-045-15/8.-%20CC/8.pdf",
            "datePublished": "2015-05-13T05:00:00.000Z",
            "dateModified": "2015-05-13T05:00:00.000Z",
            "format": "html",
            "language": "es"
          },
          {
            "id": "doc-850d8294-762b-4802-93dd-5fa43e65c349",
            "documentType": "Tender Notice",
            "title": "Convocatoria al procedimiento de contrataci?n",
            "description": "Convocatoria al procedimiento de contratacion",
            "url": "http://189.211.120.220:8880/files/opendata/15045-ITP-AS-DCAGI-SC-045-15/8.-%20CC/8.pdf",
            "datePublished": "2015-05-13T05:00:00.000Z",
            "dateModified": "2015-05-13T05:00:00.000Z",
            "format": "html",
            "language": "es"
          },
          {
            "id": "doc-14af10db-977b-4799-906a-53c2bf71f734",
            "documentType": "Tender Notice",
            "title": "Documento que describe los criterios que deben cumplir los licitantes",
            "description": "Convocatoria al procedimiento de contratacion",
            "url": "http://189.211.120.220:8880/files/opendata/15045-ITP-AS-DCAGI-SC-045-15/8.-%20CC/8.pdf",
            "datePublished": "2015-05-13T05:00:00.000Z",
            "dateModified": "2015-05-13T05:00:00.000Z",
            "format": "html",
            "language": "es"
          }
        ]
      },
      "buyer": {
        "identifier": {
          "scheme": "MK-009KDH999",
          "id": "GACM",
          "legalName": "Grupo Aeroportuario de la Ciudad de Mexico, S.A. de C.V.",
          "uri": "http://www.aeropuerto.gob.mx/"
        },
        "name": "Grupo Aeroportuario de la Ciudad de Mexico, S.A. de C.V.",
        "address": {
          "streetAddress": "AV. INSURGENTES SUR NO. 2453 PISO 2 OFICINA 203",
          "locality": "COL. TIZAPAN",
          "region": "DEL. ALVARO OBREGON",
          "postalCode": "01090",
          "countryName": "Mexico"
        },
        "contactPoint": {
          "name": "G05-DIRECCION CORPORATIVA DE ADMINISTRACION Y GESTION INMOBILIARIA",
          "url": "http://www.aeropuerto.gob.mx/"
        }
      },
      "awards": [
        {
          "id": "IO-009KDH999-N30-2015",
          "title": "Asesoria Legal en materia de Derecho de la Aviacion, Derecho Aeropuertario, Derecho Internacional y Especializado en Asesoria en Negociacion con Emprero Sistema Juridico Mexicano.",
          "description": "Ver documento adjunto",
          "status": "active",
          "date": "2015-06-10T05:00:00.000Z",
          "value": {
            "amount": 12900000,
            "currency": "MXN"
          },
          "suppliers": [
            {
              "identifier": {
                "id": "CCO140703L79",
                "legalName": "CESC CONSULTORIA, S.C."
              },
              "name": "CESC CONSULTORIA, S.C.",
              "address": {
                "streetAddress": "Avenida Viaducto Miguel Aleman numero 7",
                "locality": "del Valle",
                "region": "Benito Juarez",
                "postalCode": "3100",
                "countryName": "Mexico"
              }
            }
          ],
          "items": [
            {
              "id": "item-9129e134-22e5-40c6-b614-28cffd426300",
              "description": "Asesoria legal en materia de Derecho de la Aviacion, Derecho Aeropuertario, Derecho Internacional y Especializado en Asesoria en Negociacion con Emprero Sistema Juridico Mexicano.",
              "classification": {
                "scheme": "EDIFICACION NO HABITACIONAL",
                "id": "6220"
              },
              "quantity": 1,
              "unit": {
                "name": "sop",
                "value": {
                  "amount": 12900000,
                  "currency": "MXN"
                }
              }
            }
          ],
          "contractPeriod": {
            "startDate": "2015-06-24T05:00:00.000Z",
            "endDate": "2015-12-31T06:00:00.000Z"
          },
          "documents": [
            {
              "id": "doc-dc40f785-5d05-4090-b2ad-9c98d00ebe05",
              "documentType": "Award Notice",
              "title": "Fallo",
              "description": "Acta de Fallo",
              "url": "http://189.211.120.220:8880/files/opendata/15045-ITP-AS-DCAGI-SC-045-15/12.-%20AF/12.pdf",
              "datePublished": "2015-05-13T05:00:00.000Z",
              "dateModified": "2015-05-13T05:00:00.000Z",
              "format": "html",
              "language": "es"
            },
            {
              "id": "doc-1d4017bb-2b61-4774-a784-61ea6f13995c",
              "documentType": "Award Notice",
              "title": "Fallo",
              "description": "Descripcion del acto de presentacion y apertura de proposiciones",
              "url": "http://189.211.120.220:8880/files/opendata/15045-ITP-AS-DCAGI-SC-045-15/10.-%20AP/10.pdf",
              "datePublished": "2015-05-13T05:00:00.000Z",
              "dateModified": "2015-05-13T05:00:00.000Z",
              "format": "html",
              "language": "es"
            }
          ]
        }
      ],
      "contracts": [
        {
          "id": "ITP-SRO-DCAGI-SC-045/15",
          "awardID": "IO-009KDH999-N30-2015",
          "title": "Asesoria Legal en materia de Derecho de la Aviacion, Derecho Aeropuertario, Derecho Internacional y Especializado en Asesoria en Negociacion con Emprero Sistema Juridico Mexicano.",
          "description": "Ver documento adjunto",
          "status": "active",
          "period": {
            "startDate": "2015-06-24T05:00:00.000Z",
            "endDate": "2015-12-31T06:00:00.000Z"
          },
          "value": {
            "amount": 12900000,
            "currency": "MXN"
          },
          "items": [
            {
              "id": "item-8f0dc122-5284-4047-8928-2c425c344de0",
              "description": "Asesoria legal en materia de Derecho de la Aviacion, Derecho Aeropuertario, Derecho Internacional y Especializado en Asesoria en Negociacion con Emprero Sistema Juridico Mexicano.",
              "classification": {
                "scheme": "EDIFICACION NO HABITACIONAL",
                "id": "6220"
              },
              "quantity": 1,
              "unit": {
                "name": "sop",
                "value": {
                  "amount": 12900000,
                  "currency": "MXN"
                }
              }
            }
          ],
          "dateSigned": "2015-06-24T05:00:00.000Z",
          "documents": [
            {
              "id": "doc-bb96c26b-8c40-4d0f-8522-3cd7e98ed630",
              "documentType": "Contract Signed",
              "title": "Cl?usula sobre las condiciones de entrega de la obra",
              "description": "Contrato firmado",
              "url": "http://189.211.120.220:8880/files/opendata/15045-ITP-AS-DCAGI-SC-045-15/15.-%20CF/15.pdf",
              "datePublished": "2015-05-13T05:00:00.000Z",
              "dateModified": "2015-05-13T05:00:00.000Z",
              "format": "html",
              "language": "es"
            },
            {
              "id": "doc-31f7e1ea-b960-4583-85a8-b604583294d6",
              "documentType": "Contract Signed",
              "title": "Contrato firmado",
              "description": "Contrato firmado",
              "url": "http://189.211.120.220:8880/files/opendata/15045-ITP-AS-DCAGI-SC-045-15/15.-%20CF/15.pdf",
              "datePublished": "2015-05-13T05:00:00.000Z",
              "dateModified": "2015-05-13T05:00:00.000Z",
              "format": "html",
              "language": "es"
            },
            {
              "id": "doc-b54d0c1a-55aa-4f92-b240-2c6fc272d9fd",
              "documentType": "Contract Guarantees",
              "title": "Fianza de anticipo",
              "description": "Garantia sobre el anticipo",
              "url": "http://189.211.120.220:8880/files/opendata/15045-ITP-AS-DCAGI-SC-045-15/17.-%20GA/17.pdf",
              "datePublished": "2015-05-13T05:00:00.000Z",
              "dateModified": "2015-05-13T05:00:00.000Z",
              "format": "html",
              "language": "es"
            },
            {
              "id": "doc-103d14ec-f8ec-41e0-8731-bb7845c3c1f7",
              "documentType": "Contract Guarantees",
              "title": "Fianza de cumplimiento",
              "description": "Garantias de cumplimiento",
              "url": "http://189.211.120.220:8880/files/opendata/15045-ITP-AS-DCAGI-SC-045-15/18.-%20GC/18.pdf",
              "datePublished": "2015-05-13T05:00:00.000Z",
              "dateModified": "2015-05-13T05:00:00.000Z",
              "format": "html",
              "language": "es"
            }
          ]
        }
      ],
      "language": "es"
    }
  ],
  "publisher": {
    "name": "GACM",
    "scheme": "SERVICIO",
    "uid": "AS",
    "uri": "http://www.aeropuerto.gob.mx/"
  },
  "license": "https://datos.gob.mx/libreusomx/",
  "publicationPolicy": "https://datos.gob.mx/libreusomx/"
}
