{
  "uri": "https://datos.gob.mx/busca/dataset?organization=gacm",
  "publishedDate": "2017-02-15T16:48:25.435Z",
  "releases": [
    {
      "ocid": "163",
      "id": "RELEASE_163_2017-02-15T16:48:25.434Z",
      "date": "2017-02-08T06:00:00.000Z",
      "tag": [
        "contract"
      ],
      "initiationType": "tender",
      "planning": {
        "budget": {
          "source": "http://www.apartados.hacienda.gob.mx/presupuesto/temas/pef/2016/docs/09/r09_kdh_pie.pdf",
          "id": "Servicio de traslado de personal en camiones turisticos con capacidad para 45 pasajeros como minimo en dos turnos.",
          "description": "Presupuesto de Egresos de la Fedracion 2016",
          "amount": {
            "amount": 513600,
            "currency": "MXN"
          },
          "project": "Nuevo Aeropuerto Internacional de la Ciudad de Mexico",
          "projectID": "46101",
          "uri": "http://www.apartados.hacienda.gob.mx/presupuesto/temas/pef/2016/docs/09/r09_kdh_pie.pdf"
        },
        "rationale": "Servicio de traslado de personal en camiones turisticos con capacidad para 45 pasajeros como minimo en dos turnos.",
        "documents": [
          {
            "id": "doc-295e14ee-b9ee-46a5-a299-62c9f8304498",
            "documentType": "projectPlan",
            "title": "Proyecto ejecutivo de la obra",
            "description": "Terminos de referencia",
            "url": "http://189.211.120.220:8880/files/opendata/16021-AD-SRO-DCAGI-SC-021-16/4.-%20TR/4.pdf",
            "datePublished": "2016-01-22T06:00:00.000Z",
            "dateModified": "2016-01-22T06:00:00.000Z",
            "format": "html",
            "language": "es"
          }
        ]
      },
      "tender": {
        "id": "1109917",
        "title": "Servicio de traslado de personal en camiones turisticos con capacidad para 45 pasajeros como minimo en dos turnos.",
        "description": "Servicio de traslado de personal en camiones turisticos con capacidad para 45 pasajeros como minimo en dos turnos.",
        "status": "active",
        "items": [
          {
            "id": "item-16bb5a49-a10e-4ffa-a445-103f22b279b1",
            "description": "Servicio de traslado de personal en camiones turisticos con capacidad para 45 pasajeros como minimo en dos turnos",
            "classification": {
              "scheme": "EDIFICACION NO HABITACIONAL",
              "id": "6220"
            },
            "quantity": 1,
            "unit": {
              "name": "srv",
              "value": {
                "amount": 640000,
                "currency": "MXN"
              }
            }
          }
        ],
        "value": {
          "amount": 513600,
          "currency": "MXN"
        },
        "procurementMethod": "limited",
        "procurementMethodRationale": "Nacional",
        "metodoDeAdquisicion": "Adjudicación directa",
        "awardCriteria": "bestValueToGoverment",
        "awardCriteriaDetails": "No aplica",
        "submissionMethod": [
          "Presencial"
        ],
        "eligibilityCriteria": "Ver documento adjunto",
        "documents": [
          {
            "id": "doc-a5cb6f9b-f59b-420c-a8cd-0fa8da6db206",
            "documentType": "Clarifications",
            "title": "Actas de la junta de aclaraciones",
            "description": "Actas de la junta de aclaraciones",
            "url": "http://189.211.120.220:8880/files/opendata/16021-AD-SRO-DCAGI-SC-021-16/9.-%20AJ/9.pdf",
            "datePublished": "2016-01-22T06:00:00.000Z",
            "dateModified": "2016-01-22T06:00:00.000Z",
            "format": "html",
            "language": "es"
          },
          {
            "id": "doc-9a0cc89e-c389-46b9-bc84-5eb8052bd39d",
            "documentType": "Tender Notice",
            "title": "Documento que describe los criterios que deben cumplir los licitantes",
            "description": "Convocatoria al procedimiento de contratacion",
            "url": "http://189.211.120.220:8880/files/opendata/16021-AD-SRO-DCAGI-SC-021-16/8.-%20CC/8.pdf",
            "datePublished": "2016-01-22T06:00:00.000Z",
            "dateModified": "2016-01-22T06:00:00.000Z",
            "format": "html",
            "language": "es"
          },
          {
            "id": "doc-22310067-f9e1-47d8-94b6-7a7174b751c7",
            "documentType": "Tender Notice",
            "title": "Documento que contiene los objetivos y caracter?sticas del contrato y proceso de licitaci?n",
            "description": "Convocatoria al procedimiento de contratacion",
            "url": "http://189.211.120.220:8880/files/opendata/16021-AD-SRO-DCAGI-SC-021-16/8.-%20CC/8.pdf",
            "datePublished": "2016-01-22T06:00:00.000Z",
            "dateModified": "2016-01-22T06:00:00.000Z",
            "format": "html",
            "language": "es"
          },
          {
            "id": "doc-4da1deab-de2e-4ebf-9dcd-264d3a40ca61",
            "documentType": "Tender Notice",
            "title": "Documento que contiene las especificaicones t?cnicas de la obra",
            "description": "Convocatoria al procedimiento de contratacion",
            "url": "http://189.211.120.220:8880/files/opendata/16021-AD-SRO-DCAGI-SC-021-16/8.-%20CC/8.pdf",
            "datePublished": "2016-01-22T06:00:00.000Z",
            "dateModified": "2016-01-22T06:00:00.000Z",
            "format": "html",
            "language": "es"
          },
          {
            "id": "doc-8fd61f2d-b012-41b1-a192-46cdc7718245",
            "documentType": "Tender Notice",
            "title": "Convocatoria al procedimiento de contrataci?n",
            "description": "Convocatoria al procedimiento de contratacion",
            "url": "http://189.211.120.220:8880/files/opendata/16021-AD-SRO-DCAGI-SC-021-16/8.-%20CC/8.pdf",
            "datePublished": "2016-01-22T06:00:00.000Z",
            "dateModified": "2016-01-22T06:00:00.000Z",
            "format": "html",
            "language": "es"
          },
          {
            "id": "doc-84c460a9-ce60-4058-87e1-f19dc9687d02",
            "documentType": "Tender Notice",
            "title": "Documento que describe los criterios de evaluaci?n",
            "description": "Convocatoria al procedimiento de contratacion",
            "url": "http://189.211.120.220:8880/files/opendata/16021-AD-SRO-DCAGI-SC-021-16/8.-%20CC/8.pdf",
            "datePublished": "2016-01-22T06:00:00.000Z",
            "dateModified": "2016-01-22T06:00:00.000Z",
            "format": "html",
            "language": "es"
          }
        ]
      },
      "buyer": {
        "identifier": {
          "scheme": "MK-009KDH999",
          "id": "GACM",
          "legalName": "Grupo Aeroportuario de la Ciudad de Mexico, S.A. de C.V.",
          "uri": "http://www.aeropuerto.gob.mx/"
        },
        "name": "Grupo Aeroportuario de la Ciudad de Mexico, S.A. de C.V.",
        "address": {
          "streetAddress": "AV. INSURGENTES SUR NO. 2453 PISO 2 OFICINA 203",
          "locality": "COL. TIZAPAN",
          "region": "DEL. ALVARO OBREGON",
          "postalCode": "01090",
          "countryName": "Mexico"
        },
        "contactPoint": {
          "name": "G05-DIRECCION CORPORATIVA DE ADMINISTRACION Y GESTION INMOBILIARIA",
          "url": "http://www.aeropuerto.gob.mx/"
        }
      },
      "awards": [
        {
          "id": "AO-009KDH999-E100-2016",
          "title": "Servicio de traslado de personal en camiones turisticos con capacidad para 45 pasajeros como minimo en dos turnos",
          "description": "Ver documento adjunto",
          "status": "active",
          "value": {
            "amount": 640000,
            "currency": "MXN"
          },
          "suppliers": [
            {
              "identifier": {
                "id": "OTT9504062X7",
                "legalName": "Omnibus y transportes terrestres ejecutivos, S. A. de C. V."
              },
              "name": "Omnibus y transportes terrestres ejecutivos, S. A. de C. V.",
              "address": {
                "streetAddress": "Calzada Vallejo 705",
                "locality": "Nueva Vallejo",
                "region": "Gustavo A. Madero",
                "postalCode": "07750",
                "countryName": "Mexico"
              }
            }
          ],
          "items": [
            {
              "id": "item-6a7dc907-9de1-4f61-b0c5-856ceeac1a03",
              "description": "Servicio de traslado de personal en camiones turisticos con capacidad para 45 pasajeros como minimo en dos turnos",
              "classification": {
                "scheme": "EDIFICACION NO HABITACIONAL",
                "id": "6220"
              },
              "quantity": 1,
              "unit": {
                "name": "srv",
                "value": {
                  "amount": 640000,
                  "currency": "MXN"
                }
              }
            }
          ],
          "contractPeriod": {
            "startDate": "2016-05-25T05:00:00.000Z",
            "endDate": "2016-02-15T06:00:00.000Z"
          },
          "documents": [
            {
              "id": "doc-23181cdf-bcde-44cd-8d79-cfbc951303b6",
              "documentType": "Award Notice",
              "title": "Fallo",
              "description": "Acta de Fallo",
              "url": "http://189.211.120.220:8880/files/opendata/16021-AD-SRO-DCAGI-SC-021-16/12.-%20AF/12.pdf",
              "datePublished": "2016-01-22T06:00:00.000Z",
              "dateModified": "2016-01-22T06:00:00.000Z",
              "format": "html",
              "language": "es"
            },
            {
              "id": "doc-01f2a4de-b78b-4f0b-9ebb-e8c7be4e81cf",
              "documentType": "Award Notice",
              "title": "Fallo",
              "description": "Descripcion del acto de presentacion y apertura de proposiciones",
              "url": "http://189.211.120.220:8880/files/opendata/16021-AD-SRO-DCAGI-SC-021-16/10.-%20AP/10.pdf",
              "datePublished": "2016-01-22T06:00:00.000Z",
              "dateModified": "2016-01-22T06:00:00.000Z",
              "format": "html",
              "language": "es"
            }
          ]
        }
      ],
      "contracts": [
        {
          "id": "AD-SRO-DCAGI-SC-021/16",
          "awardID": "AO-009KDH999-E100-2016",
          "title": "Servicio de traslado de personal en camiones turisticos con capacidad para 45 pasajeros como minimo en dos turnos",
          "description": "Ver documento adjunto",
          "status": "active",
          "period": {
            "startDate": "2016-05-25T05:00:00.000Z",
            "endDate": "2016-02-15T06:00:00.000Z"
          },
          "value": {
            "amount": 640000,
            "currency": "MXN"
          },
          "items": [
            {
              "id": "item-e3e58c81-5e99-46b4-97c5-7b971ebc4d05",
              "description": "Servicio de traslado de personal en camiones turisticos con capacidad para 45 pasajeros como minimo en dos turnos",
              "classification": {
                "scheme": "EDIFICACION NO HABITACIONAL",
                "id": "6220"
              },
              "quantity": 1,
              "unit": {
                "name": "srv",
                "value": {
                  "amount": 640000,
                  "currency": "MXN"
                }
              }
            }
          ],
          "dateSigned": "2016-02-03T06:00:00.000Z",
          "documents": [
            {
              "id": "doc-c279e971-45e1-4429-925f-275125b5a8d3",
              "documentType": "Contract Signed",
              "title": "Cl?usula sobre las condiciones de entrega de la obra",
              "description": "Contrato firmado",
              "url": "http://189.211.120.220:8880/files/opendata/16021-AD-SRO-DCAGI-SC-021-16/15.-%20CF/15.pdf",
              "datePublished": "2016-01-22T06:00:00.000Z",
              "dateModified": "2016-01-22T06:00:00.000Z",
              "format": "html",
              "language": "es"
            },
            {
              "id": "doc-9e29da8f-4995-4cb4-bea7-2214ce242230",
              "documentType": "Contract Signed",
              "title": "Contrato firmado",
              "description": "Contrato firmado",
              "url": "http://189.211.120.220:8880/files/opendata/16021-AD-SRO-DCAGI-SC-021-16/15.-%20CF/15.pdf",
              "datePublished": "2016-01-22T06:00:00.000Z",
              "dateModified": "2016-01-22T06:00:00.000Z",
              "format": "html",
              "language": "es"
            },
            {
              "id": "doc-8ec909de-98e3-4ebc-8b91-bd710acfb26e",
              "documentType": "Contract Guarantees",
              "title": "Fianza de anticipo",
              "description": "Garantia sobre el anticipo",
              "url": "http://189.211.120.220:8880/files/opendata/16021-AD-SRO-DCAGI-SC-021-16/17.-%20GA/17.pdf",
              "datePublished": "2016-01-22T06:00:00.000Z",
              "dateModified": "2016-01-22T06:00:00.000Z",
              "format": "html",
              "language": "es"
            },
            {
              "id": "doc-cc822af9-a0d2-4835-8b3e-6fcf059ee09d",
              "documentType": "Contract Guarantees",
              "title": "Fianza de cumplimiento",
              "description": "Garantias de cumplimiento",
              "url": "http://189.211.120.220:8880/files/opendata/16021-AD-SRO-DCAGI-SC-021-16/18.-%20GC/18.pdf",
              "datePublished": "2016-01-22T06:00:00.000Z",
              "dateModified": "2016-01-22T06:00:00.000Z",
              "format": "html",
              "language": "es"
            }
          ]
        }
      ],
      "language": "es"
    }
  ],
  "publisher": {
    "name": "GACM",
    "scheme": "SERVICIO",
    "uid": "AS",
    "uri": "http://www.aeropuerto.gob.mx/"
  },
  "license": "https://datos.gob.mx/libreusomx/",
  "publicationPolicy": "https://datos.gob.mx/libreusomx/"
}
