{
  "uri": "https://datos.gob.mx/busca/dataset?organization=gacm",
  "publishedDate": "2017-02-15T16:48:25.878Z",
  "releases": [
    {
      "ocid": "164",
      "id": "RELEASE_164_2017-02-15T16:48:25.877Z",
      "date": "2017-02-09T06:00:00.000Z",
      "tag": [
        "contract"
      ],
      "initiationType": "tender",
      "planning": {
        "budget": {
          "id": "SERVICIOS DE LAVANDERIA, LIMPIEZA E HIGIENE",
          "description": "RECURSOS FISCALES",
          "amount": {
            "amount": 65000,
            "currency": "MXN"
          },
          "project": "Nuevo Aeropuerto Internacional de la Ciudad de Mexico",
          "projectID": "46101"
        },
        "rationale": "Servicio Integral de Limpieza en las Oficinas de Grupo Aeroportuario de la Ciudad de Mexico, S.A. de C.V.",
        "documents": [
          {
            "id": "doc-7da260bd-bfbf-49b0-a82e-1442b4b47529",
            "documentType": "projectPlan",
            "title": "Proyecto ejecutivo de la obra",
            "description": "Terminos de referencia",
            "url": "http://189.211.120.220:8880/files/opendata/14010-AD-S-DCAGI-SC-010-14/4.-%20TR/4.pdf",
            "datePublished": "2014-09-25T05:00:00.000Z",
            "dateModified": "2014-09-25T05:00:00.000Z",
            "format": "html",
            "language": "es"
          }
        ]
      },
      "tender": {
        "id": "749239",
        "title": "Servicio Integral de Limpieza en las Oficinas de Grupo Aeroportuario de la Ciudad de Mexico, S.A. de C.V.",
        "description": "Servicio Integral de Limpieza en las Oficinas de Grupo Aeroportuario de la Ciudad de Mexico, S.A. de C.V.",
        "status": "active",
        "items": [
          {
            "id": "item-4cf1a420-9b4c-4e30-bdef-6c3edf827632",
            "description": "Servicio Integral de Limpieza en las Oficinas de Grupo Aeroportuario de la Ciudad de Mexico, S.A. de C.V.",
            "classification": {
              "scheme": "SERVICIOS DE LAVANDERIA, LIMPIEZA, HIGIENE",
              "id": "3580"
            },
            "quantity": 1,
            "unit": {
              "name": "srv",
              "value": {
                "amount": 129360,
                "currency": "MXN"
              }
            }
          }
        ],
        "value": {
          "amount": 65000,
          "currency": "MXN"
        },
        "procurementMethod": "limited",
        "procurementMethodRationale": "No aplica",
        "metodoDeAdquisicion": "Adjudicación directa",
        "awardCriteria": "bestValueToGoverment",
        "awardCriteriaDetails": "No aplica",
        "submissionMethod": [
          "No aplica"
        ],
        "eligibilityCriteria": "Ver documento adjunto",
        "documents": [
          {
            "id": "doc-6dd17c17-eefb-46aa-bf39-963a8ba95bb7",
            "documentType": "Clarifications",
            "title": "Actas de la junta de aclaraciones",
            "description": "Actas de la junta de aclaraciones",
            "url": "http://189.211.120.220:8880/files/opendata/14010-AD-S-DCAGI-SC-010-14/9.-%20AJ/9.pdf",
            "datePublished": "2014-09-25T05:00:00.000Z",
            "dateModified": "2014-09-25T05:00:00.000Z",
            "format": "html",
            "language": "es"
          },
          {
            "id": "doc-426d7ced-c3b7-48aa-869b-ff1ed8924410",
            "documentType": "Tender Notice",
            "title": "Documento que contiene las especificaciones t?cnicas de la obra",
            "description": "Convocatoria al procedimiento de contratacion",
            "url": "http://189.211.120.220:8880/files/opendata/14010-AD-S-DCAGI-SC-010-14/8.-%20CC/8.pdf",
            "datePublished": "2014-09-25T05:00:00.000Z",
            "dateModified": "2014-09-25T05:00:00.000Z",
            "format": "html",
            "language": "es"
          },
          {
            "id": "doc-d4de4213-0cfe-440a-8ba4-ed771fe00338",
            "documentType": "Tender Notice",
            "title": "Documento que describe los criterios de evaluaci?n",
            "description": "Convocatoria al procedimiento de contratacion",
            "url": "http://189.211.120.220:8880/files/opendata/14010-AD-S-DCAGI-SC-010-14/8.-%20CC/8.pdf",
            "datePublished": "2014-09-25T05:00:00.000Z",
            "dateModified": "2014-09-25T05:00:00.000Z",
            "format": "html",
            "language": "es"
          },
          {
            "id": "doc-6fa8a30d-099c-42ff-9988-45b9c67f0062",
            "documentType": "Tender Notice",
            "title": "Documento que contiene los objetivos y caracter?sticas del contrato y proceso de licitaci?n",
            "description": "Convocatoria al procedimiento de contratacion",
            "url": "http://189.211.120.220:8880/files/opendata/14010-AD-S-DCAGI-SC-010-14/8.-%20CC/8.pdf",
            "datePublished": "2014-09-25T05:00:00.000Z",
            "dateModified": "2014-09-25T05:00:00.000Z",
            "format": "html",
            "language": "es"
          },
          {
            "id": "doc-129908a3-6ac9-406e-82ca-df6ddfa88c40",
            "documentType": "Tender Notice",
            "title": "Convocatoria al procedimiento de contrataci?n",
            "description": "Convocatoria al procedimiento de contratacion",
            "url": "http://189.211.120.220:8880/files/opendata/14010-AD-S-DCAGI-SC-010-14/8.-%20CC/8.pdf",
            "datePublished": "2014-09-25T05:00:00.000Z",
            "dateModified": "2014-09-25T05:00:00.000Z",
            "format": "html",
            "language": "es"
          },
          {
            "id": "doc-6eff6eff-227b-4d97-a3a2-f6cf02998038",
            "documentType": "Tender Notice",
            "title": "Documento que describe los criterios que deben cumplir los licitantes",
            "description": "Convocatoria al procedimiento de contratacion",
            "url": "http://189.211.120.220:8880/files/opendata/14010-AD-S-DCAGI-SC-010-14/8.-%20CC/8.pdf",
            "datePublished": "2014-09-25T05:00:00.000Z",
            "dateModified": "2014-09-25T05:00:00.000Z",
            "format": "html",
            "language": "es"
          }
        ]
      },
      "buyer": {
        "identifier": {
          "scheme": "MK-009KDH999",
          "id": "GACM",
          "legalName": "Grupo Aeroportuario de la Ciudad de Mexico, S.A. de C.V.",
          "uri": "http://www.aeropuerto.gob.mx/"
        },
        "name": "Grupo Aeroportuario de la Ciudad de Mexico, S.A. de C.V.",
        "address": {
          "streetAddress": "AV. INSURGENTES SUR NO. 2453 PISO 2 OFICINA 203",
          "locality": "COL. TIZAPAN",
          "region": "DEL. ALVARO OBREGON",
          "postalCode": "01090",
          "countryName": "Mexico"
        },
        "contactPoint": {
          "name": "G05-DIRECCION CORPORATIVA DE ADMINISTRACION Y GESTION INMOBILIARIA",
          "url": "http://www.aeropuerto.gob.mx/"
        }
      },
      "awards": [
        {
          "id": "SA-009KDH999-N5-2014",
          "title": "Servicio Integral de Limpieza en las Oficinas de Grupo Aeroportuario de la Ciudad de Mexico, S.A. de C.V.",
          "description": "Ver documento adjunto",
          "status": "active",
          "value": {
            "amount": 129360,
            "currency": "MXN"
          },
          "suppliers": [
            {
              "identifier": {
                "id": "H&#38;L001219R14",
                "legalName": "H&#38;L CONSULTORIAS ASOCIADAS, S.A. DE C.V."
              },
              "name": "H&#38;L CONSULTORIAS ASOCIADAS, S.A. DE C.V.",
              "address": {
                "streetAddress": "Montecito Num. 38, piso 1, local 10",
                "locality": "Napoles",
                "region": "Benito Juarez",
                "postalCode": "3810",
                "countryName": "Mexico"
              }
            }
          ],
          "items": [
            {
              "id": "item-f08b4603-f1e2-463f-8f92-a392646bfd8e",
              "description": "Servicio Integral de Limpieza en las Oficinas de Grupo Aeroportuario de la Ciudad de Mexico, S.A. de C.V.",
              "classification": {
                "scheme": "SERVICIOS DE LAVANDERIA, LIMPIEZA, HIGIENE",
                "id": "3580"
              },
              "quantity": 1,
              "unit": {
                "name": "srv",
                "value": {
                  "amount": 129360,
                  "currency": "MXN"
                }
              }
            }
          ],
          "contractPeriod": {
            "startDate": "2014-10-01T05:00:00.000Z",
            "endDate": "2014-12-31T06:00:00.000Z"
          },
          "documents": [
            {
              "id": "doc-90a44cca-68f1-48a9-a649-3f18a8cba201",
              "documentType": "Award Notice",
              "title": "Fallo",
              "description": "Acta de fallo",
              "url": "http://189.211.120.220:8880/files/opendata/14010-AD-S-DCAGI-SC-010-14/12.-%20AF/12.pdf",
              "datePublished": "2014-09-25T05:00:00.000Z",
              "dateModified": "2014-09-25T05:00:00.000Z",
              "format": "html",
              "language": "es"
            },
            {
              "id": "doc-111d1f9c-8261-44f7-95ea-2ef7e7e31982",
              "documentType": "Award Notice",
              "title": "Fallo",
              "description": "Descripcion del acto de presentacion y apertura de proposiciones",
              "url": "http://189.211.120.220:8880/files/opendata/14010-AD-S-DCAGI-SC-010-14/10.-%20AP/10.pdf",
              "datePublished": "2014-09-25T05:00:00.000Z",
              "dateModified": "2014-09-25T05:00:00.000Z",
              "format": "html",
              "language": "es"
            }
          ]
        }
      ],
      "contracts": [
        {
          "id": "AD-S-DCAGI-SC-010/2014",
          "awardID": "SA-009KDH999-N5-2014",
          "title": "Servicio Integral de Limpieza en las Oficinas de Grupo Aeroportuario de la Ciudad de Mexico, S.A. de C.V.",
          "description": "Ver documento adjunto",
          "status": "active",
          "period": {
            "startDate": "2014-10-01T05:00:00.000Z",
            "endDate": "2014-12-31T06:00:00.000Z"
          },
          "value": {
            "amount": 129360,
            "currency": "MXN"
          },
          "items": [
            {
              "id": "item-d9262aea-7550-4a9e-bed7-f4c8e69700a4",
              "description": "Servicio Integral de Limpieza en las Oficinas de Grupo Aeroportuario de la Ciudad de Mexico, S.A. de C.V.",
              "classification": {
                "scheme": "SERVICIOS DE LAVANDERIA, LIMPIEZA, HIGIENE",
                "id": "3580"
              },
              "quantity": 1,
              "unit": {
                "name": "srv",
                "value": {
                  "amount": 129360,
                  "currency": "MXN"
                }
              }
            }
          ],
          "dateSigned": "2014-10-01T05:00:00.000Z",
          "documents": [
            {
              "id": "doc-32862da4-a809-413b-b369-8f5a001cb676",
              "documentType": "Contract Signed",
              "title": "Cl?usula sobre las condiciones de entrega de la obra",
              "description": "Contrato firmado",
              "url": "http://189.211.120.220:8880/files/opendata/14010-AD-S-DCAGI-SC-010-14/15.-%20CF/15.pdf",
              "datePublished": "2014-09-25T05:00:00.000Z",
              "dateModified": "2014-09-25T05:00:00.000Z",
              "format": "html",
              "language": "es"
            },
            {
              "id": "doc-db5e24f7-a3d1-4bad-acca-5e7860c60aa3",
              "documentType": "Contract Signed",
              "title": "Contrato firmado",
              "description": "Contrato firmado",
              "url": "http://189.211.120.220:8880/files/opendata/14010-AD-S-DCAGI-SC-010-14/15.-%20CF/15.pdf",
              "datePublished": "2014-09-25T05:00:00.000Z",
              "dateModified": "2014-09-25T05:00:00.000Z",
              "format": "html",
              "language": "es"
            },
            {
              "id": "doc-ebe199f4-45f3-4f7d-83b7-01ea705097f0",
              "documentType": "Contract Guarantees",
              "title": "Fianza de anticipo",
              "description": "Garantia sobre el anticipo",
              "url": "http://189.211.120.220:8880/files/opendata/14010-AD-S-DCAGI-SC-010-14/17.-%20GA/17.pdf",
              "datePublished": "2014-09-25T05:00:00.000Z",
              "dateModified": "2014-09-25T05:00:00.000Z",
              "format": "html",
              "language": "es"
            },
            {
              "id": "doc-4e682c8e-2b3b-41f2-a7f4-2cfa2bba4c77",
              "documentType": "Contract Guarantees",
              "title": "Fianza de cumplimiento",
              "description": "Garantias de cumplimiento",
              "url": "http://189.211.120.220:8880/files/opendata/14010-AD-S-DCAGI-SC-010-14/18.-%20GC/18.pdf",
              "datePublished": "2014-09-25T05:00:00.000Z",
              "dateModified": "2014-09-25T05:00:00.000Z",
              "format": "html",
              "language": "es"
            }
          ]
        }
      ],
      "language": "es"
    }
  ],
  "publisher": {
    "name": "GACM",
    "scheme": "SERVICIO",
    "uid": "AS",
    "uri": "http://www.aeropuerto.gob.mx/"
  },
  "license": "https://datos.gob.mx/libreusomx/",
  "publicationPolicy": "https://datos.gob.mx/libreusomx/"
}
