{
  "uri": "https://datos.gob.mx/busca/dataset?organization=gacm",
  "publishedDate": "2017-02-15T16:48:25.606Z",
  "releases": [
    {
      "ocid": "165",
      "id": "RELEASE_165_2017-02-15T16:48:25.605Z",
      "date": "2017-02-08T06:00:00.000Z",
      "tag": [
        "contract"
      ],
      "initiationType": "tender",
      "planning": {
        "budget": {
          "source": "http://www.apartados.hacienda.gob.mx/presupuesto/temas/pef/2015/docs/09/r09_kdh_pie.pdf",
          "id": "Extraccion de ademes y restitucion del terreno que ocupan dichos elementos ubicados en la poligonal para el Nuevo Aeropuerto Internacional de la Cuidad de Mexico.",
          "description": "Presupuesto de Egresos de la Fedracion 2015 y 2016",
          "amount": {
            "amount": 54520000,
            "currency": "MXN"
          },
          "project": "Nuevo Aeropuerto Internacional de la Ciudad de Mexico",
          "projectID": "46101",
          "uri": "http://www.apartados.hacienda.gob.mx/presupuesto/temas/pef/2015/docs/09/r09_kdh_pie.pdf"
        },
        "rationale": "Extraccion de ademes y restitucion del terreno que ocupan dichos elementos ubicados en la poligonal para el Nuevo Aeropuerto Internacional de la Cuidad de Mexico.",
        "documents": [
          {
            "id": "doc-c15a4552-b841-43a9-a970-f90aee2ebd14",
            "documentType": "projectPlan",
            "title": "Proyecto ejecutivo de la obra",
            "description": "Terminos de referencia",
            "url": "http://189.211.120.220:8880/files/opendata/14014-LPN-O-DCAGI-SC-014-14/4.-%20TR/4.pdf",
            "datePublished": "2015-12-18T06:00:00.000Z",
            "dateModified": "2015-12-18T06:00:00.000Z",
            "format": "html",
            "language": "es"
          }
        ]
      },
      "tender": {
        "id": "717913",
        "title": "Extraccion de ademes y restitucion del terreno que ocupan dichos elementos ubicados en la poligonal para el Nuevo Aeropuerto Internacional de la Cuidad de Mexico.",
        "description": "Extraccion de ademes y restitucion del terreno que ocupan dichos elementos ubicados en la poligonal para el Nuevo Aeropuerto Internacional de la Cuidad de Mexico.",
        "status": "active",
        "items": [
          {
            "id": "item-a7061891-b1b5-437f-a2d7-d21f540fa285",
            "description": "Extraccion de ademes y restitucion del terreno que ocupan dichos elementos ubicados en la poligonal para el Nuevo Aeropuerto Internacional de la Cuidad de Mexico.",
            "classification": {
              "scheme": "CONSTRUCCION DE VIAS DE COMUNICACION",
              "id": "6250"
            },
            "quantity": 1,
            "unit": {
              "name": "obr",
              "value": {
                "amount": 42798015.58,
                "currency": "MXN"
              }
            }
          }
        ],
        "value": {
          "amount": 54520000,
          "currency": "MXN"
        },
        "procurementMethod": "open",
        "procurementMethodRationale": "Nacional",
        "metodoDeAdquisicion": "Licitación pública",
        "awardCriteria": "bestValueToGoverment",
        "awardCriteriaDetails": "Presencial",
        "submissionMethod": [
          "Presencial"
        ],
        "tenderPeriod": {
          "endDate": "2014-12-15T06:00:00.000Z"
        },
        "enquiryPeriod": {
          "startDate": "2014-12-03T06:00:00.000Z",
          "endDate": "2014-12-05T06:00:00.000Z"
        },
        "eligibilityCriteria": "Ver documento adjunto",
        "awardPeriod": {
          "endDate": "2014-12-15T06:00:00.000Z"
        },
        "documents": [
          {
            "id": "doc-7ad0abbd-3433-494f-bc8c-43576890b1aa",
            "documentType": "Clarifications",
            "title": "Actas de la junta de aclaraciones",
            "description": "Actas de la junta de aclaraciones",
            "url": "http://189.211.120.220:8880/files/opendata/14014-LPN-O-DCAGI-SC-014-14/9.-%20AJ/9.2pdf",
            "datePublished": "2015-12-18T06:00:00.000Z",
            "dateModified": "2015-12-18T06:00:00.000Z",
            "format": "html",
            "language": "es"
          },
          {
            "id": "doc-511757f8-103b-4126-a7b1-b5ad7cdc27a9",
            "documentType": "Clarifications",
            "title": "Actas de la junta de aclaraciones",
            "description": "Actas de la junta de aclaraciones",
            "url": "http://189.211.120.220:8880/files/opendata/14014-LPN-O-DCAGI-SC-014-14/9.-%20AJ/9.1pdf",
            "datePublished": "2015-12-18T06:00:00.000Z",
            "dateModified": "2015-12-18T06:00:00.000Z",
            "format": "html",
            "language": "es"
          },
          {
            "id": "doc-48088748-3b11-49da-8a26-9f97ecc3b173",
            "documentType": "Tender Notice",
            "title": "Documento que describe los criterios que deben cumplir los licitantes",
            "description": "Convocatoria al procedimiento de contratacion",
            "url": "http://189.211.120.220:8880/files/opendata/14014-LPN-O-DCAGI-SC-014-14/8.-%20CC/8.pdf",
            "datePublished": "2015-12-18T06:00:00.000Z",
            "dateModified": "2015-12-18T06:00:00.000Z",
            "format": "html",
            "language": "es"
          },
          {
            "id": "doc-a15f67b1-47c0-4849-881a-bacc32e64923",
            "documentType": "Tender Notice",
            "title": "Documento que describe los criterios de evaluaci?n",
            "description": "Convocatoria al procedimiento de contratacion",
            "url": "http://189.211.120.220:8880/files/opendata/14014-LPN-O-DCAGI-SC-014-14/8.-%20CC/8.pdf",
            "datePublished": "2015-12-18T06:00:00.000Z",
            "dateModified": "2015-12-18T06:00:00.000Z",
            "format": "html",
            "language": "es"
          },
          {
            "id": "doc-f16a8195-0699-4c01-8549-3c0d2d7d95a2",
            "documentType": "Tender Notice",
            "title": "Documento que contiene las especificaicones t?cnicas de la obra",
            "description": "Convocatoria al procedimiento de contratacion",
            "url": "http://189.211.120.220:8880/files/opendata/14014-LPN-O-DCAGI-SC-014-14/8.-%20CC/8.pdf",
            "datePublished": "2015-12-18T06:00:00.000Z",
            "dateModified": "2015-12-18T06:00:00.000Z",
            "format": "html",
            "language": "es"
          },
          {
            "id": "doc-4d1e268f-4c97-407a-9f60-1defc56437ef",
            "documentType": "Tender Notice",
            "title": "Convocatoria al procedimiento de contrataci?n",
            "description": "Convocatoria al procedimiento de contratacion",
            "url": "http://189.211.120.220:8880/files/opendata/14014-LPN-O-DCAGI-SC-014-14/8.-%20CC/8.pdf",
            "datePublished": "2015-12-18T06:00:00.000Z",
            "dateModified": "2015-12-18T06:00:00.000Z",
            "format": "html",
            "language": "es"
          },
          {
            "id": "doc-446f8c5e-c8d5-408c-9ee1-b7339a75f9e4",
            "documentType": "Tender Notice",
            "title": "Documento que contiene los objetivos y caracter?sticas del contrato y proceso de licitaci?n",
            "description": "Convocatoria al procedimiento de contratacion",
            "url": "http://189.211.120.220:8880/files/opendata/14014-LPN-O-DCAGI-SC-014-14/8.-%20CC/8.pdf",
            "datePublished": "2015-12-18T06:00:00.000Z",
            "dateModified": "2015-12-18T06:00:00.000Z",
            "format": "html",
            "language": "es"
          }
        ]
      },
      "buyer": {
        "identifier": {
          "scheme": "MK-009KDH999",
          "id": "GACM",
          "legalName": "Grupo Aeroportuario de la Ciudad de Mexico, S.A. de C.V.",
          "uri": "http://www.aeropuerto.gob.mx/"
        },
        "name": "Grupo Aeroportuario de la Ciudad de Mexico, S.A. de C.V.",
        "address": {
          "streetAddress": "AV. INSURGENTES SUR NO. 2453 PISO 2 OFICINA 203",
          "locality": "COL. TIZAPAN",
          "region": "DEL. ALVARO OBREGON",
          "postalCode": "01090",
          "countryName": "Mexico"
        },
        "contactPoint": {
          "name": "G05-DIRECCION CORPORATIVA DE ADMINISTRACION Y GESTION INMOBILIARIA",
          "url": "http://www.aeropuerto.gob.mx/"
        }
      },
      "awards": [
        {
          "id": "LO-009KDH999-N5-2014",
          "title": "Extraccion de ademes y restitucion del terreno que ocupan dichos elementos ubicados en la poligonal para el Nuevo Aeropuerto Internacional de la Cuidad de Mexico.",
          "description": "Ver documento adjunto",
          "status": "active",
          "date": "2014-12-18T06:00:00.000Z",
          "value": {
            "amount": 42798015.58,
            "currency": "MXN"
          },
          "suppliers": [
            {
              "identifier": {
                "id": "GEX020215T93",
                "legalName": "GEXIC, S. A. de C. V."
              },
              "name": "GEXIC, S. A. de C. V.",
              "address": {
                "streetAddress": "Av. Paseo Triunfo de la Republica #3304- Local 404",
                "locality": "Partido Escobedo",
                "region": "Juarez",
                "postalCode": "32330",
                "countryName": "Mexico"
              }
            }
          ],
          "items": [
            {
              "id": "item-f266f4a0-6cc8-4d3e-b722-33a098d76466",
              "description": "Extraccion de ademes y restitucion del terreno que ocupan dichos elementos ubicados en la poligonal para el Nuevo Aeropuerto Internacional de la Cuidad de Mexico.",
              "classification": {
                "scheme": "CONSTRUCCION DE VIAS DE COMUNICACION",
                "id": "6250"
              },
              "quantity": 1,
              "unit": {
                "name": "obr",
                "value": {
                  "amount": 42798015.58,
                  "currency": "MXN"
                }
              }
            }
          ],
          "contractPeriod": {
            "startDate": "2015-01-05T06:00:00.000Z",
            "endDate": "2015-07-03T05:00:00.000Z"
          },
          "documents": [
            {
              "id": "doc-babd7bfc-d575-4b90-bc84-c8a8b6ce77d1",
              "documentType": "Award Notice",
              "title": "Fallo",
              "description": "Acta de fallo",
              "url": "http://189.211.120.220:8880/files/opendata/14014-LPN-O-DCAGI-SC-014-14/12.-%20AF/12.pdf",
              "datePublished": "2015-12-18T06:00:00.000Z",
              "dateModified": "2015-12-18T06:00:00.000Z",
              "format": "html",
              "language": "es"
            },
            {
              "id": "doc-2e1b52c8-f7dc-4bbe-b92b-0ad6e2517394",
              "documentType": "Award Notice",
              "title": "Fallo",
              "description": "Descripcion del acto de presentacion y apertura de proposiciones",
              "url": "http://189.211.120.220:8880/files/opendata/14014-LPN-O-DCAGI-SC-014-14/10.-%20AP/10.pdf",
              "datePublished": "2015-12-18T06:00:00.000Z",
              "dateModified": "2015-12-18T06:00:00.000Z",
              "format": "html",
              "language": "es"
            }
          ]
        }
      ],
      "contracts": [
        {
          "id": "LPN-O-DCAGI-SC-014/2014",
          "awardID": "LO-009KDH999-N5-2014",
          "title": "Extraccion de ademes y restitucion del terreno que ocupan dichos elementos ubicados en la poligonal para el Nuevo Aeropuerto Internacional de la Cuidad de Mexico.",
          "description": "Ver documento adjunto",
          "status": "active",
          "period": {
            "startDate": "2015-01-05T06:00:00.000Z",
            "endDate": "2015-07-03T05:00:00.000Z"
          },
          "value": {
            "amount": 42798015.58,
            "currency": "MXN"
          },
          "items": [
            {
              "id": "item-f53ab3a1-7ac4-47ff-a75a-b2ec4bbd5408",
              "description": "Extraccion de ademes y restitucion del terreno que ocupan dichos elementos ubicados en la poligonal para el Nuevo Aeropuerto Internacional de la Cuidad de Mexico.",
              "classification": {
                "scheme": "CONSTRUCCION DE VIAS DE COMUNICACION",
                "id": "6250"
              },
              "quantity": 1,
              "unit": {
                "name": "obr",
                "value": {
                  "amount": 42798015.58,
                  "currency": "MXN"
                }
              }
            }
          ],
          "dateSigned": "2015-01-02T06:00:00.000Z",
          "documents": [
            {
              "id": "doc-1c530f92-6f50-4b38-b544-77bf2ccb79bf",
              "documentType": "Contract Signed",
              "title": "Cl?usula sobre las condiciones de entrega de la obra",
              "description": "Contrato firmado",
              "url": "http://189.211.120.220:8880/files/opendata/14014-LPN-O-DCAGI-SC-014-14/15.-%20CF/15.pdf",
              "datePublished": "2015-12-18T06:00:00.000Z",
              "dateModified": "2015-12-18T06:00:00.000Z",
              "format": "html",
              "language": "es"
            },
            {
              "id": "doc-b3bc3326-9d7e-4fb9-bf1f-3da4a06fa3fa",
              "documentType": "Contract Signed",
              "title": "Contrato firmado",
              "description": "Contrato firmado",
              "url": "http://189.211.120.220:8880/files/opendata/14014-LPN-O-DCAGI-SC-014-14/15.-%20CF/15.pdf",
              "datePublished": "2015-12-18T06:00:00.000Z",
              "dateModified": "2015-12-18T06:00:00.000Z",
              "format": "html",
              "language": "es"
            },
            {
              "id": "doc-6fc45e7e-5bef-4056-b13e-164b00acc5c4",
              "documentType": "Contract Guarantees",
              "title": "Fianza de anticipo",
              "description": "Garantia sobre el anticipo",
              "url": "http://189.211.120.220:8880/files/opendata/14014-LPN-O-DCAGI-SC-014-14/17.-%20GA/17.pdf",
              "datePublished": "2015-12-18T06:00:00.000Z",
              "dateModified": "2015-12-18T06:00:00.000Z",
              "format": "html",
              "language": "es"
            },
            {
              "id": "doc-bc652b08-c82b-4a18-8968-4199a264d4d8",
              "documentType": "Contract Guarantees",
              "title": "Fianza de cumplimiento",
              "description": "Garantias de cumplimiento",
              "url": "http://189.211.120.220:8880/files/opendata/14014-LPN-O-DCAGI-SC-014-14/18.-%20GC/18.pdf",
              "datePublished": "2015-12-18T06:00:00.000Z",
              "dateModified": "2015-12-18T06:00:00.000Z",
              "format": "html",
              "language": "es"
            }
          ]
        }
      ],
      "language": "es"
    }
  ],
  "publisher": {
    "name": "GACM",
    "scheme": "OBRA",
    "uid": "OP",
    "uri": "http://www.aeropuerto.gob.mx/"
  },
  "license": "https://datos.gob.mx/libreusomx/",
  "publicationPolicy": "https://datos.gob.mx/libreusomx/"
}
