{
  "uri": "https://datos.gob.mx/busca/dataset?organization=gacm",
  "publishedDate": "2017-02-15T16:48:25.598Z",
  "releases": [
    {
      "ocid": "166",
      "id": "RELEASE_166_2017-02-15T16:48:25.597Z",
      "date": "2017-02-08T06:00:00.000Z",
      "tag": [
        "contract"
      ],
      "initiationType": "tender",
      "planning": {
        "budget": {
          "source": "http://www.apartados.hacienda.gob.mx/presupuesto/temas/pef/2015/docs/09/r09_kdh_pie.pdf",
          "id": "Servicios de Transporte en Camionetas de Redilas",
          "description": "Presupuesto de Egresos de la Federacion 2015",
          "amount": {
            "amount": 8500000,
            "currency": "MXN"
          },
          "project": "Nuevo Aeropuerto Internacional de la Ciudad de Mexico",
          "projectID": "46101",
          "uri": "http://www.apartados.hacienda.gob.mx/presupuesto/temas/pef/2015/docs/09/r09_kdh_pie.pdf"
        },
        "rationale": "Servicios de Transporte en Camionetas de Redilas",
        "documents": [
          {
            "id": "doc-60a3a055-74e4-4a4f-bd7f-c0711652face",
            "documentType": "projectPlan",
            "title": "Proyecto ejecutivo de la obra",
            "description": "Terminos de referencia",
            "url": "http://189.211.120.220:8880/files/opendata/15081-AD-SRO-DCAGI-SC-081-15/4.-%20TR/4.pdf",
            "datePublished": "2015-07-31T05:00:00.000Z",
            "dateModified": "2015-07-31T05:00:00.000Z",
            "format": "html",
            "language": "es"
          }
        ]
      },
      "tender": {
        "id": "1043530",
        "title": "Servicios de Transporte en Camionetas de Redilas",
        "description": "Servicios de Transporte en Camionetas de Redilas",
        "status": "active",
        "items": [
          {
            "id": "item-ffcbbc3e-4b1e-48d4-8917-5608bb9ac657",
            "description": "Servicios de Transporte en Camionetas de Redilas",
            "classification": {
              "scheme": "EDIFICACION NO HABITACIONAL",
              "id": "6220"
            },
            "quantity": 1,
            "unit": {
              "name": "sop",
              "value": {
                "amount": 300000,
                "currency": "MXN"
              }
            }
          }
        ],
        "value": {
          "amount": 8500000,
          "currency": "MXN"
        },
        "procurementMethod": "limited",
        "procurementMethodRationale": "Nacional",
        "metodoDeAdquisicion": "Adjudicación directa",
        "awardCriteria": "bestValueToGoverment",
        "awardCriteriaDetails": "Presencial",
        "submissionMethod": [
          "No aplica"
        ],
        "eligibilityCriteria": "Ver documento adjunto",
        "documents": [
          {
            "id": "doc-53a56409-9b97-4616-b6e7-3feb746814ec",
            "documentType": "Clarifications",
            "title": "Actas de la junta de aclaraciones",
            "description": "Actas de la junta de aclaraciones",
            "url": "http://189.211.120.220:8880/files/opendata/15081-AD-SRO-DCAGI-SC-081-15/9.-%20AJ/9.pdf",
            "datePublished": "2015-07-31T05:00:00.000Z",
            "dateModified": "2015-07-31T05:00:00.000Z",
            "format": "html",
            "language": "es"
          },
          {
            "id": "doc-b9aaa22f-ca51-412d-a11e-47dd5394bd23",
            "documentType": "Tender Notice",
            "title": "Documento que describe los criterios que deben cumplir los licitantes",
            "description": "Convocatoria al procedimiento de contratacion",
            "url": "http://189.211.120.220:8880/files/opendata/15081-AD-SRO-DCAGI-SC-081-15/8.-%20CC/8.pdf",
            "datePublished": "2015-07-31T05:00:00.000Z",
            "dateModified": "2015-07-31T05:00:00.000Z",
            "format": "html",
            "language": "es"
          },
          {
            "id": "doc-a1cb3e86-66a6-4ce0-8fac-92b75ac5e29e",
            "documentType": "Tender Notice",
            "title": "Documento que contiene los objetivos y caracter?sticas del contrato y proceso de licitaci?n",
            "description": "Convocatoria al procedimiento de contratacion",
            "url": "http://189.211.120.220:8880/files/opendata/15081-AD-SRO-DCAGI-SC-081-15/8.-%20CC/8.pdf",
            "datePublished": "2015-07-31T05:00:00.000Z",
            "dateModified": "2015-07-31T05:00:00.000Z",
            "format": "html",
            "language": "es"
          },
          {
            "id": "doc-73868f46-9b34-4eec-9e73-d4f996bf55e2",
            "documentType": "Tender Notice",
            "title": "Documento que contiene las especificaicones t?cnicas de la obra",
            "description": "Convocatoria al procedimiento de contratacion",
            "url": "http://189.211.120.220:8880/files/opendata/15081-AD-SRO-DCAGI-SC-081-15/8.-%20CC/8.pdf",
            "datePublished": "2015-07-31T05:00:00.000Z",
            "dateModified": "2015-07-31T05:00:00.000Z",
            "format": "html",
            "language": "es"
          },
          {
            "id": "doc-1a867b84-48b2-47e3-9ff0-6ba8f47594d8",
            "documentType": "Tender Notice",
            "title": "Convocatoria al procedimiento de contrataci?n",
            "description": "Convocatoria al procedimiento de contratacion",
            "url": "http://189.211.120.220:8880/files/opendata/15081-AD-SRO-DCAGI-SC-081-15/8.-%20CC/8.pdf",
            "datePublished": "2015-07-31T05:00:00.000Z",
            "dateModified": "2015-07-31T05:00:00.000Z",
            "format": "html",
            "language": "es"
          },
          {
            "id": "doc-07be5756-94c9-4342-84d3-07802c49d0d0",
            "documentType": "Tender Notice",
            "title": "Documento que describe los criterios de evaluaci?n",
            "description": "Convocatoria al procedimiento de contratacion",
            "url": "http://189.211.120.220:8880/files/opendata/15081-AD-SRO-DCAGI-SC-081-15/8.-%20CC/8.pdf",
            "datePublished": "2015-07-31T05:00:00.000Z",
            "dateModified": "2015-07-31T05:00:00.000Z",
            "format": "html",
            "language": "es"
          }
        ]
      },
      "buyer": {
        "identifier": {
          "scheme": "MK-009KDH999",
          "id": "GACM",
          "legalName": "Grupo Aeroportuario de la Ciudad de Mexico, S.A. de C.V.",
          "uri": "http://www.aeropuerto.gob.mx/"
        },
        "name": "Grupo Aeroportuario de la Ciudad de Mexico, S.A. de C.V.",
        "address": {
          "streetAddress": "AV. INSURGENTES SUR NO. 2453 PISO 2 OFICINA 203",
          "locality": "COL. TIZAPAN",
          "region": "DEL. ALVARO OBREGON",
          "postalCode": "01090",
          "countryName": "Mexico"
        },
        "contactPoint": {
          "name": "G05-DIRECCION CORPORATIVA DE ADMINISTRACION Y GESTION INMOBILIARIA",
          "url": "http://www.aeropuerto.gob.mx/"
        }
      },
      "awards": [
        {
          "id": "AO-009KDH999-E54-2016",
          "title": "Servicios de Transporte en Camionetas de Redilas",
          "description": "Ver documento adjunto",
          "status": "active",
          "value": {
            "amount": 300000,
            "currency": "MXN"
          },
          "suppliers": [
            {
              "identifier": {
                "id": "OTT9504062X7",
                "legalName": "OMNIBUS Y TRANSPORTES TERRESTRES EJECUTIVOS, S.A. DE C.V."
              },
              "name": "OMNIBUS Y TRANSPORTES TERRESTRES EJECUTIVOS, S.A. DE C.V.",
              "address": {
                "streetAddress": "Calzada Vallejo numero 705",
                "locality": "Nueva Vallejo",
                "region": "Gustavo A. Madero",
                "postalCode": "7750",
                "countryName": "Mexico"
              }
            }
          ],
          "items": [
            {
              "id": "item-367d5270-78f3-44cd-a890-7040382ca90e",
              "description": "Servicios de Transporte en Camionetas de Redilas",
              "classification": {
                "scheme": "EDIFICACION NO HABITACIONAL",
                "id": "6220"
              },
              "quantity": 1,
              "unit": {
                "name": "sop",
                "value": {
                  "amount": 300000,
                  "currency": "MXN"
                }
              }
            }
          ],
          "contractPeriod": {
            "startDate": "2015-08-03T05:00:00.000Z",
            "endDate": "2015-08-28T05:00:00.000Z"
          },
          "documents": [
            {
              "id": "doc-84136ee3-8fcb-47f4-a0a4-a78aae47db2a",
              "documentType": "Award Notice",
              "title": "Fallo",
              "description": "Acta de Fallo",
              "url": "http://189.211.120.220:8880/files/opendata/15081-AD-SRO-DCAGI-SC-081-15/12.-%20AF/12.pdf",
              "datePublished": "2015-07-31T05:00:00.000Z",
              "dateModified": "2015-07-31T05:00:00.000Z",
              "format": "html",
              "language": "es"
            },
            {
              "id": "doc-e94021bc-0301-4062-9aa2-cb792d4a92da",
              "documentType": "Award Notice",
              "title": "Fallo",
              "description": "Descripcion del acto de presentacion y apertura de proposiciones",
              "url": "http://189.211.120.220:8880/files/opendata/15081-AD-SRO-DCAGI-SC-081-15/10.-%20AP/10.pdf",
              "datePublished": "2015-07-31T05:00:00.000Z",
              "dateModified": "2015-07-31T05:00:00.000Z",
              "format": "html",
              "language": "es"
            }
          ]
        }
      ],
      "contracts": [
        {
          "id": "AD-SRO-DCAGI-SC-081/15",
          "awardID": "AO-009KDH999-E54-2016",
          "title": "Servicios de Transporte en Camionetas de Redilas",
          "description": "Ver documento adjunto",
          "status": "active",
          "period": {
            "startDate": "2015-08-03T05:00:00.000Z",
            "endDate": "2015-08-28T05:00:00.000Z"
          },
          "value": {
            "amount": 300000,
            "currency": "MXN"
          },
          "items": [
            {
              "id": "item-8b246b3a-591a-46e1-a7a5-9e51a33f8de3",
              "description": "Servicios de Transporte en Camionetas de Redilas",
              "classification": {
                "scheme": "EDIFICACION NO HABITACIONAL",
                "id": "6220"
              },
              "quantity": 1,
              "unit": {
                "name": "sop",
                "value": {
                  "amount": 300000,
                  "currency": "MXN"
                }
              }
            }
          ],
          "dateSigned": "2015-08-03T05:00:00.000Z",
          "documents": [
            {
              "id": "doc-d340a6d2-6936-47b6-9bcd-829bd90f9119",
              "documentType": "Contract Signed",
              "title": "Cl?usula sobre las condiciones de entrega de la obra",
              "description": "Contrato firmado",
              "url": "http://189.211.120.220:8880/files/opendata/15081-AD-SRO-DCAGI-SC-081-15/15.-%20CF/15.pdf",
              "datePublished": "2015-07-31T05:00:00.000Z",
              "dateModified": "2015-07-31T05:00:00.000Z",
              "format": "html",
              "language": "es"
            },
            {
              "id": "doc-d58dd1bd-1fca-4ab5-813e-00b3a7b2df68",
              "documentType": "Contract Signed",
              "title": "Contrato firmado",
              "description": "Contrato firmado",
              "url": "http://189.211.120.220:8880/files/opendata/15081-AD-SRO-DCAGI-SC-081-15/15.-%20CF/15.pdf",
              "datePublished": "2015-07-31T05:00:00.000Z",
              "dateModified": "2015-07-31T05:00:00.000Z",
              "format": "html",
              "language": "es"
            },
            {
              "id": "doc-a50878ca-17ff-4d31-b710-3b8c1ad31dec",
              "documentType": "Contract Guarantees",
              "title": "Fianza de anticipo",
              "description": "Garantia sobre el anticipo",
              "url": "http://189.211.120.220:8880/files/opendata/15081-AD-SRO-DCAGI-SC-081-15/17.-%20GA/17.pdf",
              "datePublished": "2015-07-31T05:00:00.000Z",
              "dateModified": "2015-07-31T05:00:00.000Z",
              "format": "html",
              "language": "es"
            },
            {
              "id": "doc-3d68b4eb-2594-474f-a9ac-7dd3b6dbe5dd",
              "documentType": "Contract Guarantees",
              "title": "Fianza de cumplimiento",
              "description": "Garantias de cumplimiento",
              "url": "http://189.211.120.220:8880/files/opendata/15081-AD-SRO-DCAGI-SC-081-15/18.-%20GC/18.pdf",
              "datePublished": "2015-07-31T05:00:00.000Z",
              "dateModified": "2015-07-31T05:00:00.000Z",
              "format": "html",
              "language": "es"
            }
          ]
        }
      ],
      "language": "es"
    }
  ],
  "publisher": {
    "name": "GACM",
    "scheme": "OBRA",
    "uid": "OP",
    "uri": "http://www.aeropuerto.gob.mx/"
  },
  "license": "https://datos.gob.mx/libreusomx/",
  "publicationPolicy": "https://datos.gob.mx/libreusomx/"
}
