{
  "uri": "https://datos.gob.mx/busca/dataset?organization=gacm",
  "publishedDate": "2017-02-15T16:48:26.127Z",
  "releases": [
    {
      "ocid": "167",
      "id": "RELEASE_167_2017-02-15T16:48:26.126Z",
      "date": "2017-02-09T06:00:00.000Z",
      "tag": [
        "contract"
      ],
      "initiationType": "tender",
      "planning": {
        "budget": {
          "source": "http://www.apartados.hacienda.gob.mx/presupuesto/temas/pef/2015/docs/09/r09_kdh_pie.pdf",
          "id": "Construccion de Proyecto Integral de Barda y Camino Perimetral, Alumbrado, Servicios Inducidos y Casetas de Acceso para el NAICM",
          "description": "Presupuesto de Egresos de la Fedracion 2015",
          "amount": {
            "amount": 1547417835.83,
            "currency": "MXN"
          },
          "project": "Nuevo Aeropuerto Internacional de la Ciudad de Mexico",
          "projectID": "46101",
          "uri": "http://www.apartados.hacienda.gob.mx/presupuesto/temas/pef/2015/docs/09/r09_kdh_pie.pdf"
        },
        "rationale": "Construccion de Proyecto Integral de Barda y Camino Perimetral, Alumbrado, Servicios Inducidos y Casetas de Acceso para el NAICM",
        "documents": [
          {
            "id": "doc-1d3f982d-3223-46b8-88ce-95da8c26fcde",
            "documentType": "projectPlan",
            "title": "Proyecto ejecutivo de la obra",
            "description": "Terminos de referencia",
            "url": "http://189.211.120.220:8880/files/opendata/15003-GACM-DCI-SJ-CM-E-03-2015/4.-%20TR/4.pdf",
            "datePublished": "2015-02-18T06:00:00.000Z",
            "dateModified": "2015-02-18T06:00:00.000Z",
            "format": "html",
            "language": "es"
          },
          {
            "id": "doc-de766d5d-ca77-437c-a293-3acc7ae92239",
            "documentType": "projectPlan",
            "title": "Proyecto ejecutivo de la obra",
            "description": "Terminos de referencia",
            "url": "http://189.211.120.220:8880/files/opendata/15003-GACM-DCI-SJ-CM-E-03-2015/4.-%20TR/4.pdf",
            "datePublished": "2015-02-18T06:00:00.000Z",
            "dateModified": "2015-02-18T06:00:00.000Z",
            "format": "html",
            "language": "es"
          }
        ]
      },
      "tender": {
        "id": "No aplica",
        "title": "Construccion de Proyecto Integral de Barda y Camino Perimetral, Alumbrado, Servicios Inducidos y Casetas de Acceso para el Nuevo Aeropuerto Internacional de la Ciudad de Mexico (NAICM)",
        "description": "Construccion de Proyecto Integral de Barda y Camino Perimetral, Alumbrado, Servicios Inducidos y Casetas de Acceso para el NAICM",
        "status": "active",
        "items": [
          {
            "id": "item-88dbec88-e1b6-4aad-8bad-47da71afa874",
            "description": "Construccion de Proyecto Integral de Barda y Camino Perimetral, Alumbrado, Servicios Inducidos y Casetas de Acceso para el Nuevo Aeropuerto Internacional de la Ciudad de Mexico (NAICM)",
            "classification": {
              "scheme": "MATERIALES Y UTILES DE OFICINA",
              "id": "2110"
            },
            "quantity": 1,
            "unit": {
              "name": "sop",
              "value": {
                "amount": 1547417835.83,
                "currency": "MXN"
              }
            }
          },
          {
            "id": "item-f3b61148-0676-4ab9-899a-d0fc4bc0f810",
            "description": "Construccion de Proyecto Integral de Barda y Camino Perimetral, Alumbrado, Servicios Inducidos y Casetas de Acceso para el Nuevo Aeropuerto Internacional de la Ciudad de Mexico (NAICM)",
            "classification": {
              "scheme": "EDIFICACION NO HABITACIONAL",
              "id": "6220"
            },
            "quantity": 1,
            "unit": {
              "name": "sop",
              "value": {
                "amount": 1547417835.83,
                "currency": "MXN"
              }
            }
          },
          {
            "id": "item-389ed9e9-5f8d-45d3-a6de-82465d5211c7",
            "description": "Construccion de Proyecto Integral de Barda y Camino Perimetral, Alumbrado, Servicios Inducidos y Casetas de Acceso para el Nuevo Aeropuerto Internacional de la Ciudad de Mexico (NAICM)",
            "classification": {
              "scheme": "MATERIALES Y UTILES DE OFICINA",
              "id": "2110"
            },
            "quantity": 1,
            "unit": {
              "name": "sop",
              "value": {
                "amount": 1547417835.83,
                "currency": "MXN"
              }
            }
          },
          {
            "id": "item-e24d739f-c12d-4f76-8a29-9c72b14b415c",
            "description": "Construccion de Proyecto Integral de Barda y Camino Perimetral, Alumbrado, Servicios Inducidos y Casetas de Acceso para el Nuevo Aeropuerto Internacional de la Ciudad de Mexico (NAICM)",
            "classification": {
              "scheme": "EDIFICACION NO HABITACIONAL",
              "id": "6220"
            },
            "quantity": 1,
            "unit": {
              "name": "sop",
              "value": {
                "amount": 1547417835.83,
                "currency": "MXN"
              }
            }
          }
        ],
        "value": {
          "amount": 1547417835.83,
          "currency": "MXN"
        },
        "procurementMethod": "open",
        "procurementMethodRationale": "Nacional",
        "metodoDeAdquisicion": "Convenio de colaboración",
        "awardCriteria": "bestValueToGoverment",
        "awardCriteriaDetails": "Presencial",
        "submissionMethod": [
          "Presencial"
        ],
        "eligibilityCriteria": "Ver documento adjunto",
        "documents": [
          {
            "id": "doc-114c1122-1828-4ac2-86c1-7d53dd99c85b",
            "documentType": "Clarifications",
            "title": "Actas de la junta de aclaraciones",
            "description": "Actas de la junta de aclaraciones",
            "url": "http://189.211.120.220:8880/files/opendata/15003-GACM-DCI-SJ-CM-E-03-2015/9.-%20AJ/9.pdf",
            "datePublished": "2015-02-18T06:00:00.000Z",
            "dateModified": "2015-02-18T06:00:00.000Z",
            "format": "html",
            "language": "es"
          },
          {
            "id": "doc-421a79b2-0d98-4b26-8ae9-4e81e24c08e1",
            "documentType": "Tender Notice",
            "title": "Documento que contiene las especificaciones t?cnicas de la obra",
            "description": "Convocatoria al procedimiento de contratacion",
            "url": "http://189.211.120.220:8880/files/opendata/15003-GACM-DCI-SJ-CM-E-03-2015/8.-%20CC/8.pdf",
            "datePublished": "2015-02-18T06:00:00.000Z",
            "dateModified": "2015-02-18T06:00:00.000Z",
            "format": "html",
            "language": "es"
          },
          {
            "id": "doc-d1665643-4b65-4705-a336-02d155186c16",
            "documentType": "Tender Notice",
            "title": "Documento que describe los criterios de evaluaci?n",
            "description": "Convocatoria al procedimiento de contratacion",
            "url": "http://189.211.120.220:8880/files/opendata/15003-GACM-DCI-SJ-CM-E-03-2015/8.-%20CC/8.pdf",
            "datePublished": "2015-02-18T06:00:00.000Z",
            "dateModified": "2015-02-18T06:00:00.000Z",
            "format": "html",
            "language": "es"
          },
          {
            "id": "doc-870e0330-0d7d-4574-96e5-12419ccbaa3e",
            "documentType": "Tender Notice",
            "title": "Documento que contiene los objetivos y caracter?sticas del contrato y proceso de licitaci?n",
            "description": "Convocatoria al procedimiento de contratacion",
            "url": "http://189.211.120.220:8880/files/opendata/15003-GACM-DCI-SJ-CM-E-03-2015/8.-%20CC/8.pdf",
            "datePublished": "2015-02-18T06:00:00.000Z",
            "dateModified": "2015-02-18T06:00:00.000Z",
            "format": "html",
            "language": "es"
          },
          {
            "id": "doc-70da17d4-6922-41ff-beea-96567e3e0bc0",
            "documentType": "Tender Notice",
            "title": "Convocatoria al procedimiento de contrataci?n",
            "description": "Convocatoria al procedimiento de contratacion",
            "url": "http://189.211.120.220:8880/files/opendata/15003-GACM-DCI-SJ-CM-E-03-2015/8.-%20CC/8.pdf",
            "datePublished": "2015-02-18T06:00:00.000Z",
            "dateModified": "2015-02-18T06:00:00.000Z",
            "format": "html",
            "language": "es"
          },
          {
            "id": "doc-53850d3e-44d7-47b2-b30c-9ba7f3a31600",
            "documentType": "Tender Notice",
            "title": "Documento que describe los criterios que deben cumplir los licitantes",
            "description": "Convocatoria al procedimiento de contratacion",
            "url": "http://189.211.120.220:8880/files/opendata/15003-GACM-DCI-SJ-CM-E-03-2015/8.-%20CC/8.pdf",
            "datePublished": "2015-02-18T06:00:00.000Z",
            "dateModified": "2015-02-18T06:00:00.000Z",
            "format": "html",
            "language": "es"
          },
          {
            "id": "doc-2117f2f1-9b46-4b60-a7e4-cd36e078705e",
            "documentType": "Clarifications",
            "title": "Actas de la junta de aclaraciones",
            "description": "Actas de la junta de aclaraciones",
            "url": "http://189.211.120.220:8880/files/opendata/15003-GACM-DCI-SJ-CM-E-03-2015/9.-%20AJ/9.pdf",
            "datePublished": "2015-02-18T06:00:00.000Z",
            "dateModified": "2015-02-18T06:00:00.000Z",
            "format": "html",
            "language": "es"
          },
          {
            "id": "doc-c837383a-d35b-4875-9f76-9426b92fa861",
            "documentType": "Tender Notice",
            "title": "Documento que contiene las especificaciones t?cnicas de la obra",
            "description": "Convocatoria al procedimiento de contratacion",
            "url": "http://189.211.120.220:8880/files/opendata/15003-GACM-DCI-SJ-CM-E-03-2015/8.-%20CC/8.pdf",
            "datePublished": "2015-02-18T06:00:00.000Z",
            "dateModified": "2015-02-18T06:00:00.000Z",
            "format": "html",
            "language": "es"
          },
          {
            "id": "doc-55c30cd6-2b18-4bb9-8966-cb661d07e813",
            "documentType": "Tender Notice",
            "title": "Documento que describe los criterios de evaluaci?n",
            "description": "Convocatoria al procedimiento de contratacion",
            "url": "http://189.211.120.220:8880/files/opendata/15003-GACM-DCI-SJ-CM-E-03-2015/8.-%20CC/8.pdf",
            "datePublished": "2015-02-18T06:00:00.000Z",
            "dateModified": "2015-02-18T06:00:00.000Z",
            "format": "html",
            "language": "es"
          },
          {
            "id": "doc-b7b587a9-e562-4bac-856a-051bee2dd0a4",
            "documentType": "Tender Notice",
            "title": "Documento que contiene los objetivos y caracter?sticas del contrato y proceso de licitaci?n",
            "description": "Convocatoria al procedimiento de contratacion",
            "url": "http://189.211.120.220:8880/files/opendata/15003-GACM-DCI-SJ-CM-E-03-2015/8.-%20CC/8.pdf",
            "datePublished": "2015-02-18T06:00:00.000Z",
            "dateModified": "2015-02-18T06:00:00.000Z",
            "format": "html",
            "language": "es"
          },
          {
            "id": "doc-0309ff06-24bf-46c9-ab55-e1c84a5ab5bc",
            "documentType": "Tender Notice",
            "title": "Convocatoria al procedimiento de contrataci?n",
            "description": "Convocatoria al procedimiento de contratacion",
            "url": "http://189.211.120.220:8880/files/opendata/15003-GACM-DCI-SJ-CM-E-03-2015/8.-%20CC/8.pdf",
            "datePublished": "2015-02-18T06:00:00.000Z",
            "dateModified": "2015-02-18T06:00:00.000Z",
            "format": "html",
            "language": "es"
          },
          {
            "id": "doc-554de574-3995-44ee-979c-a34f12e1ecc2",
            "documentType": "Tender Notice",
            "title": "Documento que describe los criterios que deben cumplir los licitantes",
            "description": "Convocatoria al procedimiento de contratacion",
            "url": "http://189.211.120.220:8880/files/opendata/15003-GACM-DCI-SJ-CM-E-03-2015/8.-%20CC/8.pdf",
            "datePublished": "2015-02-18T06:00:00.000Z",
            "dateModified": "2015-02-18T06:00:00.000Z",
            "format": "html",
            "language": "es"
          }
        ]
      },
      "buyer": {
        "identifier": {
          "scheme": "MK-009KDH999",
          "id": "GACM",
          "legalName": "Grupo Aeroportuario de la Ciudad de Mexico, S.A. de C.V.",
          "uri": "http://www.aeropuerto.gob.mx/"
        },
        "name": "Grupo Aeroportuario de la Ciudad de Mexico, S.A. de C.V.",
        "address": {
          "streetAddress": "AV. INSURGENTES SUR NO. 2453 PISO 2 OFICINA 203",
          "locality": "COL. TIZAPAN",
          "region": "DEL. ALVARO OBREGON",
          "postalCode": "01090",
          "countryName": "Mexico"
        },
        "contactPoint": {
          "name": "G05-DIRECCION CORPORATIVA DE ADMINISTRACION Y GESTION INMOBILIARIA",
          "url": "http://www.aeropuerto.gob.mx/"
        }
      },
      "awards": [
        {
          "id": "No Aplica",
          "title": "Construccion de Proyecto Integral de Barda y Camino Perimetral, Alumbrado, Servicios Inducidos y Casetas de Acceso para el Nuevo Aeropuerto Internacional de la Ciudad de Mexico (NAICM)",
          "description": "Ver documento adjunto",
          "status": "active",
          "value": {
            "amount": 1547417835.83,
            "currency": "MXN"
          },
          "suppliers": [
            {
              "identifier": {
                "id": "SDN8501014D2",
                "legalName": "Secretaria de la Defensa Nacional"
              },
              "name": "Secretaria de la Defensa Nacional",
              "address": {
                "streetAddress": "Campo Militar Numero 1-K, Avenida Industria Militar numero 261",
                "locality": "Lomas de San Isidro",
                "region": "Naucalpan de Juarez",
                "postalCode": "53960",
                "countryName": "Mexico"
              }
            }
          ],
          "items": [
            {
              "id": "item-953b3821-345a-4956-a00a-78b3f6ad4d61",
              "description": "Construccion de Proyecto Integral de Barda y Camino Perimetral, Alumbrado, Servicios Inducidos y Casetas de Acceso para el Nuevo Aeropuerto Internacional de la Ciudad de Mexico (NAICM)",
              "classification": {
                "scheme": "MATERIALES Y UTILES DE OFICINA",
                "id": "2110"
              },
              "quantity": 1,
              "unit": {
                "name": "sop",
                "value": {
                  "amount": 1547417835.83,
                  "currency": "MXN"
                }
              }
            },
            {
              "id": "item-7299b353-90c1-4a34-961e-91810ca5cbff",
              "description": "Construccion de Proyecto Integral de Barda y Camino Perimetral, Alumbrado, Servicios Inducidos y Casetas de Acceso para el Nuevo Aeropuerto Internacional de la Ciudad de Mexico (NAICM)",
              "classification": {
                "scheme": "EDIFICACION NO HABITACIONAL",
                "id": "6220"
              },
              "quantity": 1,
              "unit": {
                "name": "sop",
                "value": {
                  "amount": 1547417835.83,
                  "currency": "MXN"
                }
              }
            },
            {
              "id": "item-0804d23e-8d76-4921-b393-51812e916274",
              "description": "Construccion de Proyecto Integral de Barda y Camino Perimetral, Alumbrado, Servicios Inducidos y Casetas de Acceso para el Nuevo Aeropuerto Internacional de la Ciudad de Mexico (NAICM)",
              "classification": {
                "scheme": "MATERIALES Y UTILES DE OFICINA",
                "id": "2110"
              },
              "quantity": 1,
              "unit": {
                "name": "sop",
                "value": {
                  "amount": 1547417835.83,
                  "currency": "MXN"
                }
              }
            },
            {
              "id": "item-f62f059b-d869-4031-95a6-af86def03860",
              "description": "Construccion de Proyecto Integral de Barda y Camino Perimetral, Alumbrado, Servicios Inducidos y Casetas de Acceso para el Nuevo Aeropuerto Internacional de la Ciudad de Mexico (NAICM)",
              "classification": {
                "scheme": "EDIFICACION NO HABITACIONAL",
                "id": "6220"
              },
              "quantity": 1,
              "unit": {
                "name": "sop",
                "value": {
                  "amount": 1547417835.83,
                  "currency": "MXN"
                }
              }
            }
          ],
          "contractPeriod": {
            "startDate": "2015-02-18T06:00:00.000Z",
            "endDate": "2017-06-30T05:00:00.000Z"
          },
          "documents": [
            {
              "id": "doc-9a44dadd-9cb2-4dc5-9c3c-a848551eecd7",
              "documentType": "Award Notice",
              "title": "Fallo",
              "description": "Acta de fallo",
              "url": "http://189.211.120.220:8880/files/opendata/15003-GACM-DCI-SJ-CM-E-03-2015/12.-%20AF/12.pdf",
              "datePublished": "2015-02-18T06:00:00.000Z",
              "dateModified": "2015-02-18T06:00:00.000Z",
              "format": "html",
              "language": "es"
            },
            {
              "id": "doc-3f8ddd10-82d1-4a37-b610-9b6a41152ac0",
              "documentType": "Award Notice",
              "title": "Fallo",
              "description": "Descripcion del acto de presentacion y apertura de proposiciones",
              "url": "http://189.211.120.220:8880/files/opendata/15003-GACM-DCI-SJ-CM-E-03-2015/10.-%20AP/10.pdf",
              "datePublished": "2015-02-18T06:00:00.000Z",
              "dateModified": "2015-02-18T06:00:00.000Z",
              "format": "html",
              "language": "es"
            },
            {
              "id": "doc-282b1816-dacd-4518-ba9a-0fbb63ffc5b4",
              "documentType": "Award Notice",
              "title": "Fallo",
              "description": "Acta de fallo",
              "url": "http://189.211.120.220:8880/files/opendata/15003-GACM-DCI-SJ-CM-E-03-2015/12.-%20AF/12.pdf",
              "datePublished": "2015-02-18T06:00:00.000Z",
              "dateModified": "2015-02-18T06:00:00.000Z",
              "format": "html",
              "language": "es"
            },
            {
              "id": "doc-6ae71a4b-495f-4158-85b8-f824897cee74",
              "documentType": "Award Notice",
              "title": "Fallo",
              "description": "Descripcion del acto de presentacion y apertura de proposiciones",
              "url": "http://189.211.120.220:8880/files/opendata/15003-GACM-DCI-SJ-CM-E-03-2015/10.-%20AP/10.pdf",
              "datePublished": "2015-02-18T06:00:00.000Z",
              "dateModified": "2015-02-18T06:00:00.000Z",
              "format": "html",
              "language": "es"
            }
          ]
        }
      ],
      "contracts": [
        {
          "id": "GACM/DCI/SJ/CM-E/03-2015",
          "awardID": "No Aplica",
          "title": "Construccion de Proyecto Integral de Barda y Camino Perimetral, Alumbrado, Servicios Inducidos y Casetas de Acceso para el Nuevo Aeropuerto Internacional de la Ciudad de Mexico (NAICM)",
          "description": "Ver documento adjunto",
          "status": "active",
          "period": {
            "startDate": "2015-02-18T06:00:00.000Z",
            "endDate": "2017-06-30T05:00:00.000Z"
          },
          "value": {
            "amount": 1547417835.83,
            "currency": "MXN"
          },
          "items": [
            {
              "id": "item-a7a5baae-1910-44aa-b254-54fb995f518f",
              "description": "Construccion de Proyecto Integral de Barda y Camino Perimetral, Alumbrado, Servicios Inducidos y Casetas de Acceso para el Nuevo Aeropuerto Internacional de la Ciudad de Mexico (NAICM)",
              "classification": {
                "scheme": "MATERIALES Y UTILES DE OFICINA",
                "id": "2110"
              },
              "quantity": 1,
              "unit": {
                "name": "sop",
                "value": {
                  "amount": 1547417835.83,
                  "currency": "MXN"
                }
              }
            },
            {
              "id": "item-ab754d94-5da6-4824-97b7-bc8d2482dca7",
              "description": "Construccion de Proyecto Integral de Barda y Camino Perimetral, Alumbrado, Servicios Inducidos y Casetas de Acceso para el Nuevo Aeropuerto Internacional de la Ciudad de Mexico (NAICM)",
              "classification": {
                "scheme": "EDIFICACION NO HABITACIONAL",
                "id": "6220"
              },
              "quantity": 1,
              "unit": {
                "name": "sop",
                "value": {
                  "amount": 1547417835.83,
                  "currency": "MXN"
                }
              }
            },
            {
              "id": "item-b7d7e62e-0bd1-4289-bb7a-9b9bbae52f06",
              "description": "Construccion de Proyecto Integral de Barda y Camino Perimetral, Alumbrado, Servicios Inducidos y Casetas de Acceso para el Nuevo Aeropuerto Internacional de la Ciudad de Mexico (NAICM)",
              "classification": {
                "scheme": "MATERIALES Y UTILES DE OFICINA",
                "id": "2110"
              },
              "quantity": 1,
              "unit": {
                "name": "sop",
                "value": {
                  "amount": 1547417835.83,
                  "currency": "MXN"
                }
              }
            },
            {
              "id": "item-13dcf570-1812-4d46-9418-2ab81a3b278f",
              "description": "Construccion de Proyecto Integral de Barda y Camino Perimetral, Alumbrado, Servicios Inducidos y Casetas de Acceso para el Nuevo Aeropuerto Internacional de la Ciudad de Mexico (NAICM)",
              "classification": {
                "scheme": "EDIFICACION NO HABITACIONAL",
                "id": "6220"
              },
              "quantity": 1,
              "unit": {
                "name": "sop",
                "value": {
                  "amount": 1547417835.83,
                  "currency": "MXN"
                }
              }
            }
          ],
          "dateSigned": "2015-02-18T06:00:00.000Z",
          "documents": [
            {
              "id": "doc-47a49eeb-fc95-4b17-9860-920d7f521eb1",
              "documentType": "Contract Signed",
              "title": "Cl?usula sobre las condiciones de entrega de la obra",
              "description": "Contrato firmado",
              "url": "http://189.211.120.220:8880/files/opendata/15003-GACM-DCI-SJ-CM-E-03-2015/15.-%20CF/15.pdf",
              "datePublished": "2015-02-18T06:00:00.000Z",
              "dateModified": "2015-02-18T06:00:00.000Z",
              "format": "html",
              "language": "es"
            },
            {
              "id": "doc-a1f6c65f-87ff-4bf0-99f9-e37c63b868b4",
              "documentType": "Contract Signed",
              "title": "Contrato firmado",
              "description": "Contrato firmado",
              "url": "http://189.211.120.220:8880/files/opendata/15003-GACM-DCI-SJ-CM-E-03-2015/15.-%20CF/15.pdf",
              "datePublished": "2015-02-18T06:00:00.000Z",
              "dateModified": "2015-02-18T06:00:00.000Z",
              "format": "html",
              "language": "es"
            },
            {
              "id": "doc-9581630f-f308-41d6-b80f-bb4bba554890",
              "documentType": "Contract Guarantees",
              "title": "Fianza de anticipo",
              "description": "Garantia sobre el anticipo",
              "url": "http://189.211.120.220:8880/files/opendata/15003-GACM-DCI-SJ-CM-E-03-2015/17.-%20GA/17.pdf",
              "datePublished": "2015-02-18T06:00:00.000Z",
              "dateModified": "2015-02-18T06:00:00.000Z",
              "format": "html",
              "language": "es"
            },
            {
              "id": "doc-813019cb-84b9-4744-98c5-b4ea9c693e97",
              "documentType": "Contract Guarantees",
              "title": "Fianza de cumplimiento",
              "description": "Garantias de cumplimiento",
              "url": "http://189.211.120.220:8880/files/opendata/15003-GACM-DCI-SJ-CM-E-03-2015/18.-%20GC/18.pdf",
              "datePublished": "2015-02-18T06:00:00.000Z",
              "dateModified": "2015-02-18T06:00:00.000Z",
              "format": "html",
              "language": "es"
            },
            {
              "id": "doc-47143c05-e09f-4a77-a960-37bfaecc9d58",
              "documentType": "Contract Signed",
              "title": "Cl?usula sobre las condiciones de entrega de la obra",
              "description": "Contrato firmado",
              "url": "http://189.211.120.220:8880/files/opendata/15003-GACM-DCI-SJ-CM-E-03-2015/15.-%20CF/15.pdf",
              "datePublished": "2015-02-18T06:00:00.000Z",
              "dateModified": "2015-02-18T06:00:00.000Z",
              "format": "html",
              "language": "es"
            },
            {
              "id": "doc-f9a10eda-c673-4890-8ffa-6ae176abd405",
              "documentType": "Contract Signed",
              "title": "Contrato firmado",
              "description": "Contrato firmado",
              "url": "http://189.211.120.220:8880/files/opendata/15003-GACM-DCI-SJ-CM-E-03-2015/15.-%20CF/15.pdf",
              "datePublished": "2015-02-18T06:00:00.000Z",
              "dateModified": "2015-02-18T06:00:00.000Z",
              "format": "html",
              "language": "es"
            },
            {
              "id": "doc-12416d94-7e00-44ec-bdbd-6797b3da90b1",
              "documentType": "Contract Guarantees",
              "title": "Fianza de anticipo",
              "description": "Garantia sobre el anticipo",
              "url": "http://189.211.120.220:8880/files/opendata/15003-GACM-DCI-SJ-CM-E-03-2015/17.-%20GA/17.pdf",
              "datePublished": "2015-02-18T06:00:00.000Z",
              "dateModified": "2015-02-18T06:00:00.000Z",
              "format": "html",
              "language": "es"
            },
            {
              "id": "doc-4a422fd7-235e-46dc-8973-60c3db8a2120",
              "documentType": "Contract Guarantees",
              "title": "Fianza de cumplimiento",
              "description": "Garantias de cumplimiento",
              "url": "http://189.211.120.220:8880/files/opendata/15003-GACM-DCI-SJ-CM-E-03-2015/18.-%20GC/18.pdf",
              "datePublished": "2015-02-18T06:00:00.000Z",
              "dateModified": "2015-02-18T06:00:00.000Z",
              "format": "html",
              "language": "es"
            }
          ]
        }
      ],
      "language": "es"
    }
  ],
  "publisher": {
    "name": "GACM",
    "scheme": "SERVICIO",
    "uid": "AS",
    "uri": "http://www.aeropuerto.gob.mx/"
  },
  "license": "https://datos.gob.mx/libreusomx/",
  "publicationPolicy": "https://datos.gob.mx/libreusomx/"
}
