{
  "uri": "https://datos.gob.mx/busca/dataset?organization=gacm",
  "publishedDate": "2017-02-15T16:48:25.566Z",
  "releases": [
    {
      "ocid": "168",
      "id": "RELEASE_168_2017-02-15T16:48:25.564Z",
      "date": "2017-02-08T06:00:00.000Z",
      "tag": [
        "contract"
      ],
      "initiationType": "tender",
      "planning": {
        "budget": {
          "id": "ARRENDAMIENTO DE VEHICULOS TERRESTRES, AEREOS, MARITIMOS, LACUSTRES Y FLUVIALES PARA SERVIDORES PUBLICOS",
          "description": "RECURSOS FISCALES",
          "amount": {
            "amount": 49042510,
            "currency": "MXN"
          },
          "project": "Nuevo Aeropuerto Internacional de la Ciudad de Mexico",
          "projectID": "46101"
        },
        "rationale": "Arrendamiento de Vehiculos Terrestres",
        "documents": [
          {
            "id": "doc-6072cc7c-c6e8-4697-a83a-6d261c2ac7b0",
            "documentType": "projectPlan",
            "title": "Proyecto ejecutivo de la obra",
            "description": "Terminos de referencia",
            "url": "http://189.211.120.220:8880/files/opendata/14001-AD-A-DCAGI-SC-001-14/4.-%20TR/4.pdf",
            "datePublished": "2014-11-24T06:00:00.000Z",
            "dateModified": "2014-11-24T06:00:00.000Z",
            "format": "html",
            "language": "es"
          }
        ]
      },
      "tender": {
        "id": "696915",
        "title": "Arrendamiento de Vehiculos Terrestres",
        "description": "Arrendamiento de Vehiculos Terrestres",
        "status": "active",
        "items": [
          {
            "id": "item-a4381742-498c-45a8-b82c-84f1486d853b",
            "description": "Arrendamiento de Vehiculos Terrestres",
            "classification": {
              "scheme": "ARRENDAMIENTO DE EQUIPO DE TRANSPORTE",
              "id": "3250"
            },
            "quantity": 1,
            "unit": {
              "name": "srv",
              "value": {
                "amount": 43011360,
                "currency": "MXN"
              }
            }
          },
          {
            "id": "item-0a922f4f-e3a0-4c21-be85-ef0438c89acd",
            "description": "Arrendamiento de Vehiculos Terrestres",
            "classification": {
              "scheme": "ARRENDAMIENTO DE EQUIPO DE TRANSPORTE",
              "id": "3250"
            },
            "quantity": 1,
            "unit": {
              "name": "srv",
              "value": {
                "amount": 43011360,
                "currency": "MXN"
              }
            }
          }
        ],
        "value": {
          "amount": 49042510,
          "currency": "MXN"
        },
        "procurementMethod": "limited",
        "procurementMethodRationale": "Nacional",
        "metodoDeAdquisicion": "Adjudicación directa",
        "awardCriteria": "bestValueToGoverment",
        "awardCriteriaDetails": "No aplica",
        "submissionMethod": [
          "No aplica"
        ],
        "eligibilityCriteria": "Ver documento adjunto",
        "documents": [
          {
            "id": "doc-b414262a-17e4-4feb-9b3e-7545fe50d458",
            "documentType": "Clarifications",
            "title": "Actas de la junta de aclaraciones",
            "description": "Actas de la junta de aclaraciones",
            "url": "http://189.211.120.220:8880/files/opendata/14001-AD-A-DCAGI-SC-001-14/9.-%20AJ/9.pdf",
            "datePublished": "2014-11-24T06:00:00.000Z",
            "dateModified": "2014-11-24T06:00:00.000Z",
            "format": "html",
            "language": "es"
          },
          {
            "id": "doc-ad777a37-9b21-4770-8aa1-37e17147275f",
            "documentType": "Tender Notice",
            "title": "Documento que describe los criterios que deben cumplir los licitantes",
            "description": "Convocatoria al procedimiento de contratacion",
            "url": "http://189.211.120.220:8880/files/opendata/14001-AD-A-DCAGI-SC-001-14/8.-%20CC/8.pdf",
            "datePublished": "2014-11-24T06:00:00.000Z",
            "dateModified": "2014-11-24T06:00:00.000Z",
            "format": "html",
            "language": "es"
          },
          {
            "id": "doc-c42d5f50-6013-4bff-aa55-ac7a6460abd8",
            "documentType": "Tender Notice",
            "title": "Documento que contiene los objetivos y caracter?sticas del contrato y proceso de licitaci?n",
            "description": "Convocatoria al procedimiento de contratacion",
            "url": "http://189.211.120.220:8880/files/opendata/14001-AD-A-DCAGI-SC-001-14/8.-%20CC/8.pdf",
            "datePublished": "2014-11-24T06:00:00.000Z",
            "dateModified": "2014-11-24T06:00:00.000Z",
            "format": "html",
            "language": "es"
          },
          {
            "id": "doc-7e729696-5264-435f-9eef-66c2f33f8a92",
            "documentType": "Tender Notice",
            "title": "Documento que contiene las especificaicones t?cnicas de la obra",
            "description": "Convocatoria al procedimiento de contratacion",
            "url": "http://189.211.120.220:8880/files/opendata/14001-AD-A-DCAGI-SC-001-14/8.-%20CC/8.pdf",
            "datePublished": "2014-11-24T06:00:00.000Z",
            "dateModified": "2014-11-24T06:00:00.000Z",
            "format": "html",
            "language": "es"
          },
          {
            "id": "doc-c98579a2-6968-42d7-bc17-f40bbb6c570b",
            "documentType": "Tender Notice",
            "title": "Convocatoria al procedimiento de contrataci?n",
            "description": "Convocatoria al procedimiento de contratacion",
            "url": "http://189.211.120.220:8880/files/opendata/14001-AD-A-DCAGI-SC-001-14/8.-%20CC/8.pdf",
            "datePublished": "2014-11-24T06:00:00.000Z",
            "dateModified": "2014-11-24T06:00:00.000Z",
            "format": "html",
            "language": "es"
          },
          {
            "id": "doc-65438cfe-f4b1-4bfb-a8c9-ed8768348cf0",
            "documentType": "Tender Notice",
            "title": "Documento que describe los criterios de evaluaci?n",
            "description": "Convocatoria al procedimiento de contratacion",
            "url": "http://189.211.120.220:8880/files/opendata/14001-AD-A-DCAGI-SC-001-14/8.-%20CC/8.pdf",
            "datePublished": "2014-11-24T06:00:00.000Z",
            "dateModified": "2014-11-24T06:00:00.000Z",
            "format": "html",
            "language": "es"
          }
        ]
      },
      "buyer": {
        "identifier": {
          "scheme": "MK-009KDH999",
          "id": "GACM",
          "legalName": "Grupo Aeroportuario de la Ciudad de Mexico, S.A. de C.V.",
          "uri": "http://www.aeropuerto.gob.mx/"
        },
        "name": "Grupo Aeroportuario de la Ciudad de Mexico, S.A. de C.V.",
        "address": {
          "streetAddress": "AV. INSURGENTES SUR NO. 2453 PISO 2 OFICINA 203",
          "locality": "COL. TIZAPAN",
          "region": "DEL. ALVARO OBREGON",
          "postalCode": "01090",
          "countryName": "Mexico"
        },
        "contactPoint": {
          "name": "G05-DIRECCION CORPORATIVA DE ADMINISTRACION Y GESTION INMOBILIARIA",
          "url": "http://www.aeropuerto.gob.mx/"
        }
      },
      "awards": [
        {
          "id": "SA-009KDH999-N1-2014",
          "title": "Arrendamientos de vehiculos terrestres",
          "description": "Ver documento adjunto",
          "status": "active",
          "value": {
            "amount": 43011360,
            "currency": "MXN"
          },
          "suppliers": [
            {
              "identifier": {
                "id": "AME021206NS8",
                "legalName": "Arrendomovil de Mexico S.A. de C.V"
              },
              "name": "Arrendomovil de Mexico S.A. de C.V",
              "address": {
                "streetAddress": "Insurgentes Sur 1235",
                "locality": "Extremadura Insurgentes",
                "region": "Benito Juarez",
                "postalCode": "3740",
                "countryName": "Mexico"
              }
            }
          ],
          "items": [
            {
              "id": "item-a8aeaa08-3d34-4825-b42c-f4266dd1f4d0",
              "description": "Arrendamiento de Vehiculos Terrestres",
              "classification": {
                "scheme": "ARRENDAMIENTO DE EQUIPO DE TRANSPORTE",
                "id": "3250"
              },
              "quantity": 1,
              "unit": {
                "name": "srv",
                "value": {
                  "amount": 43011360,
                  "currency": "MXN"
                }
              }
            },
            {
              "id": "item-d781a285-d36b-4a2b-ac8f-cb1c31cdf946",
              "description": "Arrendamiento de Vehiculos Terrestres",
              "classification": {
                "scheme": "ARRENDAMIENTO DE EQUIPO DE TRANSPORTE",
                "id": "3250"
              },
              "quantity": 1,
              "unit": {
                "name": "srv",
                "value": {
                  "amount": 43011360,
                  "currency": "MXN"
                }
              }
            }
          ],
          "contractPeriod": {
            "startDate": "2014-11-24T06:00:00.000Z",
            "endDate": "2017-11-24T06:00:00.000Z"
          },
          "documents": [
            {
              "id": "doc-90d86601-c3b7-45b4-8465-d9b18f44b987",
              "documentType": "Award Notice",
              "title": "Fallo",
              "description": "Acta de fallo",
              "url": "http://189.211.120.220:8880/files/opendata/14001-AD-A-DCAGI-SC-001-14/12.-%20AF/12.pdf",
              "datePublished": "2014-11-24T06:00:00.000Z",
              "dateModified": "2014-11-24T06:00:00.000Z",
              "format": "html",
              "language": "es"
            },
            {
              "id": "doc-146a886b-8cb3-4314-a966-60616723555d",
              "documentType": "Award Notice",
              "title": "Fallo",
              "description": "Descripcion del acto de presentacion y apertura de proposiciones",
              "url": "http://189.211.120.220:8880/files/opendata/14001-AD-A-DCAGI-SC-001-14/10.-%20AP/10.pdf",
              "datePublished": "2014-11-24T06:00:00.000Z",
              "dateModified": "2014-11-24T06:00:00.000Z",
              "format": "html",
              "language": "es"
            }
          ]
        }
      ],
      "contracts": [
        {
          "id": "AD-A-DCAGI-SC-001/2014",
          "awardID": "SA-009KDH999-N1-2014",
          "title": "Arrendamientos de vehiculos terrestres",
          "description": "Ver documento adjunto",
          "status": "active",
          "period": {
            "startDate": "2014-11-24T06:00:00.000Z",
            "endDate": "2017-11-24T06:00:00.000Z"
          },
          "value": {
            "amount": 43011360,
            "currency": "MXN"
          },
          "items": [
            {
              "id": "item-a0268983-58a9-47aa-805c-aac6928661b7",
              "description": "Arrendamiento de Vehiculos Terrestres",
              "classification": {
                "scheme": "ARRENDAMIENTO DE EQUIPO DE TRANSPORTE",
                "id": "3250"
              },
              "quantity": 1,
              "unit": {
                "name": "srv",
                "value": {
                  "amount": 43011360,
                  "currency": "MXN"
                }
              }
            },
            {
              "id": "item-dc3e121b-d70e-4b00-bf1c-d88978cf2ea5",
              "description": "Arrendamiento de Vehiculos Terrestres",
              "classification": {
                "scheme": "ARRENDAMIENTO DE EQUIPO DE TRANSPORTE",
                "id": "3250"
              },
              "quantity": 1,
              "unit": {
                "name": "srv",
                "value": {
                  "amount": 43011360,
                  "currency": "MXN"
                }
              }
            }
          ],
          "dateSigned": "2014-11-24T06:00:00.000Z",
          "documents": [
            {
              "id": "doc-e39f8e70-4357-4b60-8bd8-758be497fd9f",
              "documentType": "Contract Signed",
              "title": "Cl?usula sobre las condiciones de entrega de la obra",
              "description": "Contrato firmado",
              "url": "http://189.211.120.220:8880/files/opendata/14001-AD-A-DCAGI-SC-001-14/15.-%20CF/15.pdf",
              "datePublished": "2014-11-24T06:00:00.000Z",
              "dateModified": "2014-11-24T06:00:00.000Z",
              "format": "html",
              "language": "es"
            },
            {
              "id": "doc-5c9947fa-42df-43eb-aa85-b40d0f2f82ba",
              "documentType": "Contract Signed",
              "title": "Contrato firmado",
              "description": "Contrato firmado",
              "url": "http://189.211.120.220:8880/files/opendata/14001-AD-A-DCAGI-SC-001-14/15.-%20CF/15.pdf",
              "datePublished": "2014-11-24T06:00:00.000Z",
              "dateModified": "2014-11-24T06:00:00.000Z",
              "format": "html",
              "language": "es"
            },
            {
              "id": "doc-65a44c4d-9925-4a67-b13b-6b4ea6160066",
              "documentType": "Contract Guarantees",
              "title": "Fianza de anticipo",
              "description": "Garantia sobre el anticipo",
              "url": "http://189.211.120.220:8880/files/opendata/14001-AD-A-DCAGI-SC-001-14/17.-%20GA/17.pdf",
              "datePublished": "2014-11-24T06:00:00.000Z",
              "dateModified": "2014-11-24T06:00:00.000Z",
              "format": "html",
              "language": "es"
            },
            {
              "id": "doc-acbb44bd-3bd4-4d56-b93b-9d4b457bb797",
              "documentType": "Contract Guarantees",
              "title": "Fianza de cumplimiento",
              "description": "Garantias de cumplimiento",
              "url": "http://189.211.120.220:8880/files/opendata/14001-AD-A-DCAGI-SC-001-14/18.-%20GC/18.pdf",
              "datePublished": "2014-11-24T06:00:00.000Z",
              "dateModified": "2014-11-24T06:00:00.000Z",
              "format": "html",
              "language": "es"
            }
          ]
        }
      ],
      "language": "es"
    }
  ],
  "publisher": {
    "name": "GACM",
    "scheme": "SERVICIO",
    "uid": "AS",
    "uri": "http://www.aeropuerto.gob.mx/"
  },
  "license": "https://datos.gob.mx/libreusomx/",
  "publicationPolicy": "https://datos.gob.mx/libreusomx/"
}
