{
  "uri": "https://datos.gob.mx/busca/dataset?organization=gacm",
  "publishedDate": "2017-02-15T16:48:26.141Z",
  "releases": [
    {
      "ocid": "17",
      "id": "RELEASE_17_2017-02-15T16:48:26.140Z",
      "date": "2017-02-09T06:00:00.000Z",
      "tag": [
        "contract"
      ],
      "initiationType": "tender",
      "planning": {
        "budget": {
          "id": "ARRENDAMIENTO DE EDIFICIOS Y LOCALES",
          "description": "RECURSOS FISCALES",
          "amount": {
            "amount": 18090000,
            "currency": "MXN"
          },
          "project": "Nuevo Aeropuerto Internacional de la Ciudad de Mexico",
          "projectID": "46101"
        },
        "rationale": "Arrendamiento  del inmueble de Altavista",
        "documents": [
          {
            "id": "doc-49abfca0-ef0b-4141-8570-66b9a9cea480",
            "documentType": "projectPlan",
            "title": "Proyecto ejecutivo de la obra",
            "description": "Terminos de referencia",
            "url": "http://189.211.120.220:8880/files/opendata/14002-CTO.ARRENDAMIENTO.ALTAVISTA.02-14/4.-%20TR/4.pdf",
            "datePublished": "2014-09-06T05:00:00.000Z",
            "dateModified": "2014-09-06T05:00:00.000Z",
            "format": "html",
            "language": "es"
          }
        ]
      },
      "tender": {
        "id": "No aplica",
        "title": "Arrendamiento del inmueble de Altavista",
        "description": "Arrendamiento  del inmueble de Altavista",
        "status": "active",
        "items": [
          {
            "id": "item-1fff4214-b2ec-45b4-abc7-0d7de9580a65",
            "classification": {
              "scheme": "ARRENDAMIENTO DE EDIFICIOS",
              "id": "3220"
            },
            "quantity": 1,
            "unit": {
              "name": "srv",
              "value": {
                "amount": 18090000,
                "currency": "MXN"
              }
            }
          }
        ],
        "value": {
          "amount": 18090000,
          "currency": "MXN"
        },
        "procurementMethod": "limited",
        "procurementMethodRationale": "Nacional",
        "metodoDeAdquisicion": "Adjudicación directa",
        "awardCriteria": "bestValueToGoverment",
        "awardCriteriaDetails": "No aplica",
        "submissionMethod": [
          "No aplica"
        ],
        "eligibilityCriteria": "Ver documento adjunto",
        "documents": [
          {
            "id": "doc-d64ac7fd-b7f4-4fc5-a7f2-e9c4cc19a743",
            "documentType": "Clarifications",
            "title": "Actas de la junta de aclaraciones",
            "description": "Actas de la junta de aclaraciones",
            "url": "http://189.211.120.220:8880/files/opendata/14002-CTO.ARRENDAMIENTO.ALTAVISTA.02-14/9.-%20AJ/9.pdf",
            "datePublished": "2014-09-06T05:00:00.000Z",
            "dateModified": "2014-09-06T05:00:00.000Z",
            "format": "html",
            "language": "es"
          },
          {
            "id": "doc-5198f8d7-4dfb-4e31-815a-04f39a9c98a2",
            "documentType": "Tender Notice",
            "title": "Documento que contiene las especificaciones t?cnicas de la obra",
            "description": "Convocatoria al procedimiento de contratacion",
            "url": "http://189.211.120.220:8880/files/opendata/14002-CTO.ARRENDAMIENTO.ALTAVISTA.02-14/8.-%20CC/8.pdf",
            "datePublished": "2014-09-06T05:00:00.000Z",
            "dateModified": "2014-09-06T05:00:00.000Z",
            "format": "html",
            "language": "es"
          },
          {
            "id": "doc-2110f6b3-51bf-4d61-8c83-73a1179a4d9f",
            "documentType": "Tender Notice",
            "title": "Documento que describe los criterios de evaluaci?n",
            "description": "Convocatoria al procedimiento de contratacion",
            "url": "http://189.211.120.220:8880/files/opendata/14002-CTO.ARRENDAMIENTO.ALTAVISTA.02-14/8.-%20CC/8.pdf",
            "datePublished": "2014-09-06T05:00:00.000Z",
            "dateModified": "2014-09-06T05:00:00.000Z",
            "format": "html",
            "language": "es"
          },
          {
            "id": "doc-db895d24-dd88-4a93-bc5c-b26318bf7ad7",
            "documentType": "Tender Notice",
            "title": "Documento que contiene los objetivos y caracter?sticas del contrato y proceso de licitaci?n",
            "description": "Convocatoria al procedimiento de contratacion",
            "url": "http://189.211.120.220:8880/files/opendata/14002-CTO.ARRENDAMIENTO.ALTAVISTA.02-14/8.-%20CC/8.pdf",
            "datePublished": "2014-09-06T05:00:00.000Z",
            "dateModified": "2014-09-06T05:00:00.000Z",
            "format": "html",
            "language": "es"
          },
          {
            "id": "doc-9f799e53-69ab-43c9-956a-97b4fe7a5670",
            "documentType": "Tender Notice",
            "title": "Convocatoria al procedimiento de contrataci?n",
            "description": "Convocatoria al procedimiento de contratacion",
            "url": "http://189.211.120.220:8880/files/opendata/14002-CTO.ARRENDAMIENTO.ALTAVISTA.02-14/8.-%20CC/8.pdf",
            "datePublished": "2014-09-06T05:00:00.000Z",
            "dateModified": "2014-09-06T05:00:00.000Z",
            "format": "html",
            "language": "es"
          },
          {
            "id": "doc-fb6180f3-0659-4583-a508-3b4877fac837",
            "documentType": "Tender Notice",
            "title": "Documento que describe los criterios que deben cumplir los licitantes",
            "description": "Convocatoria al procedimiento de contratacion",
            "url": "http://189.211.120.220:8880/files/opendata/14002-CTO.ARRENDAMIENTO.ALTAVISTA.02-14/8.-%20CC/8.pdf",
            "datePublished": "2014-09-06T05:00:00.000Z",
            "dateModified": "2014-09-06T05:00:00.000Z",
            "format": "html",
            "language": "es"
          }
        ]
      },
      "buyer": {
        "identifier": {
          "scheme": "MK-009KDH999",
          "id": "GACM",
          "legalName": "Grupo Aeroportuario de la Ciudad de Mexico, S.A. de C.V.",
          "uri": "http://www.aeropuerto.gob.mx/"
        },
        "name": "Grupo Aeroportuario de la Ciudad de Mexico, S.A. de C.V.",
        "address": {
          "streetAddress": "AV. INSURGENTES SUR NO. 2453 PISO 2 OFICINA 203",
          "locality": "COL. TIZAPAN",
          "region": "DEL. ALVARO OBREGON",
          "postalCode": "01090",
          "countryName": "Mexico"
        },
        "contactPoint": {
          "name": "G05-DIRECCION CORPORATIVA DE ADMINISTRACION Y GESTION INMOBILIARIA",
          "url": "http://www.aeropuerto.gob.mx/"
        }
      },
      "awards": [
        {
          "id": "No aplica",
          "title": "Arrendamiento del inmueble de  Altavista",
          "description": "Ver documento adjunto",
          "status": "active",
          "value": {
            "amount": 18090000,
            "currency": "MXN"
          },
          "suppliers": [
            {
              "identifier": {
                "id": "LAU0002028R1",
                "legalName": "LAUMAN, S.A. DE C.V."
              },
              "name": "LAUMAN, S.A. DE C.V.",
              "address": {
                "streetAddress": "Santa Barbara Num. 15",
                "locality": "Del Valle",
                "region": "Benito Juarez",
                "postalCode": "3100"
              }
            }
          ],
          "items": [
            {
              "id": "item-e21c481a-f7f2-4aba-8674-ce3cc8d4f237",
              "classification": {
                "scheme": "ARRENDAMIENTO DE EDIFICIOS",
                "id": "3220"
              },
              "quantity": 1,
              "unit": {
                "name": "srv",
                "value": {
                  "amount": 18090000,
                  "currency": "MXN"
                }
              }
            }
          ],
          "contractPeriod": {
            "startDate": "2014-09-06T05:00:00.000Z",
            "endDate": "2017-08-31T05:00:00.000Z"
          },
          "documents": [
            {
              "id": "doc-33c6881c-57d6-4b87-b1db-40e79bde05c3",
              "documentType": "Award Notice",
              "title": "Fallo",
              "description": "Acta de fallo",
              "url": "http://189.211.120.220:8880/files/opendata/14002-CTO.ARRENDAMIENTO.ALTAVISTA.02-14/12.-%20AF/12.pdf",
              "datePublished": "2014-09-06T05:00:00.000Z",
              "dateModified": "2014-09-06T05:00:00.000Z",
              "format": "html",
              "language": "es"
            },
            {
              "id": "doc-4390b538-f059-4c65-80af-ca1a2683ed3a",
              "documentType": "Award Notice",
              "title": "Fallo",
              "description": "Descripcion del acto de presentacion y apertura de proposiciones",
              "url": "http://189.211.120.220:8880/files/opendata/14002-CTO.ARRENDAMIENTO.ALTAVISTA.02-14/10.-%20AP/10.pdf",
              "datePublished": "2014-09-06T05:00:00.000Z",
              "dateModified": "2014-09-06T05:00:00.000Z",
              "format": "html",
              "language": "es"
            }
          ]
        }
      ],
      "contracts": [
        {
          "id": "CTO.ARRENDAMIENTO.ALTAVISTA02/14",
          "awardID": "No aplica",
          "title": "Arrendamiento del inmueble de  Altavista",
          "description": "Ver documento adjunto",
          "status": "active",
          "period": {
            "startDate": "2014-09-06T05:00:00.000Z",
            "endDate": "2017-08-31T05:00:00.000Z"
          },
          "value": {
            "amount": 18090000,
            "currency": "MXN"
          },
          "items": [
            {
              "id": "item-31daad1b-17b4-4e53-a6bc-40683839bd2f",
              "classification": {
                "scheme": "ARRENDAMIENTO DE EDIFICIOS",
                "id": "3220"
              },
              "quantity": 1,
              "unit": {
                "name": "srv",
                "value": {
                  "amount": 18090000,
                  "currency": "MXN"
                }
              }
            }
          ],
          "dateSigned": "2014-09-06T05:00:00.000Z",
          "documents": [
            {
              "id": "doc-99f7e36f-6e9d-4071-8c5d-9cebcc8bffc1",
              "documentType": "Contract Signed",
              "title": "Cl?usula sobre las condiciones de entrega de la obra",
              "description": "Contrato firmado",
              "url": "http://189.211.120.220:8880/files/opendata/14002-CTO.ARRENDAMIENTO.ALTAVISTA.02-14/15.-%20CF/15.pdf",
              "datePublished": "2014-09-06T05:00:00.000Z",
              "dateModified": "2014-09-06T05:00:00.000Z",
              "format": "html",
              "language": "es"
            },
            {
              "id": "doc-8bc6362b-2fd5-462d-af7a-c57b3fb4fd49",
              "documentType": "Contract Signed",
              "title": "Contrato firmado",
              "description": "Contrato firmado",
              "url": "http://189.211.120.220:8880/files/opendata/14002-CTO.ARRENDAMIENTO.ALTAVISTA.02-14/15.-%20CF/15.pdf",
              "datePublished": "2014-09-06T05:00:00.000Z",
              "dateModified": "2014-09-06T05:00:00.000Z",
              "format": "html",
              "language": "es"
            },
            {
              "id": "doc-e117b00f-4de1-47c1-9ba1-30ebb3474710",
              "documentType": "Contract Guarantees",
              "title": "Fianza de anticipo",
              "description": "Garantia sobre el anticipo",
              "url": "http://189.211.120.220:8880/files/opendata/14002-CTO.ARRENDAMIENTO.ALTAVISTA.02-14/17.-%20GA/17.pdf",
              "datePublished": "2014-09-06T05:00:00.000Z",
              "dateModified": "2014-09-06T05:00:00.000Z",
              "format": "html",
              "language": "es"
            },
            {
              "id": "doc-9b801374-ad93-46ba-97c6-7163e43e1a5a",
              "documentType": "Contract Guarantees",
              "title": "Fianza de cumplimiento",
              "description": "Garantias de cumplimiento",
              "url": "http://189.211.120.220:8880/files/opendata/14002-CTO.ARRENDAMIENTO.ALTAVISTA.02-14/18.-%20GC/18.pdf",
              "datePublished": "2014-09-06T05:00:00.000Z",
              "dateModified": "2014-09-06T05:00:00.000Z",
              "format": "html",
              "language": "es"
            }
          ]
        }
      ],
      "language": "es"
    }
  ],
  "publisher": {
    "name": "GACM",
    "scheme": "SERVICIO",
    "uid": "AS",
    "uri": "http://www.aeropuerto.gob.mx/"
  },
  "license": "https://datos.gob.mx/libreusomx/",
  "publicationPolicy": "https://datos.gob.mx/libreusomx/"
}
