{
  "uri": "https://datos.gob.mx/busca/dataset?organization=gacm",
  "publishedDate": "2017-02-15T16:48:25.985Z",
  "releases": [
    {
      "ocid": "170",
      "id": "RELEASE_170_2017-02-15T16:48:25.984Z",
      "date": "2017-02-09T06:00:00.000Z",
      "tag": [
        "contract"
      ],
      "initiationType": "tender",
      "planning": {
        "budget": {
          "id": "Contar con las instalaciones adecuadas para el desarrollo de las actividades del personal de GACM, asi como para las reuniones de trabajo internas y externas",
          "description": "Presupuesto de Egresos de la Federacion para el presente ejercicio fiscal en Gasto Corriente",
          "amount": {
            "amount": 2735071.2,
            "currency": "MXN"
          },
          "project": "Nuevo Aeropuerto Internacional de la Ciudad de Mexico",
          "projectID": "46101"
        },
        "rationale": "Contar con las instalaciones adecuadas para el desarrollo de las actividades del personal de GACM, asi como para las reuniones de trabajo internas y externas",
        "documents": [
          {
            "id": "doc-7d52e8d6-74ba-442e-87dc-45700aed7397",
            "documentType": "projectPlan",
            "title": "Proyecto ejecutivo de la obra",
            "description": "Terminos de referencia",
            "url": "http://189.211.120.220:8880/files/opendata/14009-ITP-S-DCAGI-SC-009-14/4.-%20TR/4.pdf",
            "datePublished": "2014-12-05T06:00:00.000Z",
            "dateModified": "2014-12-05T06:00:00.000Z",
            "format": "html",
            "language": "es"
          }
        ]
      },
      "tender": {
        "id": "722742",
        "title": "Arrendamiento de Mobiliario Para Las Instalaciones De Torre Murano",
        "description": "Contar con las instalaciones adecuadas para el desarrollo de las actividades del personal de GACM, asi como para las reuniones de trabajo internas y externas",
        "status": "active",
        "items": [
          {
            "id": "item-7ab51d75-c073-44b1-9e9d-560a2449f510",
            "description": "Servicio de arrendamiento de bienes muebles para las instalaciones de Torre Murano",
            "classification": {
              "scheme": "ARRENDAMIENTO DE MOBILIARIO Y EQUIPO DE ADMINISTRACION, EDUCACIONAL Y RECREATIVO",
              "id": "3230"
            },
            "quantity": 1,
            "unit": {
              "name": "srv",
              "value": {
                "amount": 1914364.79,
                "currency": "MXN"
              }
            }
          }
        ],
        "value": {
          "amount": 2735071.2,
          "currency": "MXN"
        },
        "procurementMethod": "selective",
        "procurementMethodRationale": "Nacional",
        "metodoDeAdquisicion": "Invitación a tres",
        "awardCriteria": "bestValueToGoverment",
        "awardCriteriaDetails": "Presencial",
        "submissionMethod": [
          "Presencial"
        ],
        "tenderPeriod": {
          "endDate": "2014-12-04T06:00:00.000Z"
        },
        "enquiryPeriod": {
          "startDate": "2014-12-02T06:00:00.000Z",
          "endDate": "2014-12-02T06:00:00.000Z"
        },
        "eligibilityCriteria": "Ver documento adjunto",
        "awardPeriod": {
          "endDate": "2014-12-04T06:00:00.000Z"
        },
        "documents": [
          {
            "id": "doc-42c4e675-9b50-49f8-aac6-1fdfb849a760",
            "documentType": "Clarifications",
            "title": "Actas de la junta de aclaraciones",
            "description": "Actas de la junta de aclaraciones",
            "url": "http://189.211.120.220:8880/files/opendata/14009-ITP-S-DCAGI-SC-009-14/9.-%20AJ/9.pdf",
            "datePublished": "2014-12-05T06:00:00.000Z",
            "dateModified": "2014-12-05T06:00:00.000Z",
            "format": "html",
            "language": "es"
          },
          {
            "id": "doc-024bc74f-2959-4f46-be22-7f20e5925eda",
            "documentType": "Tender Notice",
            "title": "Documento que contiene las especificaciones t?cnicas de la obra",
            "description": "Convocatoria al procedimiento de contratacion",
            "url": "http://189.211.120.220:8880/files/opendata/14009-ITP-S-DCAGI-SC-009-14/8.-%20CC/8.pdf",
            "datePublished": "2014-12-05T06:00:00.000Z",
            "dateModified": "2014-12-05T06:00:00.000Z",
            "format": "html",
            "language": "es"
          },
          {
            "id": "doc-bcaacb59-c164-4fd5-876c-48dee655de50",
            "documentType": "Tender Notice",
            "title": "Documento que describe los criterios de evaluaci?n",
            "description": "Convocatoria al procedimiento de contratacion",
            "url": "http://189.211.120.220:8880/files/opendata/14009-ITP-S-DCAGI-SC-009-14/8.-%20CC/8.pdf",
            "datePublished": "2014-12-05T06:00:00.000Z",
            "dateModified": "2014-12-05T06:00:00.000Z",
            "format": "html",
            "language": "es"
          },
          {
            "id": "doc-b9ea885b-8f7b-4b9a-a206-21feb24457d1",
            "documentType": "Tender Notice",
            "title": "Documento que contiene los objetivos y caracter?sticas del contrato y proceso de licitaci?n",
            "description": "Convocatoria al procedimiento de contratacion",
            "url": "http://189.211.120.220:8880/files/opendata/14009-ITP-S-DCAGI-SC-009-14/8.-%20CC/8.pdf",
            "datePublished": "2014-12-05T06:00:00.000Z",
            "dateModified": "2014-12-05T06:00:00.000Z",
            "format": "html",
            "language": "es"
          },
          {
            "id": "doc-62a10ed0-9e2c-4e8d-bb8f-ef3c9a180ce5",
            "documentType": "Tender Notice",
            "title": "Convocatoria al procedimiento de contrataci?n",
            "description": "Convocatoria al procedimiento de contratacion",
            "url": "http://189.211.120.220:8880/files/opendata/14009-ITP-S-DCAGI-SC-009-14/8.-%20CC/8.pdf",
            "datePublished": "2014-12-05T06:00:00.000Z",
            "dateModified": "2014-12-05T06:00:00.000Z",
            "format": "html",
            "language": "es"
          },
          {
            "id": "doc-f4bf8eda-8698-421d-8f50-c148f04414e6",
            "documentType": "Tender Notice",
            "title": "Documento que describe los criterios que deben cumplir los licitantes",
            "description": "Convocatoria al procedimiento de contratacion",
            "url": "http://189.211.120.220:8880/files/opendata/14009-ITP-S-DCAGI-SC-009-14/8.-%20CC/8.pdf",
            "datePublished": "2014-12-05T06:00:00.000Z",
            "dateModified": "2014-12-05T06:00:00.000Z",
            "format": "html",
            "language": "es"
          }
        ]
      },
      "buyer": {
        "identifier": {
          "scheme": "MK-009KDH999",
          "id": "GACM",
          "legalName": "Grupo Aeroportuario de la Ciudad de Mexico, S.A. de C.V.",
          "uri": "http://www.aeropuerto.gob.mx/"
        },
        "name": "Grupo Aeroportuario de la Ciudad de Mexico, S.A. de C.V.",
        "address": {
          "streetAddress": "AV. INSURGENTES SUR NO. 2453 PISO 2 OFICINA 203",
          "locality": "COL. TIZAPAN",
          "region": "DEL. ALVARO OBREGON",
          "postalCode": "01090",
          "countryName": "Mexico"
        },
        "contactPoint": {
          "name": "G05-DIRECCION CORPORATIVA DE ADMINISTRACION Y GESTION INMOBILIARIA",
          "url": "http://www.aeropuerto.gob.mx/"
        }
      },
      "awards": [
        {
          "id": "IA-009KDH999-N8-2014",
          "title": "Arrendamiento de Mobiliario Para Las Instalaciones De Torre Murano",
          "description": "Ver documento adjunto",
          "status": "active",
          "date": "2014-12-05T06:00:00.000Z",
          "value": {
            "amount": 1914364.79,
            "currency": "MXN"
          },
          "suppliers": [
            {
              "identifier": {
                "id": "LIM000928AC8",
                "legalName": "Lanz Import S. A. de C. V."
              },
              "name": "Lanz Import S. A. de C. V.",
              "address": {
                "streetAddress": "Av. Paseo de la Reforma No. 725",
                "locality": "Lomas de Chapultepec V Seccion",
                "region": "Miguel Hidalgo",
                "postalCode": "11000",
                "countryName": "Mexico"
              }
            }
          ],
          "items": [
            {
              "id": "item-113006a5-ce5e-4980-b24a-72c92b508feb",
              "description": "Servicio de arrendamiento de bienes muebles para las instalaciones de Torre Murano",
              "classification": {
                "scheme": "ARRENDAMIENTO DE MOBILIARIO Y EQUIPO DE ADMINISTRACION, EDUCACIONAL Y RECREATIVO",
                "id": "3230"
              },
              "quantity": 1,
              "unit": {
                "name": "srv",
                "value": {
                  "amount": 1914364.79,
                  "currency": "MXN"
                }
              }
            }
          ],
          "contractPeriod": {
            "startDate": "2014-12-05T06:00:00.000Z",
            "endDate": "2017-12-05T06:00:00.000Z"
          },
          "documents": [
            {
              "id": "doc-511470c8-b09d-4992-b464-913af91fe6bc",
              "documentType": "Award Notice",
              "title": "Fallo",
              "description": "Acta de fallo",
              "url": "http://189.211.120.220:8880/files/opendata/14009-ITP-S-DCAGI-SC-009-14/12.-%20AF/12.pdf",
              "datePublished": "2014-12-05T06:00:00.000Z",
              "dateModified": "2014-12-05T06:00:00.000Z",
              "format": "html",
              "language": "es"
            },
            {
              "id": "doc-2798cb37-34d6-418e-b36b-b7c8a60bdbbe",
              "documentType": "Award Notice",
              "title": "Fallo",
              "description": "Descripcion del acto de presentacion y apertura de proposiciones",
              "url": "http://189.211.120.220:8880/files/opendata/14009-ITP-S-DCAGI-SC-009-14/10.-%20AP/10.pdf",
              "datePublished": "2014-12-05T06:00:00.000Z",
              "dateModified": "2014-12-05T06:00:00.000Z",
              "format": "html",
              "language": "es"
            }
          ]
        }
      ],
      "contracts": [
        {
          "id": "ITP-S-DCAGI-SC-009/2014",
          "awardID": "IA-009KDH999-N8-2014",
          "title": "Arrendamiento de Mobiliario Para Las Instalaciones De Torre Murano",
          "description": "Ver documento adjunto",
          "status": "active",
          "period": {
            "startDate": "2014-12-05T06:00:00.000Z",
            "endDate": "2017-12-05T06:00:00.000Z"
          },
          "value": {
            "amount": 1914364.79,
            "currency": "MXN"
          },
          "items": [
            {
              "id": "item-b5deffa3-97f5-4208-9fc2-fe0ea8a3b571",
              "description": "Servicio de arrendamiento de bienes muebles para las instalaciones de Torre Murano",
              "classification": {
                "scheme": "ARRENDAMIENTO DE MOBILIARIO Y EQUIPO DE ADMINISTRACION, EDUCACIONAL Y RECREATIVO",
                "id": "3230"
              },
              "quantity": 1,
              "unit": {
                "name": "srv",
                "value": {
                  "amount": 1914364.79,
                  "currency": "MXN"
                }
              }
            }
          ],
          "dateSigned": "2014-12-05T06:00:00.000Z",
          "documents": [
            {
              "id": "doc-6cc99165-109f-4dfe-9dcb-4f05f667a909",
              "documentType": "Contract Signed",
              "title": "Cl?usula sobre las condiciones de entrega de la obra",
              "description": "Contrato firmado",
              "url": "http://189.211.120.220:8880/files/opendata/14009-ITP-S-DCAGI-SC-009-14/15.-%20CF/15.pdf",
              "datePublished": "2014-12-05T06:00:00.000Z",
              "dateModified": "2014-12-05T06:00:00.000Z",
              "format": "html",
              "language": "es"
            },
            {
              "id": "doc-3a8e8f8b-8271-4501-8405-ba10b92812c6",
              "documentType": "Contract Signed",
              "title": "Contrato firmado",
              "description": "Contrato firmado",
              "url": "http://189.211.120.220:8880/files/opendata/14009-ITP-S-DCAGI-SC-009-14/15.-%20CF/15.pdf",
              "datePublished": "2014-12-05T06:00:00.000Z",
              "dateModified": "2014-12-05T06:00:00.000Z",
              "format": "html",
              "language": "es"
            },
            {
              "id": "doc-0bf7e57a-25f4-44ee-ba47-500b5aa201de",
              "documentType": "Contract Guarantees",
              "title": "Fianza de anticipo",
              "description": "Garantia sobre el anticipo",
              "url": "http://189.211.120.220:8880/files/opendata/14009-ITP-S-DCAGI-SC-009-14/17.-%20GA/17.pdf",
              "datePublished": "2014-12-05T06:00:00.000Z",
              "dateModified": "2014-12-05T06:00:00.000Z",
              "format": "html",
              "language": "es"
            },
            {
              "id": "doc-51e290bd-99f3-4858-af45-bf0823d69f81",
              "documentType": "Contract Guarantees",
              "title": "Fianza de cumplimiento",
              "description": "Garantias de cumplimiento",
              "url": "http://189.211.120.220:8880/files/opendata/14009-ITP-S-DCAGI-SC-009-14/18.-%20GC/18.pdf",
              "datePublished": "2014-12-05T06:00:00.000Z",
              "dateModified": "2014-12-05T06:00:00.000Z",
              "format": "html",
              "language": "es"
            }
          ]
        }
      ],
      "language": "es"
    }
  ],
  "publisher": {
    "name": "GACM",
    "scheme": "SERVICIO",
    "uid": "AS",
    "uri": "http://www.aeropuerto.gob.mx/"
  },
  "license": "https://datos.gob.mx/libreusomx/",
  "publicationPolicy": "https://datos.gob.mx/libreusomx/"
}
