{
  "uri": "https://datos.gob.mx/busca/dataset?organization=gacm",
  "publishedDate": "2017-02-15T16:48:26.015Z",
  "releases": [
    {
      "ocid": "171",
      "id": "RELEASE_171_2017-02-15T16:48:26.014Z",
      "date": "2017-02-09T06:00:00.000Z",
      "tag": [
        "contract"
      ],
      "initiationType": "tender",
      "planning": {
        "budget": {
          "id": "Servicios Especializados en el suministro de terceros, en materia administrativa y servicios generales considerados en regimen de subcontratacion",
          "description": "Presupuesto de Egresos de la Federacion 2014",
          "amount": {
            "amount": 129391633,
            "currency": "MXN"
          },
          "project": "Nuevo Aeropuerto Internacional de la Ciudad de Mexico",
          "projectID": "46101"
        },
        "rationale": "Servicios Especializados en el suministro de terceros, en materia administrativa y servicios generales considerados en regimen de subcontratacion",
        "documents": [
          {
            "id": "doc-9594d395-ef88-4b8c-822e-09826d0e9456",
            "documentType": "projectPlan",
            "title": "Proyecto ejecutivo de la obra",
            "description": "Terminos de referencia",
            "url": "http://189.211.120.220:8880/files/opendata/14004-ITP-S-DCAGI-SC-004-14/4.-%20TR/4.pdf",
            "datePublished": "2014-12-01T06:00:00.000Z",
            "dateModified": "2014-12-01T06:00:00.000Z",
            "format": "html",
            "language": "es"
          }
        ]
      },
      "tender": {
        "id": "746800",
        "title": "Servicios Especializados en el suministro de terceros, en materia administrativa y servicios generales considerados en regimen de subcontratacion",
        "description": "Servicios Especializados en el suministro de terceros, en materia administrativa y servicios generales considerados en regimen de subcontratacion",
        "status": "active",
        "items": [
          {
            "id": "item-5636cef0-08b6-4946-902f-a787d5c27c89",
            "description": "Servicios Especializados en el suministro de terceros, en materia administrativa y servicios generales considerados en regimen de subcontratacion",
            "classification": {
              "scheme": "SERVICIOS PROFESIONALES, CIENTIFICOS Y TECNICOS INTEGRALES",
              "id": "3390"
            },
            "quantity": 1,
            "unit": {
              "name": "srv",
              "value": {
                "amount": 51096437,
                "currency": "MXN"
              }
            }
          }
        ],
        "value": {
          "amount": 129391633,
          "currency": "MXN"
        },
        "procurementMethod": "limited",
        "procurementMethodRationale": "Nacional",
        "metodoDeAdquisicion": "Adjudicación directa",
        "awardCriteria": "bestValueToGoverment",
        "awardCriteriaDetails": "No aplica",
        "submissionMethod": [
          "Presencial"
        ],
        "eligibilityCriteria": "Ver documento adjunto",
        "documents": [
          {
            "id": "doc-6753c736-17ce-47e6-af69-910c35301427",
            "documentType": "Clarifications",
            "title": "Actas de la junta de aclaraciones",
            "description": "Actas de la junta de aclaraciones",
            "url": "http://189.211.120.220:8880/files/opendata/14004-ITP-S-DCAGI-SC-004-14/9.-%20AJ/9.pdf",
            "datePublished": "2014-12-01T06:00:00.000Z",
            "dateModified": "2014-12-01T06:00:00.000Z",
            "format": "html",
            "language": "es"
          },
          {
            "id": "doc-f7e83c43-bccd-4d4a-82f2-fe8cfb32adef",
            "documentType": "Tender Notice",
            "title": "Documento que contiene las especificaciones t?cnicas de la obra",
            "description": "Convocatoria al procedimiento de contratacion",
            "url": "http://189.211.120.220:8880/files/opendata/14004-ITP-S-DCAGI-SC-004-14/8.-%20CC/8.pdf",
            "datePublished": "2014-12-01T06:00:00.000Z",
            "dateModified": "2014-12-01T06:00:00.000Z",
            "format": "html",
            "language": "es"
          },
          {
            "id": "doc-688f7c7f-0ee3-403b-ab95-5078df9b1ea3",
            "documentType": "Tender Notice",
            "title": "Documento que describe los criterios de evaluaci?n",
            "description": "Convocatoria al procedimiento de contratacion",
            "url": "http://189.211.120.220:8880/files/opendata/14004-ITP-S-DCAGI-SC-004-14/8.-%20CC/8.pdf",
            "datePublished": "2014-12-01T06:00:00.000Z",
            "dateModified": "2014-12-01T06:00:00.000Z",
            "format": "html",
            "language": "es"
          },
          {
            "id": "doc-901db1a1-429c-409e-8324-7a49999a7f39",
            "documentType": "Tender Notice",
            "title": "Documento que contiene los objetivos y caracter?sticas del contrato y proceso de licitaci?n",
            "description": "Convocatoria al procedimiento de contratacion",
            "url": "http://189.211.120.220:8880/files/opendata/14004-ITP-S-DCAGI-SC-004-14/8.-%20CC/8.pdf",
            "datePublished": "2014-12-01T06:00:00.000Z",
            "dateModified": "2014-12-01T06:00:00.000Z",
            "format": "html",
            "language": "es"
          },
          {
            "id": "doc-5c16c96f-c232-4777-82a2-167bd9854ded",
            "documentType": "Tender Notice",
            "title": "Convocatoria al procedimiento de contrataci?n",
            "description": "Convocatoria al procedimiento de contratacion",
            "url": "http://189.211.120.220:8880/files/opendata/14004-ITP-S-DCAGI-SC-004-14/8.-%20CC/8.pdf",
            "datePublished": "2014-12-01T06:00:00.000Z",
            "dateModified": "2014-12-01T06:00:00.000Z",
            "format": "html",
            "language": "es"
          },
          {
            "id": "doc-2f411f61-dc2f-4502-9237-48c0c120fd8c",
            "documentType": "Tender Notice",
            "title": "Documento que describe los criterios que deben cumplir los licitantes",
            "description": "Convocatoria al procedimiento de contratacion",
            "url": "http://189.211.120.220:8880/files/opendata/14004-ITP-S-DCAGI-SC-004-14/8.-%20CC/8.pdf",
            "datePublished": "2014-12-01T06:00:00.000Z",
            "dateModified": "2014-12-01T06:00:00.000Z",
            "format": "html",
            "language": "es"
          }
        ]
      },
      "buyer": {
        "identifier": {
          "scheme": "MK-009KDH999",
          "id": "GACM",
          "legalName": "Grupo Aeroportuario de la Ciudad de Mexico, S.A. de C.V.",
          "uri": "http://www.aeropuerto.gob.mx/"
        },
        "name": "Grupo Aeroportuario de la Ciudad de Mexico, S.A. de C.V.",
        "address": {
          "streetAddress": "AV. INSURGENTES SUR NO. 2453 PISO 2 OFICINA 203",
          "locality": "COL. TIZAPAN",
          "region": "DEL. ALVARO OBREGON",
          "postalCode": "01090",
          "countryName": "Mexico"
        },
        "contactPoint": {
          "name": "G05-DIRECCION CORPORATIVA DE ADMINISTRACION Y GESTION INMOBILIARIA",
          "url": "http://www.aeropuerto.gob.mx/"
        }
      },
      "awards": [
        {
          "id": "SA-009KDH999-N2-2015",
          "title": "Servicios Especializados en el suministro de terceros, en materia administrativa y servicios generales considerados en regimen de subcontratacion",
          "description": "Ver documento adjunto",
          "status": "active",
          "date": "2014-11-24T06:00:00.000Z",
          "value": {
            "amount": 51096437,
            "currency": "MXN"
          },
          "suppliers": [
            {
              "identifier": {
                "id": "AAC030703TC0",
                "legalName": "ARGU ASESORES EN CAPITAL HUMANO S.C."
              },
              "name": "ARGU ASESORES EN CAPITAL HUMANO S.C.",
              "address": {
                "streetAddress": "Calle Pico de Verapaz 435, Torre Cima PH2",
                "locality": "Jardines en la Montana",
                "region": "Tlalpan",
                "postalCode": "14210",
                "countryName": "Mexico"
              }
            }
          ],
          "items": [
            {
              "id": "item-43f26645-a373-4cbe-9f81-468070e24a83",
              "description": "Servicios Especializados en el suministro de terceros, en materia administrativa y servicios generales considerados en regimen de subcontratacion",
              "classification": {
                "scheme": "SERVICIOS PROFESIONALES, CIENTIFICOS Y TECNICOS INTEGRALES",
                "id": "3390"
              },
              "quantity": 1,
              "unit": {
                "name": "srv",
                "value": {
                  "amount": 51096437,
                  "currency": "MXN"
                }
              }
            }
          ],
          "contractPeriod": {
            "startDate": "2014-12-01T06:00:00.000Z",
            "endDate": "2015-11-30T06:00:00.000Z"
          },
          "documents": [
            {
              "id": "doc-d3ac8841-f02d-4611-a0ee-2729dd3034db",
              "documentType": "Award Notice",
              "title": "Fallo",
              "description": "Acta de fallo",
              "url": "http://189.211.120.220:8880/files/opendata/14004-ITP-S-DCAGI-SC-004-14/12.-%20AF/12.pdf",
              "datePublished": "2014-12-01T06:00:00.000Z",
              "dateModified": "2014-12-01T06:00:00.000Z",
              "format": "html",
              "language": "es"
            },
            {
              "id": "doc-301ea2c7-fc9b-4d38-81c7-1975f7780db4",
              "documentType": "Award Notice",
              "title": "Fallo",
              "description": "Descripcion del acto de presentacion y apertura de proposiciones",
              "url": "http://189.211.120.220:8880/files/opendata/14004-ITP-S-DCAGI-SC-004-14/10.-%20AP/10.pdf",
              "datePublished": "2014-12-01T06:00:00.000Z",
              "dateModified": "2014-12-01T06:00:00.000Z",
              "format": "html",
              "language": "es"
            }
          ]
        }
      ],
      "contracts": [
        {
          "id": "ITP-S-DCAGI-SC-004/2014",
          "awardID": "SA-009KDH999-N2-2015",
          "title": "Servicios Especializados en el suministro de terceros, en materia administrativa y servicios generales considerados en regimen de subcontratacion",
          "description": "Ver documento adjunto",
          "status": "active",
          "period": {
            "startDate": "2014-12-01T06:00:00.000Z",
            "endDate": "2015-11-30T06:00:00.000Z"
          },
          "value": {
            "amount": 51096437,
            "currency": "MXN"
          },
          "items": [
            {
              "id": "item-21513d45-2269-45be-9d90-1785d4d98b1b",
              "description": "Servicios Especializados en el suministro de terceros, en materia administrativa y servicios generales considerados en regimen de subcontratacion",
              "classification": {
                "scheme": "SERVICIOS PROFESIONALES, CIENTIFICOS Y TECNICOS INTEGRALES",
                "id": "3390"
              },
              "quantity": 1,
              "unit": {
                "name": "srv",
                "value": {
                  "amount": 51096437,
                  "currency": "MXN"
                }
              }
            }
          ],
          "dateSigned": "2014-12-01T06:00:00.000Z",
          "documents": [
            {
              "id": "doc-48affdec-fd84-40ef-a20f-1e3586e1eccd",
              "documentType": "Contract Signed",
              "title": "Cl?usula sobre las condiciones de entrega de la obra",
              "description": "Contrato firmado",
              "url": "http://189.211.120.220:8880/files/opendata/14004-ITP-S-DCAGI-SC-004-14/15.-%20CF/15.pdf",
              "datePublished": "2014-12-01T06:00:00.000Z",
              "dateModified": "2014-12-01T06:00:00.000Z",
              "format": "html",
              "language": "es"
            },
            {
              "id": "doc-b60b61aa-2b27-4f3b-96f3-24a3ac15c894",
              "documentType": "Contract Signed",
              "title": "Contrato firmado",
              "description": "Contrato firmado",
              "url": "http://189.211.120.220:8880/files/opendata/14004-ITP-S-DCAGI-SC-004-14/15.-%20CF/15.pdf",
              "datePublished": "2014-12-01T06:00:00.000Z",
              "dateModified": "2014-12-01T06:00:00.000Z",
              "format": "html",
              "language": "es"
            },
            {
              "id": "doc-e04ecc5e-9800-49c7-9bc9-c3eb6846efa6",
              "documentType": "Contract Guarantees",
              "title": "Fianza de anticipo",
              "description": "Garantia sobre el anticipo",
              "url": "http://189.211.120.220:8880/files/opendata/14004-ITP-S-DCAGI-SC-004-14/17.-%20GA/17.pdf",
              "datePublished": "2014-12-01T06:00:00.000Z",
              "dateModified": "2014-12-01T06:00:00.000Z",
              "format": "html",
              "language": "es"
            },
            {
              "id": "doc-9a312f0e-3a8b-4185-a118-ef90f0834f89",
              "documentType": "Contract Guarantees",
              "title": "Fianza de cumplimiento",
              "description": "Garantias de cumplimiento",
              "url": "http://189.211.120.220:8880/files/opendata/14004-ITP-S-DCAGI-SC-004-14/18.-%20GC/18.pdf",
              "datePublished": "2014-12-01T06:00:00.000Z",
              "dateModified": "2014-12-01T06:00:00.000Z",
              "format": "html",
              "language": "es"
            }
          ]
        }
      ],
      "language": "es"
    }
  ],
  "publisher": {
    "name": "GACM",
    "scheme": "SERVICIO",
    "uid": "AS",
    "uri": "http://www.aeropuerto.gob.mx/"
  },
  "license": "https://datos.gob.mx/libreusomx/",
  "publicationPolicy": "https://datos.gob.mx/libreusomx/"
}
