{
  "uri": "https://datos.gob.mx/busca/dataset?organization=gacm",
  "publishedDate": "2017-02-15T16:48:26.172Z",
  "releases": [
    {
      "ocid": "173",
      "id": "RELEASE_173_2017-02-15T16:48:26.171Z",
      "date": "2017-02-09T06:00:00.000Z",
      "tag": [
        "contract"
      ],
      "initiationType": "tender",
      "planning": {
        "budget": {
          "id": "Fideicomiso Publico de Administracion y Pago destinado a solventar los gastos relacionados con la planeacion, diseno y construccion del Nuevo Aeropuerto Internacional de la Ciudad de Mexico y, en su caso, sus obras complementarias, en terminos de las disposicioners aplicables",
          "description": "Presupuesto de Egresos de la Fedracion 2014 al 2024",
          "amount": {
            "amount": 100000000,
            "currency": "MXN"
          },
          "project": "Nuevo Aeropuerto Internacional de la Ciudad de Mexico",
          "projectID": "46101"
        },
        "rationale": "Fideicomiso Publico de Administracion y Pago destinado a solventar los gastos relacionados con la planeacion, diseno y construccion del Nuevo Aeropuerto Internacional de la Ciudad de Mexico y, en su caso, sus obras complementarias, en terminos de las disposicioners aplicables",
        "documents": [
          {
            "id": "doc-2d1b2700-9c67-4fce-a809-fb301ef8a576",
            "documentType": "projectPlan",
            "title": "Proyecto ejecutivo de la obra",
            "description": "Terminos de referencia",
            "url": "http://189.211.120.220:8880/files/opendata/14001-CTO.FIDEICOMISO-01-14/4.-%20TR/4.pdf",
            "datePublished": "2014-10-29T06:00:00.000Z",
            "dateModified": "2014-10-29T06:00:00.000Z",
            "format": "html",
            "language": "es"
          }
        ]
      },
      "tender": {
        "id": "No aplica",
        "title": "Fideicomiso Publico de Administracion y Pago destinado a solventar los gastos relacionados con la planeacion, diseno y construccion del Nuevo Aeropuerto Internacional de la Ciudad de Mexico y, en su caso, sus obras complementarias, en terminos de las disposicioners aplicables",
        "description": "Fideicomiso Publico de Administracion y Pago destinado a solventar los gastos relacionados con la planeacion, diseno y construccion del Nuevo Aeropuerto Internacional de la Ciudad de Mexico y, en su caso, sus obras complementarias, en terminos de las disposicioners aplicables",
        "status": "active",
        "items": [
          {
            "id": "item-ee50a00a-7cf8-43d4-b1a5-346b83f37f4f",
            "description": "Fideicomiso Publico de Administracion y Pago destinado a solventar los gastos relacionados con la planeacion, diseno y construccion del Nuevo Aeropuerto Internacional de la Ciudad de Mexico y, en su caso, sus obras complementarias, en terminos de las disposicioners aplicables",
            "classification": {
              "scheme": "EDIFICACION NO HABITACIONAL",
              "id": "6220"
            },
            "quantity": 1,
            "unit": {
              "name": "srv",
              "value": {
                "amount": 100000000,
                "currency": "MXN"
              }
            }
          }
        ],
        "value": {
          "amount": 100000000,
          "currency": "MXN"
        },
        "procurementMethod": "limited",
        "procurementMethodRationale": "No Aplica.",
        "metodoDeAdquisicion": "Adjudicación directa",
        "awardCriteria": "bestValueToGoverment",
        "awardCriteriaDetails": "Presencial",
        "submissionMethod": [
          "No Aplica."
        ],
        "eligibilityCriteria": "Ver documento adjunto",
        "documents": [
          {
            "id": "doc-dd028396-9564-4f9d-bc17-f2edf35012c1",
            "documentType": "Clarifications",
            "title": "Actas de la junta de aclaraciones",
            "description": "Actas de la junta de aclaraciones",
            "url": "http://189.211.120.220:8880/files/opendata/14001-CTO.FIDEICOMISO-01-14/9.-%20AJ/9.pdf",
            "datePublished": "2014-10-29T06:00:00.000Z",
            "dateModified": "2014-10-29T06:00:00.000Z",
            "format": "html",
            "language": "es"
          },
          {
            "id": "doc-30507860-24ea-48c2-ba38-ed534a301ba4",
            "documentType": "Tender Notice",
            "title": "Documento que contiene las especificaciones t?cnicas de la obra",
            "description": "Convocatoria al procedimiento de contratacion",
            "url": "http://189.211.120.220:8880/files/opendata/14001-CTO.FIDEICOMISO-01-14/8.-%20CC/8.pdf",
            "datePublished": "2014-10-29T06:00:00.000Z",
            "dateModified": "2014-10-29T06:00:00.000Z",
            "format": "html",
            "language": "es"
          },
          {
            "id": "doc-763ce631-dcdc-4556-90be-b9000edaa651",
            "documentType": "Tender Notice",
            "title": "Documento que describe los criterios de evaluaci?n",
            "description": "Convocatoria al procedimiento de contratacion",
            "url": "http://189.211.120.220:8880/files/opendata/14001-CTO.FIDEICOMISO-01-14/8.-%20CC/8.pdf",
            "datePublished": "2014-10-29T06:00:00.000Z",
            "dateModified": "2014-10-29T06:00:00.000Z",
            "format": "html",
            "language": "es"
          },
          {
            "id": "doc-ddea4d74-ab46-4dd3-b304-79afc2571ea4",
            "documentType": "Tender Notice",
            "title": "Documento que contiene los objetivos y caracter?sticas del contrato y proceso de licitaci?n",
            "description": "Convocatoria al procedimiento de contratacion",
            "url": "http://189.211.120.220:8880/files/opendata/14001-CTO.FIDEICOMISO-01-14/8.-%20CC/8.pdf",
            "datePublished": "2014-10-29T06:00:00.000Z",
            "dateModified": "2014-10-29T06:00:00.000Z",
            "format": "html",
            "language": "es"
          },
          {
            "id": "doc-69bffc82-85f7-4c03-9c0e-c25cf1c19996",
            "documentType": "Tender Notice",
            "title": "Convocatoria al procedimiento de contrataci?n",
            "description": "Convocatoria al procedimiento de contratacion",
            "url": "http://189.211.120.220:8880/files/opendata/14001-CTO.FIDEICOMISO-01-14/8.-%20CC/8.pdf",
            "datePublished": "2014-10-29T06:00:00.000Z",
            "dateModified": "2014-10-29T06:00:00.000Z",
            "format": "html",
            "language": "es"
          },
          {
            "id": "doc-9d1a5e3d-849c-47d7-b12a-352badb62c1b",
            "documentType": "Tender Notice",
            "title": "Documento que describe los criterios que deben cumplir los licitantes",
            "description": "Convocatoria al procedimiento de contratacion",
            "url": "http://189.211.120.220:8880/files/opendata/14001-CTO.FIDEICOMISO-01-14/8.-%20CC/8.pdf",
            "datePublished": "2014-10-29T06:00:00.000Z",
            "dateModified": "2014-10-29T06:00:00.000Z",
            "format": "html",
            "language": "es"
          }
        ]
      },
      "buyer": {
        "identifier": {
          "scheme": "MK-009KDH999",
          "id": "GACM",
          "legalName": "Grupo Aeroportuario de la Ciudad de Mexico, S.A. de C.V.",
          "uri": "http://www.aeropuerto.gob.mx/"
        },
        "name": "Grupo Aeroportuario de la Ciudad de Mexico, S.A. de C.V.",
        "address": {
          "streetAddress": "AV. INSURGENTES SUR NO. 2453 PISO 2 OFICINA 203",
          "locality": "COL. TIZAPAN",
          "region": "DEL. ALVARO OBREGON",
          "postalCode": "01090",
          "countryName": "Mexico"
        },
        "contactPoint": {
          "name": "G05-DIRECCION CORPORATIVA DE ADMINISTRACION Y GESTION INMOBILIARIA",
          "url": "http://www.aeropuerto.gob.mx/"
        }
      },
      "awards": [
        {
          "id": "No Aplica",
          "title": "Fideicomiso Publico de Administracion y Pago destinado a solventar los gastos relacionados con la planeacion, diseno y construccion del Nuevo Aeropuerto Internacional de la Ciudad de Mexico y, en su caso, sus obras complementarias, en terminos de las disposicioners aplicables",
          "description": "Ver documento adjunto",
          "status": "active",
          "value": {
            "amount": 100000000,
            "currency": "MXN"
          },
          "suppliers": [
            {
              "identifier": {
                "id": "NFI3406305T0",
                "legalName": "Nacional Fiananciera Sociedad Nacional de Credito, Institucion de Banca de Desarrollo"
              },
              "name": "Nacional Fiananciera Sociedad Nacional de Credito, Institucion de Banca de Desarrollo",
              "address": {
                "streetAddress": "Avenida Insurgentes Sur numero 1971, Torre IV, Piso 6",
                "locality": "Guadalupe Inn",
                "region": "Alvaro Obregon",
                "postalCode": "1020",
                "countryName": "Mexico"
              }
            }
          ],
          "items": [
            {
              "id": "item-66beec18-6efa-4779-af5b-4ef193ad10e8",
              "description": "Fideicomiso Publico de Administracion y Pago destinado a solventar los gastos relacionados con la planeacion, diseno y construccion del Nuevo Aeropuerto Internacional de la Ciudad de Mexico y, en su caso, sus obras complementarias, en terminos de las disposicioners aplicables",
              "classification": {
                "scheme": "EDIFICACION NO HABITACIONAL",
                "id": "6220"
              },
              "quantity": 1,
              "unit": {
                "name": "srv",
                "value": {
                  "amount": 100000000,
                  "currency": "MXN"
                }
              }
            }
          ],
          "contractPeriod": {
            "startDate": "2014-10-29T06:00:00.000Z",
            "endDate": "2024-10-29T06:00:00.000Z"
          },
          "documents": [
            {
              "id": "doc-2148d995-f5f7-44f8-84c3-e783c481cb48",
              "documentType": "Award Notice",
              "title": "Fallo",
              "description": "Acta de fallo",
              "url": "http://189.211.120.220:8880/files/opendata/14001-CTO.FIDEICOMISO-01-14/12.-%20AF/12.pdf",
              "datePublished": "2014-10-29T06:00:00.000Z",
              "dateModified": "2014-10-29T06:00:00.000Z",
              "format": "html",
              "language": "es"
            },
            {
              "id": "doc-41b950c3-0a92-42c9-b7c4-de708ee5a213",
              "documentType": "Award Notice",
              "title": "Fallo",
              "description": "Descripcion del acto de presentacion y apertura de proposiciones",
              "url": "http://189.211.120.220:8880/files/opendata/14001-CTO.FIDEICOMISO-01-14/10.-%20AP/10.pdf",
              "datePublished": "2014-10-29T06:00:00.000Z",
              "dateModified": "2014-10-29T06:00:00.000Z",
              "format": "html",
              "language": "es"
            }
          ]
        }
      ],
      "contracts": [
        {
          "id": "CTO.FIDEICOMISO-01-14",
          "awardID": "No Aplica",
          "title": "Fideicomiso Publico de Administracion y Pago destinado a solventar los gastos relacionados con la planeacion, diseno y construccion del Nuevo Aeropuerto Internacional de la Ciudad de Mexico y, en su caso, sus obras complementarias, en terminos de las disposicioners aplicables",
          "description": "Ver documento adjunto",
          "status": "active",
          "period": {
            "startDate": "2014-10-29T06:00:00.000Z",
            "endDate": "2024-10-29T06:00:00.000Z"
          },
          "value": {
            "amount": 100000000,
            "currency": "MXN"
          },
          "items": [
            {
              "id": "item-faac89b6-18af-42f1-b3a6-ff648d1190bd",
              "description": "Fideicomiso Publico de Administracion y Pago destinado a solventar los gastos relacionados con la planeacion, diseno y construccion del Nuevo Aeropuerto Internacional de la Ciudad de Mexico y, en su caso, sus obras complementarias, en terminos de las disposicioners aplicables",
              "classification": {
                "scheme": "EDIFICACION NO HABITACIONAL",
                "id": "6220"
              },
              "quantity": 1,
              "unit": {
                "name": "srv",
                "value": {
                  "amount": 100000000,
                  "currency": "MXN"
                }
              }
            }
          ],
          "dateSigned": "2014-10-29T06:00:00.000Z",
          "documents": [
            {
              "id": "doc-4bf051d6-6aee-44f2-81cc-d4ce3de6c4a3",
              "documentType": "Contract Signed",
              "title": "Cl?usula sobre las condiciones de entrega de la obra",
              "description": "Contrato firmado",
              "url": "http://189.211.120.220:8880/files/opendata/14001-CTO.FIDEICOMISO-01-14/15.-%20CF/15.pdf",
              "datePublished": "2014-10-29T06:00:00.000Z",
              "dateModified": "2014-10-29T06:00:00.000Z",
              "format": "html",
              "language": "es"
            },
            {
              "id": "doc-385ae209-76c4-4ff3-9661-11ec70a34ee1",
              "documentType": "Contract Signed",
              "title": "Contrato firmado",
              "description": "Contrato firmado",
              "url": "http://189.211.120.220:8880/files/opendata/14001-CTO.FIDEICOMISO-01-14/15.-%20CF/15.pdf",
              "datePublished": "2014-10-29T06:00:00.000Z",
              "dateModified": "2014-10-29T06:00:00.000Z",
              "format": "html",
              "language": "es"
            },
            {
              "id": "doc-d9f48877-fb43-4b22-ac8e-12fe7fd8c2c2",
              "documentType": "Contract Guarantees",
              "title": "Fianza de anticipo",
              "description": "Garantia sobre el anticipo",
              "url": "http://189.211.120.220:8880/files/opendata/14001-CTO.FIDEICOMISO-01-14/17.-%20GA/17.pdf",
              "datePublished": "2014-10-29T06:00:00.000Z",
              "dateModified": "2014-10-29T06:00:00.000Z",
              "format": "html",
              "language": "es"
            },
            {
              "id": "doc-ce4a8e88-9ee0-46de-a998-3c3211437ff7",
              "documentType": "Contract Guarantees",
              "title": "Fianza de cumplimiento",
              "description": "Garantias de cumplimiento",
              "url": "http://189.211.120.220:8880/files/opendata/14001-CTO.FIDEICOMISO-01-14/18.-%20GC/18.pdf",
              "datePublished": "2014-10-29T06:00:00.000Z",
              "dateModified": "2014-10-29T06:00:00.000Z",
              "format": "html",
              "language": "es"
            }
          ]
        }
      ],
      "language": "es"
    }
  ],
  "publisher": {
    "name": "GACM",
    "scheme": "SERVICIO",
    "uid": "AS",
    "uri": "http://www.aeropuerto.gob.mx/"
  },
  "license": "https://datos.gob.mx/libreusomx/",
  "publicationPolicy": "https://datos.gob.mx/libreusomx/"
}
