{
  "uri": "https://datos.gob.mx/busca/dataset?organization=gacm",
  "publishedDate": "2017-02-15T16:48:25.900Z",
  "releases": [
    {
      "ocid": "174",
      "id": "RELEASE_174_2017-02-15T16:48:25.899Z",
      "date": "2017-02-09T06:00:00.000Z",
      "tag": [
        "contract"
      ],
      "initiationType": "tender",
      "planning": {
        "budget": {
          "id": "Los servicios de proteccion, custodia, vigilancia y seguridad en los bienes e instalaciones de GACM.",
          "description": "No Aplica.",
          "amount": {
            "amount": 182500000,
            "currency": "MXN"
          },
          "project": "Nuevo Aeropuerto Internacional de la Ciudad de Mexico",
          "projectID": "46101"
        },
        "rationale": "Los servicios de proteccion, custodia, vigilancia y seguridad en los bienes e instalaciones de GACM.",
        "documents": [
          {
            "id": "doc-d8c18f30-5236-4996-aa48-9fb3bee6e698",
            "documentType": "projectPlan",
            "title": "Proyecto ejecutivo de la obra",
            "description": "Terminos de referencia",
            "url": "http://189.211.120.220:8880/files/opendata/14001-GACM-SPF-01-2014-2017/4.-%20TR/4.pdf",
            "datePublished": "2014-10-15T05:00:00.000Z",
            "dateModified": "2014-10-15T05:00:00.000Z",
            "format": "html",
            "language": "es"
          }
        ]
      },
      "tender": {
        "id": "No aplica",
        "title": "Los servicios de proteccion, custodia, vigilancia y seguridad en los bienes e instalaciones de GACM.",
        "description": "Los servicios de proteccion, custodia, vigilancia y seguridad en los bienes e instalaciones de GACM.",
        "status": "active",
        "items": [
          {
            "id": "item-c186a6ba-c938-481f-b995-dd6c2c3848c2",
            "description": "Los servicios de proteccion, custodia, vigilancia y seguridad en los bienes e instalaciones de GACM.",
            "classification": {
              "scheme": "SERVICIOS DE VIGILANCIA",
              "id": "3380"
            },
            "quantity": 1,
            "unit": {
              "name": "srv",
              "value": {
                "amount": 14925328,
                "currency": "MXN"
              }
            }
          }
        ],
        "value": {
          "amount": 182500000,
          "currency": "MXN"
        },
        "procurementMethod": "open",
        "procurementMethodRationale": "Nacional",
        "metodoDeAdquisicion": "Convenio de colaboración",
        "awardCriteria": "bestValueToGoverment",
        "awardCriteriaDetails": "Presencial",
        "submissionMethod": [
          "Presencial"
        ],
        "eligibilityCriteria": "Ver documento adjunto",
        "documents": [
          {
            "id": "doc-961edfe2-6a25-4252-950e-17e2e102d217",
            "documentType": "Clarifications",
            "title": "Actas de la junta de aclaraciones",
            "description": "Actas de la junta de aclaraciones",
            "url": "http://189.211.120.220:8880/files/opendata/14001-GACM-SPF-01-2014-2017/9.-%20AJ/9.pdf",
            "datePublished": "2014-10-15T05:00:00.000Z",
            "dateModified": "2014-10-15T05:00:00.000Z",
            "format": "html",
            "language": "es"
          },
          {
            "id": "doc-354c6677-6ad3-4ef5-86c1-8dadb687f0a2",
            "documentType": "Tender Notice",
            "title": "Documento que contiene las especificaciones t?cnicas de la obra",
            "description": "Convocatoria al procedimiento de contratacion",
            "url": "http://189.211.120.220:8880/files/opendata/14001-GACM-SPF-01-2014-2017/8.-%20CC/8.pdf",
            "datePublished": "2014-10-15T05:00:00.000Z",
            "dateModified": "2014-10-15T05:00:00.000Z",
            "format": "html",
            "language": "es"
          },
          {
            "id": "doc-c967e520-9066-4359-9f9c-d9a15d782ee5",
            "documentType": "Tender Notice",
            "title": "Documento que describe los criterios de evaluaci?n",
            "description": "Convocatoria al procedimiento de contratacion",
            "url": "http://189.211.120.220:8880/files/opendata/14001-GACM-SPF-01-2014-2017/8.-%20CC/8.pdf",
            "datePublished": "2014-10-15T05:00:00.000Z",
            "dateModified": "2014-10-15T05:00:00.000Z",
            "format": "html",
            "language": "es"
          },
          {
            "id": "doc-6b1c1b31-23c4-4192-a775-b8435eb0797e",
            "documentType": "Tender Notice",
            "title": "Documento que contiene los objetivos y caracter?sticas del contrato y proceso de licitaci?n",
            "description": "Convocatoria al procedimiento de contratacion",
            "url": "http://189.211.120.220:8880/files/opendata/14001-GACM-SPF-01-2014-2017/8.-%20CC/8.pdf",
            "datePublished": "2014-10-15T05:00:00.000Z",
            "dateModified": "2014-10-15T05:00:00.000Z",
            "format": "html",
            "language": "es"
          },
          {
            "id": "doc-25926082-d2f6-4d85-8d46-4088cb9f0f8a",
            "documentType": "Tender Notice",
            "title": "Convocatoria al procedimiento de contrataci?n",
            "description": "Convocatoria al procedimiento de contratacion",
            "url": "http://189.211.120.220:8880/files/opendata/14001-GACM-SPF-01-2014-2017/8.-%20CC/8.pdf",
            "datePublished": "2014-10-15T05:00:00.000Z",
            "dateModified": "2014-10-15T05:00:00.000Z",
            "format": "html",
            "language": "es"
          },
          {
            "id": "doc-a62e1535-07af-4646-a7cb-b6d1599d6fc9",
            "documentType": "Tender Notice",
            "title": "Documento que describe los criterios que deben cumplir los licitantes",
            "description": "Convocatoria al procedimiento de contratacion",
            "url": "http://189.211.120.220:8880/files/opendata/14001-GACM-SPF-01-2014-2017/8.-%20CC/8.pdf",
            "datePublished": "2014-10-15T05:00:00.000Z",
            "dateModified": "2014-10-15T05:00:00.000Z",
            "format": "html",
            "language": "es"
          }
        ]
      },
      "buyer": {
        "identifier": {
          "scheme": "MK-009KDH999",
          "id": "GACM",
          "legalName": "Grupo Aeroportuario de la Ciudad de Mexico, S.A. de C.V.",
          "uri": "http://www.aeropuerto.gob.mx/"
        },
        "name": "Grupo Aeroportuario de la Ciudad de Mexico, S.A. de C.V.",
        "address": {
          "streetAddress": "AV. INSURGENTES SUR NO. 2453 PISO 2 OFICINA 203",
          "locality": "COL. TIZAPAN",
          "region": "DEL. ALVARO OBREGON",
          "postalCode": "01090",
          "countryName": "Mexico"
        },
        "contactPoint": {
          "name": "G05-DIRECCION CORPORATIVA DE ADMINISTRACION Y GESTION INMOBILIARIA",
          "url": "http://www.aeropuerto.gob.mx/"
        }
      },
      "awards": [
        {
          "id": "No Aplica",
          "title": "Los servicios de proteccion, custodia, vigilancia y seguridad en los bienes e instalaciones de GACM.",
          "description": "Ver documento adjunto",
          "status": "active",
          "value": {
            "amount": 14925328,
            "currency": "MXN"
          },
          "suppliers": [
            {
              "identifier": {
                "id": "SPF130103BF7",
                "legalName": "Servicio de Proteccion Federal"
              },
              "name": "Servicio de Proteccion Federal",
              "address": {
                "streetAddress": "Miguel Angel de Quevedo numero 915",
                "locality": "El Rosedal",
                "region": "Coyoacan",
                "postalCode": "4330",
                "countryName": "Mexico"
              }
            }
          ],
          "items": [
            {
              "id": "item-9b45197e-aec5-4c9f-87b8-cb5766d5293e",
              "description": "Los servicios de proteccion, custodia, vigilancia y seguridad en los bienes e instalaciones de GACM.",
              "classification": {
                "scheme": "SERVICIOS DE VIGILANCIA",
                "id": "3380"
              },
              "quantity": 1,
              "unit": {
                "name": "srv",
                "value": {
                  "amount": 14925328,
                  "currency": "MXN"
                }
              }
            }
          ],
          "contractPeriod": {
            "startDate": "2014-10-16T05:00:00.000Z",
            "endDate": "2017-10-15T05:00:00.000Z"
          },
          "documents": [
            {
              "id": "doc-0e13e6ba-1166-438d-ba87-d431e8260664",
              "documentType": "Award Notice",
              "title": "Fallo",
              "description": "Acta de fallo",
              "url": "http://189.211.120.220:8880/files/opendata/14001-GACM-SPF-01-2014-2017/12.-%20AF/12.pdf",
              "datePublished": "2014-10-15T05:00:00.000Z",
              "dateModified": "2014-10-15T05:00:00.000Z",
              "format": "html",
              "language": "es"
            },
            {
              "id": "doc-6e532fc0-a5ea-4a92-975b-a95548cc03ab",
              "documentType": "Award Notice",
              "title": "Fallo",
              "description": "Descripcion del acto de presentacion y apertura de proposiciones",
              "url": "http://189.211.120.220:8880/files/opendata/14001-GACM-SPF-01-2014-2017/10.-%20AP/10.pdf",
              "datePublished": "2014-10-15T05:00:00.000Z",
              "dateModified": "2014-10-15T05:00:00.000Z",
              "format": "html",
              "language": "es"
            }
          ]
        }
      ],
      "contracts": [
        {
          "id": "GACM-SPF/01/2014-2017",
          "awardID": "No Aplica",
          "title": "Los servicios de proteccion, custodia, vigilancia y seguridad en los bienes e instalaciones de GACM.",
          "description": "Ver documento adjunto",
          "status": "active",
          "period": {
            "startDate": "2014-10-16T05:00:00.000Z",
            "endDate": "2017-10-15T05:00:00.000Z"
          },
          "value": {
            "amount": 14925328,
            "currency": "MXN"
          },
          "items": [
            {
              "id": "item-e19c6f05-5a83-4e72-b06a-7a16c2bd6931",
              "description": "Los servicios de proteccion, custodia, vigilancia y seguridad en los bienes e instalaciones de GACM.",
              "classification": {
                "scheme": "SERVICIOS DE VIGILANCIA",
                "id": "3380"
              },
              "quantity": 1,
              "unit": {
                "name": "srv",
                "value": {
                  "amount": 14925328,
                  "currency": "MXN"
                }
              }
            }
          ],
          "dateSigned": "2014-10-15T05:00:00.000Z",
          "documents": [
            {
              "id": "doc-facbe3d8-3b3f-48dc-90fb-abf157f1e1ec",
              "documentType": "Contract Signed",
              "title": "Cl?usula sobre las condiciones de entrega de la obra",
              "description": "Contrato firmado",
              "url": "http://189.211.120.220:8880/files/opendata/14001-GACM-SPF-01-2014-2017/15.-%20CF/15.pdf",
              "datePublished": "2014-10-15T05:00:00.000Z",
              "dateModified": "2014-10-15T05:00:00.000Z",
              "format": "html",
              "language": "es"
            },
            {
              "id": "doc-28ce9038-1820-43e2-8489-46b4fcffb8e7",
              "documentType": "Contract Signed",
              "title": "Contrato firmado",
              "description": "Contrato firmado",
              "url": "http://189.211.120.220:8880/files/opendata/14001-GACM-SPF-01-2014-2017/15.-%20CF/15.pdf",
              "datePublished": "2014-10-15T05:00:00.000Z",
              "dateModified": "2014-10-15T05:00:00.000Z",
              "format": "html",
              "language": "es"
            },
            {
              "id": "doc-0774d916-15c9-473e-96f0-b317768aa8ed",
              "documentType": "Contract Guarantees",
              "title": "Fianza de anticipo",
              "description": "Garantia sobre el anticipo",
              "url": "http://189.211.120.220:8880/files/opendata/14001-GACM-SPF-01-2014-2017/17.-%20GA/17.pdf",
              "datePublished": "2014-10-15T05:00:00.000Z",
              "dateModified": "2014-10-15T05:00:00.000Z",
              "format": "html",
              "language": "es"
            },
            {
              "id": "doc-bfd6b725-c2a8-4b0e-a8b3-2f94231ad6a1",
              "documentType": "Contract Guarantees",
              "title": "Fianza de cumplimiento",
              "description": "Garantias de cumplimiento",
              "url": "http://189.211.120.220:8880/files/opendata/14001-GACM-SPF-01-2014-2017/18.-%20GC/18.pdf",
              "datePublished": "2014-10-15T05:00:00.000Z",
              "dateModified": "2014-10-15T05:00:00.000Z",
              "format": "html",
              "language": "es"
            }
          ]
        }
      ],
      "language": "es"
    }
  ],
  "publisher": {
    "name": "GACM",
    "scheme": "SERVICIO",
    "uid": "AS",
    "uri": "http://www.aeropuerto.gob.mx/"
  },
  "license": "https://datos.gob.mx/libreusomx/",
  "publicationPolicy": "https://datos.gob.mx/libreusomx/"
}
