{
  "uri": "https://datos.gob.mx/busca/dataset?organization=gacm",
  "publishedDate": "2017-02-15T16:48:25.447Z",
  "releases": [
    {
      "ocid": "175",
      "id": "RELEASE_175_2017-02-15T16:48:25.446Z",
      "date": "2017-02-08T06:00:00.000Z",
      "tag": [
        "contract"
      ],
      "initiationType": "tender",
      "planning": {
        "budget": {
          "source": "http://www.apartados.hacienda.gob.mx/presupuesto/temas/pef/2015/docs/09/r09_kdh_pie.pdf",
          "id": "Estudios del Sistema de Drenaje Pluvial del Nuevo Aeropuerto Internacional de la Ciudad de Mexico.",
          "description": "Presupuesto de Egresos de la Fedracion 2015",
          "amount": {
            "amount": 24247762.57,
            "currency": "MXN"
          },
          "project": "Nuevo Aeropuerto Internacional de la Ciudad de Mexico",
          "projectID": "46101",
          "uri": "http://www.apartados.hacienda.gob.mx/presupuesto/temas/pef/2015/docs/09/r09_kdh_pie.pdf"
        },
        "rationale": "Estudios del Sistema de Drenaje Pluvial del Nuevo Aeropuerto Internacional de la Ciudad de Mexico.",
        "documents": [
          {
            "id": "doc-cd20ff25-23aa-4659-84d1-23ce2774a11e",
            "documentType": "projectPlan",
            "title": "Proyecto ejecutivo de la obra",
            "description": "Terminos de referencia",
            "url": "http://189.211.120.220:8880/files/opendata/15103-AD-SRO-DCAGI-SC-103-15/4.-%20TR/4.pdf",
            "datePublished": "2015-11-30T06:00:00.000Z",
            "dateModified": "2015-11-30T06:00:00.000Z",
            "format": "html",
            "language": "es"
          }
        ]
      },
      "tender": {
        "id": "993709",
        "title": "Estudios del Sistema de Drenaje Pluvial del Nuevo Aeropuerto Internacional de la Ciudad de Mexico.",
        "description": "Estudios del Sistema de Drenaje Pluvial del Nuevo Aeropuerto Internacional de la Ciudad de Mexico.",
        "status": "active",
        "items": [
          {
            "id": "item-18dc3507-e400-48fd-a1ff-705930b94fc3",
            "description": "Estudios del Sistema de Drenaje Pluvial del Nuevo Aeropuerto Internacional de la Ciudad de Mexico.",
            "classification": {
              "scheme": "EDIFICACION NO HABITACIONAL",
              "id": "6220"
            },
            "quantity": 1,
            "unit": {
              "name": "sop",
              "value": {
                "amount": 24247762.57,
                "currency": "MXN"
              }
            }
          }
        ],
        "value": {
          "amount": 24247762.57,
          "currency": "MXN"
        },
        "procurementMethod": "limited",
        "procurementMethodRationale": "Nacional",
        "metodoDeAdquisicion": "Adjudicación directa",
        "awardCriteria": "bestValueToGoverment",
        "awardCriteriaDetails": "No aplica",
        "submissionMethod": [
          "Presencial"
        ],
        "eligibilityCriteria": "Ver documento adjunto",
        "documents": [
          {
            "id": "doc-cc871651-944b-47f3-bad1-5e7ff5e22955",
            "documentType": "Clarifications",
            "title": "Actas de la junta de aclaraciones",
            "description": "Actas de la junta de aclaraciones",
            "url": "http://189.211.120.220:8880/files/opendata/15103-AD-SRO-DCAGI-SC-103-15/9.-%20AJ/9.pdf",
            "datePublished": "2015-11-30T06:00:00.000Z",
            "dateModified": "2015-11-30T06:00:00.000Z",
            "format": "html",
            "language": "es"
          },
          {
            "id": "doc-145aa3e4-cace-49de-9f5f-b4cc916c3e43",
            "documentType": "Tender Notice",
            "title": "Documento que describe los criterios que deben cumplir los licitantes",
            "description": "Convocatoria al procedimiento de contratacion",
            "url": "http://189.211.120.220:8880/files/opendata/15103-AD-SRO-DCAGI-SC-103-15/8.-%20CC/8.pdf",
            "datePublished": "2015-11-30T06:00:00.000Z",
            "dateModified": "2015-11-30T06:00:00.000Z",
            "format": "html",
            "language": "es"
          },
          {
            "id": "doc-9dfd50a1-590f-4497-9a33-6c8aebb93691",
            "documentType": "Tender Notice",
            "title": "Documento que contiene los objetivos y caracter?sticas del contrato y proceso de licitaci?n",
            "description": "Convocatoria al procedimiento de contratacion",
            "url": "http://189.211.120.220:8880/files/opendata/15103-AD-SRO-DCAGI-SC-103-15/8.-%20CC/8.pdf",
            "datePublished": "2015-11-30T06:00:00.000Z",
            "dateModified": "2015-11-30T06:00:00.000Z",
            "format": "html",
            "language": "es"
          },
          {
            "id": "doc-ded37876-fb43-4674-b4e4-04e0230fbe57",
            "documentType": "Tender Notice",
            "title": "Documento que contiene las especificaicones t?cnicas de la obra",
            "description": "Convocatoria al procedimiento de contratacion",
            "url": "http://189.211.120.220:8880/files/opendata/15103-AD-SRO-DCAGI-SC-103-15/8.-%20CC/8.pdf",
            "datePublished": "2015-11-30T06:00:00.000Z",
            "dateModified": "2015-11-30T06:00:00.000Z",
            "format": "html",
            "language": "es"
          },
          {
            "id": "doc-e796e456-32cd-443d-a38e-c8fd9cca274f",
            "documentType": "Tender Notice",
            "title": "Convocatoria al procedimiento de contrataci?n",
            "description": "Convocatoria al procedimiento de contratacion",
            "url": "http://189.211.120.220:8880/files/opendata/15103-AD-SRO-DCAGI-SC-103-15/8.-%20CC/8.pdf",
            "datePublished": "2015-11-30T06:00:00.000Z",
            "dateModified": "2015-11-30T06:00:00.000Z",
            "format": "html",
            "language": "es"
          },
          {
            "id": "doc-f11d57c9-27d6-416e-b3ae-cc40df4e36e4",
            "documentType": "Tender Notice",
            "title": "Documento que describe los criterios de evaluaci?n",
            "description": "Convocatoria al procedimiento de contratacion",
            "url": "http://189.211.120.220:8880/files/opendata/15103-AD-SRO-DCAGI-SC-103-15/8.-%20CC/8.pdf",
            "datePublished": "2015-11-30T06:00:00.000Z",
            "dateModified": "2015-11-30T06:00:00.000Z",
            "format": "html",
            "language": "es"
          }
        ]
      },
      "buyer": {
        "identifier": {
          "scheme": "MK-009KDH999",
          "id": "GACM",
          "legalName": "Grupo Aeroportuario de la Ciudad de Mexico, S.A. de C.V.",
          "uri": "http://www.aeropuerto.gob.mx/"
        },
        "name": "Grupo Aeroportuario de la Ciudad de Mexico, S.A. de C.V.",
        "address": {
          "streetAddress": "AV. INSURGENTES SUR NO. 2453 PISO 2 OFICINA 203",
          "locality": "COL. TIZAPAN",
          "region": "DEL. ALVARO OBREGON",
          "postalCode": "01090",
          "countryName": "Mexico"
        },
        "contactPoint": {
          "name": "G05-DIRECCION CORPORATIVA DE ADMINISTRACION Y GESTION INMOBILIARIA",
          "url": "http://www.aeropuerto.gob.mx/"
        }
      },
      "awards": [
        {
          "id": "AO-009KDH999-E14-2016",
          "title": "Estudios del Sistema de Drenaje Pluvial del Nuevo Aeropuerto Internacional de la Ciudad de Mexico.",
          "description": "Ver documento adjunto",
          "status": "active",
          "value": {
            "amount": 24247762.57,
            "currency": "MXN"
          },
          "suppliers": [
            {
              "identifier": {
                "id": "GIC9008132I9",
                "legalName": "Grupo de Ingenieria en Consultoria y Obras S. A. de C. V."
              },
              "name": "Grupo de Ingenieria en Consultoria y Obras S. A. de C. V.",
              "address": {
                "streetAddress": "Calzada de Tlalpan no. 4911 bis",
                "locality": "Tlalpan, Centro.",
                "region": "Tlalpan",
                "postalCode": "14000",
                "countryName": "Mexico"
              }
            }
          ],
          "items": [
            {
              "id": "item-aa0f70e1-db7c-4db3-a24b-d27fce9afe96",
              "description": "Estudios del Sistema de Drenaje Pluvial del Nuevo Aeropuerto Internacional de la Ciudad de Mexico.",
              "classification": {
                "scheme": "EDIFICACION NO HABITACIONAL",
                "id": "6220"
              },
              "quantity": 1,
              "unit": {
                "name": "sop",
                "value": {
                  "amount": 24247762.57,
                  "currency": "MXN"
                }
              }
            }
          ],
          "contractPeriod": {
            "startDate": "2015-12-01T06:00:00.000Z",
            "endDate": "2016-01-29T06:00:00.000Z"
          },
          "documents": [
            {
              "id": "doc-73ecf85c-2e52-470c-9891-28351dc96007",
              "documentType": "Award Notice",
              "title": "Fallo",
              "description": "Acta de Fallo",
              "url": "http://189.211.120.220:8880/files/opendata/15103-AD-SRO-DCAGI-SC-103-15/12.-%20AF/12.pdf",
              "datePublished": "2015-11-30T06:00:00.000Z",
              "dateModified": "2015-11-30T06:00:00.000Z",
              "format": "html",
              "language": "es"
            },
            {
              "id": "doc-6a79dcdb-f432-4fb7-9a6e-a940d5e5c33b",
              "documentType": "Award Notice",
              "title": "Fallo",
              "description": "Descripcion del acto de presentacion y apertura de proposiciones",
              "url": "http://189.211.120.220:8880/files/opendata/15103-AD-SRO-DCAGI-SC-103-15/10.-%20AP/10.pdf",
              "datePublished": "2015-11-30T06:00:00.000Z",
              "dateModified": "2015-11-30T06:00:00.000Z",
              "format": "html",
              "language": "es"
            }
          ]
        }
      ],
      "contracts": [
        {
          "id": "AD-SRO-DCAGI-SC-103/15",
          "awardID": "AO-009KDH999-E14-2016",
          "title": "Estudios del Sistema de Drenaje Pluvial del Nuevo Aeropuerto Internacional de la Ciudad de Mexico.",
          "description": "Ver documento adjunto",
          "status": "active",
          "period": {
            "startDate": "2015-12-01T06:00:00.000Z",
            "endDate": "2016-01-29T06:00:00.000Z"
          },
          "value": {
            "amount": 24247762.57,
            "currency": "MXN"
          },
          "items": [
            {
              "id": "item-cfcfed7b-f842-4082-97be-ef3c394efce3",
              "description": "Estudios del Sistema de Drenaje Pluvial del Nuevo Aeropuerto Internacional de la Ciudad de Mexico.",
              "classification": {
                "scheme": "EDIFICACION NO HABITACIONAL",
                "id": "6220"
              },
              "quantity": 1,
              "unit": {
                "name": "sop",
                "value": {
                  "amount": 24247762.57,
                  "currency": "MXN"
                }
              }
            }
          ],
          "dateSigned": "2015-11-30T06:00:00.000Z",
          "documents": [
            {
              "id": "doc-c7f1f54e-e3c3-4b5a-b0e1-2df3bbf31b44",
              "documentType": "Contract Signed",
              "title": "Cl?usula sobre las condiciones de entrega de la obra",
              "description": "Contrato firmado",
              "url": "http://189.211.120.220:8880/files/opendata/15103-AD-SRO-DCAGI-SC-103-15/15.-%20CF/15.pdf",
              "datePublished": "2015-11-30T06:00:00.000Z",
              "dateModified": "2015-11-30T06:00:00.000Z",
              "format": "html",
              "language": "es"
            },
            {
              "id": "doc-96aef95c-2555-443c-84d3-a3309c961d5f",
              "documentType": "Contract Signed",
              "title": "Contrato firmado",
              "description": "Contrato firmado",
              "url": "http://189.211.120.220:8880/files/opendata/15103-AD-SRO-DCAGI-SC-103-15/15.-%20CF/15.pdf",
              "datePublished": "2015-11-30T06:00:00.000Z",
              "dateModified": "2015-11-30T06:00:00.000Z",
              "format": "html",
              "language": "es"
            },
            {
              "id": "doc-8986e530-3eb3-428e-8f85-1776a135f154",
              "documentType": "Contract Guarantees",
              "title": "Fianza de anticipo",
              "description": "Garantia sobre el anticipo",
              "url": "http://189.211.120.220:8880/files/opendata/15103-AD-SRO-DCAGI-SC-103-15/17.-%20GA/17.pdf",
              "datePublished": "2015-11-30T06:00:00.000Z",
              "dateModified": "2015-11-30T06:00:00.000Z",
              "format": "html",
              "language": "es"
            },
            {
              "id": "doc-d55842db-dc3d-4e5f-bc95-0f9c0e490741",
              "documentType": "Contract Guarantees",
              "title": "Fianza de cumplimiento",
              "description": "Garantias de cumplimiento",
              "url": "http://189.211.120.220:8880/files/opendata/15103-AD-SRO-DCAGI-SC-103-15/18.-%20GC/18.pdf",
              "datePublished": "2015-11-30T06:00:00.000Z",
              "dateModified": "2015-11-30T06:00:00.000Z",
              "format": "html",
              "language": "es"
            }
          ]
        }
      ],
      "language": "es"
    }
  ],
  "publisher": {
    "name": "GACM",
    "scheme": "SERVICIO",
    "uid": "AS",
    "uri": "http://www.aeropuerto.gob.mx/"
  },
  "license": "https://datos.gob.mx/libreusomx/",
  "publicationPolicy": "https://datos.gob.mx/libreusomx/"
}
