{
  "uri": "https://datos.gob.mx/busca/dataset?organization=gacm",
  "publishedDate": "2017-02-15T16:48:24.968Z",
  "releases": [
    {
      "ocid": "176",
      "id": "RELEASE_176_2017-02-15T16:48:24.966Z",
      "date": "2017-02-07T06:00:00.000Z",
      "tag": [
        "contract"
      ],
      "initiationType": "tender",
      "planning": {
        "budget": {
          "source": "http://www.apartados.hacienda.gob.mx/presupuesto/temas/pef/2015/docs/09/r09_kdh_pie.pdf",
          "id": "Adecuacion de espacios para las oficinas del Grupo Aeroportuario de la Ciudad de Mexico (GACM) en el CEMCAS",
          "description": "Presupuesto de Egresos de la Fedracion 2015",
          "amount": {
            "amount": 9750000,
            "currency": "MXN"
          },
          "project": "Nuevo Aeropuerto Internacional de la Ciudad de Mexico",
          "projectID": "46101",
          "uri": "http://www.apartados.hacienda.gob.mx/presupuesto/temas/pef/2015/docs/09/r09_kdh_pie.pdf"
        },
        "rationale": "Adecuacion de espacios para las oficinas del Grupo Aeroportuario de la Ciudad de Mexico (GACM) en el CEMCAS",
        "documents": [
          {
            "id": "doc-0e0c3eee-027b-43e1-a3e0-4d3b36544b34",
            "documentType": "projectPlan",
            "title": "Proyecto ejecutivo de la obra",
            "description": "Terminos de referencia",
            "url": "http://189.211.120.220:8880/files/opendata/15105-ITP-OP-DCAGI-SC-105-15/4.-%20TR/4.pdf",
            "datePublished": "2015-11-25T06:00:00.000Z",
            "dateModified": "2015-11-25T06:00:00.000Z",
            "format": "html",
            "language": "es"
          }
        ]
      },
      "tender": {
        "id": "938432",
        "title": "Adecuacion de espacios para las oficinas del Grupo Aeroportuario de la Ciudad de Mexico (GACM) en el CEMCAS",
        "description": "Adecuacion de espacios para las oficinas del Grupo Aeroportuario de la Ciudad de Mexico (GACM) en el CEMCAS",
        "status": "active",
        "items": [
          {
            "id": "item-424bdea0-a2ce-484e-bf98-8d342f8bac20",
            "description": "Adecuacion de espacios para las oficinas del Grupo Aeroportuario de la Ciudad de Mexico (GACM) en el CEMCAS",
            "classification": {
              "scheme": "EDIFICACION NO HABITACIONAL",
              "id": "6220"
            },
            "quantity": 1,
            "unit": {
              "name": "sop",
              "value": {
                "amount": 8283408.74,
                "currency": "MXN"
              }
            }
          }
        ],
        "value": {
          "amount": 9750000,
          "currency": "MXN"
        },
        "procurementMethod": "selective",
        "procurementMethodRationale": "Nacional",
        "metodoDeAdquisicion": "Invitación a tres",
        "awardCriteria": "bestValueToGoverment",
        "awardCriteriaDetails": "Presencial",
        "submissionMethod": [
          "Presencial"
        ],
        "tenderPeriod": {
          "endDate": "2015-11-17T06:00:00.000Z"
        },
        "enquiryPeriod": {
          "startDate": "2015-11-10T06:00:00.000Z",
          "endDate": "2015-11-10T06:00:00.000Z"
        },
        "eligibilityCriteria": "Ver documento adjunto",
        "awardPeriod": {
          "endDate": "2015-11-17T06:00:00.000Z"
        },
        "documents": [
          {
            "id": "doc-a60626d3-c197-47ca-992a-bbf7447d3bdd",
            "documentType": "Clarifications",
            "title": "Actas de la junta de aclaraciones",
            "description": "Actas de la junta de aclaraciones",
            "url": "http://189.211.120.220:8880/files/opendata/15105-ITP-OP-DCAGI-SC-105-15/9.-%20AJ/9.pdf",
            "datePublished": "2015-11-25T06:00:00.000Z",
            "dateModified": "2015-11-25T06:00:00.000Z",
            "format": "html",
            "language": "es"
          },
          {
            "id": "doc-357b815c-232a-4c35-a573-7fdc9dbb1b17",
            "documentType": "Tender Notice",
            "title": "Documento que describe los criterios de evaluaci?n",
            "description": "Convocatoria al procedimiento de contratacion",
            "url": "http://189.211.120.220:8880/files/opendata/15105-ITP-OP-DCAGI-SC-105-15/8.-%20CC/8.pdf",
            "datePublished": "2015-11-25T06:00:00.000Z",
            "dateModified": "2015-11-25T06:00:00.000Z",
            "format": "html",
            "language": "es"
          },
          {
            "id": "doc-81fc6c11-84e6-4fd2-a0df-bba87610f7cd",
            "documentType": "Tender Notice",
            "title": "Documento que contiene los objetivos y caracter?sticas del contrato y proceso de licitaci?n",
            "description": "Convocatoria al procedimiento de contratacion",
            "url": "http://189.211.120.220:8880/files/opendata/15105-ITP-OP-DCAGI-SC-105-15/8.-%20CC/8.pdf",
            "datePublished": "2015-11-25T06:00:00.000Z",
            "dateModified": "2015-11-25T06:00:00.000Z",
            "format": "html",
            "language": "es"
          },
          {
            "id": "doc-f39dddfb-d6c4-4ac9-9df1-ce548df8de62",
            "documentType": "Tender Notice",
            "title": "Documento que contiene las especificaicones t?cnicas de la obra",
            "description": "Convocatoria al procedimiento de contratacion",
            "url": "http://189.211.120.220:8880/files/opendata/15105-ITP-OP-DCAGI-SC-105-15/8.-%20CC/8.pdf",
            "datePublished": "2015-11-25T06:00:00.000Z",
            "dateModified": "2015-11-25T06:00:00.000Z",
            "format": "html",
            "language": "es"
          },
          {
            "id": "doc-a47cac8f-ec67-4567-9824-74ab996cfcc3",
            "documentType": "Tender Notice",
            "title": "Convocatoria al procedimiento de contrataci?n",
            "description": "Convocatoria al procedimiento de contratacion",
            "url": "http://189.211.120.220:8880/files/opendata/15105-ITP-OP-DCAGI-SC-105-15/8.-%20CC/8.pdf",
            "datePublished": "2015-11-25T06:00:00.000Z",
            "dateModified": "2015-11-25T06:00:00.000Z",
            "format": "html",
            "language": "es"
          },
          {
            "id": "doc-0c9f89a9-e48f-452f-818f-7a0c9cbb60c9",
            "documentType": "Tender Notice",
            "title": "Documento que describe los criterios que deben cumplir los licitantes",
            "description": "Convocatoria al procedimiento de contratacion",
            "url": "http://189.211.120.220:8880/files/opendata/15105-ITP-OP-DCAGI-SC-105-15/8.-%20CC/8.pdf",
            "datePublished": "2015-11-25T06:00:00.000Z",
            "dateModified": "2015-11-25T06:00:00.000Z",
            "format": "html",
            "language": "es"
          }
        ]
      },
      "buyer": {
        "identifier": {
          "scheme": "MK-009KDH999",
          "id": "GACM",
          "legalName": "Grupo Aeroportuario de la Ciudad de Mexico, S.A. de C.V.",
          "uri": "http://www.aeropuerto.gob.mx/"
        },
        "name": "Grupo Aeroportuario de la Ciudad de Mexico, S.A. de C.V.",
        "address": {
          "streetAddress": "AV. INSURGENTES SUR NO. 2453 PISO 2 OFICINA 203",
          "locality": "COL. TIZAPAN",
          "region": "DEL. ALVARO OBREGON",
          "postalCode": "01090",
          "countryName": "Mexico"
        },
        "contactPoint": {
          "name": "G05-DIRECCION CORPORATIVA DE ADMINISTRACION Y GESTION INMOBILIARIA",
          "url": "http://www.aeropuerto.gob.mx/"
        }
      },
      "awards": [
        {
          "id": "IO-009KDH999-N82-2015",
          "title": "Adecuacion de espacios para las oficinas del Grupo Aeroportuario de la Ciudad de Mexico (GACM) en el CEMCAS",
          "description": "Ver documento adjunto",
          "status": "active",
          "date": "2015-11-25T06:00:00.000Z",
          "value": {
            "amount": 8283408.74,
            "currency": "MXN"
          },
          "suppliers": [
            {
              "identifier": {
                "id": "SSI9906288E6",
                "legalName": "Servicios de Ingenieria, Edificacion y Construccion Pesada, S.A. de C.V."
              },
              "name": "Servicios de Ingenieria, Edificacion y Construccion Pesada, S.A. de C.V.",
              "address": {
                "streetAddress": "Peten 292",
                "locality": "Narvarte Oriente",
                "region": "Benito Juarez",
                "postalCode": "3023",
                "countryName": "Mexico"
              }
            }
          ],
          "items": [
            {
              "id": "item-a12ad6a1-a0a7-47db-a2d0-b050d1becedf",
              "description": "Adecuacion de espacios para las oficinas del Grupo Aeroportuario de la Ciudad de Mexico (GACM) en el CEMCAS",
              "classification": {
                "scheme": "EDIFICACION NO HABITACIONAL",
                "id": "6220"
              },
              "quantity": 1,
              "unit": {
                "name": "sop",
                "value": {
                  "amount": 8283408.74,
                  "currency": "MXN"
                }
              }
            }
          ],
          "contractPeriod": {
            "startDate": "2015-11-25T06:00:00.000Z",
            "endDate": "2015-12-31T06:00:00.000Z"
          },
          "documents": [
            {
              "id": "doc-1b8cc924-c468-4fa7-a56f-f41abc0912e2",
              "documentType": "Award Notice",
              "title": "Fallo",
              "description": "Acta de Fallo",
              "url": "http://189.211.120.220:8880/files/opendata/15105-ITP-OP-DCAGI-SC-105-15/12.-%20AF/12.pdf",
              "datePublished": "2015-11-25T06:00:00.000Z",
              "dateModified": "2015-11-25T06:00:00.000Z",
              "format": "html",
              "language": "es"
            },
            {
              "id": "doc-cf489593-d5c9-40ea-ab32-22607695c6f5",
              "documentType": "Award Notice",
              "title": "Fallo",
              "description": "Descripcion del acto de presentacion y apertura de proposiciones",
              "url": "http://189.211.120.220:8880/files/opendata/15105-ITP-OP-DCAGI-SC-105-15/10.-%20AP/10.pdf",
              "datePublished": "2015-11-25T06:00:00.000Z",
              "dateModified": "2015-11-25T06:00:00.000Z",
              "format": "html",
              "language": "es"
            }
          ]
        }
      ],
      "contracts": [
        {
          "id": "ITP-OP-DCAGI-SC-105/15",
          "awardID": "IO-009KDH999-N82-2015",
          "title": "Adecuacion de espacios para las oficinas del Grupo Aeroportuario de la Ciudad de Mexico (GACM) en el CEMCAS",
          "description": "Ver documento adjunto",
          "status": "active",
          "period": {
            "startDate": "2015-11-25T06:00:00.000Z",
            "endDate": "2015-12-31T06:00:00.000Z"
          },
          "value": {
            "amount": 8283408.74,
            "currency": "MXN"
          },
          "items": [
            {
              "id": "item-d28f0122-2518-4a5b-b13a-47243ac19b81",
              "description": "Adecuacion de espacios para las oficinas del Grupo Aeroportuario de la Ciudad de Mexico (GACM) en el CEMCAS",
              "classification": {
                "scheme": "EDIFICACION NO HABITACIONAL",
                "id": "6220"
              },
              "quantity": 1,
              "unit": {
                "name": "sop",
                "value": {
                  "amount": 8283408.74,
                  "currency": "MXN"
                }
              }
            }
          ],
          "dateSigned": "2015-12-07T06:00:00.000Z",
          "documents": [
            {
              "id": "doc-65b042c4-a7cf-42d1-8ca4-cc056adefe15",
              "documentType": "Contract Signed",
              "title": "Contrato firmado",
              "description": "Contrato firmado",
              "url": "http://189.211.120.220:8880/files/opendata/15105-ITP-OP-DCAGI-SC-105-15/15.-%20CF/15.pdf",
              "datePublished": "2015-11-25T06:00:00.000Z",
              "dateModified": "2015-11-25T06:00:00.000Z",
              "format": "html",
              "language": "es"
            },
            {
              "id": "doc-9b17542c-71ba-49f4-b439-e58eac127a63",
              "documentType": "Contract Signed",
              "title": "Cl?usula sobre las condiciones de entrega de la obra",
              "description": "Contrato firmado",
              "url": "http://189.211.120.220:8880/files/opendata/15105-ITP-OP-DCAGI-SC-105-15/15.-%20CF/15.pdf",
              "datePublished": "2015-11-25T06:00:00.000Z",
              "dateModified": "2015-11-25T06:00:00.000Z",
              "format": "html",
              "language": "es"
            },
            {
              "id": "doc-99d56f18-488f-4978-8cff-9891270e2cc5",
              "documentType": "Contract Guarantees",
              "title": "Fianza de anticipo",
              "description": "Garantia sobre el anticipo",
              "url": "http://189.211.120.220:8880/files/opendata/15105-ITP-OP-DCAGI-SC-105-15/17.-%20GA/17.pdf",
              "datePublished": "2015-11-25T06:00:00.000Z",
              "dateModified": "2015-11-25T06:00:00.000Z",
              "format": "html",
              "language": "es"
            },
            {
              "id": "doc-7465c55a-364a-4a7d-a0ac-3424b5cc1305",
              "documentType": "Contract Guarantees",
              "title": "Fianza de cumplimiento",
              "description": "Garantias de cumplimiento",
              "url": "http://189.211.120.220:8880/files/opendata/15105-ITP-OP-DCAGI-SC-105-15/18.-%20GC/18.pdf",
              "datePublished": "2015-11-25T06:00:00.000Z",
              "dateModified": "2015-11-25T06:00:00.000Z",
              "format": "html",
              "language": "es"
            }
          ]
        }
      ],
      "language": "es"
    }
  ],
  "publisher": {
    "name": "GACM",
    "scheme": "SERVICIO",
    "uid": "AS",
    "uri": "http://www.aeropuerto.gob.mx/"
  },
  "license": "https://datos.gob.mx/libreusomx/",
  "publicationPolicy": "https://datos.gob.mx/libreusomx/"
}
