{
  "uri": "https://datos.gob.mx/busca/dataset?organization=gacm",
  "publishedDate": "2017-02-15T16:48:25.842Z",
  "releases": [
    {
      "ocid": "181",
      "id": "RELEASE_181_2017-02-15T16:48:25.841Z",
      "date": "2017-02-08T06:00:00.000Z",
      "tag": [
        "contract"
      ],
      "initiationType": "tender",
      "planning": {
        "budget": {
          "source": "http://www.apartados.hacienda.gob.mx/presupuesto/temas/pef/2015/docs/09/r09_kdh_pie.pdf",
          "id": "Elaboracion y puesta en marcha del sistema integral de gestion de cumplimiento ambiental (SIGCA) para el proyecto Nuevo Aeropuerto Internacional de laCiudad de Mexico",
          "description": "Presupuesto de Egresos de la Federacion 2015",
          "amount": {
            "amount": 34800000,
            "currency": "MXN"
          },
          "project": "Nuevo Aeropuerto Internacional de la Ciudad de Mexico",
          "projectID": "46101",
          "uri": "http://www.apartados.hacienda.gob.mx/presupuesto/temas/pef/2015/docs/09/r09_kdh_pie.pdf"
        },
        "rationale": "Elaboracion y puesta en marcha del sistema integral de gestion de cumplimiento ambiental (SIGCA) para el proyecto Nuevo Aeropuerto Internacional de laCiudad de Mexico",
        "documents": [
          {
            "id": "doc-6f936c5f-023d-47f4-9b45-42b6c81b958a",
            "documentType": "projectPlan",
            "title": "Proyecto ejecutivo de la obra",
            "description": "Terminos de referencia",
            "url": "http://189.211.120.220:8880/files/opendata/15011-GACM-DCI-SJ-CI-011-2015/4.-%20TR/4.pdf",
            "datePublished": "2015-06-01T05:00:00.000Z",
            "dateModified": "2015-06-01T05:00:00.000Z",
            "format": "html",
            "language": "es"
          }
        ]
      },
      "tender": {
        "id": "No aplica",
        "title": "Elaboracion y puesta en marcha del sistema integral de gestion de cumplimiento ambiental (SIGCA) para el proyecto Nuevo Aeropuerto Internacional de laCiudad de Mexico",
        "description": "Elaboracion y puesta en marcha del sistema integral de gestion de cumplimiento ambiental (SIGCA) para el proyecto Nuevo Aeropuerto Internacional de laCiudad de Mexico",
        "status": "active",
        "items": [
          {
            "id": "item-00771f58-5b83-476b-9dc2-314708228ea0",
            "description": "Elaboracion y puesta en marcha del sistema integral de gestion de cumplimiento ambiental (SIGCA) para el proyecto Nuevo Aeropuerto Internacional de laCiudad de Mexico",
            "classification": {
              "scheme": "EDIFICACION NO HABITACIONAL",
              "id": "6220"
            },
            "quantity": 1,
            "unit": {
              "name": "sop",
              "value": {
                "amount": 30000000,
                "currency": "MXN"
              }
            }
          }
        ],
        "value": {
          "amount": 34800000,
          "currency": "MXN"
        },
        "procurementMethod": "open",
        "procurementMethodRationale": "No aplica",
        "metodoDeAdquisicion": "Convenio de colaboración",
        "awardCriteria": "bestValueToGoverment",
        "awardCriteriaDetails": "Presencial",
        "submissionMethod": [
          "No aplica"
        ],
        "eligibilityCriteria": "Ver documento adjunto",
        "documents": [
          {
            "id": "doc-1646d76a-a545-4e67-8cf1-f8655bd7cb52",
            "documentType": "Clarifications",
            "title": "Actas de la junta de aclaraciones",
            "description": "Actas de la junta de aclaraciones",
            "url": "http://189.211.120.220:8880/files/opendata/15011-GACM-DCI-SJ-CI-011-2015/9.-%20AJ/9.pdf",
            "datePublished": "2015-06-01T05:00:00.000Z",
            "dateModified": "2015-06-01T05:00:00.000Z",
            "format": "html",
            "language": "es"
          },
          {
            "id": "doc-5bccec89-0e04-4bd3-a59e-f483a3c76c65",
            "documentType": "Tender Notice",
            "title": "Documento que contiene las especificaciones t?cnicas de la obra",
            "description": "Convocatoria al procedimiento de contratacion",
            "url": "http://189.211.120.220:8880/files/opendata/15011-GACM-DCI-SJ-CI-011-2015/8.-%20CC/8.pdf",
            "datePublished": "2015-06-01T05:00:00.000Z",
            "dateModified": "2015-06-01T05:00:00.000Z",
            "format": "html",
            "language": "es"
          },
          {
            "id": "doc-46c276da-4e0f-421e-8822-b3b77b8b89b9",
            "documentType": "Tender Notice",
            "title": "Documento que describe los criterios de evaluaci?n",
            "description": "Convocatoria al procedimiento de contratacion",
            "url": "http://189.211.120.220:8880/files/opendata/15011-GACM-DCI-SJ-CI-011-2015/8.-%20CC/8.pdf",
            "datePublished": "2015-06-01T05:00:00.000Z",
            "dateModified": "2015-06-01T05:00:00.000Z",
            "format": "html",
            "language": "es"
          },
          {
            "id": "doc-d1f46430-7a3c-4a6b-ba17-0401ef7a0ccd",
            "documentType": "Tender Notice",
            "title": "Documento que contiene los objetivos y caracter?sticas del contrato y proceso de licitaci?n",
            "description": "Convocatoria al procedimiento de contratacion",
            "url": "http://189.211.120.220:8880/files/opendata/15011-GACM-DCI-SJ-CI-011-2015/8.-%20CC/8.pdf",
            "datePublished": "2015-06-01T05:00:00.000Z",
            "dateModified": "2015-06-01T05:00:00.000Z",
            "format": "html",
            "language": "es"
          },
          {
            "id": "doc-8cd668cf-2bf0-4e6f-9209-d915f3bf8240",
            "documentType": "Tender Notice",
            "title": "Convocatoria al procedimiento de contrataci?n",
            "description": "Convocatoria al procedimiento de contratacion",
            "url": "http://189.211.120.220:8880/files/opendata/15011-GACM-DCI-SJ-CI-011-2015/8.-%20CC/8.pdf",
            "datePublished": "2015-06-01T05:00:00.000Z",
            "dateModified": "2015-06-01T05:00:00.000Z",
            "format": "html",
            "language": "es"
          },
          {
            "id": "doc-470199e9-eb71-4c13-a45e-2bd61bc676be",
            "documentType": "Tender Notice",
            "title": "Documento que describe los criterios que deben cumplir los licitantes",
            "description": "Convocatoria al procedimiento de contratacion",
            "url": "http://189.211.120.220:8880/files/opendata/15011-GACM-DCI-SJ-CI-011-2015/8.-%20CC/8.pdf",
            "datePublished": "2015-06-01T05:00:00.000Z",
            "dateModified": "2015-06-01T05:00:00.000Z",
            "format": "html",
            "language": "es"
          }
        ]
      },
      "buyer": {
        "identifier": {
          "scheme": "MK-009KDH999",
          "id": "GACM",
          "legalName": "Grupo Aeroportuario de la Ciudad de Mexico, S.A. de C.V.",
          "uri": "http://www.aeropuerto.gob.mx/"
        },
        "name": "Grupo Aeroportuario de la Ciudad de Mexico, S.A. de C.V.",
        "address": {
          "streetAddress": "AV. INSURGENTES SUR NO. 2453 PISO 2 OFICINA 203",
          "locality": "COL. TIZAPAN",
          "region": "DEL. ALVARO OBREGON",
          "postalCode": "01090",
          "countryName": "Mexico"
        },
        "contactPoint": {
          "name": "G05-DIRECCION CORPORATIVA DE ADMINISTRACION Y GESTION INMOBILIARIA",
          "url": "http://www.aeropuerto.gob.mx/"
        }
      },
      "awards": [
        {
          "id": "No aplica",
          "title": "Elaboracion y puesta en marcha del sistema integral e gestion de cumplimiento ambiental (SIGCA) para el proyecto Nuevo Aeropuerto Internacional de laCiudad de Mexico",
          "description": "Ver documento adjunto",
          "status": "active",
          "value": {
            "amount": 30000000,
            "currency": "MXN"
          },
          "suppliers": [
            {
              "identifier": {
                "id": "FIC000330LK9",
                "legalName": "Instituto Politecnico Nacional"
              },
              "name": "Instituto Politecnico Nacional",
              "address": {
                "streetAddress": "Avenida Luis Enrique Erro SN",
                "locality": "Unidad Profesional Adolfo Lopez Mateos, Col, Zacatenco",
                "region": "Gustavo A. Madero",
                "postalCode": "07738",
                "countryName": "Mexico"
              }
            }
          ],
          "items": [
            {
              "id": "item-2cf8ef8a-2202-4e58-ba1d-0094cfa00d1f",
              "description": "Elaboracion y puesta en marcha del sistema integral de gestion de cumplimiento ambiental (SIGCA) para el proyecto Nuevo Aeropuerto Internacional de laCiudad de Mexico",
              "classification": {
                "scheme": "EDIFICACION NO HABITACIONAL",
                "id": "6220"
              },
              "quantity": 1,
              "unit": {
                "name": "sop",
                "value": {
                  "amount": 30000000,
                  "currency": "MXN"
                }
              }
            }
          ],
          "contractPeriod": {
            "startDate": "2015-06-01T05:00:00.000Z",
            "endDate": "2015-12-03T06:00:00.000Z"
          },
          "documents": [
            {
              "id": "doc-b695f163-1d1d-470c-b865-d699d49cc121",
              "documentType": "Award Notice",
              "title": "Fallo",
              "description": "Acta de fallo",
              "url": "http://189.211.120.220:8880/files/opendata/15011-GACM-DCI-SJ-CI-011-2015/12.-%20AF/12.pdf",
              "datePublished": "2015-06-01T05:00:00.000Z",
              "dateModified": "2015-06-01T05:00:00.000Z",
              "format": "html",
              "language": "es"
            },
            {
              "id": "doc-d98a1059-c1f9-4a5f-b774-226e715dd48d",
              "documentType": "Award Notice",
              "title": "Fallo",
              "description": "Descripcion del acto de presentacion y apertura de proposiciones",
              "url": "http://189.211.120.220:8880/files/opendata/15011-GACM-DCI-SJ-CI-011-2015/10.-%20AP/10.pdf",
              "datePublished": "2015-06-01T05:00:00.000Z",
              "dateModified": "2015-06-01T05:00:00.000Z",
              "format": "html",
              "language": "es"
            }
          ]
        }
      ],
      "contracts": [
        {
          "id": "GACM/DCI/SJ/CI/011-2015",
          "awardID": "No aplica",
          "title": "Elaboracion y puesta en marcha del sistema integral e gestion de cumplimiento ambiental (SIGCA) para el proyecto Nuevo Aeropuerto Internacional de laCiudad de Mexico",
          "description": "Ver documento adjunto",
          "status": "active",
          "period": {
            "startDate": "2015-06-01T05:00:00.000Z",
            "endDate": "2015-12-03T06:00:00.000Z"
          },
          "value": {
            "amount": 30000000,
            "currency": "MXN"
          },
          "items": [
            {
              "id": "item-17e49002-d953-43bd-925d-c29d6b6cbe1b",
              "description": "Elaboracion y puesta en marcha del sistema integral de gestion de cumplimiento ambiental (SIGCA) para el proyecto Nuevo Aeropuerto Internacional de laCiudad de Mexico",
              "classification": {
                "scheme": "EDIFICACION NO HABITACIONAL",
                "id": "6220"
              },
              "quantity": 1,
              "unit": {
                "name": "sop",
                "value": {
                  "amount": 30000000,
                  "currency": "MXN"
                }
              }
            }
          ],
          "dateSigned": "2015-06-01T05:00:00.000Z",
          "documents": [
            {
              "id": "doc-bd20c78d-21db-4c41-a5b4-5d963c202eea",
              "documentType": "Contract Signed",
              "title": "Cl?usula sobre las condiciones de entrega de la obra",
              "description": "Contrato firmado",
              "url": "http://189.211.120.220:8880/files/opendata/15011-GACM-DCI-SJ-CI-011-2015/15.-%20CF/15.pdf",
              "datePublished": "2015-06-01T05:00:00.000Z",
              "dateModified": "2015-06-01T05:00:00.000Z",
              "format": "html",
              "language": "es"
            },
            {
              "id": "doc-c6466bc9-7e88-48ae-bf94-c6130c6e0c5a",
              "documentType": "Contract Signed",
              "title": "Contrato firmado",
              "description": "Contrato firmado",
              "url": "http://189.211.120.220:8880/files/opendata/15011-GACM-DCI-SJ-CI-011-2015/15.-%20CF/15.pdf",
              "datePublished": "2015-06-01T05:00:00.000Z",
              "dateModified": "2015-06-01T05:00:00.000Z",
              "format": "html",
              "language": "es"
            },
            {
              "id": "doc-bce15496-95cb-4bf2-a040-1722ac918fe1",
              "documentType": "Contract Guarantees",
              "title": "Fianza de anticipo",
              "description": "Garantia sobre el anticipo",
              "url": "http://189.211.120.220:8880/files/opendata/15011-GACM-DCI-SJ-CI-011-2015/17.-%20GA/17.pdf",
              "datePublished": "2015-06-01T05:00:00.000Z",
              "dateModified": "2015-06-01T05:00:00.000Z",
              "format": "html",
              "language": "es"
            },
            {
              "id": "doc-64e98e14-4ee1-4a51-8606-c004376925ea",
              "documentType": "Contract Guarantees",
              "title": "Fianza de cumplimiento",
              "description": "Garantias de cumplimiento",
              "url": "http://189.211.120.220:8880/files/opendata/15011-GACM-DCI-SJ-CI-011-2015/18.-%20GC/18.pdf",
              "datePublished": "2015-06-01T05:00:00.000Z",
              "dateModified": "2015-06-01T05:00:00.000Z",
              "format": "html",
              "language": "es"
            }
          ]
        }
      ],
      "language": "es"
    }
  ],
  "publisher": {
    "name": "GACM",
    "scheme": "SERVICIO",
    "uid": "AS",
    "uri": "http://www.aeropuerto.gob.mx/"
  },
  "license": "https://datos.gob.mx/libreusomx/",
  "publicationPolicy": "https://datos.gob.mx/libreusomx/"
}
