{
  "uri": "https://datos.gob.mx/busca/dataset?organization=gacm",
  "publishedDate": "2017-02-15T16:48:25.808Z",
  "releases": [
    {
      "ocid": "182",
      "id": "RELEASE_182_2017-02-15T16:48:25.807Z",
      "date": "2017-02-08T06:00:00.000Z",
      "tag": [
        "contract"
      ],
      "initiationType": "tender",
      "planning": {
        "budget": {
          "source": "http://www.apartados.hacienda.gob.mx/presupuesto/temas/pef/2015/docs/09/r09_kdh_pie.pdf",
          "id": "Estudio de rehabilitacion y adaptacion de los canalese desecho, en el terreno del Nuevo",
          "description": "Presupuesto de Egresos de la Federacion 2015 y 2016",
          "amount": {
            "amount": 1400000,
            "currency": "MXN"
          },
          "project": "Nuevo Aeropuerto Internacional de la Ciudad de Mexico",
          "projectID": "46101",
          "uri": "http://www.apartados.hacienda.gob.mx/presupuesto/temas/pef/2015/docs/09/r09_kdh_pie.pdf"
        },
        "rationale": "Estudio de rehabilitacion y adaptacion de los canalese desecho, en el terreno del Nuevo",
        "documents": [
          {
            "id": "doc-321bca89-8244-4fa1-b35a-e6410a6079f9",
            "documentType": "projectPlan",
            "title": "Proyecto ejecutivo de la obra",
            "description": "Terminos de referencia",
            "url": "http://189.211.120.220:8880/files/opendata/15008-GACM-DCI-SJ-CI-008-2015/4.-%20TR/4.pdf",
            "datePublished": "2015-06-01T05:00:00.000Z",
            "dateModified": "2015-06-01T05:00:00.000Z",
            "format": "html",
            "language": "es"
          }
        ]
      },
      "tender": {
        "id": "No aplica",
        "title": "Estudio de rehabilitacion y adaptacion de los canalese desecho, en el terreno del Nuevo",
        "description": "Estudio de rehabilitacion y adaptacion de los canalese desecho, en el terreno del Nuevo",
        "status": "active",
        "items": [
          {
            "id": "item-47e58594-cc81-41a7-9cd2-1b155134d182",
            "description": "Estudio de rehabilitacion y adaptacion de los canalesde desecho, en el terreno del Nuevo",
            "classification": {
              "scheme": "EDIFICACION NO HABITACIONAL",
              "id": "6220"
            },
            "quantity": 1,
            "unit": {
              "name": "sop",
              "value": {
                "amount": 1206165.79,
                "currency": "MXN"
              }
            }
          }
        ],
        "value": {
          "amount": 1400000,
          "currency": "MXN"
        },
        "procurementMethod": "open",
        "procurementMethodRationale": "Nacional",
        "metodoDeAdquisicion": "Convenio de colaboración",
        "awardCriteria": "bestValueToGoverment",
        "awardCriteriaDetails": "Presencial",
        "submissionMethod": [
          "Presencial"
        ],
        "eligibilityCriteria": "Ver documento adjunto",
        "documents": [
          {
            "id": "doc-986fac1f-bb4d-4434-b6c3-b0d0315df934",
            "documentType": "Clarifications",
            "title": "Actas de la junta de aclaraciones",
            "description": "Actas de la junta de aclaraciones",
            "url": "http://189.211.120.220:8880/files/opendata/15008-GACM-DCI-SJ-CI-008-2015/9.-%20AJ/9.pdf",
            "datePublished": "2015-06-01T05:00:00.000Z",
            "dateModified": "2015-06-01T05:00:00.000Z",
            "format": "html",
            "language": "es"
          },
          {
            "id": "doc-97e549a1-abce-4386-847a-3b157be83854",
            "documentType": "Tender Notice",
            "title": "Documento que contiene las especificaciones t?cnicas de la obra",
            "description": "Convocatoria al procedimiento de contratacion",
            "url": "http://189.211.120.220:8880/files/opendata/15008-GACM-DCI-SJ-CI-008-2015/8.-%20CC/8.pdf",
            "datePublished": "2015-06-01T05:00:00.000Z",
            "dateModified": "2015-06-01T05:00:00.000Z",
            "format": "html",
            "language": "es"
          },
          {
            "id": "doc-49a031ba-6710-4258-9aee-fd6e50413c79",
            "documentType": "Tender Notice",
            "title": "Documento que describe los criterios de evaluaci?n",
            "description": "Convocatoria al procedimiento de contratacion",
            "url": "http://189.211.120.220:8880/files/opendata/15008-GACM-DCI-SJ-CI-008-2015/8.-%20CC/8.pdf",
            "datePublished": "2015-06-01T05:00:00.000Z",
            "dateModified": "2015-06-01T05:00:00.000Z",
            "format": "html",
            "language": "es"
          },
          {
            "id": "doc-07d80c26-c34c-4115-a856-26787fe17251",
            "documentType": "Tender Notice",
            "title": "Documento que contiene los objetivos y caracter?sticas del contrato y proceso de licitaci?n",
            "description": "Convocatoria al procedimiento de contratacion",
            "url": "http://189.211.120.220:8880/files/opendata/15008-GACM-DCI-SJ-CI-008-2015/8.-%20CC/8.pdf",
            "datePublished": "2015-06-01T05:00:00.000Z",
            "dateModified": "2015-06-01T05:00:00.000Z",
            "format": "html",
            "language": "es"
          },
          {
            "id": "doc-97b27990-4cfc-457e-9a3c-82ece09378d1",
            "documentType": "Tender Notice",
            "title": "Convocatoria al procedimiento de contrataci?n",
            "description": "Convocatoria al procedimiento de contratacion",
            "url": "http://189.211.120.220:8880/files/opendata/15008-GACM-DCI-SJ-CI-008-2015/8.-%20CC/8.pdf",
            "datePublished": "2015-06-01T05:00:00.000Z",
            "dateModified": "2015-06-01T05:00:00.000Z",
            "format": "html",
            "language": "es"
          },
          {
            "id": "doc-f87200f5-95ab-4c47-a8df-37e44bdd9748",
            "documentType": "Tender Notice",
            "title": "Documento que describe los criterios que deben cumplir los licitantes",
            "description": "Convocatoria al procedimiento de contratacion",
            "url": "http://189.211.120.220:8880/files/opendata/15008-GACM-DCI-SJ-CI-008-2015/8.-%20CC/8.pdf",
            "datePublished": "2015-06-01T05:00:00.000Z",
            "dateModified": "2015-06-01T05:00:00.000Z",
            "format": "html",
            "language": "es"
          }
        ]
      },
      "buyer": {
        "identifier": {
          "scheme": "MK-009KDH999",
          "id": "GACM",
          "legalName": "Grupo Aeroportuario de la Ciudad de Mexico, S.A. de C.V.",
          "uri": "http://www.aeropuerto.gob.mx/"
        },
        "name": "Grupo Aeroportuario de la Ciudad de Mexico, S.A. de C.V.",
        "address": {
          "streetAddress": "AV. INSURGENTES SUR NO. 2453 PISO 2 OFICINA 203",
          "locality": "COL. TIZAPAN",
          "region": "DEL. ALVARO OBREGON",
          "postalCode": "01090",
          "countryName": "Mexico"
        },
        "contactPoint": {
          "name": "G05-DIRECCION CORPORATIVA DE ADMINISTRACION Y GESTION INMOBILIARIA",
          "url": "http://www.aeropuerto.gob.mx/"
        }
      },
      "awards": [
        {
          "id": "No aplica",
          "title": "Estudio de rehabilitacion y adaptacion de los canales existentes para que funcionen como infraestructura de drenaje temporal, y remocion de material de desecho, en el terreno del Nuevo Aeropuerto Internacional de la Ciudad de Mexico (NAICM)",
          "description": "Ver documento adjunto",
          "status": "active",
          "value": {
            "amount": 1206165.79,
            "currency": "MXN"
          },
          "suppliers": [
            {
              "identifier": {
                "id": "FIC000330LK9",
                "legalName": "FONDO DE INVESTIGACION CIENTIFICA Y DESARROLLO TECNOLOGICO DEL INSTITUTO POLITECNICO NACIONAL"
              },
              "name": "FONDO DE INVESTIGACION CIENTIFICA Y DESARROLLO TECNOLOGICO DEL INSTITUTO POLITECNICO NACIONAL",
              "address": {
                "streetAddress": "Avenida Universidad No 1200",
                "locality": "Xoco",
                "region": "Benito Juarez",
                "postalCode": "03339",
                "countryName": "Mexico"
              }
            }
          ],
          "items": [
            {
              "id": "item-e369e459-23f1-46eb-a4a2-f78dcc1311fb",
              "description": "Estudio de rehabilitacion y adaptacion de los canalesde desecho, en el terreno del Nuevo",
              "classification": {
                "scheme": "EDIFICACION NO HABITACIONAL",
                "id": "6220"
              },
              "quantity": 1,
              "unit": {
                "name": "sop",
                "value": {
                  "amount": 1206165.79,
                  "currency": "MXN"
                }
              }
            }
          ],
          "contractPeriod": {
            "startDate": "2015-05-01T05:00:00.000Z",
            "endDate": "2015-06-30T05:00:00.000Z"
          },
          "documents": [
            {
              "id": "doc-58882da9-0976-49f9-8869-fc717423e048",
              "documentType": "Award Notice",
              "title": "Fallo",
              "description": "Acta de fallo",
              "url": "http://189.211.120.220:8880/files/opendata/15008-GACM-DCI-SJ-CI-008-2015/12.-%20AF/12.pdf",
              "datePublished": "2015-06-01T05:00:00.000Z",
              "dateModified": "2015-06-01T05:00:00.000Z",
              "format": "html",
              "language": "es"
            },
            {
              "id": "doc-06b9a16f-a14a-49f7-9f2d-e636d997797e",
              "documentType": "Award Notice",
              "title": "Fallo",
              "description": "Descripcion del acto de presentacion y apertura de proposiciones",
              "url": "http://189.211.120.220:8880/files/opendata/15008-GACM-DCI-SJ-CI-008-2015/10.-%20AP/10.pdf",
              "datePublished": "2015-06-01T05:00:00.000Z",
              "dateModified": "2015-06-01T05:00:00.000Z",
              "format": "html",
              "language": "es"
            }
          ]
        }
      ],
      "contracts": [
        {
          "id": "GACM/DCI/SJ/CI/008/2015",
          "awardID": "No aplica",
          "title": "Estudio de rehabilitacion y adaptacion de los canales existentes para que funcionen como infraestructura de drenaje temporal, y remocion de material de desecho, en el terreno del Nuevo Aeropuerto Internacional de la Ciudad de Mexico (NAICM)",
          "description": "Ver documento adjunto",
          "status": "active",
          "period": {
            "startDate": "2015-05-01T05:00:00.000Z",
            "endDate": "2015-06-30T05:00:00.000Z"
          },
          "value": {
            "amount": 1206165.79,
            "currency": "MXN"
          },
          "items": [
            {
              "id": "item-258c4b52-f79e-45c1-8b5b-cecb1cd21c37",
              "description": "Estudio de rehabilitacion y adaptacion de los canalesde desecho, en el terreno del Nuevo",
              "classification": {
                "scheme": "EDIFICACION NO HABITACIONAL",
                "id": "6220"
              },
              "quantity": 1,
              "unit": {
                "name": "sop",
                "value": {
                  "amount": 1206165.79,
                  "currency": "MXN"
                }
              }
            }
          ],
          "dateSigned": "2015-06-01T05:00:00.000Z",
          "documents": [
            {
              "id": "doc-e4ca96bc-8ace-4d0f-9155-ce538dcb9e39",
              "documentType": "Contract Signed",
              "title": "Cl?usula sobre las condiciones de entrega de la obra",
              "description": "Contrato firmado",
              "url": "http://189.211.120.220:8880/files/opendata/15008-GACM-DCI-SJ-CI-008-2015/15.-%20CF/15.pdf",
              "datePublished": "2015-06-01T05:00:00.000Z",
              "dateModified": "2015-06-01T05:00:00.000Z",
              "format": "html",
              "language": "es"
            },
            {
              "id": "doc-73e2c727-5043-4ed1-ae05-202bc49197e3",
              "documentType": "Contract Signed",
              "title": "Contrato firmado",
              "description": "Contrato firmado",
              "url": "http://189.211.120.220:8880/files/opendata/15008-GACM-DCI-SJ-CI-008-2015/15.-%20CF/15.pdf",
              "datePublished": "2015-06-01T05:00:00.000Z",
              "dateModified": "2015-06-01T05:00:00.000Z",
              "format": "html",
              "language": "es"
            },
            {
              "id": "doc-acb5cdf8-0b85-4401-8d56-0e0bdd769130",
              "documentType": "Contract Guarantees",
              "title": "Fianza de anticipo",
              "description": "Garantia sobre el anticipo",
              "url": "http://189.211.120.220:8880/files/opendata/15008-GACM-DCI-SJ-CI-008-2015/17.-%20GA/17.pdf",
              "datePublished": "2015-06-01T05:00:00.000Z",
              "dateModified": "2015-06-01T05:00:00.000Z",
              "format": "html",
              "language": "es"
            },
            {
              "id": "doc-7cd25c82-cf53-407b-9d8e-c9203ee95e21",
              "documentType": "Contract Guarantees",
              "title": "Fianza de cumplimiento",
              "description": "Garantias de cumplimiento",
              "url": "http://189.211.120.220:8880/files/opendata/15008-GACM-DCI-SJ-CI-008-2015/18.-%20GC/18.pdf",
              "datePublished": "2015-06-01T05:00:00.000Z",
              "dateModified": "2015-06-01T05:00:00.000Z",
              "format": "html",
              "language": "es"
            }
          ]
        }
      ],
      "language": "es"
    }
  ],
  "publisher": {
    "name": "GACM",
    "scheme": "SERVICIO",
    "uid": "AS",
    "uri": "http://www.aeropuerto.gob.mx/"
  },
  "license": "https://datos.gob.mx/libreusomx/",
  "publicationPolicy": "https://datos.gob.mx/libreusomx/"
}
