{
  "uri": "https://datos.gob.mx/busca/dataset?organization=gacm",
  "publishedDate": "2017-02-15T16:48:25.769Z",
  "releases": [
    {
      "ocid": "183",
      "id": "RELEASE_183_2017-02-15T16:48:25.767Z",
      "date": "2017-02-08T06:00:00.000Z",
      "tag": [
        "contract"
      ],
      "initiationType": "tender",
      "planning": {
        "budget": {
          "source": "http://www.apartados.hacienda.gob.mx/presupuesto/temas/pef/2015/docs/09/r09_kdh_pie.pdf",
          "id": "Instrumentacion de Planes y Programas Ambientales para el Proyecto del NAICM",
          "description": "Presupuesto de Egresos de la Fedracion 2015 y 2016",
          "amount": {
            "amount": 34800000,
            "currency": "MXN"
          },
          "project": "Nuevo Aeropuerto Internacional de la Ciudad de Mexico",
          "projectID": "46101",
          "uri": "http://www.apartados.hacienda.gob.mx/presupuesto/temas/pef/2015/docs/09/r09_kdh_pie.pdf"
        },
        "rationale": "Instrumentacion de Planes y Programas Ambientales para el Proyecto del NAICM",
        "documents": [
          {
            "id": "doc-d0c316a2-eda4-44d6-8061-aeac7edc23c4",
            "documentType": "projectPlan",
            "title": "Proyecto ejecutivo de la obra",
            "description": "Terminos de referencia",
            "url": "http://189.211.120.220:8880/files/opendata/15014-GACM-DCI-SJ-CI-014-15/4.-%20TR/4.pdf",
            "datePublished": "2015-06-01T05:00:00.000Z",
            "dateModified": "2015-06-01T05:00:00.000Z",
            "format": "html",
            "language": "es"
          }
        ]
      },
      "tender": {
        "id": "No aplica",
        "title": "Instrumentacion de Planes y Programas Ambientales para el Proyecto del NAICM",
        "description": "Instrumentacion de Planes y Programas Ambientales para el Proyecto del NAICM",
        "status": "active",
        "items": [
          {
            "id": "item-3f17db03-2da0-4753-ac67-d0e7e0a22fd3",
            "description": "Instrumentacion de Planes y Programas Ambientales para el Proyecto del NAICM",
            "classification": {
              "scheme": "EDIFICACION NO HABITACIONAL",
              "id": "6220"
            },
            "quantity": 1,
            "unit": {
              "name": "sop",
              "value": {
                "amount": 30100000,
                "currency": "MXN"
              }
            }
          }
        ],
        "minValue": {
          "currency": "MXN"
        },
        "value": {
          "amount": 34800000,
          "currency": "MXN"
        },
        "procurementMethod": "open",
        "procurementMethodRationale": "Nacional",
        "metodoDeAdquisicion": "Convenio de colaboración",
        "awardCriteria": "bestValueToGoverment",
        "awardCriteriaDetails": "Presencial",
        "submissionMethod": [
          "Presencial"
        ],
        "eligibilityCriteria": "Ver documento adjunto",
        "documents": [
          {
            "id": "doc-cdf90fc1-212b-4ff1-840f-1474b62cbadc",
            "documentType": "Clarifications",
            "title": "Actas de la junta de aclaraciones",
            "description": "Actas de la junta de aclaraciones",
            "url": "http://189.211.120.220:8880/files/opendata/15014-GACM-DCI-SJ-CI-014-15/9.-%20AJ/9.pdf",
            "datePublished": "2015-06-01T05:00:00.000Z",
            "dateModified": "2015-06-01T05:00:00.000Z",
            "format": "html",
            "language": "es"
          },
          {
            "id": "doc-4227a67a-5f5a-4a12-8b0e-c9c4c5ab7b17",
            "documentType": "Tender Notice",
            "title": "Documento que contiene las especificaciones t?cnicas de la obra",
            "description": "Convocatoria al procedimiento de contratacion",
            "url": "http://189.211.120.220:8880/files/opendata/15014-GACM-DCI-SJ-CI-014-15/8.-%20CC/8.pdf",
            "datePublished": "2015-06-01T05:00:00.000Z",
            "dateModified": "2015-06-01T05:00:00.000Z",
            "format": "html",
            "language": "es"
          },
          {
            "id": "doc-cf81c6ba-b13f-42d6-a211-4981ef225701",
            "documentType": "Tender Notice",
            "title": "Documento que describe los criterios de evaluaci?n",
            "description": "Convocatoria al procedimiento de contratacion",
            "url": "http://189.211.120.220:8880/files/opendata/15014-GACM-DCI-SJ-CI-014-15/8.-%20CC/8.pdf",
            "datePublished": "2015-06-01T05:00:00.000Z",
            "dateModified": "2015-06-01T05:00:00.000Z",
            "format": "html",
            "language": "es"
          },
          {
            "id": "doc-f7e138a6-c1af-4160-ab72-3003ba0f2bc7",
            "documentType": "Tender Notice",
            "title": "Documento que contiene los objetivos y caracter?sticas del contrato y proceso de licitaci?n",
            "description": "Convocatoria al procedimiento de contratacion",
            "url": "http://189.211.120.220:8880/files/opendata/15014-GACM-DCI-SJ-CI-014-15/8.-%20CC/8.pdf",
            "datePublished": "2015-06-01T05:00:00.000Z",
            "dateModified": "2015-06-01T05:00:00.000Z",
            "format": "html",
            "language": "es"
          },
          {
            "id": "doc-007fa6e6-6c30-441d-aa9f-92d647f4ffd8",
            "documentType": "Tender Notice",
            "title": "Convocatoria al procedimiento de contrataci?n",
            "description": "Convocatoria al procedimiento de contratacion",
            "url": "http://189.211.120.220:8880/files/opendata/15014-GACM-DCI-SJ-CI-014-15/8.-%20CC/8.pdf",
            "datePublished": "2015-06-01T05:00:00.000Z",
            "dateModified": "2015-06-01T05:00:00.000Z",
            "format": "html",
            "language": "es"
          },
          {
            "id": "doc-883e75a4-8760-4f0e-9ced-3a9b25236c7c",
            "documentType": "Tender Notice",
            "title": "Documento que describe los criterios que deben cumplir los licitantes",
            "description": "Convocatoria al procedimiento de contratacion",
            "url": "http://189.211.120.220:8880/files/opendata/15014-GACM-DCI-SJ-CI-014-15/8.-%20CC/8.pdf",
            "datePublished": "2015-06-01T05:00:00.000Z",
            "dateModified": "2015-06-01T05:00:00.000Z",
            "format": "html",
            "language": "es"
          }
        ]
      },
      "buyer": {
        "identifier": {
          "scheme": "MK-009KDH999",
          "id": "GACM",
          "legalName": "Grupo Aeroportuario de la Ciudad de Mexico, S.A. de C.V.",
          "uri": "http://www.aeropuerto.gob.mx/"
        },
        "name": "Grupo Aeroportuario de la Ciudad de Mexico, S.A. de C.V.",
        "address": {
          "streetAddress": "AV. INSURGENTES SUR NO. 2453 PISO 2 OFICINA 203",
          "locality": "COL. TIZAPAN",
          "region": "DEL. ALVARO OBREGON",
          "postalCode": "01090",
          "countryName": "Mexico"
        },
        "contactPoint": {
          "name": "G05-DIRECCION CORPORATIVA DE ADMINISTRACION Y GESTION INMOBILIARIA",
          "url": "http://www.aeropuerto.gob.mx/"
        }
      },
      "awards": [
        {
          "id": "No aplica",
          "title": "Instrumentacion de Planes y Programas Ambientales para el Proyecto del NAICM",
          "description": "Ver documento adjunto",
          "status": "active",
          "value": {
            "amount": 30100000,
            "currency": "MXN"
          },
          "suppliers": [
            {
              "identifier": {
                "id": "FIC000330LK9",
                "legalName": "Fondo de Investigacion Cientifica y Desarrollo Tecnologico del Instituto Politecnico Nacional"
              },
              "name": "Fondo de Investigacion Cientifica y Desarrollo Tecnologico del Instituto Politecnico Nacional",
              "address": {
                "streetAddress": "Avenida Universidad No. 1200",
                "locality": "Xoco",
                "region": "Benito Juarez",
                "postalCode": "03339",
                "countryName": "Mexico"
              }
            }
          ],
          "items": [
            {
              "id": "item-1125e5db-13cb-42ab-a1e1-0386c00aebb5",
              "description": "Instrumentacion de Planes y Programas Ambientales para el Proyecto del NAICM",
              "classification": {
                "scheme": "EDIFICACION NO HABITACIONAL",
                "id": "6220"
              },
              "quantity": 1,
              "unit": {
                "name": "sop",
                "value": {
                  "amount": 30100000,
                  "currency": "MXN"
                }
              }
            }
          ],
          "contractPeriod": {
            "startDate": "2015-06-01T05:00:00.000Z",
            "endDate": "2015-12-03T06:00:00.000Z"
          },
          "documents": [
            {
              "id": "doc-76b59aaa-f929-4a52-9c44-9c0037c28803",
              "documentType": "Award Notice",
              "title": "Fallo",
              "description": "Acta de fallo",
              "url": "http://189.211.120.220:8880/files/opendata/15014-GACM-DCI-SJ-CI-014-15/12.-%20AF/12.pdf",
              "datePublished": "2015-06-01T05:00:00.000Z",
              "dateModified": "2015-06-01T05:00:00.000Z",
              "format": "html",
              "language": "es"
            },
            {
              "id": "doc-b279225e-7ef4-4c03-b74f-7b296066c362",
              "documentType": "Award Notice",
              "title": "Fallo",
              "description": "Descripcion del acto de presentacion y apertura de proposiciones",
              "url": "http://189.211.120.220:8880/files/opendata/15014-GACM-DCI-SJ-CI-014-15/10.-%20AP/10.pdf",
              "datePublished": "2015-06-01T05:00:00.000Z",
              "dateModified": "2015-06-01T05:00:00.000Z",
              "format": "html",
              "language": "es"
            }
          ]
        }
      ],
      "contracts": [
        {
          "id": "GACM/DCI/CJ/SJ/014-2015",
          "awardID": "No aplica",
          "title": "Instrumentacion de Planes y Programas Ambientales para el Proyecto del NAICM",
          "description": "Ver documento adjunto",
          "status": "active",
          "period": {
            "startDate": "2015-06-01T05:00:00.000Z",
            "endDate": "2015-12-03T06:00:00.000Z"
          },
          "value": {
            "amount": 30100000,
            "currency": "MXN"
          },
          "items": [
            {
              "id": "item-686223ab-4faa-4f46-bdfb-80e7f97d7ff3",
              "description": "Instrumentacion de Planes y Programas Ambientales para el Proyecto del NAICM",
              "classification": {
                "scheme": "EDIFICACION NO HABITACIONAL",
                "id": "6220"
              },
              "quantity": 1,
              "unit": {
                "name": "sop",
                "value": {
                  "amount": 30100000,
                  "currency": "MXN"
                }
              }
            }
          ],
          "dateSigned": "2015-06-01T05:00:00.000Z",
          "documents": [
            {
              "id": "doc-b585493d-db37-4261-981c-11adc29938df",
              "documentType": "Contract Signed",
              "title": "Cl?usula sobre las condiciones de entrega de la obra",
              "description": "Contrato firmado",
              "url": "http://189.211.120.220:8880/files/opendata/15014-GACM-DCI-SJ-CI-014-15/15.-%20CF/15.pdf",
              "datePublished": "2015-06-01T05:00:00.000Z",
              "dateModified": "2015-06-01T05:00:00.000Z",
              "format": "html",
              "language": "es"
            },
            {
              "id": "doc-68648773-44e6-4336-82fe-a45011f06a7e",
              "documentType": "Contract Signed",
              "title": "Contrato firmado",
              "description": "Contrato firmado",
              "url": "http://189.211.120.220:8880/files/opendata/15014-GACM-DCI-SJ-CI-014-15/15.-%20CF/15.pdf",
              "datePublished": "2015-06-01T05:00:00.000Z",
              "dateModified": "2015-06-01T05:00:00.000Z",
              "format": "html",
              "language": "es"
            },
            {
              "id": "doc-66a211da-a3bf-4ca0-94cf-ccee181115cc",
              "documentType": "Contract Guarantees",
              "title": "Fianza de anticipo",
              "description": "Garantia sobre el anticipo",
              "url": "http://189.211.120.220:8880/files/opendata/15014-GACM-DCI-SJ-CI-014-15/17.-%20GA/17.pdf",
              "datePublished": "2015-06-01T05:00:00.000Z",
              "dateModified": "2015-06-01T05:00:00.000Z",
              "format": "html",
              "language": "es"
            },
            {
              "id": "doc-01eba532-64d9-4a8c-ba42-9f553c3d2b70",
              "documentType": "Contract Guarantees",
              "title": "Fianza de cumplimiento",
              "description": "Garantias de cumplimiento",
              "url": "http://189.211.120.220:8880/files/opendata/15014-GACM-DCI-SJ-CI-014-15/18.-%20GC/18.pdf",
              "datePublished": "2015-06-01T05:00:00.000Z",
              "dateModified": "2015-06-01T05:00:00.000Z",
              "format": "html",
              "language": "es"
            }
          ]
        }
      ],
      "language": "es"
    }
  ],
  "publisher": {
    "name": "GACM",
    "scheme": "SERVICIO",
    "uid": "AS",
    "uri": "http://www.aeropuerto.gob.mx/"
  },
  "license": "https://datos.gob.mx/libreusomx/",
  "publicationPolicy": "https://datos.gob.mx/libreusomx/"
}
