{
  "uri": "https://datos.gob.mx/busca/dataset?organization=gacm",
  "publishedDate": "2017-02-15T16:48:25.654Z",
  "releases": [
    {
      "ocid": "185",
      "id": "RELEASE_185_2017-02-15T16:48:25.653Z",
      "date": "2017-02-08T06:00:00.000Z",
      "tag": [
        "contract"
      ],
      "initiationType": "tender",
      "planning": {
        "budget": {
          "id": "Convenio de cooperacion consistente en el uso y goce temporal a titulo gratuito de los inmuebles identidicados como Edicio R1 Planta Baja 381.73 m2 lAeropuertos y SErvicios Auxiliares y esta Entidad.",
          "description": "Presupuesto de Egresos de la Fedracion 2015 y 2016",
          "amount": {
            "amount": 51000000,
            "currency": "MXN"
          },
          "project": "Nuevo Aeropuerto Internacional de la Ciudad de Mexico",
          "projectID": "46101"
        },
        "rationale": "Convenio de cooperacion consistente en el uso y goce temporal a titulo gratuito de los inmuebles identidicados como Edicio R1 Planta Baja 381.73 m2 lAeropuertos y SErvicios Auxiliares y esta Entidad.",
        "documents": [
          {
            "id": "doc-a392ff65-60d8-49c9-87b1-99f41d70296d",
            "documentType": "projectPlan",
            "title": "Proyecto ejecutivo de la obra",
            "description": "Terminos de referencia",
            "url": "http://189.211.120.220:8880/files/opendata/14001-GACM-DCAGI-SA-SJ-CI-01-14/4.-%20TR/4.pdf",
            "datePublished": "2014-07-07T05:00:00.000Z",
            "dateModified": "2014-07-07T05:00:00.000Z",
            "format": "html",
            "language": "es"
          }
        ]
      },
      "tender": {
        "id": "No aplica",
        "title": "Convenio de cooperacion consistente en el uso y goce temporal a titulo gratuito de los inmuebles identidicados como Edicio R1 Planta Baja 381.73 m2 lAeropuertos y SErvicios Auxiliares y esta Entidad.",
        "description": "Convenio de cooperacion consistente en el uso y goce temporal a titulo gratuito de los inmuebles identidicados como Edicio R1 Planta Baja 381.73 m2 lAeropuertos y SErvicios Auxiliares y esta Entidad.",
        "status": "active",
        "items": [
          {
            "id": "item-2f72ca35-09c1-4b27-916f-bc042ec7d0ea",
            "description": "Convenio de cooperacion consistente en el uso y goce temporal a titulo gratuito de los inmuebles identidicados como Edicio R1 Planta Baja 381.73 m2 l",
            "classification": {
              "scheme": "SERVICIOS PROFESIONALES, CIENTIFICOS Y TECNICOS INTEGRALES",
              "id": "3390"
            },
            "quantity": 1,
            "unit": {
              "name": "srv",
              "value": {
                "amount": 51000000,
                "currency": "MXN"
              }
            }
          }
        ],
        "minValue": {
          "currency": "MXN"
        },
        "value": {
          "amount": 51000000,
          "currency": "MXN"
        },
        "procurementMethod": "open",
        "procurementMethodRationale": "Nacional",
        "metodoDeAdquisicion": "Convenio de colaboración",
        "awardCriteria": "bestValueToGoverment",
        "awardCriteriaDetails": "Presencial",
        "submissionMethod": [
          "Presencial"
        ],
        "eligibilityCriteria": "Ver documento adjunto",
        "documents": [
          {
            "id": "doc-a2aacdc2-4f7e-48a8-a1e5-144564dd2e71",
            "documentType": "Clarifications",
            "title": "Actas de la junta de aclaraciones",
            "description": "Actas de la junta de aclaraciones",
            "url": "http://189.211.120.220:8880/files/opendata/14001-GACM-DCAGI-SA-SJ-CI-01-14/9.-%20AJ/9.pdf",
            "datePublished": "2014-07-07T05:00:00.000Z",
            "dateModified": "2014-07-07T05:00:00.000Z",
            "format": "html",
            "language": "es"
          },
          {
            "id": "doc-12f9cc64-a22a-4612-be5e-57967efa175a",
            "documentType": "Tender Notice",
            "title": "Documento que contiene las especificaciones t?cnicas de la obra",
            "description": "Convocatoria al procedimiento de contratacion",
            "url": "http://189.211.120.220:8880/files/opendata/14001-GACM-DCAGI-SA-SJ-CI-01-14/8.-%20CC/8.pdf",
            "datePublished": "2014-07-07T05:00:00.000Z",
            "dateModified": "2014-07-07T05:00:00.000Z",
            "format": "html",
            "language": "es"
          },
          {
            "id": "doc-47fdf56f-9506-416e-a6f9-68fba1ee3e99",
            "documentType": "Tender Notice",
            "title": "Documento que describe los criterios de evaluaci?n",
            "description": "Convocatoria al procedimiento de contratacion",
            "url": "http://189.211.120.220:8880/files/opendata/14001-GACM-DCAGI-SA-SJ-CI-01-14/8.-%20CC/8.pdf",
            "datePublished": "2014-07-07T05:00:00.000Z",
            "dateModified": "2014-07-07T05:00:00.000Z",
            "format": "html",
            "language": "es"
          },
          {
            "id": "doc-33195367-65da-4335-a27a-2fd4c9893993",
            "documentType": "Tender Notice",
            "title": "Documento que contiene los objetivos y caracter?sticas del contrato y proceso de licitaci?n",
            "description": "Convocatoria al procedimiento de contratacion",
            "url": "http://189.211.120.220:8880/files/opendata/14001-GACM-DCAGI-SA-SJ-CI-01-14/8.-%20CC/8.pdf",
            "datePublished": "2014-07-07T05:00:00.000Z",
            "dateModified": "2014-07-07T05:00:00.000Z",
            "format": "html",
            "language": "es"
          },
          {
            "id": "doc-1141460a-a79d-4519-ab98-397806a6258b",
            "documentType": "Tender Notice",
            "title": "Convocatoria al procedimiento de contrataci?n",
            "description": "Convocatoria al procedimiento de contratacion",
            "url": "http://189.211.120.220:8880/files/opendata/14001-GACM-DCAGI-SA-SJ-CI-01-14/8.-%20CC/8.pdf",
            "datePublished": "2014-07-07T05:00:00.000Z",
            "dateModified": "2014-07-07T05:00:00.000Z",
            "format": "html",
            "language": "es"
          },
          {
            "id": "doc-60dce5fe-d41d-4b17-b168-0c712cae97a8",
            "documentType": "Tender Notice",
            "title": "Documento que describe los criterios que deben cumplir los licitantes",
            "description": "Convocatoria al procedimiento de contratacion",
            "url": "http://189.211.120.220:8880/files/opendata/14001-GACM-DCAGI-SA-SJ-CI-01-14/8.-%20CC/8.pdf",
            "datePublished": "2014-07-07T05:00:00.000Z",
            "dateModified": "2014-07-07T05:00:00.000Z",
            "format": "html",
            "language": "es"
          }
        ]
      },
      "buyer": {
        "identifier": {
          "scheme": "MK-009KDH999",
          "id": "GACM",
          "legalName": "Grupo Aeroportuario de la Ciudad de Mexico, S.A. de C.V.",
          "uri": "http://www.aeropuerto.gob.mx/"
        },
        "name": "Grupo Aeroportuario de la Ciudad de Mexico, S.A. de C.V.",
        "address": {
          "streetAddress": "AV. INSURGENTES SUR NO. 2453 PISO 2 OFICINA 203",
          "locality": "COL. TIZAPAN",
          "region": "DEL. ALVARO OBREGON",
          "postalCode": "01090",
          "countryName": "Mexico"
        },
        "contactPoint": {
          "name": "G05-DIRECCION CORPORATIVA DE ADMINISTRACION Y GESTION INMOBILIARIA",
          "url": "http://www.aeropuerto.gob.mx/"
        }
      },
      "awards": [
        {
          "id": "No Aplica",
          "title": "Convenio de cooperacion consistente en el uso y goce temporal a titulo gratuito de los inmuebles identidicados como Edicio R1 Planta Baja 381.73 m2 lAeropuertos y SErvicios Auxiliares y esta Entidad.",
          "description": "Ver documento adjunto",
          "status": "active",
          "value": {
            "amount": 51000000,
            "currency": "MXN"
          },
          "suppliers": [
            {
              "identifier": {
                "id": "0",
                "legalName": "Aeropuertos y Servicios Auxiliares"
              },
              "name": "Aeropuertos y Servicios Auxiliares",
              "address": {
                "streetAddress": "Avenida 602 numero 161",
                "locality": "Zona Federal Aeropuerto Internacional de la Ciudad de Mexico.",
                "region": "Venustiano Carranza",
                "postalCode": "15620",
                "countryName": "Mexico"
              }
            }
          ],
          "items": [
            {
              "id": "item-a887f39c-42b9-4fd5-b8da-9ae3335c973a",
              "description": "Convenio de cooperacion consistente en el uso y goce temporal a titulo gratuito de los inmuebles identidicados como Edicio R1 Planta Baja 381.73 m2 l",
              "classification": {
                "scheme": "SERVICIOS PROFESIONALES, CIENTIFICOS Y TECNICOS INTEGRALES",
                "id": "3390"
              },
              "quantity": 1,
              "unit": {
                "name": "srv",
                "value": {
                  "amount": 51000000,
                  "currency": "MXN"
                }
              }
            }
          ],
          "contractPeriod": {
            "startDate": "2014-07-07T05:00:00.000Z",
            "endDate": "2030-06-20T22:00:00.000Z"
          },
          "documents": [
            {
              "id": "doc-8db62996-5a5b-4457-8da4-f10fe1fbf539",
              "documentType": "Award Notice",
              "title": "Fallo",
              "description": "Acta de fallo",
              "url": "http://189.211.120.220:8880/files/opendata/14001-GACM-DCAGI-SA-SJ-CI-01-14/12.-%20AF/12.pdf",
              "datePublished": "2014-07-07T05:00:00.000Z",
              "dateModified": "2014-07-07T05:00:00.000Z",
              "format": "html",
              "language": "es"
            },
            {
              "id": "doc-1c35014d-8b42-4e5c-967e-8be9e75674e6",
              "documentType": "Award Notice",
              "title": "Fallo",
              "description": "Descripcion del acto de presentacion y apertura de proposiciones",
              "url": "http://189.211.120.220:8880/files/opendata/14001-GACM-DCAGI-SA-SJ-CI-01-14/10.-%20AP/10.pdf",
              "datePublished": "2014-07-07T05:00:00.000Z",
              "dateModified": "2014-07-07T05:00:00.000Z",
              "format": "html",
              "language": "es"
            }
          ]
        }
      ],
      "contracts": [
        {
          "id": "GACM/DG/DCAGI/SJ/CI/01-2014",
          "awardID": "No Aplica",
          "title": "Convenio de cooperacion consistente en el uso y goce temporal a titulo gratuito de los inmuebles identidicados como Edicio R1 Planta Baja 381.73 m2 lAeropuertos y SErvicios Auxiliares y esta Entidad.",
          "description": "Ver documento adjunto",
          "status": "active",
          "period": {
            "startDate": "2014-07-07T05:00:00.000Z",
            "endDate": "2017-06-30T05:00:00.000Z"
          },
          "value": {
            "amount": 51000000,
            "currency": "MXN"
          },
          "items": [
            {
              "id": "item-009a5171-3dd2-4f4a-80ad-1ba9a647717e",
              "description": "Convenio de cooperacion consistente en el uso y goce temporal a titulo gratuito de los inmuebles identidicados como Edicio R1 Planta Baja 381.73 m2 l",
              "classification": {
                "scheme": "SERVICIOS PROFESIONALES, CIENTIFICOS Y TECNICOS INTEGRALES",
                "id": "3390"
              },
              "quantity": 1,
              "unit": {
                "name": "srv",
                "value": {
                  "amount": 51000000,
                  "currency": "MXN"
                }
              }
            }
          ],
          "dateSigned": "2014-07-07T05:00:00.000Z",
          "documents": [
            {
              "id": "doc-d834e106-121a-4bed-a597-2f2643eb6487",
              "documentType": "Contract Signed",
              "title": "Cl?usula sobre las condiciones de entrega de la obra",
              "description": "Contrato firmado",
              "url": "http://189.211.120.220:8880/files/opendata/14001-GACM-DCAGI-SA-SJ-CI-01-14/15.-%20CF/15.pdf",
              "datePublished": "2014-07-07T05:00:00.000Z",
              "dateModified": "2014-07-07T05:00:00.000Z",
              "format": "html",
              "language": "es"
            },
            {
              "id": "doc-f6f5d0e0-512d-42b2-8f13-014b864c886c",
              "documentType": "Contract Signed",
              "title": "Contrato firmado",
              "description": "Contrato firmado",
              "url": "http://189.211.120.220:8880/files/opendata/14001-GACM-DCAGI-SA-SJ-CI-01-14/15.-%20CF/15.pdf",
              "datePublished": "2014-07-07T05:00:00.000Z",
              "dateModified": "2014-07-07T05:00:00.000Z",
              "format": "html",
              "language": "es"
            },
            {
              "id": "doc-d229c14c-f43a-4c14-afcc-dac053cec73f",
              "documentType": "Contract Guarantees",
              "title": "Fianza de anticipo",
              "description": "Garantia sobre el anticipo",
              "url": "http://189.211.120.220:8880/files/opendata/14001-GACM-DCAGI-SA-SJ-CI-01-14/17.-%20GA/17.pdf",
              "datePublished": "2014-07-07T05:00:00.000Z",
              "dateModified": "2014-07-07T05:00:00.000Z",
              "format": "html",
              "language": "es"
            },
            {
              "id": "doc-277dbbe1-66c1-4180-a54f-2009de2b60b9",
              "documentType": "Contract Guarantees",
              "title": "Fianza de cumplimiento",
              "description": "Garantias de cumplimiento",
              "url": "http://189.211.120.220:8880/files/opendata/14001-GACM-DCAGI-SA-SJ-CI-01-14/18.-%20GC/18.pdf",
              "datePublished": "2014-07-07T05:00:00.000Z",
              "dateModified": "2014-07-07T05:00:00.000Z",
              "format": "html",
              "language": "es"
            }
          ]
        }
      ],
      "language": "es"
    }
  ],
  "publisher": {
    "name": "GACM",
    "scheme": "SERVICIO",
    "uid": "AS",
    "uri": "http://www.aeropuerto.gob.mx/"
  },
  "license": "https://datos.gob.mx/libreusomx/",
  "publicationPolicy": "https://datos.gob.mx/libreusomx/"
}
