{
  "uri": "https://datos.gob.mx/busca/dataset?organization=gacm",
  "publishedDate": "2017-02-15T16:48:25.396Z",
  "releases": [
    {
      "ocid": "188",
      "id": "RELEASE_188_2017-02-15T16:48:25.395Z",
      "date": "2017-02-08T06:00:00.000Z",
      "tag": [
        "contract"
      ],
      "initiationType": "tender",
      "planning": {
        "budget": {
          "source": "http://www.apartados.hacienda.gob.mx/presupuesto/temas/pef/2015/docs/09/r09_kdh_pie.pdf",
          "id": "Construccion de los caminos provisionales de acceso al Nuevo Aeropuerto Internacional de la Ciudad de Mexico (NAICM) ejecutando trabajos de terraceria, estructuras y obrad de drenaje, pavimentacion y senalamiento.",
          "description": "Presupuesto de Egresos de la Fedracion 2015 y 2016",
          "amount": {
            "amount": 1203803000,
            "currency": "MXN"
          },
          "project": "Nuevo Aeropuerto Internacional de la Ciudad de Mexico",
          "projectID": "46101",
          "uri": "http://www.apartados.hacienda.gob.mx/presupuesto/temas/pef/2015/docs/09/r09_kdh_pie.pdf"
        },
        "rationale": "Construccion de los caminos provisionales de acceso al Nuevo Aeropuerto Internacional de la Ciudad de Mexico (NAICM) ejecutando trabajos de terraceria, estructuras y obrad de drenaje, pavimentacion y senalamiento.",
        "documents": [
          {
            "id": "doc-630e89b1-2f4b-4df5-971c-63c8594eae1d",
            "documentType": "projectPlan",
            "title": "Proyecto ejecutivo de la obra",
            "description": "Terminos de referencia",
            "url": "http://189.211.120.220:8880/files/opendata/15114-LPN-OP-DCAGI-SC-114-15/4.-%20TR/4.pdf",
            "datePublished": "2015-12-16T06:00:00.000Z",
            "dateModified": "2015-12-16T06:00:00.000Z",
            "format": "html",
            "language": "es"
          }
        ]
      },
      "tender": {
        "id": "911935",
        "title": "Construccion de los caminos provisionales de acceso al Nuevo Aeropuerto Internacional de la Ciudad de Mexico (NAICM) ejecutando trabajos de terraceria, estructuras y obrad de drenaje, pavimentacion y senalamiento.",
        "description": "Construccion de los caminos provisionales de acceso al Nuevo Aeropuerto Internacional de la Ciudad de Mexico (NAICM) ejecutando trabajos de terraceria, estructuras y obrad de drenaje, pavimentacion y senalamiento.",
        "status": "active",
        "items": [
          {
            "id": "item-ea328b3b-5ab9-469c-801d-e052c2bd336e",
            "description": "Construccion de los caminos provisionales de acceso al Nuevo Aeropuerto Internacional de la Ciudad de Mexico (NAICM) ejecutando trabajos de terraceria, estructuras y obrad de drenaje, pavimentacion y senalamiento.",
            "classification": {
              "scheme": "EDIFICACION NO HABITACIONAL",
              "id": "6220"
            },
            "quantity": 1,
            "unit": {
              "name": "obr",
              "value": {
                "amount": 608275577.5,
                "currency": "MXN"
              }
            }
          }
        ],
        "value": {
          "amount": 1203803000,
          "currency": "MXN"
        },
        "procurementMethod": "open",
        "procurementMethodRationale": "Nacional",
        "metodoDeAdquisicion": "Licitación pública",
        "awardCriteria": "bestValueToGoverment",
        "awardCriteriaDetails": "Presencial",
        "submissionMethod": [
          "Presencial"
        ],
        "tenderPeriod": {
          "startDate": "2010-09-20T20:00:00.000Z",
          "endDate": "2015-11-13T06:00:00.000Z"
        },
        "enquiryPeriod": {
          "startDate": "2015-10-09T05:00:00.000Z",
          "endDate": "2015-11-05T06:00:00.000Z"
        },
        "eligibilityCriteria": "Ver documento adjunto",
        "awardPeriod": {
          "startDate": "2010-09-20T20:00:00.000Z",
          "endDate": "2015-11-13T06:00:00.000Z"
        },
        "documents": [
          {
            "id": "doc-cb20b197-e7db-4b17-9608-6ad2a765f642",
            "documentType": "Clarifications",
            "title": "Actas de la junta de aclaraciones",
            "description": "Actas de la junta de aclaraciones",
            "url": "http://189.211.120.220:8880/files/opendata/15114-LPN-OP-DCAGI-SC-114-15/9.-%20AJ/9.pdf",
            "datePublished": "2015-12-16T06:00:00.000Z",
            "dateModified": "2015-12-16T06:00:00.000Z",
            "format": "html",
            "language": "es"
          },
          {
            "id": "doc-b1728b1c-997d-4add-b0a9-298cd8cdc70c",
            "documentType": "Tender Notice",
            "title": "Convocatoria al procedimiento de contrataci?n",
            "description": "Convocatoria al procedimiento de contratacion",
            "url": "http://189.211.120.220:8880/files/opendata/15114-LPN-OP-DCAGI-SC-114-15/8.-%20CC/8.pdf",
            "datePublished": "2015-12-16T06:00:00.000Z",
            "dateModified": "2015-12-16T06:00:00.000Z",
            "format": "html",
            "language": "es"
          },
          {
            "id": "doc-e2e872d7-6c2a-4ee9-9641-1f3b58f0ccca",
            "documentType": "Tender Notice",
            "title": "Documento que contiene las especificaicones t?cnicas de la obra",
            "description": "Convocatoria al procedimiento de contratacion",
            "url": "http://189.211.120.220:8880/files/opendata/15114-LPN-OP-DCAGI-SC-114-15/8.-%20CC/8.pdf",
            "datePublished": "2015-12-16T06:00:00.000Z",
            "dateModified": "2015-12-16T06:00:00.000Z",
            "format": "html",
            "language": "es"
          },
          {
            "id": "doc-e8a6af14-0311-40e8-812a-2d96011c74c9",
            "documentType": "Tender Notice",
            "title": "Documento que contiene los objetivos y caracter?sticas del contrato y proceso de licitaci?n",
            "description": "Convocatoria al procedimiento de contratacion",
            "url": "http://189.211.120.220:8880/files/opendata/15114-LPN-OP-DCAGI-SC-114-15/8.-%20CC/8.pdf",
            "datePublished": "2015-12-16T06:00:00.000Z",
            "dateModified": "2015-12-16T06:00:00.000Z",
            "format": "html",
            "language": "es"
          },
          {
            "id": "doc-2799e524-d702-44f3-8451-dd3accbc3e55",
            "documentType": "Tender Notice",
            "title": "Documento que describe los criterios de evaluaci?n",
            "description": "Convocatoria al procedimiento de contratacion",
            "url": "http://189.211.120.220:8880/files/opendata/15114-LPN-OP-DCAGI-SC-114-15/8.-%20CC/8.pdf",
            "datePublished": "2015-12-16T06:00:00.000Z",
            "dateModified": "2015-12-16T06:00:00.000Z",
            "format": "html",
            "language": "es"
          },
          {
            "id": "doc-014cc00a-915a-4ce9-9c1e-885f13006bfb",
            "documentType": "Tender Notice",
            "title": "Documento que describe los criterios que deben cumplir los licitantes",
            "description": "Convocatoria al procedimiento de contratacion",
            "url": "http://189.211.120.220:8880/files/opendata/15114-LPN-OP-DCAGI-SC-114-15/8.-%20CC/8.pdf",
            "datePublished": "2015-12-16T06:00:00.000Z",
            "dateModified": "2015-12-16T06:00:00.000Z",
            "format": "html",
            "language": "es"
          }
        ]
      },
      "buyer": {
        "identifier": {
          "scheme": "MK-009KDH999",
          "id": "GACM",
          "legalName": "Grupo Aeroportuario de la Ciudad de Mexico, S.A. de C.V.",
          "uri": "http://www.aeropuerto.gob.mx/"
        },
        "name": "Grupo Aeroportuario de la Ciudad de Mexico, S.A. de C.V.",
        "address": {
          "streetAddress": "AV. INSURGENTES SUR NO. 2453 PISO 2 OFICINA 203",
          "locality": "COL. TIZAPAN",
          "region": "DEL. ALVARO OBREGON",
          "postalCode": "01090",
          "countryName": "Mexico"
        },
        "contactPoint": {
          "name": "G05-DIRECCION CORPORATIVA DE ADMINISTRACION Y GESTION INMOBILIARIA",
          "url": "http://www.aeropuerto.gob.mx/"
        }
      },
      "awards": [
        {
          "id": "LO-009KDH999-N80-2015",
          "title": "Construccion de los caminos provisionales de acceso al NAICM, ejecutando trabajos de terraceria, estructuras y obras de drenaje, pavimentacion y senalamiento.",
          "description": "Ver documento adjunto",
          "status": "active",
          "date": "2015-12-16T06:00:00.000Z",
          "value": {
            "amount": 608275577.5,
            "currency": "MXN"
          },
          "suppliers": [
            {
              "identifier": {
                "id": "TCT931025713",
                "legalName": "Transportaciones y Construcciones Tamaulipecos, S. A. de C. V."
              },
              "name": "Transportaciones y Construcciones Tamaulipecos, S. A. de C. V.",
              "address": {
                "streetAddress": "Carretera libre Matamoros a Monterrey KM 5.2 sin numero",
                "locality": "Renacimiento",
                "region": "Municipio de Reynosa",
                "postalCode": "88740",
                "countryName": "Mexico"
              }
            }
          ],
          "items": [
            {
              "id": "item-9abf6c5b-fe18-4b1c-b55f-6853b1d4057b",
              "description": "Construccion de los caminos provisionales de acceso al Nuevo Aeropuerto Internacional de la Ciudad de Mexico (NAICM) ejecutando trabajos de terraceria, estructuras y obrad de drenaje, pavimentacion y senalamiento.",
              "classification": {
                "scheme": "EDIFICACION NO HABITACIONAL",
                "id": "6220"
              },
              "quantity": 1,
              "unit": {
                "name": "obr",
                "value": {
                  "amount": 608275577.5,
                  "currency": "MXN"
                }
              }
            }
          ],
          "contractPeriod": {
            "startDate": "2015-12-31T06:00:00.000Z",
            "endDate": "2017-02-13T06:00:00.000Z"
          },
          "documents": [
            {
              "id": "doc-ba551396-a132-4265-862a-bf56a1b45d65",
              "documentType": "Award Notice",
              "title": "Fallo",
              "description": "Acta de Fallo",
              "url": "http://189.211.120.220:8880/files/opendata/15114-LPN-OP-DCAGI-SC-114-15/12.-%20AF/12.pdf",
              "datePublished": "2015-12-16T06:00:00.000Z",
              "dateModified": "2015-12-16T06:00:00.000Z",
              "format": "html",
              "language": "es"
            },
            {
              "id": "doc-4c77f3f4-7cff-49b5-b2b9-58c7a981cac4",
              "documentType": "Award Notice",
              "title": "Fallo",
              "description": "Descripcion del acto de presentacion y apertura de proposiciones",
              "url": "http://189.211.120.220:8880/files/opendata/15114-LPN-OP-DCAGI-SC-114-15/10.-%20AP/10.pdf",
              "datePublished": "2015-12-16T06:00:00.000Z",
              "dateModified": "2015-12-16T06:00:00.000Z",
              "format": "html",
              "language": "es"
            }
          ]
        }
      ],
      "contracts": [
        {
          "id": "LPN-OP-DCAGI-SC-114/15",
          "awardID": "LO-009KDH999-N80-2015",
          "title": "Construccion de los caminos provisionales de acceso al NAICM, ejecutando trabajos de terraceria, estructuras y obras de drenaje, pavimentacion y senalamiento.",
          "description": "Ver documento adjunto",
          "status": "active",
          "period": {
            "startDate": "2015-12-31T06:00:00.000Z",
            "endDate": "2017-02-13T06:00:00.000Z"
          },
          "value": {
            "amount": 608275577.5,
            "currency": "MXN"
          },
          "items": [
            {
              "id": "item-70181c44-4bd5-4308-b893-1c6a74aeda10",
              "description": "Construccion de los caminos provisionales de acceso al Nuevo Aeropuerto Internacional de la Ciudad de Mexico (NAICM) ejecutando trabajos de terraceria, estructuras y obrad de drenaje, pavimentacion y senalamiento.",
              "classification": {
                "scheme": "EDIFICACION NO HABITACIONAL",
                "id": "6220"
              },
              "quantity": 1,
              "unit": {
                "name": "obr",
                "value": {
                  "amount": 608275577.5,
                  "currency": "MXN"
                }
              }
            }
          ],
          "dateSigned": "2015-12-16T06:00:00.000Z",
          "documents": [
            {
              "id": "doc-5941de27-7724-47ed-ad2e-27f2b5ba8e5c",
              "documentType": "Contract Signed",
              "title": "Cl?usula sobre las condiciones de entrega de la obra",
              "description": "Contrato firmado",
              "url": "http://189.211.120.220:8880/files/opendata/15114-LPN-OP-DCAGI-SC-114-15/15.-%20CF/15.pdf",
              "datePublished": "2015-12-16T06:00:00.000Z",
              "dateModified": "2015-12-16T06:00:00.000Z",
              "format": "html",
              "language": "es"
            },
            {
              "id": "doc-f2b3a6d5-3056-4ff9-8468-a0fae06f9c79",
              "documentType": "Contract Signed",
              "title": "Contrato firmado",
              "description": "Contrato firmado",
              "url": "http://189.211.120.220:8880/files/opendata/15114-LPN-OP-DCAGI-SC-114-15/15.-%20CF/15.pdf",
              "datePublished": "2015-12-16T06:00:00.000Z",
              "dateModified": "2015-12-16T06:00:00.000Z",
              "format": "html",
              "language": "es"
            },
            {
              "id": "doc-5b2cf957-93a1-4202-97e0-c21f9aa2f90b",
              "documentType": "Contract Guarantees",
              "title": "Fianza de anticipo",
              "description": "Garantia sobre el anticipo",
              "url": "http://189.211.120.220:8880/files/opendata/15114-LPN-OP-DCAGI-SC-114-15/17.-%20GA/17.pdf",
              "datePublished": "2015-12-16T06:00:00.000Z",
              "dateModified": "2015-12-16T06:00:00.000Z",
              "format": "html",
              "language": "es"
            },
            {
              "id": "doc-bb358b7d-d26c-442c-85be-338b92d102cd",
              "documentType": "Contract Guarantees",
              "title": "Fianza de cumplimiento",
              "description": "Garantias de cumplimiento",
              "url": "http://189.211.120.220:8880/files/opendata/15114-LPN-OP-DCAGI-SC-114-15/18.-%20GC/18.pdf",
              "datePublished": "2015-12-16T06:00:00.000Z",
              "dateModified": "2015-12-16T06:00:00.000Z",
              "format": "html",
              "language": "es"
            }
          ]
        }
      ],
      "language": "es"
    }
  ],
  "publisher": {
    "name": "GACM",
    "scheme": "OBRA",
    "uid": "OP",
    "uri": "http://www.aeropuerto.gob.mx/"
  },
  "license": "https://datos.gob.mx/libreusomx/",
  "publicationPolicy": "https://datos.gob.mx/libreusomx/"
}
