{
  "uri": "https://datos.gob.mx/busca/dataset?organization=gacm",
  "publishedDate": "2017-02-15T16:48:25.283Z",
  "releases": [
    {
      "ocid": "189",
      "id": "RELEASE_189_2017-02-15T16:48:25.282Z",
      "date": "2017-02-08T06:00:00.000Z",
      "tag": [
        "contract"
      ],
      "initiationType": "tender",
      "planning": {
        "budget": {
          "source": "http://www.apartados.hacienda.gob.mx/presupuesto/temas/pef/2015/docs/09/r09_kdh_pie.pdf",
          "id": "Supervision Tecnica, Administrativa y de Control de calidad para los Trabajos de Construccion de los Caminos Provisionales de Acceso al Nuevo Aeropuerto Internacional de la Ciudad de Mexico.",
          "description": "Presupuesto de Egresos de la Fedracion 2015 y 2016",
          "amount": {
            "amount": 20000000,
            "currency": "MXN"
          },
          "project": "Nuevo Aeropuerto Internacional de la Ciudad de Mexico",
          "projectID": "46101",
          "uri": "http://www.apartados.hacienda.gob.mx/presupuesto/temas/pef/2015/docs/09/r09_kdh_pie.pdf"
        },
        "rationale": "Supervision Tecnica, Administrativa y de Control de calidad para los Trabajos de Construccion de los Caminos Provisionales de Acceso al Nuevo Aeropuerto Internacional de la Ciudad de Mexico.",
        "documents": [
          {
            "id": "doc-1c8206ac-126f-46c4-be15-33816311a4d7",
            "documentType": "projectPlan",
            "title": "Proyecto ejecutivo de la obra",
            "description": "Terminos de referencia",
            "url": "http://189.211.120.220:8880/files/opendata/15118-LPN-SRO-DCAGI-SC-118-15/4.-%20TR/4.pdf",
            "datePublished": "2015-12-31T06:00:00.000Z",
            "dateModified": "2015-12-31T06:00:00.000Z",
            "format": "html",
            "language": "es"
          }
        ]
      },
      "tender": {
        "id": "943233",
        "title": "Supervision Tecnica, Administrativa y de Control de calidad para los Trabajos de Construccion de los Caminos Provisionales de Acceso al Nuevo Aeropuerto Internacional de la Ciudad de Mexico.",
        "description": "Supervision Tecnica, Administrativa y de Control de calidad para los Trabajos de Construccion de los Caminos Provisionales de Acceso al Nuevo Aeropuerto Internacional de la Ciudad de Mexico.",
        "status": "active",
        "items": [
          {
            "id": "item-2bc7458a-22a2-4b3e-b8fa-5d85eae94eb9",
            "description": "Supervision Tecnica, Administrativa y de Control de calidad para los Trabajos de Construccion de los Caminos Provisionales de Acceso al Nuevo Aeropuerto Internacional de la Ciudad de Mexico.",
            "classification": {
              "scheme": "EDIFICACION NO HABITACIONAL",
              "id": "6220"
            },
            "quantity": 1,
            "unit": {
              "name": "obr",
              "value": {
                "amount": 12043340.9,
                "currency": "MXN"
              }
            }
          }
        ],
        "value": {
          "amount": 20000000,
          "currency": "MXN"
        },
        "procurementMethod": "open",
        "procurementMethodRationale": "Nacional",
        "metodoDeAdquisicion": "Licitación pública",
        "awardCriteria": "bestValueToGoverment",
        "awardCriteriaDetails": "Presencial",
        "submissionMethod": [
          "Presencial"
        ],
        "tenderPeriod": {
          "endDate": "2015-12-10T06:00:00.000Z"
        },
        "enquiryPeriod": {
          "startDate": "2015-11-27T06:00:00.000Z",
          "endDate": "2015-12-02T06:00:00.000Z"
        },
        "eligibilityCriteria": "Ver documento adjunto",
        "awardPeriod": {
          "endDate": "2015-12-10T06:00:00.000Z"
        },
        "documents": [
          {
            "id": "doc-c5f70dfd-2746-4368-b5cf-0901bf8b1733",
            "documentType": "Clarifications",
            "title": "Actas de la junta de aclaraciones",
            "description": "Actas de la junta de aclaraciones",
            "url": "http://189.211.120.220:8880/files/opendata/15118-LPN-SRO-DCAGI-SC-118-15/9.-%20AJ/9.pdf",
            "datePublished": "2015-12-31T06:00:00.000Z",
            "dateModified": "2015-12-31T06:00:00.000Z",
            "format": "html",
            "language": "es"
          },
          {
            "id": "doc-d7d6e604-3761-431b-8b0a-2c8003e2efb7",
            "documentType": "Tender Notice",
            "title": "Documento que describe los criterios de evaluaci?n",
            "description": "Convocatoria al procedimiento de contratacion",
            "url": "http://189.211.120.220:8880/files/opendata/15118-LPN-SRO-DCAGI-SC-118-15/8.-%20CC/8.pdf",
            "datePublished": "2015-12-31T06:00:00.000Z",
            "dateModified": "2015-12-31T06:00:00.000Z",
            "format": "html",
            "language": "es"
          },
          {
            "id": "doc-afe10d70-ef36-44bb-a9c0-620eb2cdc996",
            "documentType": "Tender Notice",
            "title": "Documento que contiene los objetivos y caracter?sticas del contrato y proceso de licitaci?n",
            "description": "Convocatoria al procedimiento de contratacion",
            "url": "http://189.211.120.220:8880/files/opendata/15118-LPN-SRO-DCAGI-SC-118-15/8.-%20CC/8.pdf",
            "datePublished": "2015-12-31T06:00:00.000Z",
            "dateModified": "2015-12-31T06:00:00.000Z",
            "format": "html",
            "language": "es"
          },
          {
            "id": "doc-3ee0b4de-a2cd-4037-92ac-4a4fce8fc23c",
            "documentType": "Tender Notice",
            "title": "Documento que contiene las especificaicones t?cnicas de la obra",
            "description": "Convocatoria al procedimiento de contratacion",
            "url": "http://189.211.120.220:8880/files/opendata/15118-LPN-SRO-DCAGI-SC-118-15/8.-%20CC/8.pdf",
            "datePublished": "2015-12-31T06:00:00.000Z",
            "dateModified": "2015-12-31T06:00:00.000Z",
            "format": "html",
            "language": "es"
          },
          {
            "id": "doc-d68c95ab-8aab-46b6-9337-1c6375693449",
            "documentType": "Tender Notice",
            "title": "Convocatoria al procedimiento de contrataci?n",
            "description": "Convocatoria al procedimiento de contratacion",
            "url": "http://189.211.120.220:8880/files/opendata/15118-LPN-SRO-DCAGI-SC-118-15/8.-%20CC/8.pdf",
            "datePublished": "2015-12-31T06:00:00.000Z",
            "dateModified": "2015-12-31T06:00:00.000Z",
            "format": "html",
            "language": "es"
          },
          {
            "id": "doc-cd0c724d-452a-43f9-be0e-3c49b974b264",
            "documentType": "Tender Notice",
            "title": "Documento que describe los criterios que deben cumplir los licitantes",
            "description": "Convocatoria al procedimiento de contratacion",
            "url": "http://189.211.120.220:8880/files/opendata/15118-LPN-SRO-DCAGI-SC-118-15/8.-%20CC/8.pdf",
            "datePublished": "2015-12-31T06:00:00.000Z",
            "dateModified": "2015-12-31T06:00:00.000Z",
            "format": "html",
            "language": "es"
          }
        ]
      },
      "buyer": {
        "identifier": {
          "scheme": "MK-009KDH999",
          "id": "GACM",
          "legalName": "Grupo Aeroportuario de la Ciudad de Mexico, S.A. de C.V.",
          "uri": "http://www.aeropuerto.gob.mx/"
        },
        "name": "Grupo Aeroportuario de la Ciudad de Mexico, S.A. de C.V.",
        "address": {
          "streetAddress": "AV. INSURGENTES SUR NO. 2453 PISO 2 OFICINA 203",
          "locality": "COL. TIZAPAN",
          "region": "DEL. ALVARO OBREGON",
          "postalCode": "01090",
          "countryName": "Mexico"
        },
        "contactPoint": {
          "name": "G05-DIRECCION CORPORATIVA DE ADMINISTRACION Y GESTION INMOBILIARIA",
          "url": "http://www.aeropuerto.gob.mx/"
        }
      },
      "awards": [
        {
          "id": "LO-009KDH999-N87-2015",
          "title": "102102",
          "description": "Ver documento adjunto",
          "status": "active",
          "date": "2015-12-23T06:00:00.000Z",
          "value": {
            "amount": 12043340.9,
            "currency": "MXN"
          },
          "suppliers": [
            {
              "identifier": {
                "id": "CST890605C72",
                "legalName": "Consultoria, Supervision Tecnica y Operacion en Sistemas, S. A. de C. V."
              },
              "name": "Consultoria, Supervision Tecnica y Operacion en Sistemas, S. A. de C. V.",
              "address": {
                "streetAddress": "Emperadores numero 46",
                "locality": "Portales Oriente",
                "region": "Delegacion Benito Juarez",
                "postalCode": "3570",
                "countryName": "Mexico"
              }
            }
          ],
          "items": [
            {
              "id": "item-a16549a6-a0ab-40ac-9cc3-258f3056546e",
              "description": "Supervision Tecnica, Administrativa y de Control de calidad para los Trabajos de Construccion de los Caminos Provisionales de Acceso al Nuevo Aeropuerto Internacional de la Ciudad de Mexico.",
              "classification": {
                "scheme": "EDIFICACION NO HABITACIONAL",
                "id": "6220"
              },
              "quantity": 1,
              "unit": {
                "name": "obr",
                "value": {
                  "amount": 12043340.9,
                  "currency": "MXN"
                }
              }
            }
          ],
          "contractPeriod": {
            "startDate": "2015-12-31T06:00:00.000Z",
            "endDate": "2017-01-03T06:00:00.000Z"
          },
          "documents": [
            {
              "id": "doc-0390c427-227c-4f03-b966-b7942bc7e61e",
              "documentType": "Award Notice",
              "title": "Fallo",
              "description": "Acta de Fallo",
              "url": "http://189.211.120.220:8880/files/opendata/15118-LPN-SRO-DCAGI-SC-118-15/12.-%20AF/12.pdf",
              "datePublished": "2015-12-31T06:00:00.000Z",
              "dateModified": "2015-12-31T06:00:00.000Z",
              "format": "html",
              "language": "es"
            },
            {
              "id": "doc-b8aa94f8-84ea-417f-8ec4-ce3b80072370",
              "documentType": "Award Notice",
              "title": "Fallo",
              "description": "Descripcion del acto de presentacion y apertura de proposiciones",
              "url": "http://189.211.120.220:8880/files/opendata/15118-LPN-SRO-DCAGI-SC-118-15/10.-%20AP/10.pdf",
              "datePublished": "2015-12-31T06:00:00.000Z",
              "dateModified": "2015-12-31T06:00:00.000Z",
              "format": "html",
              "language": "es"
            }
          ]
        }
      ],
      "contracts": [
        {
          "id": "LPN-SRO-DCAGI-SC-118/15",
          "awardID": "LO-009KDH999-N87-2015",
          "title": "102102",
          "description": "Ver documento adjunto",
          "status": "active",
          "period": {
            "startDate": "2015-12-31T06:00:00.000Z",
            "endDate": "2017-01-03T06:00:00.000Z"
          },
          "value": {
            "amount": 12043340.9,
            "currency": "MXN"
          },
          "items": [
            {
              "id": "item-acdda684-708a-41cb-9bde-fa1119cba687",
              "description": "Supervision Tecnica, Administrativa y de Control de calidad para los Trabajos de Construccion de los Caminos Provisionales de Acceso al Nuevo Aeropuerto Internacional de la Ciudad de Mexico.",
              "classification": {
                "scheme": "EDIFICACION NO HABITACIONAL",
                "id": "6220"
              },
              "quantity": 1,
              "unit": {
                "name": "obr",
                "value": {
                  "amount": 12043340.9,
                  "currency": "MXN"
                }
              }
            }
          ],
          "dateSigned": "2015-12-31T06:00:00.000Z",
          "documents": [
            {
              "id": "doc-2008398f-98aa-48c9-a860-db6fdcc9ddb0",
              "documentType": "Contract Signed",
              "title": "Contrato firmado",
              "description": "Contrato firmado",
              "url": "http://189.211.120.220:8880/files/opendata/15118-LPN-SRO-DCAGI-SC-118-15/15.-%20CF/15.pdf",
              "datePublished": "2015-12-31T06:00:00.000Z",
              "dateModified": "2015-12-31T06:00:00.000Z",
              "format": "html",
              "language": "es"
            },
            {
              "id": "doc-34951b3d-d8c2-49ea-b2ad-01dc7665d443",
              "documentType": "Contract Signed",
              "title": "Cl?usula sobre las condiciones de entrega de la obra",
              "description": "Contrato firmado",
              "url": "http://189.211.120.220:8880/files/opendata/15118-LPN-SRO-DCAGI-SC-118-15/15.-%20CF/15.pdf",
              "datePublished": "2015-12-31T06:00:00.000Z",
              "dateModified": "2015-12-31T06:00:00.000Z",
              "format": "html",
              "language": "es"
            },
            {
              "id": "doc-c5baa5b5-7538-48c2-a993-395428b6c879",
              "documentType": "Contract Guarantees",
              "title": "Fianza de anticipo",
              "description": "Garantia sobre el anticipo",
              "url": "http://189.211.120.220:8880/files/opendata/15118-LPN-SRO-DCAGI-SC-118-15/17.-%20GA/17.pdf",
              "datePublished": "2015-12-31T06:00:00.000Z",
              "dateModified": "2015-12-31T06:00:00.000Z",
              "format": "html",
              "language": "es"
            },
            {
              "id": "doc-67f29ca5-a36e-49bf-99fa-318c3f5cfd79",
              "documentType": "Contract Guarantees",
              "title": "Fianza de cumplimiento",
              "description": "Garantias de cumplimiento",
              "url": "http://189.211.120.220:8880/files/opendata/15118-LPN-SRO-DCAGI-SC-118-15/18.-%20GC/18.pdf",
              "datePublished": "2015-12-31T06:00:00.000Z",
              "dateModified": "2015-12-31T06:00:00.000Z",
              "format": "html",
              "language": "es"
            }
          ]
        }
      ],
      "language": "es"
    }
  ],
  "publisher": {
    "name": "GACM",
    "scheme": "OBRA",
    "uid": "OP",
    "uri": "http://www.aeropuerto.gob.mx/"
  },
  "license": "https://datos.gob.mx/libreusomx/",
  "publicationPolicy": "https://datos.gob.mx/libreusomx/"
}
