{
  "uri": "https://datos.gob.mx/busca/dataset?organization=gacm",
  "publishedDate": "2017-02-15T16:48:25.357Z",
  "releases": [
    {
      "ocid": "190",
      "id": "RELEASE_190_2017-02-15T16:48:25.356Z",
      "date": "2017-02-08T06:00:00.000Z",
      "tag": [
        "contract"
      ],
      "initiationType": "tender",
      "planning": {
        "budget": {
          "source": "http://www.apartados.hacienda.gob.mx/presupuesto/temas/pef/2015/docs/09/r09_kdh_pie.pdf",
          "id": "Servicio de Testigo Social, para que atestigue las Etapas del Procedimiento de la Licitacion Publica Nacional de Obra Publica de Nivelacion y Limpiezadel Terreno del Nuevo Aeropuerto Internacional de la Ciudad de Mexico.",
          "description": "Presupuesto de Egresos de la Federacion 2015",
          "amount": {
            "amount": 400156.03,
            "currency": "MXN"
          },
          "project": "Nuevo Aeropuerto Internacional de la Ciudad de Mexico",
          "projectID": "46101",
          "uri": "http://www.apartados.hacienda.gob.mx/presupuesto/temas/pef/2015/docs/09/r09_kdh_pie.pdf"
        },
        "rationale": "Servicio de Testigo Social, para que atestigue las Etapas del Procedimiento de la Licitacion Publica Nacional de Obra Publica de Nivelacion y Limpiezadel Terreno del Nuevo Aeropuerto Internacional de la Ciudad de Mexico.",
        "documents": [
          {
            "id": "doc-e4ba2d87-85b6-4206-9392-9fc39c6cf41b",
            "documentType": "projectPlan",
            "title": "Proyecto ejecutivo de la obra",
            "description": "Terminos de referencia",
            "url": "http://189.211.120.220:8880/files/opendata/15119-AD-AS-DCAGI-SC-119-15/4.-%20TR/4.pdf",
            "datePublished": "2015-10-08T05:00:00.000Z",
            "dateModified": "2015-10-08T05:00:00.000Z",
            "format": "html",
            "language": "es"
          }
        ]
      },
      "tender": {
        "id": "1052469",
        "title": "Servicio de Testigo Social, para que atestigue las Etapas del Procedimiento de la Licitacion Publica Nacional de Obra Publica de Nivelacion y Limpiezadel Terreno del Nuevo Aeropuerto Internacional de la Ciudad de Mexico.",
        "description": "Servicio de Testigo Social, para que atestigue las Etapas del Procedimiento de la Licitacion Publica Nacional de Obra Publica de Nivelacion y Limpiezadel Terreno del Nuevo Aeropuerto Internacional de la Ciudad de Mexico.",
        "status": "active",
        "items": [
          {
            "id": "item-682f1d5b-2b5e-45ed-b2bf-95121c82d02e",
            "description": "Servicio de Testigo Social, para que atestigue las Etapas del Procedimiento de la Licitacion Publica Nacional de Obra Publica de Nivelacion y Limpiez",
            "classification": {
              "scheme": "MATERIALES Y UTILES DE OFICINA",
              "id": "2110"
            },
            "quantity": 1,
            "unit": {
              "name": "srv",
              "value": {
                "amount": 344962.1,
                "currency": "MXN"
              }
            }
          }
        ],
        "minValue": {
          "currency": "MXN"
        },
        "value": {
          "amount": 400156.03,
          "currency": "MXN"
        },
        "procurementMethod": "limited",
        "procurementMethodRationale": "Nacional",
        "metodoDeAdquisicion": "Adjudicación directa",
        "awardCriteria": "bestValueToGoverment",
        "awardCriteriaDetails": "No aplica",
        "submissionMethod": [
          "Presencial"
        ],
        "eligibilityCriteria": "Ver documento adjunto",
        "documents": [
          {
            "id": "doc-305175b5-7d05-4ebe-b77b-969f4f1c6bad",
            "documentType": "Clarifications",
            "title": "Actas de la junta de aclaraciones",
            "description": "Actas de la junta de aclaraciones",
            "url": "http://189.211.120.220:8880/files/opendata/15119-AD-AS-DCAGI-SC-119-15/9.-%20AJ/9.pdf",
            "datePublished": "2015-10-08T05:00:00.000Z",
            "dateModified": "2015-10-08T05:00:00.000Z",
            "format": "html",
            "language": "es"
          },
          {
            "id": "doc-b6168cd3-271f-42be-b03e-d1c9d7d357e2",
            "documentType": "Tender Notice",
            "title": "Documento que describe los criterios de evaluaci?n",
            "description": "Convocatoria al procedimiento de contratacion",
            "url": "http://189.211.120.220:8880/files/opendata/15119-AD-AS-DCAGI-SC-119-15/8.-%20CC/8.pdf",
            "datePublished": "2015-10-08T05:00:00.000Z",
            "dateModified": "2015-10-08T05:00:00.000Z",
            "format": "html",
            "language": "es"
          },
          {
            "id": "doc-55a22a39-919e-47ea-b97e-f8afa85f1016",
            "documentType": "Tender Notice",
            "title": "Documento que contiene los objetivos y caracter?sticas del contrato y proceso de licitaci?n",
            "description": "Convocatoria al procedimiento de contratacion",
            "url": "http://189.211.120.220:8880/files/opendata/15119-AD-AS-DCAGI-SC-119-15/8.-%20CC/8.pdf",
            "datePublished": "2015-10-08T05:00:00.000Z",
            "dateModified": "2015-10-08T05:00:00.000Z",
            "format": "html",
            "language": "es"
          },
          {
            "id": "doc-44191478-0356-49d9-9b8d-46ce33ed4325",
            "documentType": "Tender Notice",
            "title": "Documento que contiene las especificaicones t?cnicas de la obra",
            "description": "Convocatoria al procedimiento de contratacion",
            "url": "http://189.211.120.220:8880/files/opendata/15119-AD-AS-DCAGI-SC-119-15/8.-%20CC/8.pdf",
            "datePublished": "2015-10-08T05:00:00.000Z",
            "dateModified": "2015-10-08T05:00:00.000Z",
            "format": "html",
            "language": "es"
          },
          {
            "id": "doc-2cfc08a6-2c94-411e-a9f1-d078fdc0c908",
            "documentType": "Tender Notice",
            "title": "Convocatoria al procedimiento de contrataci?n",
            "description": "Convocatoria al procedimiento de contratacion",
            "url": "http://189.211.120.220:8880/files/opendata/15119-AD-AS-DCAGI-SC-119-15/8.-%20CC/8.pdf",
            "datePublished": "2015-10-08T05:00:00.000Z",
            "dateModified": "2015-10-08T05:00:00.000Z",
            "format": "html",
            "language": "es"
          },
          {
            "id": "doc-3e9445df-17d5-41ad-b69a-08a47b37ce0b",
            "documentType": "Tender Notice",
            "title": "Documento que describe los criterios que deben cumplir los licitantes",
            "description": "Convocatoria al procedimiento de contratacion",
            "url": "http://189.211.120.220:8880/files/opendata/15119-AD-AS-DCAGI-SC-119-15/8.-%20CC/8.pdf",
            "datePublished": "2015-10-08T05:00:00.000Z",
            "dateModified": "2015-10-08T05:00:00.000Z",
            "format": "html",
            "language": "es"
          }
        ]
      },
      "buyer": {
        "identifier": {
          "scheme": "MK-009KDH999",
          "id": "GACM",
          "legalName": "Grupo Aeroportuario de la Ciudad de Mexico, S.A. de C.V.",
          "uri": "http://www.aeropuerto.gob.mx/"
        },
        "name": "Grupo Aeroportuario de la Ciudad de Mexico, S.A. de C.V.",
        "address": {
          "streetAddress": "AV. INSURGENTES SUR NO. 2453 PISO 2 OFICINA 203",
          "locality": "COL. TIZAPAN",
          "region": "DEL. ALVARO OBREGON",
          "postalCode": "01090",
          "countryName": "Mexico"
        },
        "contactPoint": {
          "name": "G05-DIRECCION CORPORATIVA DE ADMINISTRACION Y GESTION INMOBILIARIA",
          "url": "http://www.aeropuerto.gob.mx/"
        }
      },
      "awards": [
        {
          "id": "AA-009KDH999-E27-2016",
          "title": "Servicio de Testigo Social, para que atestigue las Etapas del Procedimiento de la Licitacion Publica Nacional de Obra Publica de Nivelacion y Limpiezadel Terreno del Nuevo Aeropuerto Internacional de la Ciudad de Mexico.",
          "description": "Ver documento adjunto",
          "status": "active",
          "value": {
            "amount": 344962.1,
            "currency": "MXN"
          },
          "suppliers": [
            {
              "identifier": {
                "id": "IMA941216HE8",
                "legalName": "Instituto Mexicano de Auditoria Tecnica, A. C."
              },
              "name": "Instituto Mexicano de Auditoria Tecnica, A. C.",
              "address": {
                "streetAddress": "Av. San Lazaro #153, despacho 602",
                "locality": "Del Valle",
                "region": "Benito Juarez",
                "postalCode": "3100",
                "countryName": "Mexico"
              }
            }
          ],
          "items": [
            {
              "id": "item-dbb4e006-113b-4846-ada7-7e41dbbcc83c",
              "description": "Servicio de Testigo Social, para que atestigue las Etapas del Procedimiento de la Licitacion Publica Nacional de Obra Publica de Nivelacion y Limpiez",
              "classification": {
                "scheme": "MATERIALES Y UTILES DE OFICINA",
                "id": "2110"
              },
              "quantity": 1,
              "unit": {
                "name": "srv",
                "value": {
                  "amount": 344962.1,
                  "currency": "MXN"
                }
              }
            }
          ],
          "contractPeriod": {
            "startDate": "2016-12-01T06:00:00.000Z",
            "endDate": "2017-06-30T05:00:00.000Z"
          },
          "documents": [
            {
              "id": "doc-4dc6f75b-3cc2-4215-b4b4-10c88465e368",
              "documentType": "Award Notice",
              "title": "Fallo",
              "description": "Acta de Fallo",
              "url": "http://189.211.120.220:8880/files/opendata/15119-AD-AS-DCAGI-SC-119-15/12.-%20AF/12.pdf",
              "datePublished": "2015-10-08T05:00:00.000Z",
              "dateModified": "2015-10-08T05:00:00.000Z",
              "format": "html",
              "language": "es"
            },
            {
              "id": "doc-e6531aa8-ab4b-4f26-838c-de4ba1624eb6",
              "documentType": "Award Notice",
              "title": "Fallo",
              "description": "Descripcion del acto de presentacion y apertura de proposiciones",
              "url": "http://189.211.120.220:8880/files/opendata/15119-AD-AS-DCAGI-SC-119-15/10.-%20AP/10.pdf",
              "datePublished": "2015-10-08T05:00:00.000Z",
              "dateModified": "2015-10-08T05:00:00.000Z",
              "format": "html",
              "language": "es"
            }
          ]
        }
      ],
      "contracts": [
        {
          "id": "AD-AS-DCAGI-SC-119/15",
          "awardID": "AA-009KDH999-E27-2016",
          "title": "Servicio de Testigo Social, para que atestigue las Etapas del Procedimiento de la Licitacion Publica Nacional de Obra Publica de Nivelacion y Limpiezadel Terreno del Nuevo Aeropuerto Internacional de la Ciudad de Mexico.",
          "description": "Ver documento adjunto",
          "status": "active",
          "period": {
            "startDate": "2016-12-01T06:00:00.000Z",
            "endDate": "2017-06-30T05:00:00.000Z"
          },
          "value": {
            "amount": 344962.1,
            "currency": "MXN"
          },
          "items": [
            {
              "id": "item-e0a375fa-4d08-41eb-bd09-cf2d95120569",
              "description": "Servicio de Testigo Social, para que atestigue las Etapas del Procedimiento de la Licitacion Publica Nacional de Obra Publica de Nivelacion y Limpiez",
              "classification": {
                "scheme": "MATERIALES Y UTILES DE OFICINA",
                "id": "2110"
              },
              "quantity": 1,
              "unit": {
                "name": "srv",
                "value": {
                  "amount": 344962.1,
                  "currency": "MXN"
                }
              }
            }
          ],
          "dateSigned": "2015-10-08T05:00:00.000Z",
          "documents": [
            {
              "id": "doc-a067107a-e4e1-4768-b5da-78478e98a0e0",
              "documentType": "Contract Signed",
              "title": "Contrato firmado",
              "description": "Contrato firmado",
              "url": "http://189.211.120.220:8880/files/opendata/15119-AD-AS-DCAGI-SC-119-15/15.-%20CF/15.pdf",
              "datePublished": "2015-10-08T05:00:00.000Z",
              "dateModified": "2015-10-08T05:00:00.000Z",
              "format": "html",
              "language": "es"
            },
            {
              "id": "doc-ee315be8-18b1-40c0-94f2-902af5367db0",
              "documentType": "Contract Signed",
              "title": "Cl?usula sobre las condiciones de entrega de la obra",
              "description": "Contrato firmado",
              "url": "http://189.211.120.220:8880/files/opendata/15119-AD-AS-DCAGI-SC-119-15/15.-%20CF/15.pdf",
              "datePublished": "2015-10-08T05:00:00.000Z",
              "dateModified": "2015-10-08T05:00:00.000Z",
              "format": "html",
              "language": "es"
            },
            {
              "id": "doc-336728b1-9ec7-4df0-a661-5578d367bb78",
              "documentType": "Contract Guarantees",
              "title": "Fianza de anticipo",
              "description": "Garantia sobre el anticipo",
              "url": "http://189.211.120.220:8880/files/opendata/15119-AD-AS-DCAGI-SC-119-15/17.-%20GA/17.pdf",
              "datePublished": "2015-10-08T05:00:00.000Z",
              "dateModified": "2015-10-08T05:00:00.000Z",
              "format": "html",
              "language": "es"
            },
            {
              "id": "doc-89c7ca8a-b984-447a-a7b2-a4ccf039b92b",
              "documentType": "Contract Guarantees",
              "title": "Fianza de cumplimiento",
              "description": "Garantias de cumplimiento",
              "url": "http://189.211.120.220:8880/files/opendata/15119-AD-AS-DCAGI-SC-119-15/18.-%20GC/18.pdf",
              "datePublished": "2015-10-08T05:00:00.000Z",
              "dateModified": "2015-10-08T05:00:00.000Z",
              "format": "html",
              "language": "es"
            }
          ]
        }
      ],
      "language": "es"
    }
  ],
  "publisher": {
    "name": "GACM",
    "scheme": "SERVICIO",
    "uid": "AS",
    "uri": "http://www.aeropuerto.gob.mx/"
  },
  "license": "https://datos.gob.mx/libreusomx/",
  "publicationPolicy": "https://datos.gob.mx/libreusomx/"
}
