{
  "uri": "https://datos.gob.mx/busca/dataset?organization=gacm",
  "publishedDate": "2017-02-15T16:48:25.636Z",
  "releases": [
    {
      "ocid": "194",
      "id": "RELEASE_194_2017-02-15T16:48:25.635Z",
      "date": "2017-02-08T06:00:00.000Z",
      "tag": [
        "contract"
      ],
      "initiationType": "tender",
      "planning": {
        "budget": {
          "source": "http://www.apartados.hacienda.gob.mx/presupuesto/temas/pef/2015/docs/09/r09_kdh_pie.pdf",
          "id": "Campana de exploracion geotecnica de campo 2015. Muestreo y sistemas de Medicion en el subsuelo en las zonas de aeropistas, calles de redaje y caminosinternos del NAICM, en Texcoco, Estado de Mexico",
          "description": "Presupuesto de Egresos de la Fedracion 2015 y 2016",
          "amount": {
            "amount": 230538969.12,
            "currency": "MXN"
          },
          "project": "Nuevo Aeropuerto Internacional de la Ciudad de Mexico",
          "projectID": "46101",
          "uri": "http://www.apartados.hacienda.gob.mx/presupuesto/temas/pef/2015/docs/09/r09_kdh_pie.pdf"
        },
        "rationale": "Campana de exploracion geotecnica de campo 2015. Muestreo y sistemas de Medicion en el subsuelo en las zonas de aeropistas, calles de redaje y caminosinternos del NAICM, en Texcoco, Estado de Mexico",
        "documents": [
          {
            "id": "doc-18f5d095-926d-4b27-91db-921da6f669dc",
            "documentType": "projectPlan",
            "title": "Proyecto ejecutivo de la obra",
            "description": "Terminos de referencia",
            "url": "http://189.211.120.220:8880/files/opendata/15005-GACM-DCI-SJ-CM-E-005-15/4.-%20TR/4.pdf",
            "datePublished": "2015-03-02T06:00:00.000Z",
            "dateModified": "2015-03-02T06:00:00.000Z",
            "format": "html",
            "language": "es"
          }
        ]
      },
      "tender": {
        "id": "No aplica",
        "title": "Campana de exploracion geotecnica de campo 2015. Muestreo y sistemas de Medicion en el subsuelo en las zonas de aeropistas, calles de redaje y caminosinternos del NAICM, en Texcoco, Estado de Mexico",
        "description": "Campana de exploracion geotecnica de campo 2015. Muestreo y sistemas de Medicion en el subsuelo en las zonas de aeropistas, calles de redaje y caminosinternos del NAICM, en Texcoco, Estado de Mexico",
        "status": "active",
        "items": [
          {
            "id": "item-956f8ce1-619e-449b-8ec8-66d65b147650",
            "description": "Campana de exploracion geotecnica de campo 2015. Muestreo y sistemas de Medicion en el subsuelo en las zonas de aeropistas, calles de redaje y caminos internos del NAICM, en Texcoco, Estado de Mexico",
            "classification": {
              "scheme": "EDIFICACION NO HABITACIONAL",
              "id": "6220"
            },
            "quantity": 1,
            "unit": {
              "name": "sop",
              "value": {
                "amount": 230538969.12,
                "currency": "MXN"
              }
            }
          }
        ],
        "value": {
          "amount": 230538969.12,
          "currency": "MXN"
        },
        "procurementMethod": "open",
        "procurementMethodRationale": "Nacional",
        "metodoDeAdquisicion": "Convenio de colaboración",
        "awardCriteria": "bestValueToGoverment",
        "awardCriteriaDetails": "Presencial",
        "submissionMethod": [
          "Presencial"
        ],
        "eligibilityCriteria": "Ver documento adjunto",
        "documents": [
          {
            "id": "doc-a46e224b-b0db-4ef5-abf8-b72bd87e6c8c",
            "documentType": "Clarifications",
            "title": "Actas de la junta de aclaraciones",
            "description": "Actas de la junta de aclaraciones",
            "url": "http://189.211.120.220:8880/files/opendata/15005-GACM-DCI-SJ-CM-E-005-15/9.-%20AJ/9.pdf",
            "datePublished": "2015-03-02T06:00:00.000Z",
            "dateModified": "2015-03-02T06:00:00.000Z",
            "format": "html",
            "language": "es"
          },
          {
            "id": "doc-40db0853-922d-46cc-9264-a962b2e5f013",
            "documentType": "Tender Notice",
            "title": "Documento que contiene las especificaciones t?cnicas de la obra",
            "description": "Convocatoria al procedimiento de contratacion",
            "url": "http://189.211.120.220:8880/files/opendata/15005-GACM-DCI-SJ-CM-E-005-15/8.-%20CC/8.pdf",
            "datePublished": "2015-03-02T06:00:00.000Z",
            "dateModified": "2015-03-02T06:00:00.000Z",
            "format": "html",
            "language": "es"
          },
          {
            "id": "doc-ffda974c-0f4d-4df6-a9c2-e501572c6f56",
            "documentType": "Tender Notice",
            "title": "Documento que describe los criterios de evaluaci?n",
            "description": "Convocatoria al procedimiento de contratacion",
            "url": "http://189.211.120.220:8880/files/opendata/15005-GACM-DCI-SJ-CM-E-005-15/8.-%20CC/8.pdf",
            "datePublished": "2015-03-02T06:00:00.000Z",
            "dateModified": "2015-03-02T06:00:00.000Z",
            "format": "html",
            "language": "es"
          },
          {
            "id": "doc-6e1029d5-3c33-4800-8ab7-fc5dac9850cc",
            "documentType": "Tender Notice",
            "title": "Documento que contiene los objetivos y caracter?sticas del contrato y proceso de licitaci?n",
            "description": "Convocatoria al procedimiento de contratacion",
            "url": "http://189.211.120.220:8880/files/opendata/15005-GACM-DCI-SJ-CM-E-005-15/8.-%20CC/8.pdf",
            "datePublished": "2015-03-02T06:00:00.000Z",
            "dateModified": "2015-03-02T06:00:00.000Z",
            "format": "html",
            "language": "es"
          },
          {
            "id": "doc-06ae857d-3049-4d7f-badf-d2236486d5e5",
            "documentType": "Tender Notice",
            "title": "Convocatoria al procedimiento de contrataci?n",
            "description": "Convocatoria al procedimiento de contratacion",
            "url": "http://189.211.120.220:8880/files/opendata/15005-GACM-DCI-SJ-CM-E-005-15/8.-%20CC/8.pdf",
            "datePublished": "2015-03-02T06:00:00.000Z",
            "dateModified": "2015-03-02T06:00:00.000Z",
            "format": "html",
            "language": "es"
          },
          {
            "id": "doc-1130182b-1e1f-4945-a551-9265e820c477",
            "documentType": "Tender Notice",
            "title": "Documento que describe los criterios que deben cumplir los licitantes",
            "description": "Convocatoria al procedimiento de contratacion",
            "url": "http://189.211.120.220:8880/files/opendata/15005-GACM-DCI-SJ-CM-E-005-15/8.-%20CC/8.pdf",
            "datePublished": "2015-03-02T06:00:00.000Z",
            "dateModified": "2015-03-02T06:00:00.000Z",
            "format": "html",
            "language": "es"
          }
        ]
      },
      "buyer": {
        "identifier": {
          "scheme": "MK-009KDH999",
          "id": "GACM",
          "legalName": "Grupo Aeroportuario de la Ciudad de Mexico, S.A. de C.V.",
          "uri": "http://www.aeropuerto.gob.mx/"
        },
        "name": "Grupo Aeroportuario de la Ciudad de Mexico, S.A. de C.V.",
        "address": {
          "streetAddress": "AV. INSURGENTES SUR NO. 2453 PISO 2 OFICINA 203",
          "locality": "COL. TIZAPAN",
          "region": "DEL. ALVARO OBREGON",
          "postalCode": "01090",
          "countryName": "Mexico"
        },
        "contactPoint": {
          "name": "G05-DIRECCION CORPORATIVA DE ADMINISTRACION Y GESTION INMOBILIARIA",
          "url": "http://www.aeropuerto.gob.mx/"
        }
      },
      "awards": [
        {
          "id": "No aplica",
          "title": "Campana de exploracion Geotecnica de campo 2015. Muestreo y sistemas de Medicion en el Subsuelo en las Zonas de Aeropistas, Calles de Rodaje y CaminosInternos del Nuevo Aeropuerto Internacional de la Ciudad de Mexico (NAICM)",
          "description": "Ver documento adjunto",
          "status": "active",
          "value": {
            "amount": 230538969.12,
            "currency": "MXN"
          },
          "suppliers": [
            {
              "identifier": {
                "id": "CFE370814Q10",
                "legalName": "Comision Federal de Electricidad a traves de la Gerncia de Estudios de Ingenieria Civil"
              },
              "name": "Comision Federal de Electricidad a traves de la Gerncia de Estudios de Ingenieria Civil",
              "address": {
                "streetAddress": "Calle Augusto Rodin No. 265",
                "locality": "Nohebuena",
                "region": "Benito Juarez",
                "postalCode": "3720",
                "countryName": "Mexico"
              }
            }
          ],
          "items": [
            {
              "id": "item-549d11fd-09cc-48fb-9389-42196f48173e",
              "description": "Campana de exploracion geotecnica de campo 2015. Muestreo y sistemas de Medicion en el subsuelo en las zonas de aeropistas, calles de redaje y caminos internos del NAICM, en Texcoco, Estado de Mexico",
              "classification": {
                "scheme": "EDIFICACION NO HABITACIONAL",
                "id": "6220"
              },
              "quantity": 1,
              "unit": {
                "name": "sop",
                "value": {
                  "amount": 230538969.12,
                  "currency": "MXN"
                }
              }
            }
          ],
          "contractPeriod": {
            "startDate": "2015-03-02T06:00:00.000Z",
            "endDate": "2015-12-31T06:00:00.000Z"
          },
          "documents": [
            {
              "id": "doc-ae9eaed8-379a-4867-ad9a-06b0d350b76c",
              "documentType": "Award Notice",
              "title": "Fallo",
              "description": "Acta de fallo",
              "url": "http://189.211.120.220:8880/files/opendata/15005-GACM-DCI-SJ-CM-E-005-15/12.-%20AF/12.pdf",
              "datePublished": "2015-03-02T06:00:00.000Z",
              "dateModified": "2015-03-02T06:00:00.000Z",
              "format": "html",
              "language": "es"
            },
            {
              "id": "doc-d8a25ea3-c32b-4057-9296-5c3588b455f5",
              "documentType": "Award Notice",
              "title": "Fallo",
              "description": "Descripcion del acto de presentacion y apertura de proposiciones",
              "url": "http://189.211.120.220:8880/files/opendata/15005-GACM-DCI-SJ-CM-E-005-15/10.-%20AP/10.pdf",
              "datePublished": "2015-03-02T06:00:00.000Z",
              "dateModified": "2015-03-02T06:00:00.000Z",
              "format": "html",
              "language": "es"
            }
          ]
        }
      ],
      "contracts": [
        {
          "id": "GACM/DCI/SJ/CM-E/05-2015",
          "awardID": "No aplica",
          "title": "Campana de exploracion Geotecnica de campo 2015. Muestreo y sistemas de Medicion en el Subsuelo en las Zonas de Aeropistas, Calles de Rodaje y CaminosInternos del Nuevo Aeropuerto Internacional de la Ciudad de Mexico (NAICM)",
          "description": "Ver documento adjunto",
          "status": "active",
          "period": {
            "startDate": "2015-03-02T06:00:00.000Z",
            "endDate": "2015-12-31T06:00:00.000Z"
          },
          "value": {
            "amount": 230538969.12,
            "currency": "MXN"
          },
          "items": [
            {
              "id": "item-f82d9843-5e6f-4622-ab58-73f34accb6c3",
              "description": "Campana de exploracion geotecnica de campo 2015. Muestreo y sistemas de Medicion en el subsuelo en las zonas de aeropistas, calles de redaje y caminos internos del NAICM, en Texcoco, Estado de Mexico",
              "classification": {
                "scheme": "EDIFICACION NO HABITACIONAL",
                "id": "6220"
              },
              "quantity": 1,
              "unit": {
                "name": "sop",
                "value": {
                  "amount": 230538969.12,
                  "currency": "MXN"
                }
              }
            }
          ],
          "dateSigned": "2015-03-02T06:00:00.000Z",
          "documents": [
            {
              "id": "doc-7b09bf0d-af32-4ea0-9a0f-ba0f3aadd7c3",
              "documentType": "Contract Signed",
              "title": "Cl?usula sobre las condiciones de entrega de la obra",
              "description": "Contrato firmado",
              "url": "http://189.211.120.220:8880/files/opendata/15005-GACM-DCI-SJ-CM-E-005-15/15.-%20CF/15.pdf",
              "datePublished": "2015-03-02T06:00:00.000Z",
              "dateModified": "2015-03-02T06:00:00.000Z",
              "format": "html",
              "language": "es"
            },
            {
              "id": "doc-fac7b8f4-e86b-4299-be09-e1da50a624e1",
              "documentType": "Contract Signed",
              "title": "Contrato firmado",
              "description": "Contrato firmado",
              "url": "http://189.211.120.220:8880/files/opendata/15005-GACM-DCI-SJ-CM-E-005-15/15.-%20CF/15.pdf",
              "datePublished": "2015-03-02T06:00:00.000Z",
              "dateModified": "2015-03-02T06:00:00.000Z",
              "format": "html",
              "language": "es"
            },
            {
              "id": "doc-6684b8c7-a3a9-43b4-925c-b5abcd79a7a3",
              "documentType": "Contract Guarantees",
              "title": "Fianza de anticipo",
              "description": "Garantia sobre el anticipo",
              "url": "http://189.211.120.220:8880/files/opendata/15005-GACM-DCI-SJ-CM-E-005-15/17.-%20GA/17.pdf",
              "datePublished": "2015-03-02T06:00:00.000Z",
              "dateModified": "2015-03-02T06:00:00.000Z",
              "format": "html",
              "language": "es"
            },
            {
              "id": "doc-a11660b8-dda8-4015-b30d-d9a46055ea87",
              "documentType": "Contract Guarantees",
              "title": "Fianza de cumplimiento",
              "description": "Garantias de cumplimiento",
              "url": "http://189.211.120.220:8880/files/opendata/15005-GACM-DCI-SJ-CM-E-005-15/18.-%20GC/18.pdf",
              "datePublished": "2015-03-02T06:00:00.000Z",
              "dateModified": "2015-03-02T06:00:00.000Z",
              "format": "html",
              "language": "es"
            }
          ]
        }
      ],
      "language": "es"
    }
  ],
  "publisher": {
    "name": "GACM",
    "scheme": "SERVICIO",
    "uid": "AS",
    "uri": "http://www.aeropuerto.gob.mx/"
  },
  "license": "https://datos.gob.mx/libreusomx/",
  "publicationPolicy": "https://datos.gob.mx/libreusomx/"
}
