{
  "uri": "https://datos.gob.mx/busca/dataset?organization=gacm",
  "publishedDate": "2017-02-15T16:48:25.443Z",
  "releases": [
    {
      "ocid": "196",
      "id": "RELEASE_196_2017-02-15T16:48:25.442Z",
      "date": "2017-02-08T06:00:00.000Z",
      "tag": [
        "contract"
      ],
      "initiationType": "tender",
      "planning": {
        "budget": {
          "source": "http://www.apartados.hacienda.gob.mx/presupuesto/temas/pef/2015/docs/09/r09_kdh_pie.pdf",
          "id": "Trabajos relativos a la construccion del drenaje pluvial temporal del Nuevo Aeropuerto de la Ciudad de Mexico.",
          "description": "Presupuesto de Egresos de la Fedracion 2015 y 2016",
          "amount": {
            "amount": 490000000,
            "currency": "MXN"
          },
          "project": "Nuevo Aeropuerto Internacional de la Ciudad de Mexico",
          "projectID": "46101",
          "uri": "http://www.apartados.hacienda.gob.mx/presupuesto/temas/pef/2015/docs/09/r09_kdh_pie.pdf"
        },
        "rationale": "Trabajos relativos a la construccion del drenaje pluvial temporal del Nuevo Aeropuerto de la Ciudad de Mexico.",
        "documents": [
          {
            "id": "doc-2b31de31-694b-4dca-b3a8-dffda28f1a15",
            "documentType": "projectPlan",
            "title": "Proyecto ejecutivo de la obra",
            "description": "Terminos de referencia",
            "url": "http://189.211.120.220:8880/files/opendata/15076-LPN-OP-DCAGI-SC-076-15/4.-%20TR/4.pdf",
            "datePublished": "2015-10-09T05:00:00.000Z",
            "dateModified": "2015-10-09T05:00:00.000Z",
            "format": "html",
            "language": "es"
          }
        ]
      },
      "tender": {
        "id": "838749",
        "title": "Para los trabajos relativos a la construccion del drenaje pluvial temporal",
        "description": "Trabajos relativos a la construccion del drenaje pluvial temporal del Nuevo Aeropuerto de la Ciudad de Mexico.",
        "status": "active",
        "items": [
          {
            "id": "item-1e14201c-5115-496c-ab49-f3c9c86be956",
            "description": "Trabajos relativos a la construccion del drenaje pluvial temporal del Nuevo Aeropuerto de la Ciudad de Mexico.",
            "classification": {
              "scheme": "EDIFICACION NO HABITACIONAL",
              "id": "6220"
            },
            "quantity": 1,
            "unit": {
              "name": "srv",
              "value": {
                "amount": 192525597.09,
                "currency": "MXN"
              }
            }
          }
        ],
        "value": {
          "amount": 490000000,
          "currency": "MXN"
        },
        "procurementMethod": "open",
        "procurementMethodRationale": "Nacional",
        "metodoDeAdquisicion": "Licitación pública",
        "awardCriteria": "bestValueToGoverment",
        "awardCriteriaDetails": "Presencial",
        "submissionMethod": [
          "Presencial"
        ],
        "tenderPeriod": {
          "startDate": "2003-06-20T20:00:00.000Z",
          "endDate": "2015-08-06T05:00:00.000Z"
        },
        "enquiryPeriod": {
          "startDate": "2015-07-03T05:00:00.000Z",
          "endDate": "2015-07-22T05:00:00.000Z"
        },
        "eligibilityCriteria": "Ver documento adjunto",
        "awardPeriod": {
          "startDate": "2003-06-20T20:00:00.000Z",
          "endDate": "2015-08-06T05:00:00.000Z"
        },
        "documents": [
          {
            "id": "doc-690ea4ed-54a6-4131-a0c8-2f1f3772238d",
            "documentType": "Clarifications",
            "title": "Actas de la junta de aclaraciones",
            "description": "Actas de la junta de aclaraciones",
            "url": "http://189.211.120.220:8880/files/opendata/15076-LPN-OP-DCAGI-SC-076-15/9.-%20AJ/9.pdf",
            "datePublished": "2015-10-09T05:00:00.000Z",
            "dateModified": "2015-10-09T05:00:00.000Z",
            "format": "html",
            "language": "es"
          },
          {
            "id": "doc-bcdc8c16-f0c3-4155-a688-30aff736122e",
            "documentType": "Tender Notice",
            "title": "Documento que describe los criterios de evaluaci?n",
            "description": "Convocatoria al procedimiento de contratacion",
            "url": "http://189.211.120.220:8880/files/opendata/15076-LPN-OP-DCAGI-SC-076-15/8.-%20CC/8.pdf",
            "datePublished": "2015-10-09T05:00:00.000Z",
            "dateModified": "2015-10-09T05:00:00.000Z",
            "format": "html",
            "language": "es"
          },
          {
            "id": "doc-91a49bdc-3e54-4ce4-ab7d-e1eed6796dff",
            "documentType": "Tender Notice",
            "title": "Documento que contiene los objetivos y caracter?sticas del contrato y proceso de licitaci?n",
            "description": "Convocatoria al procedimiento de contratacion",
            "url": "http://189.211.120.220:8880/files/opendata/15076-LPN-OP-DCAGI-SC-076-15/8.-%20CC/8.pdf",
            "datePublished": "2015-10-09T05:00:00.000Z",
            "dateModified": "2015-10-09T05:00:00.000Z",
            "format": "html",
            "language": "es"
          },
          {
            "id": "doc-9d636978-dd0c-461c-a7f9-7de720df83e0",
            "documentType": "Tender Notice",
            "title": "Documento que contiene las especificaicones t?cnicas de la obra",
            "description": "Convocatoria al procedimiento de contratacion",
            "url": "http://189.211.120.220:8880/files/opendata/15076-LPN-OP-DCAGI-SC-076-15/8.-%20CC/8.pdf",
            "datePublished": "2015-10-09T05:00:00.000Z",
            "dateModified": "2015-10-09T05:00:00.000Z",
            "format": "html",
            "language": "es"
          },
          {
            "id": "doc-1b72e6ab-1c7f-424a-9c88-9c60b376be4d",
            "documentType": "Tender Notice",
            "title": "Convocatoria al procedimiento de contrataci?n",
            "description": "Convocatoria al procedimiento de contratacion",
            "url": "http://189.211.120.220:8880/files/opendata/15076-LPN-OP-DCAGI-SC-076-15/8.-%20CC/8.pdf",
            "datePublished": "2015-10-09T05:00:00.000Z",
            "dateModified": "2015-10-09T05:00:00.000Z",
            "format": "html",
            "language": "es"
          },
          {
            "id": "doc-5ce4b368-1020-4163-8071-c1d777b522b1",
            "documentType": "Tender Notice",
            "title": "Documento que describe los criterios que deben cumplir los licitantes",
            "description": "Convocatoria al procedimiento de contratacion",
            "url": "http://189.211.120.220:8880/files/opendata/15076-LPN-OP-DCAGI-SC-076-15/8.-%20CC/8.pdf",
            "datePublished": "2015-10-09T05:00:00.000Z",
            "dateModified": "2015-10-09T05:00:00.000Z",
            "format": "html",
            "language": "es"
          }
        ]
      },
      "buyer": {
        "identifier": {
          "scheme": "MK-009KDH999",
          "id": "GACM",
          "legalName": "Grupo Aeroportuario de la Ciudad de Mexico, S.A. de C.V.",
          "uri": "http://www.aeropuerto.gob.mx/"
        },
        "name": "Grupo Aeroportuario de la Ciudad de Mexico, S.A. de C.V.",
        "address": {
          "streetAddress": "AV. INSURGENTES SUR NO. 2453 PISO 2 OFICINA 203",
          "locality": "COL. TIZAPAN",
          "region": "DEL. ALVARO OBREGON",
          "postalCode": "01090",
          "countryName": "Mexico"
        },
        "contactPoint": {
          "name": "G05-DIRECCION CORPORATIVA DE ADMINISTRACION Y GESTION INMOBILIARIA",
          "url": "http://www.aeropuerto.gob.mx/"
        }
      },
      "awards": [
        {
          "id": "LO-009KDH999-N50-2015",
          "title": "Trabajos relativos a la construccion del drenaje pluvial temporal del Nuevo Aeropuerto de la Ciudad de Mexico.",
          "description": "Ver documento adjunto",
          "status": "active",
          "date": "2015-09-25T05:00:00.000Z",
          "value": {
            "amount": 192525597.09,
            "currency": "MXN"
          },
          "suppliers": [
            {
              "identifier": {
                "id": "1. Calzada Construcciones, S. A. de C. V.: CCO980814BU4",
                "legalName": "1. Calzada Construcciones, S. A. de C. V."
              },
              "name": "1. Calzada Construcciones, S. A. de C. V.",
              "address": {
                "streetAddress": "Lope de Vega 117, piso 6",
                "locality": "Polanco",
                "region": "Miguel Hidalgo",
                "postalCode": "11560",
                "countryName": "Mexico"
              }
            }
          ],
          "items": [
            {
              "id": "item-12bf72cf-6018-4beb-bdd2-22c316602a84",
              "description": "Trabajos relativos a la construccion del drenaje pluvial temporal del Nuevo Aeropuerto de la Ciudad de Mexico.",
              "classification": {
                "scheme": "EDIFICACION NO HABITACIONAL",
                "id": "6220"
              },
              "quantity": 1,
              "unit": {
                "name": "srv",
                "value": {
                  "amount": 192525597.09,
                  "currency": "MXN"
                }
              }
            }
          ],
          "contractPeriod": {
            "startDate": "2015-10-09T05:00:00.000Z",
            "endDate": "2016-03-07T06:00:00.000Z"
          },
          "documents": [
            {
              "id": "doc-3b825b53-8eb5-41f3-828a-b73d017884bd",
              "documentType": "Award Notice",
              "title": "Fallo",
              "description": "Acta de Fallo",
              "url": "http://189.211.120.220:8880/files/opendata/15076-LPN-OP-DCAGI-SC-076-15/12.-%20AF/12.pdf",
              "datePublished": "2015-10-09T05:00:00.000Z",
              "dateModified": "2015-10-09T05:00:00.000Z",
              "format": "html",
              "language": "es"
            },
            {
              "id": "doc-81844eeb-f1f6-4992-9213-6020c280007f",
              "documentType": "Award Notice",
              "title": "Fallo",
              "description": "Descripcion del acto de presentacion y apertura de proposiciones",
              "url": "http://189.211.120.220:8880/files/opendata/15076-LPN-OP-DCAGI-SC-076-15/10.-%20AP/10.pdf",
              "datePublished": "2015-10-09T05:00:00.000Z",
              "dateModified": "2015-10-09T05:00:00.000Z",
              "format": "html",
              "language": "es"
            }
          ]
        }
      ],
      "contracts": [
        {
          "id": "LPN-OP-DCAGI-SC-076/15",
          "awardID": "LO-009KDH999-N50-2015",
          "title": "Trabajos relativos a la construccion del drenaje pluvial temporal del Nuevo Aeropuerto de la Ciudad de Mexico.",
          "description": "Ver documento adjunto",
          "status": "active",
          "period": {
            "startDate": "2015-10-09T05:00:00.000Z",
            "endDate": "2016-03-07T06:00:00.000Z"
          },
          "value": {
            "amount": 192525597.09,
            "currency": "MXN"
          },
          "items": [
            {
              "id": "item-ba6ceaa3-83fa-4861-8291-448f8b076d0b",
              "description": "Trabajos relativos a la construccion del drenaje pluvial temporal del Nuevo Aeropuerto de la Ciudad de Mexico.",
              "classification": {
                "scheme": "EDIFICACION NO HABITACIONAL",
                "id": "6220"
              },
              "quantity": 1,
              "unit": {
                "name": "srv",
                "value": {
                  "amount": 192525597.09,
                  "currency": "MXN"
                }
              }
            }
          ],
          "dateSigned": "2015-10-09T05:00:00.000Z",
          "documents": [
            {
              "id": "doc-d7c7d3f3-dd14-4c84-a639-e90d42cffaef",
              "documentType": "Contract Signed",
              "title": "Contrato firmado",
              "description": "Contrato firmado",
              "url": "http://189.211.120.220:8880/files/opendata/15076-LPN-OP-DCAGI-SC-076-15/15.-%20CF/15.pdf",
              "datePublished": "2015-10-09T05:00:00.000Z",
              "dateModified": "2015-10-09T05:00:00.000Z",
              "format": "html",
              "language": "es"
            },
            {
              "id": "doc-24d26ee6-b507-4500-9a6f-290f313e665a",
              "documentType": "Contract Signed",
              "title": "Cl?usula sobre las condiciones de entrega de la obra",
              "description": "Contrato firmado",
              "url": "http://189.211.120.220:8880/files/opendata/15076-LPN-OP-DCAGI-SC-076-15/15.-%20CF/15.pdf",
              "datePublished": "2015-10-09T05:00:00.000Z",
              "dateModified": "2015-10-09T05:00:00.000Z",
              "format": "html",
              "language": "es"
            },
            {
              "id": "doc-550461a9-24c9-4338-bdd9-054e55e96d0e",
              "documentType": "Contract Guarantees",
              "title": "Fianza de anticipo",
              "description": "Garantia sobre el anticipo",
              "url": "http://189.211.120.220:8880/files/opendata/15076-LPN-OP-DCAGI-SC-076-15/17.-%20GA/17.pdf",
              "datePublished": "2015-10-09T05:00:00.000Z",
              "dateModified": "2015-10-09T05:00:00.000Z",
              "format": "html",
              "language": "es"
            },
            {
              "id": "doc-a448251f-a4e6-41f1-8a49-c78c36eae83d",
              "documentType": "Contract Guarantees",
              "title": "Fianza de cumplimiento",
              "description": "Garantias de cumplimiento",
              "url": "http://189.211.120.220:8880/files/opendata/15076-LPN-OP-DCAGI-SC-076-15/18.-%20GC/18.pdf",
              "datePublished": "2015-10-09T05:00:00.000Z",
              "dateModified": "2015-10-09T05:00:00.000Z",
              "format": "html",
              "language": "es"
            }
          ]
        }
      ],
      "language": "es"
    }
  ],
  "publisher": {
    "name": "GACM",
    "scheme": "SERVICIO",
    "uid": "AS",
    "uri": "http://www.aeropuerto.gob.mx/"
  },
  "license": "https://datos.gob.mx/libreusomx/",
  "publicationPolicy": "https://datos.gob.mx/libreusomx/"
}
