{
  "uri": "https://datos.gob.mx/busca/dataset?organization=gacm",
  "publishedDate": "2017-02-15T16:48:25.134Z",
  "releases": [
    {
      "ocid": "197",
      "id": "RELEASE_197_2017-02-15T16:48:25.133Z",
      "date": "2017-02-07T06:00:00.000Z",
      "tag": [
        "contract"
      ],
      "initiationType": "tender",
      "planning": {
        "budget": {
          "source": "http://www.apartados.hacienda.gob.mx/presupuesto/temas/pef/2015/docs/09/r09_kdh_pie.pdf",
          "id": "Servicio de testigo social para que atestigue las etapas del procedimiento de licitacion publica nacional presencial, relativa a la contratacion de lao aeroportuario de la Ciudad de Mexico en el sitio del Nuevo Aeropuerto Internacional de la Ciudad de Mexico?",
          "description": "Presupuesto de Egresos de la Federacion 2015",
          "amount": {
            "amount": 215000,
            "currency": "MXN"
          },
          "project": "Nuevo Aeropuerto Internacional de la Ciudad de Mexico",
          "projectID": "46101",
          "uri": "http://www.apartados.hacienda.gob.mx/presupuesto/temas/pef/2015/docs/09/r09_kdh_pie.pdf"
        },
        "rationale": "Servicio de testigo social para que atestigue las etapas del procedimiento de licitacion publica nacional presencial, relativa a la contratacion de lao aeroportuario de la Ciudad de Mexico en el sitio del Nuevo Aeropuerto Internacional de la Ciudad de Mexico?",
        "documents": [
          {
            "id": "doc-0e743703-798b-4310-94d1-9d5b3456dd0a",
            "documentType": "projectPlan",
            "title": "Proyecto ejecutivo de la obra",
            "description": "Terminos de referencia",
            "url": "http://189.211.120.220:8880/files/opendata/15050-AD-AS-DCAGI-SC-050-15/4.-%20TR/4.pdf",
            "datePublished": "2015-06-30T05:00:00.000Z",
            "dateModified": "2015-06-30T05:00:00.000Z",
            "format": "html",
            "language": "es"
          }
        ]
      },
      "tender": {
        "id": "903614",
        "title": "Servicio de testigo social para que atestigue las etapas del procedimiento de licitacion publica nacional presencial, relativa a la contratacion de lao aeroportuario de la Ciudad de Mexico en el sitio del Nuevo Aeropuerto Internacional de la Ciudad de Mexico?",
        "description": "Servicio de testigo social para que atestigue las etapas del procedimiento de licitacion publica nacional presencial, relativa a la contratacion de lao aeroportuario de la Ciudad de Mexico en el sitio del Nuevo Aeropuerto Internacional de la Ciudad de Mexico?",
        "status": "active",
        "items": [
          {
            "id": "item-e183c0cd-d346-40a7-8a76-28e3deddcf36",
            "description": "Servicio de testigo social para que atestigue las etapas del procedimiento de licitacion publica nacional presencial, relativa a la contratacion de lao aeroportuario de la Ciudad de Mexico en el sitio del Nuevo Aeropuerto Internacional de la Ciudad de Mexico?",
            "classification": {
              "scheme": "EDIFICACION NO HABITACIONAL",
              "id": "6220"
            },
            "quantity": 1,
            "unit": {
              "name": "sop",
              "value": {
                "amount": 213104,
                "currency": "MXN"
              }
            }
          }
        ],
        "value": {
          "amount": 215000,
          "currency": "MXN"
        },
        "procurementMethod": "limited",
        "procurementMethodRationale": "Nacional",
        "metodoDeAdquisicion": "Adjudicación directa",
        "awardCriteria": "bestValueToGoverment",
        "awardCriteriaDetails": "Presencial",
        "submissionMethod": [
          "Presencial"
        ],
        "eligibilityCriteria": "Ver documento adjunto",
        "documents": [
          {
            "id": "doc-d36aeae7-08fd-49fb-ab91-4958e9bdcd37",
            "documentType": "Clarifications",
            "title": "Actas de la junta de aclaraciones",
            "description": "Actas de la junta de aclaraciones",
            "url": "http://189.211.120.220:8880/files/opendata/15050-AD-AS-DCAGI-SC-050-15/9.-%20AJ/9.pdf",
            "datePublished": "2015-06-30T05:00:00.000Z",
            "dateModified": "2015-06-30T05:00:00.000Z",
            "format": "html",
            "language": "es"
          },
          {
            "id": "doc-6bb79384-2105-43ee-b21a-272e2ce030ea",
            "documentType": "Tender Notice",
            "title": "Documento que describe los criterios de evaluaci?n",
            "description": "Convocatoria al procedimiento de contratacion",
            "url": "http://189.211.120.220:8880/files/opendata/15050-AD-AS-DCAGI-SC-050-15/8.-%20CC/8.pdf",
            "datePublished": "2015-06-30T05:00:00.000Z",
            "dateModified": "2015-06-30T05:00:00.000Z",
            "format": "html",
            "language": "es"
          },
          {
            "id": "doc-bf9aea48-9342-4568-b43c-88c2bca6c0a1",
            "documentType": "Tender Notice",
            "title": "Documento que contiene los objetivos y caracter?sticas del contrato y proceso de licitaci?n",
            "description": "Convocatoria al procedimiento de contratacion",
            "url": "http://189.211.120.220:8880/files/opendata/15050-AD-AS-DCAGI-SC-050-15/8.-%20CC/8.pdf",
            "datePublished": "2015-06-30T05:00:00.000Z",
            "dateModified": "2015-06-30T05:00:00.000Z",
            "format": "html",
            "language": "es"
          },
          {
            "id": "doc-13783d07-802d-4c05-8816-144a85c2fb51",
            "documentType": "Tender Notice",
            "title": "Documento que contiene las especificaicones t?cnicas de la obra",
            "description": "Convocatoria al procedimiento de contratacion",
            "url": "http://189.211.120.220:8880/files/opendata/15050-AD-AS-DCAGI-SC-050-15/8.-%20CC/8.pdf",
            "datePublished": "2015-06-30T05:00:00.000Z",
            "dateModified": "2015-06-30T05:00:00.000Z",
            "format": "html",
            "language": "es"
          },
          {
            "id": "doc-a92adef5-f3bc-429d-b144-37bc016ea820",
            "documentType": "Tender Notice",
            "title": "Convocatoria al procedimiento de contrataci?n",
            "description": "Convocatoria al procedimiento de contratacion",
            "url": "http://189.211.120.220:8880/files/opendata/15050-AD-AS-DCAGI-SC-050-15/8.-%20CC/8.pdf",
            "datePublished": "2015-06-30T05:00:00.000Z",
            "dateModified": "2015-06-30T05:00:00.000Z",
            "format": "html",
            "language": "es"
          },
          {
            "id": "doc-67094b11-d747-48c1-9022-529c8b21d995",
            "documentType": "Tender Notice",
            "title": "Documento que describe los criterios que deben cumplir los licitantes",
            "description": "Convocatoria al procedimiento de contratacion",
            "url": "http://189.211.120.220:8880/files/opendata/15050-AD-AS-DCAGI-SC-050-15/8.-%20CC/8.pdf",
            "datePublished": "2015-06-30T05:00:00.000Z",
            "dateModified": "2015-06-30T05:00:00.000Z",
            "format": "html",
            "language": "es"
          }
        ]
      },
      "buyer": {
        "identifier": {
          "scheme": "MK-009KDH999",
          "id": "GACM",
          "legalName": "Grupo Aeroportuario de la Ciudad de Mexico, S.A. de C.V.",
          "uri": "http://www.aeropuerto.gob.mx/"
        },
        "name": "Grupo Aeroportuario de la Ciudad de Mexico, S.A. de C.V.",
        "address": {
          "streetAddress": "AV. INSURGENTES SUR NO. 2453 PISO 2 OFICINA 203",
          "locality": "COL. TIZAPAN",
          "region": "DEL. ALVARO OBREGON",
          "postalCode": "01090",
          "countryName": "Mexico"
        },
        "contactPoint": {
          "name": "G05-DIRECCION CORPORATIVA DE ADMINISTRACION Y GESTION INMOBILIARIA",
          "url": "http://www.aeropuerto.gob.mx/"
        }
      },
      "awards": [
        {
          "id": "SA-009KDH999-N73-2015",
          "title": "Servicio de testigo social para que atestigue las etapas del procedimiento de licitacion publica nacional presencial, relativa a la contratacion de lao aeroportuario de la Ciudad de Mexico en el sitio del Nuevo Aeropuerto Internacional de la Ciudad de Mexico?",
          "description": "Ver documento adjunto",
          "status": "active",
          "value": {
            "amount": 213104,
            "currency": "MXN"
          },
          "suppliers": [
            {
              "identifier": {
                "id": "AASO390420HDFLNS07",
                "legalName": "Oscar Alvares de la  Cuadra Sanchez"
              },
              "name": "Oscar Alvares de la  Cuadra Sanchez",
              "address": {
                "streetAddress": "Insurgentes Sur 559",
                "locality": "Napoles",
                "region": "Benito Juarez",
                "postalCode": "3810",
                "countryName": "Mexico"
              }
            }
          ],
          "items": [
            {
              "id": "item-15a006fc-5eff-45ef-8087-fe02d5605700",
              "description": "Servicio de testigo social para que atestigue las etapas del procedimiento de licitacion publica nacional presencial, relativa a la contratacion de lao aeroportuario de la Ciudad de Mexico en el sitio del Nuevo Aeropuerto Internacional de la Ciudad de Mexico?",
              "classification": {
                "scheme": "EDIFICACION NO HABITACIONAL",
                "id": "6220"
              },
              "quantity": 1,
              "unit": {
                "name": "sop",
                "value": {
                  "amount": 213104,
                  "currency": "MXN"
                }
              }
            }
          ],
          "contractPeriod": {
            "startDate": "2015-06-30T05:00:00.000Z",
            "endDate": "2015-12-31T06:00:00.000Z"
          },
          "documents": [
            {
              "id": "doc-9a71d6ec-fad8-463f-b30e-192ff567a3bb",
              "documentType": "Award Notice",
              "title": "Fallo",
              "description": "Acta de Fallo",
              "url": "http://189.211.120.220:8880/files/opendata/15050-AD-AS-DCAGI-SC-050-15/12.-%20AF/12.pdf",
              "datePublished": "2015-06-30T05:00:00.000Z",
              "dateModified": "2015-06-30T05:00:00.000Z",
              "format": "html",
              "language": "es"
            },
            {
              "id": "doc-8caf7ef7-4e68-4bb0-848f-fa1120f4bf0b",
              "documentType": "Award Notice",
              "title": "Fallo",
              "description": "Descripcion del acto de presentacion y apertura de proposiciones",
              "url": "http://189.211.120.220:8880/files/opendata/15050-AD-AS-DCAGI-SC-050-15/10.-%20AP/10.pdf",
              "datePublished": "2015-06-30T05:00:00.000Z",
              "dateModified": "2015-06-30T05:00:00.000Z",
              "format": "html",
              "language": "es"
            }
          ]
        }
      ],
      "contracts": [
        {
          "id": "AD-AS-DCAGI-SC-050-2015",
          "awardID": "SA-009KDH999-N73-2015",
          "title": "Servicio de testigo social para que atestigue las etapas del procedimiento de licitacion publica nacional presencial, relativa a la contratacion de lao aeroportuario de la Ciudad de Mexico en el sitio del Nuevo Aeropuerto Internacional de la Ciudad de Mexico?",
          "description": "Ver documento adjunto",
          "status": "active",
          "period": {
            "startDate": "2015-06-30T05:00:00.000Z",
            "endDate": "2015-12-31T06:00:00.000Z"
          },
          "value": {
            "amount": 213104,
            "currency": "MXN"
          },
          "items": [
            {
              "id": "item-36bb2330-b441-4c20-9cae-f696e01044df",
              "description": "Servicio de testigo social para que atestigue las etapas del procedimiento de licitacion publica nacional presencial, relativa a la contratacion de lao aeroportuario de la Ciudad de Mexico en el sitio del Nuevo Aeropuerto Internacional de la Ciudad de Mexico?",
              "classification": {
                "scheme": "EDIFICACION NO HABITACIONAL",
                "id": "6220"
              },
              "quantity": 1,
              "unit": {
                "name": "sop",
                "value": {
                  "amount": 213104,
                  "currency": "MXN"
                }
              }
            }
          ],
          "dateSigned": "2015-06-30T05:00:00.000Z",
          "documents": [
            {
              "id": "doc-f1cc4d7d-15ae-445b-a2e2-f3ee683aa17b",
              "documentType": "Contract Signed",
              "title": "Contrato firmado",
              "description": "Contrato firmado",
              "url": "http://189.211.120.220:8880/files/opendata/15050-AD-AS-DCAGI-SC-050-15/15.-%20CF/15.pdf",
              "datePublished": "2015-06-30T05:00:00.000Z",
              "dateModified": "2015-06-30T05:00:00.000Z",
              "format": "html",
              "language": "es"
            },
            {
              "id": "doc-69688206-6d8b-4389-bf31-b3badd46763c",
              "documentType": "Contract Signed",
              "title": "Cl?usula sobre las condiciones de entrega de la obra",
              "description": "Contrato firmado",
              "url": "http://189.211.120.220:8880/files/opendata/15050-AD-AS-DCAGI-SC-050-15/15.-%20CF/15.pdf",
              "datePublished": "2015-06-30T05:00:00.000Z",
              "dateModified": "2015-06-30T05:00:00.000Z",
              "format": "html",
              "language": "es"
            },
            {
              "id": "doc-0a6bc61d-4565-4108-83cd-d64e605a671e",
              "documentType": "Contract Guarantees",
              "title": "Fianza de anticipo",
              "description": "Garantia sobre el anticipo",
              "url": "http://189.211.120.220:8880/files/opendata/15050-AD-AS-DCAGI-SC-050-15/17.-%20GA/17.pdf",
              "datePublished": "2015-06-30T05:00:00.000Z",
              "dateModified": "2015-06-30T05:00:00.000Z",
              "format": "html",
              "language": "es"
            },
            {
              "id": "doc-3d7db50e-2843-4902-9055-32620a39210a",
              "documentType": "Contract Guarantees",
              "title": "Fianza de cumplimiento",
              "description": "Garantias de cumplimiento",
              "url": "http://189.211.120.220:8880/files/opendata/15050-AD-AS-DCAGI-SC-050-15/18.-%20GC/18.pdf",
              "datePublished": "2015-06-30T05:00:00.000Z",
              "dateModified": "2015-06-30T05:00:00.000Z",
              "format": "html",
              "language": "es"
            }
          ]
        }
      ],
      "language": "es"
    }
  ],
  "publisher": {
    "name": "GACM",
    "scheme": "SERVICIO",
    "uid": "AS",
    "uri": "http://www.aeropuerto.gob.mx/"
  },
  "license": "https://datos.gob.mx/libreusomx/",
  "publicationPolicy": "https://datos.gob.mx/libreusomx/"
}
