{
  "uri": "https://datos.gob.mx/busca/dataset?organization=gacm",
  "publishedDate": "2017-02-15T16:48:26.013Z",
  "releases": [
    {
      "ocid": "199",
      "id": "RELEASE_199_2017-02-15T16:48:26.012Z",
      "date": "2017-02-09T06:00:00.000Z",
      "tag": [
        "contract"
      ],
      "initiationType": "tender",
      "planning": {
        "budget": {
          "source": "http://www.apartados.hacienda.gob.mx/presupuesto/temas/pef/2015/docs/09/r09_kdh_pie.pdf",
          "id": "Servicio de un Testigo Social para que atestigue la Etapas del procedimiento de Licitacion Publica de Obra Publica de Construccion de los Caminos provisionales de Acceso al (NAICM), ejecutando Trabajos de Terraceria, Estructura, Obras de Drenaje, Pavimentacion y Senalamiento.",
          "description": "Presupuesto de Egresos de la Federacion 2015",
          "amount": {
            "amount": 556201.54,
            "currency": "MXN"
          },
          "project": "Nuevo Aeropuerto Internacional de la Ciudad de Mexico",
          "projectID": "46101",
          "uri": "http://www.apartados.hacienda.gob.mx/presupuesto/temas/pef/2015/docs/09/r09_kdh_pie.pdf"
        },
        "rationale": "Servicio de un Testigo Social para que atestigue la Etapas del procedimiento de Licitacion Publica de Obra Publica de Construccion de los Caminos provisionales de Acceso al (NAICM), ejecutando Trabajos de Terraceria, Estructura, Obras de Drenaje, Pavimentacion y Senalamiento.",
        "documents": [
          {
            "id": "doc-a9fddfde-503d-4a81-b542-e9fa3af95001",
            "documentType": "projectPlan",
            "title": "Proyecto ejecutivo de la obra",
            "description": "Terminos de referencia",
            "url": "http://189.211.120.220:8880/files/opendata/15116-AD-AS-DCAGI-SC-116-15/4.-%20TR/4.pdf",
            "datePublished": "2015-12-15T06:00:00.000Z",
            "dateModified": "2015-12-15T06:00:00.000Z",
            "format": "html",
            "language": "es"
          }
        ]
      },
      "tender": {
        "id": "1044735",
        "title": "Servicio de un Testigo Social para que atestigue la Etapas del procedimiento de Licitacion Publica de Obra Publica de Construccion de los Caminos provisionales de Acceso al (NAICM), ejecutando Trabajos de Terraceria, Estructura, Obras de Drenaje, Pavimentacion y Senalamiento.",
        "description": "Servicio de un Testigo Social para que atestigue la Etapas del procedimiento de Licitacion Publica de Obra Publica de Construccion de los Caminos provisionales de Acceso al (NAICM), ejecutando Trabajos de Terraceria, Estructura, Obras de Drenaje, Pavimentacion y Senalamiento.",
        "status": "active",
        "items": [
          {
            "id": "item-7d345fb2-baf9-49ce-b038-41ea03a90393",
            "description": "Servicio de un Testigo Social para que atestigue la Etapas del procedimiento de Licitacion Publica de Obra Publica de Construccion de los Caminos pr",
            "classification": {
              "scheme": "EDIFICACION NO HABITACIONAL",
              "id": "6220"
            },
            "quantity": 1,
            "unit": {
              "name": "srv",
              "value": {
                "amount": 479484,
                "currency": "MXN"
              }
            }
          }
        ],
        "minValue": {
          "currency": "MXN"
        },
        "value": {
          "amount": 556201.54,
          "currency": "MXN"
        },
        "procurementMethod": "limited",
        "procurementMethodRationale": "Nacional",
        "metodoDeAdquisicion": "Adjudicación directa",
        "awardCriteria": "bestValueToGoverment",
        "awardCriteriaDetails": "No aplica",
        "submissionMethod": [
          "Presencial"
        ],
        "eligibilityCriteria": "Ver documento adjunto",
        "documents": [
          {
            "id": "doc-0361c512-bfb0-4b4a-9c97-580bf9451783",
            "documentType": "Clarifications",
            "title": "Actas de la junta de aclaraciones",
            "description": "Actas de la junta de aclaraciones",
            "url": "http://189.211.120.220:8880/files/opendata/15116-AD-AS-DCAGI-SC-116-15/9.-%20AJ/9.pdf",
            "datePublished": "2015-12-15T06:00:00.000Z",
            "dateModified": "2015-12-15T06:00:00.000Z",
            "format": "html",
            "language": "es"
          },
          {
            "id": "doc-70c5d071-40c6-418a-9808-ea4359bac421",
            "documentType": "Tender Notice",
            "title": "Documento que contiene las especificaciones t?cnicas de la obra",
            "description": "Convocatoria al procedimiento de contratacion",
            "url": "http://189.211.120.220:8880/files/opendata/15116-AD-AS-DCAGI-SC-116-15/8.-%20CC/8.pdf",
            "datePublished": "2015-12-15T06:00:00.000Z",
            "dateModified": "2015-12-15T06:00:00.000Z",
            "format": "html",
            "language": "es"
          },
          {
            "id": "doc-f034ab80-7c27-4b26-8532-6a6a049ede51",
            "documentType": "Tender Notice",
            "title": "Documento que describe los criterios de evaluaci?n",
            "description": "Convocatoria al procedimiento de contratacion",
            "url": "http://189.211.120.220:8880/files/opendata/15116-AD-AS-DCAGI-SC-116-15/8.-%20CC/8.pdf",
            "datePublished": "2015-12-15T06:00:00.000Z",
            "dateModified": "2015-12-15T06:00:00.000Z",
            "format": "html",
            "language": "es"
          },
          {
            "id": "doc-960796bc-5816-4c9f-bd0d-d218c97c3187",
            "documentType": "Tender Notice",
            "title": "Documento que contiene los objetivos y caracter?sticas del contrato y proceso de licitaci?n",
            "description": "Convocatoria al procedimiento de contratacion",
            "url": "http://189.211.120.220:8880/files/opendata/15116-AD-AS-DCAGI-SC-116-15/8.-%20CC/8.pdf",
            "datePublished": "2015-12-15T06:00:00.000Z",
            "dateModified": "2015-12-15T06:00:00.000Z",
            "format": "html",
            "language": "es"
          },
          {
            "id": "doc-0101679f-36f8-4bcf-8beb-bcd288c921fd",
            "documentType": "Tender Notice",
            "title": "Convocatoria al procedimiento de contrataci?n",
            "description": "Convocatoria al procedimiento de contratacion",
            "url": "http://189.211.120.220:8880/files/opendata/15116-AD-AS-DCAGI-SC-116-15/8.-%20CC/8.pdf",
            "datePublished": "2015-12-15T06:00:00.000Z",
            "dateModified": "2015-12-15T06:00:00.000Z",
            "format": "html",
            "language": "es"
          },
          {
            "id": "doc-920cddc1-ec7a-4af9-965c-ee889fec4b1d",
            "documentType": "Tender Notice",
            "title": "Documento que describe los criterios que deben cumplir los licitantes",
            "description": "Convocatoria al procedimiento de contratacion",
            "url": "http://189.211.120.220:8880/files/opendata/15116-AD-AS-DCAGI-SC-116-15/8.-%20CC/8.pdf",
            "datePublished": "2015-12-15T06:00:00.000Z",
            "dateModified": "2015-12-15T06:00:00.000Z",
            "format": "html",
            "language": "es"
          }
        ]
      },
      "buyer": {
        "identifier": {
          "scheme": "MK-009KDH999",
          "id": "GACM",
          "legalName": "Grupo Aeroportuario de la Ciudad de Mexico, S.A. de C.V.",
          "uri": "http://www.aeropuerto.gob.mx/"
        },
        "name": "Grupo Aeroportuario de la Ciudad de Mexico, S.A. de C.V.",
        "address": {
          "streetAddress": "AV. INSURGENTES SUR NO. 2453 PISO 2 OFICINA 203",
          "locality": "COL. TIZAPAN",
          "region": "DEL. ALVARO OBREGON",
          "postalCode": "01090",
          "countryName": "Mexico"
        },
        "contactPoint": {
          "name": "G05-DIRECCION CORPORATIVA DE ADMINISTRACION Y GESTION INMOBILIARIA",
          "url": "http://www.aeropuerto.gob.mx/"
        }
      },
      "awards": [
        {
          "id": "AA-009KDH999-E59-2016",
          "title": "Servicio de un Testigo Social para que atestigue la Etapas del procedimiento de Licitacion Publica de Obra Publica de Construccion de los Caminos provisionales de Acceso al (NAICM), ejecutando Trabajos de Terraceria, Estructura, Obras de Drenaje, Pavimentacion y Senalamiento.",
          "description": "Ver documento adjunto",
          "status": "active",
          "value": {
            "amount": 479484,
            "currency": "MXN"
          },
          "suppliers": [
            {
              "identifier": {
                "id": "RUGG460126GF2",
                "legalName": "Jose Genaro Ruiz Gomez"
              },
              "name": "Jose Genaro Ruiz Gomez",
              "address": {
                "streetAddress": "Rinconada Colonial ED Lima 003",
                "locality": "Pedregal de Carrasco",
                "region": "Coyoacan",
                "postalCode": "4700",
                "countryName": "Mexico"
              }
            }
          ],
          "items": [
            {
              "id": "item-7537066c-c13b-4472-b8f7-89d704181ff6",
              "description": "Servicio de un Testigo Social para que atestigue la Etapas del procedimiento de Licitacion Publica de Obra Publica de Construccion de los Caminos pr",
              "classification": {
                "scheme": "EDIFICACION NO HABITACIONAL",
                "id": "6220"
              },
              "quantity": 1,
              "unit": {
                "name": "srv",
                "value": {
                  "amount": 479484,
                  "currency": "MXN"
                }
              }
            }
          ],
          "contractPeriod": {
            "startDate": "2015-12-17T06:00:00.000Z",
            "endDate": "2017-06-30T05:00:00.000Z"
          },
          "documents": [
            {
              "id": "doc-8c282049-a655-4bcc-8041-05f128f7c0f8",
              "documentType": "Award Notice",
              "title": "Fallo",
              "description": "Acta de Fallo",
              "url": "http://189.211.120.220:8880/files/opendata/15116-AD-AS-DCAGI-SC-116-15/12.-%20AF/12.pdf",
              "datePublished": "2015-12-15T06:00:00.000Z",
              "dateModified": "2015-12-15T06:00:00.000Z",
              "format": "html",
              "language": "es"
            },
            {
              "id": "doc-cea4531f-cf01-4f25-9391-8547aa3ddc1b",
              "documentType": "Award Notice",
              "title": "Fallo",
              "description": "Descripcion del acto de presentacion y apertura de proposiciones",
              "url": "http://189.211.120.220:8880/files/opendata/15116-AD-AS-DCAGI-SC-116-15/10.-%20AP/10.pdf",
              "datePublished": "2015-12-15T06:00:00.000Z",
              "dateModified": "2015-12-15T06:00:00.000Z",
              "format": "html",
              "language": "es"
            }
          ]
        }
      ],
      "contracts": [
        {
          "id": "AD-AS-DCAGI-SC-116/15",
          "awardID": "AA-009KDH999-E59-2016",
          "title": "Servicio de un Testigo Social para que atestigue la Etapas del procedimiento de Licitacion Publica de Obra Publica de Construccion de los Caminos provisionales de Acceso al (NAICM), ejecutando Trabajos de Terraceria, Estructura, Obras de Drenaje, Pavimentacion y Senalamiento.",
          "description": "Ver documento adjunto",
          "status": "active",
          "period": {
            "startDate": "2015-12-17T06:00:00.000Z",
            "endDate": "2017-06-30T05:00:00.000Z"
          },
          "value": {
            "amount": 479484,
            "currency": "MXN"
          },
          "items": [
            {
              "id": "item-1b7db5a7-2012-4761-81ec-081fbbad3f0a",
              "description": "Servicio de un Testigo Social para que atestigue la Etapas del procedimiento de Licitacion Publica de Obra Publica de Construccion de los Caminos pr",
              "classification": {
                "scheme": "EDIFICACION NO HABITACIONAL",
                "id": "6220"
              },
              "quantity": 1,
              "unit": {
                "name": "srv",
                "value": {
                  "amount": 479484,
                  "currency": "MXN"
                }
              }
            }
          ],
          "dateSigned": "2015-12-15T06:00:00.000Z",
          "documents": [
            {
              "id": "doc-c2b9aaa7-500f-4f35-a2bd-cc90ecb7b55d",
              "documentType": "Contract Signed",
              "title": "Cl?usula sobre las condiciones de entrega de la obra",
              "description": "Contrato firmado",
              "url": "http://189.211.120.220:8880/files/opendata/15116-AD-AS-DCAGI-SC-116-15/15.-%20CF/15.pdf",
              "datePublished": "2015-12-15T06:00:00.000Z",
              "dateModified": "2015-12-15T06:00:00.000Z",
              "format": "html",
              "language": "es"
            },
            {
              "id": "doc-487e6d46-9983-4347-a852-502c58b75df4",
              "documentType": "Contract Signed",
              "title": "Contrato firmado",
              "description": "Contrato firmado",
              "url": "http://189.211.120.220:8880/files/opendata/15116-AD-AS-DCAGI-SC-116-15/15.-%20CF/15.pdf",
              "datePublished": "2015-12-15T06:00:00.000Z",
              "dateModified": "2015-12-15T06:00:00.000Z",
              "format": "html",
              "language": "es"
            },
            {
              "id": "doc-85a9bc8c-4e45-41ff-9b49-33355bff7340",
              "documentType": "Contract Guarantees",
              "title": "Fianza de anticipo",
              "description": "Garantia sobre el anticipo",
              "url": "http://189.211.120.220:8880/files/opendata/15116-AD-AS-DCAGI-SC-116-15/17.-%20GA/17.pdf",
              "datePublished": "2015-12-15T06:00:00.000Z",
              "dateModified": "2015-12-15T06:00:00.000Z",
              "format": "html",
              "language": "es"
            },
            {
              "id": "doc-a8c473c1-61cf-4ed8-bb59-ceb059e86982",
              "documentType": "Contract Guarantees",
              "title": "Fianza de cumplimiento",
              "description": "Garantias de cumplimiento",
              "url": "http://189.211.120.220:8880/files/opendata/15116-AD-AS-DCAGI-SC-116-15/18.-%20GC/18.pdf",
              "datePublished": "2015-12-15T06:00:00.000Z",
              "dateModified": "2015-12-15T06:00:00.000Z",
              "format": "html",
              "language": "es"
            }
          ]
        }
      ],
      "language": "es"
    }
  ],
  "publisher": {
    "name": "GACM",
    "scheme": "SERVICIO",
    "uid": "AS",
    "uri": "http://www.aeropuerto.gob.mx/"
  },
  "license": "https://datos.gob.mx/libreusomx/",
  "publicationPolicy": "https://datos.gob.mx/libreusomx/"
}
