{
  "uri": "https://datos.gob.mx/busca/dataset?organization=gacm",
  "publishedDate": "2017-02-15T16:48:25.232Z",
  "releases": [
    {
      "ocid": "2",
      "id": "RELEASE_2_2017-02-15T16:48:25.230Z",
      "date": "2017-02-08T06:00:00.000Z",
      "tag": [
        "contract"
      ],
      "initiationType": "tender",
      "planning": {
        "budget": {
          "source": "http://www.apartados.hacienda.gob.mx/presupuesto/temas/pef/2015/docs/09/r09_kdh_pie.pdf",
          "id": "OBRAS DE CONSTRUCCION PARA EDIFICIOS NO HABITACIONALES",
          "description": "RECURSOS FISCALES",
          "amount": {
            "amount": 458200,
            "currency": "MXN"
          },
          "project": "Nuevo Aeropuerto Internacional de la Ciudad de Mexico",
          "projectID": "46101",
          "uri": "http://www.apartados.hacienda.gob.mx/presupuesto/temas/pef/2015/docs/09/r09_kdh_pie.pdf"
        },
        "rationale": "Elaboracion del Programa de rescate y reubicacion de flora para el Nuevo Aeropuerto Internacional de la Ciudad de Mexico",
        "documents": [
          {
            "id": "doc-9cd5cba9-3495-48ad-98e7-02b35fd3459c",
            "documentType": "projectPlan",
            "title": "Proyecto ejecutivo de la obra",
            "description": "Terminos de referencia",
            "url": "http://189.211.120.220:8880/files/opendata/15007-AD-SRO-DCAGI-SC-007-15/4.-%20TR/4.pdf",
            "datePublished": "2015-02-04T06:00:00.000Z",
            "dateModified": "2015-02-04T06:00:00.000Z",
            "format": "html",
            "language": "es"
          },
          {
            "id": "doc-a8ffb773-014e-4795-b008-46e3d8a36ba9",
            "documentType": "projectPlan",
            "title": "Proyecto ejecutivo de la obra",
            "description": "Terminos de referencia",
            "url": "http://189.211.120.220:8880/files/opendata/15007-AD-SRO-DCAGI-SC-007-15/4.-%20TR/4.pdf",
            "datePublished": "2015-02-04T06:00:00.000Z",
            "dateModified": "2015-02-04T06:00:00.000Z",
            "format": "html",
            "language": "es"
          },
          {
            "id": "doc-ae773922-2820-4e61-a989-4c4bbfd0b4d4",
            "documentType": "projectPlan",
            "title": "Proyecto ejecutivo de la obra",
            "description": "Terminos de referencia",
            "url": "http://189.211.120.220:8880/files/opendata/15007-AD-SRO-DCAGI-SC-007-15/4.-%20TR/4.pdf",
            "datePublished": "2015-02-04T06:00:00.000Z",
            "dateModified": "2015-02-04T06:00:00.000Z",
            "format": "html",
            "language": "es"
          }
        ]
      },
      "tender": {
        "id": "798633",
        "title": "Elaboracion del Programa de rescate y reubicacion de flora para el Nuevo Aeropuerto Internacional de la Ciudad de Mexico",
        "description": "Elaboracion del Programa de rescate y reubicacion de flora para el Nuevo Aeropuerto Internacional de la Ciudad de Mexico",
        "status": "active",
        "items": [
          {
            "id": "item-d1c9709e-ed0f-42cd-9c4d-a02fb59c3b26",
            "description": "Elaboracion  del Programa de rescate y reubicacion de flora para el Nuevo Aeropuerto Internacional de la Ciudad de Mexico",
            "classification": {
              "scheme": "EDIFICACION NO HABITACIONAL",
              "id": "6220"
            },
            "quantity": 1,
            "unit": {
              "name": "sop",
              "value": {
                "amount": 394999.95,
                "currency": "MXN"
              }
            }
          },
          {
            "id": "item-b0251d83-4a74-4d04-b0ac-d27f0b2cee05",
            "description": "Elaboracion  del Programa de rescate y reubicacion de flora para el Nuevo Aeropuerto Internacional de la Ciudad de Mexico",
            "classification": {
              "scheme": "EDIFICACION NO HABITACIONAL",
              "id": "6220"
            },
            "quantity": 1,
            "unit": {
              "name": "sop",
              "value": {
                "amount": 394999.95,
                "currency": "MXN"
              }
            }
          },
          {
            "id": "item-4cc32ceb-5df2-4482-aa8e-7eba8abbb447",
            "description": "Elaboracion  del Programa de rescate y reubicacion de flora para el Nuevo Aeropuerto Internacional de la Ciudad de Mexico",
            "classification": {
              "scheme": "EDIFICACION NO HABITACIONAL",
              "id": "6220"
            },
            "quantity": 1,
            "unit": {
              "name": "sop",
              "value": {
                "amount": 394999.95,
                "currency": "MXN"
              }
            }
          }
        ],
        "value": {
          "amount": 458200,
          "currency": "MXN"
        },
        "procurementMethod": "limited",
        "procurementMethodRationale": "Nacional",
        "metodoDeAdquisicion": "Adjudicación directa",
        "awardCriteria": "bestValueToGoverment",
        "awardCriteriaDetails": "No aplica",
        "submissionMethod": [
          "Presencial"
        ],
        "eligibilityCriteria": "Ver documento adjunto",
        "documents": [
          {
            "id": "doc-dbb44bd4-7861-46b5-9a71-ffdc69f82496",
            "documentType": "Clarifications",
            "title": "Actas de la junta de aclaraciones",
            "description": "Actas de la junta de aclaraciones",
            "url": "http://189.211.120.220:8880/files/opendata/15007-AD-SRO-DCAGI-SC-007-15/9.-%20AJ/9.pdf",
            "datePublished": "2015-02-04T06:00:00.000Z",
            "dateModified": "2015-02-04T06:00:00.000Z",
            "format": "html",
            "language": "es"
          },
          {
            "id": "doc-256bbb30-603d-46a6-a846-2fdaa9c8bd8e",
            "documentType": "Tender Notice",
            "title": "Documento que describe los criterios de evaluaci?n",
            "description": "Convocatoria al procedimiento de contratacion",
            "url": "http://189.211.120.220:8880/files/opendata/15007-AD-SRO-DCAGI-SC-007-15/8.-%20CC/8.pdf",
            "datePublished": "2015-02-04T06:00:00.000Z",
            "dateModified": "2015-02-04T06:00:00.000Z",
            "format": "html",
            "language": "es"
          },
          {
            "id": "doc-a8cb6e3d-a1a8-4ead-a1e1-8d1a2162e944",
            "documentType": "Tender Notice",
            "title": "Documento que contiene los objetivos y caracter?sticas del contrato y proceso de licitaci?n",
            "description": "Convocatoria al procedimiento de contratacion",
            "url": "http://189.211.120.220:8880/files/opendata/15007-AD-SRO-DCAGI-SC-007-15/8.-%20CC/8.pdf",
            "datePublished": "2015-02-04T06:00:00.000Z",
            "dateModified": "2015-02-04T06:00:00.000Z",
            "format": "html",
            "language": "es"
          },
          {
            "id": "doc-96d01538-4000-4d96-84bf-7d900b475894",
            "documentType": "Tender Notice",
            "title": "Documento que contiene las especificaicones t?cnicas de la obra",
            "description": "Convocatoria al procedimiento de contratacion",
            "url": "http://189.211.120.220:8880/files/opendata/15007-AD-SRO-DCAGI-SC-007-15/8.-%20CC/8.pdf",
            "datePublished": "2015-02-04T06:00:00.000Z",
            "dateModified": "2015-02-04T06:00:00.000Z",
            "format": "html",
            "language": "es"
          },
          {
            "id": "doc-3519c3f3-4b77-43c6-a291-4b94b41b2b97",
            "documentType": "Tender Notice",
            "title": "Convocatoria al procedimiento de contrataci?n",
            "description": "Convocatoria al procedimiento de contratacion",
            "url": "http://189.211.120.220:8880/files/opendata/15007-AD-SRO-DCAGI-SC-007-15/8.-%20CC/8.pdf",
            "datePublished": "2015-02-04T06:00:00.000Z",
            "dateModified": "2015-02-04T06:00:00.000Z",
            "format": "html",
            "language": "es"
          },
          {
            "id": "doc-13921033-31f1-4947-a19a-f1db345923c4",
            "documentType": "Tender Notice",
            "title": "Documento que describe los criterios que deben cumplir los licitantes",
            "description": "Convocatoria al procedimiento de contratacion",
            "url": "http://189.211.120.220:8880/files/opendata/15007-AD-SRO-DCAGI-SC-007-15/8.-%20CC/8.pdf",
            "datePublished": "2015-02-04T06:00:00.000Z",
            "dateModified": "2015-02-04T06:00:00.000Z",
            "format": "html",
            "language": "es"
          },
          {
            "id": "doc-2907ac9a-124e-4e18-809e-7d2065ea36f0",
            "documentType": "Clarifications",
            "title": "Actas de la junta de aclaraciones",
            "description": "Actas de la junta de aclaraciones",
            "url": "http://189.211.120.220:8880/files/opendata/15007-AD-SRO-DCAGI-SC-007-15/9.-%20AJ/9.pdf",
            "datePublished": "2015-02-04T06:00:00.000Z",
            "dateModified": "2015-02-04T06:00:00.000Z",
            "format": "html",
            "language": "es"
          },
          {
            "id": "doc-2e859584-5a94-4333-a3d5-8727a2befba0",
            "documentType": "Tender Notice",
            "title": "Documento que describe los criterios de evaluaci?n",
            "description": "Convocatoria al procedimiento de contratacion",
            "url": "http://189.211.120.220:8880/files/opendata/15007-AD-SRO-DCAGI-SC-007-15/8.-%20CC/8.pdf",
            "datePublished": "2015-02-04T06:00:00.000Z",
            "dateModified": "2015-02-04T06:00:00.000Z",
            "format": "html",
            "language": "es"
          },
          {
            "id": "doc-1323f5a8-a625-4003-8ae0-3a93ab090c1e",
            "documentType": "Tender Notice",
            "title": "Documento que contiene los objetivos y caracter?sticas del contrato y proceso de licitaci?n",
            "description": "Convocatoria al procedimiento de contratacion",
            "url": "http://189.211.120.220:8880/files/opendata/15007-AD-SRO-DCAGI-SC-007-15/8.-%20CC/8.pdf",
            "datePublished": "2015-02-04T06:00:00.000Z",
            "dateModified": "2015-02-04T06:00:00.000Z",
            "format": "html",
            "language": "es"
          },
          {
            "id": "doc-8196ef43-629c-4af7-921c-06744531bfb7",
            "documentType": "Tender Notice",
            "title": "Documento que contiene las especificaicones t?cnicas de la obra",
            "description": "Convocatoria al procedimiento de contratacion",
            "url": "http://189.211.120.220:8880/files/opendata/15007-AD-SRO-DCAGI-SC-007-15/8.-%20CC/8.pdf",
            "datePublished": "2015-02-04T06:00:00.000Z",
            "dateModified": "2015-02-04T06:00:00.000Z",
            "format": "html",
            "language": "es"
          },
          {
            "id": "doc-9d43f4db-c462-4bad-9a11-56d3732e0ed5",
            "documentType": "Tender Notice",
            "title": "Convocatoria al procedimiento de contrataci?n",
            "description": "Convocatoria al procedimiento de contratacion",
            "url": "http://189.211.120.220:8880/files/opendata/15007-AD-SRO-DCAGI-SC-007-15/8.-%20CC/8.pdf",
            "datePublished": "2015-02-04T06:00:00.000Z",
            "dateModified": "2015-02-04T06:00:00.000Z",
            "format": "html",
            "language": "es"
          },
          {
            "id": "doc-7ad6c59c-61c2-424c-b497-4538ec8ca6ec",
            "documentType": "Tender Notice",
            "title": "Documento que describe los criterios que deben cumplir los licitantes",
            "description": "Convocatoria al procedimiento de contratacion",
            "url": "http://189.211.120.220:8880/files/opendata/15007-AD-SRO-DCAGI-SC-007-15/8.-%20CC/8.pdf",
            "datePublished": "2015-02-04T06:00:00.000Z",
            "dateModified": "2015-02-04T06:00:00.000Z",
            "format": "html",
            "language": "es"
          },
          {
            "id": "doc-3812bb08-d42a-47e4-8dc0-a1567f1f8658",
            "documentType": "Clarifications",
            "title": "Actas de la junta de aclaraciones",
            "description": "Actas de la junta de aclaraciones",
            "url": "http://189.211.120.220:8880/files/opendata/15007-AD-SRO-DCAGI-SC-007-15/9.-%20AJ/9.pdf",
            "datePublished": "2015-02-04T06:00:00.000Z",
            "dateModified": "2015-02-04T06:00:00.000Z",
            "format": "html",
            "language": "es"
          },
          {
            "id": "doc-47dfc070-4535-4f75-a40f-d8818633a862",
            "documentType": "Tender Notice",
            "title": "Documento que contiene las especificaciones t?cnicas de la obra",
            "description": "Convocatoria al procedimiento de contratacion",
            "url": "http://189.211.120.220:8880/files/opendata/15007-AD-SRO-DCAGI-SC-007-15/8.-%20CC/8.pdf",
            "datePublished": "2015-02-04T06:00:00.000Z",
            "dateModified": "2015-02-04T06:00:00.000Z",
            "format": "html",
            "language": "es"
          },
          {
            "id": "doc-e95e537d-b8dc-4859-b1be-92aee01a9eb3",
            "documentType": "Tender Notice",
            "title": "Documento que describe los criterios de evaluaci?n",
            "description": "Convocatoria al procedimiento de contratacion",
            "url": "http://189.211.120.220:8880/files/opendata/15007-AD-SRO-DCAGI-SC-007-15/8.-%20CC/8.pdf",
            "datePublished": "2015-02-04T06:00:00.000Z",
            "dateModified": "2015-02-04T06:00:00.000Z",
            "format": "html",
            "language": "es"
          },
          {
            "id": "doc-4555a78a-f3a2-4cf5-8857-a7ca39d8f9b3",
            "documentType": "Tender Notice",
            "title": "Documento que contiene los objetivos y caracter?sticas del contrato y proceso de licitaci?n",
            "description": "Convocatoria al procedimiento de contratacion",
            "url": "http://189.211.120.220:8880/files/opendata/15007-AD-SRO-DCAGI-SC-007-15/8.-%20CC/8.pdf",
            "datePublished": "2015-02-04T06:00:00.000Z",
            "dateModified": "2015-02-04T06:00:00.000Z",
            "format": "html",
            "language": "es"
          },
          {
            "id": "doc-6f4f07b9-e5da-45bc-8066-b4edfe08e031",
            "documentType": "Tender Notice",
            "title": "Convocatoria al procedimiento de contrataci?n",
            "description": "Convocatoria al procedimiento de contratacion",
            "url": "http://189.211.120.220:8880/files/opendata/15007-AD-SRO-DCAGI-SC-007-15/8.-%20CC/8.pdf",
            "datePublished": "2015-02-04T06:00:00.000Z",
            "dateModified": "2015-02-04T06:00:00.000Z",
            "format": "html",
            "language": "es"
          },
          {
            "id": "doc-49715718-e9ce-45d9-9c51-e769cfcefa7d",
            "documentType": "Tender Notice",
            "title": "Documento que describe los criterios que deben cumplir los licitantes",
            "description": "Convocatoria al procedimiento de contratacion",
            "url": "http://189.211.120.220:8880/files/opendata/15007-AD-SRO-DCAGI-SC-007-15/8.-%20CC/8.pdf",
            "datePublished": "2015-02-04T06:00:00.000Z",
            "dateModified": "2015-02-04T06:00:00.000Z",
            "format": "html",
            "language": "es"
          }
        ]
      },
      "buyer": {
        "identifier": {
          "scheme": "MK-009KDH999",
          "id": "GACM",
          "legalName": "Grupo Aeroportuario de la Ciudad de Mexico, S.A. de C.V.",
          "uri": "http://www.aeropuerto.gob.mx/"
        },
        "name": "Grupo Aeroportuario de la Ciudad de Mexico, S.A. de C.V.",
        "address": {
          "streetAddress": "AV. INSURGENTES SUR NO. 2453 PISO 2 OFICINA 203",
          "locality": "COL. TIZAPAN",
          "region": "DEL. ALVARO OBREGON",
          "postalCode": "01090",
          "countryName": "Mexico"
        },
        "contactPoint": {
          "name": "G05-DIRECCION CORPORATIVA DE ADMINISTRACION Y GESTION INMOBILIARIA",
          "url": "http://www.aeropuerto.gob.mx/"
        }
      },
      "awards": [
        {
          "id": "SO-009KDH999-N21-2015",
          "title": "Programa de rescate y reubicacion de flora para el Nuevo Aeropuerto Internacional de la Ciudad de Mexico",
          "description": "Ver documento adjunto",
          "status": "active",
          "value": {
            "amount": 394999.95,
            "currency": "MXN"
          },
          "suppliers": [
            {
              "identifier": {
                "id": "IIC140227RA0",
                "legalName": "Instituto de Investigaciones y Capacitacion para las Ciencias Biologicas, A.C."
              },
              "name": "Instituto de Investigaciones y Capacitacion para las Ciencias Biologicas, A.C.",
              "address": {
                "streetAddress": "Cecilio Robelo 381",
                "locality": "Jardin Balbuena",
                "region": "Venustiano Carranza",
                "postalCode": "15900",
                "countryName": "Mexico"
              }
            },
            {
              "identifier": {
                "id": "IIC140227RA0",
                "legalName": "Instituto de Investigaciones y Capacitacion para las Ciencias Biologicas, A.C."
              },
              "name": "Instituto de Investigaciones y Capacitacion para las Ciencias Biologicas, A.C.",
              "address": {
                "streetAddress": "Cecilio Robelo 381",
                "locality": "Jardin Balbuena",
                "region": "Venustiano Carranza",
                "postalCode": "15900",
                "countryName": "Mexico"
              }
            },
            {
              "identifier": {
                "id": "IIC140227RA0",
                "legalName": "Instituto de Investigaciones y Capacitacion para las Ciencias Biologicas, A.C."
              },
              "name": "Instituto de Investigaciones y Capacitacion para las Ciencias Biologicas, A.C.",
              "address": {
                "streetAddress": "Cecilio Robelo 381",
                "locality": "Jardin Balbuena",
                "region": "Venustiano Carranza",
                "postalCode": "15900",
                "countryName": "Mexico"
              }
            }
          ],
          "items": [
            {
              "id": "item-33817a06-5a29-4ded-9bbd-6f96afcff3d1",
              "description": "Elaboracion  del Programa de rescate y reubicacion de flora para el Nuevo Aeropuerto Internacional de la Ciudad de Mexico",
              "classification": {
                "scheme": "EDIFICACION NO HABITACIONAL",
                "id": "6220"
              },
              "quantity": 1,
              "unit": {
                "name": "sop",
                "value": {
                  "amount": 394999.95,
                  "currency": "MXN"
                }
              }
            },
            {
              "id": "item-86dbe62f-dd8a-4c8b-b70a-8991dc1a0f86",
              "description": "Elaboracion  del Programa de rescate y reubicacion de flora para el Nuevo Aeropuerto Internacional de la Ciudad de Mexico",
              "classification": {
                "scheme": "EDIFICACION NO HABITACIONAL",
                "id": "6220"
              },
              "quantity": 1,
              "unit": {
                "name": "sop",
                "value": {
                  "amount": 394999.95,
                  "currency": "MXN"
                }
              }
            },
            {
              "id": "item-7b7ce913-8f86-4bfb-ac5f-1f19990547c8",
              "description": "Elaboracion  del Programa de rescate y reubicacion de flora para el Nuevo Aeropuerto Internacional de la Ciudad de Mexico",
              "classification": {
                "scheme": "EDIFICACION NO HABITACIONAL",
                "id": "6220"
              },
              "quantity": 1,
              "unit": {
                "name": "sop",
                "value": {
                  "amount": 394999.95,
                  "currency": "MXN"
                }
              }
            }
          ],
          "contractPeriod": {
            "startDate": "2015-02-20T06:00:00.000Z",
            "endDate": "2015-03-20T06:00:00.000Z"
          },
          "documents": [
            {
              "id": "doc-770e5754-5800-4bdb-813d-355c3c523297",
              "documentType": "Award Notice",
              "title": "Fallo",
              "description": "Acta de Fallo",
              "url": "http://189.211.120.220:8880/files/opendata/15007-AD-SRO-DCAGI-SC-007-15/12.-%20AF/12.pdf",
              "datePublished": "2015-02-04T06:00:00.000Z",
              "dateModified": "2015-02-04T06:00:00.000Z",
              "format": "html",
              "language": "es"
            },
            {
              "id": "doc-bdebca3f-0b49-4393-bf68-663df5cdd6aa",
              "documentType": "Award Notice",
              "title": "Fallo",
              "description": "Descripcion del acto de presentacion y apertura de proposiciones",
              "url": "http://189.211.120.220:8880/files/opendata/15007-AD-SRO-DCAGI-SC-007-15/10.-%20AP/10.pdf",
              "datePublished": "2015-02-04T06:00:00.000Z",
              "dateModified": "2015-02-04T06:00:00.000Z",
              "format": "html",
              "language": "es"
            },
            {
              "id": "doc-e88666d4-bb43-490e-8a7d-fff18a5efcae",
              "documentType": "Award Notice",
              "title": "Fallo",
              "description": "Acta de Fallo",
              "url": "http://189.211.120.220:8880/files/opendata/15007-AD-SRO-DCAGI-SC-007-15/12.-%20AF/12.pdf",
              "datePublished": "2015-02-04T06:00:00.000Z",
              "dateModified": "2015-02-04T06:00:00.000Z",
              "format": "html",
              "language": "es"
            },
            {
              "id": "doc-af8f7012-a6ce-4bb6-be8e-df4aab2e8f18",
              "documentType": "Award Notice",
              "title": "Fallo",
              "description": "Descripcion del acto de presentacion y apertura de proposiciones",
              "url": "http://189.211.120.220:8880/files/opendata/15007-AD-SRO-DCAGI-SC-007-15/10.-%20AP/10.pdf",
              "datePublished": "2015-02-04T06:00:00.000Z",
              "dateModified": "2015-02-04T06:00:00.000Z",
              "format": "html",
              "language": "es"
            },
            {
              "id": "doc-a18729d8-8d7a-4213-81e0-16b926522b85",
              "documentType": "Award Notice",
              "title": "Fallo",
              "description": "Acta de Fallo",
              "url": "http://189.211.120.220:8880/files/opendata/15007-AD-SRO-DCAGI-SC-007-15/12.-%20AF/12.pdf",
              "datePublished": "2015-02-04T06:00:00.000Z",
              "dateModified": "2015-02-04T06:00:00.000Z",
              "format": "html",
              "language": "es"
            },
            {
              "id": "doc-7f226eaf-4091-4211-a883-fd3179cd9d14",
              "documentType": "Award Notice",
              "title": "Fallo",
              "description": "Descripcion del acto de presentacion y apertura de proposiciones",
              "url": "http://189.211.120.220:8880/files/opendata/15007-AD-SRO-DCAGI-SC-007-15/10.-%20AP/10.pdf",
              "datePublished": "2015-02-04T06:00:00.000Z",
              "dateModified": "2015-02-04T06:00:00.000Z",
              "format": "html",
              "language": "es"
            }
          ]
        }
      ],
      "contracts": [
        {
          "id": "AD-SRO-DCAGI-SC-007/15",
          "awardID": "SO-009KDH999-N21-2015",
          "title": "Programa de rescate y reubicacion de flora para el Nuevo Aeropuerto Internacional de la Ciudad de Mexico",
          "description": "Ver documento adjunto",
          "status": "active",
          "period": {
            "startDate": "2015-02-20T06:00:00.000Z",
            "endDate": "2015-03-20T06:00:00.000Z"
          },
          "value": {
            "amount": 394999.95,
            "currency": "MXN"
          },
          "items": [
            {
              "id": "item-7c7e97fc-391d-41a8-81f4-940c801edb66",
              "description": "Elaboracion  del Programa de rescate y reubicacion de flora para el Nuevo Aeropuerto Internacional de la Ciudad de Mexico",
              "classification": {
                "scheme": "EDIFICACION NO HABITACIONAL",
                "id": "6220"
              },
              "quantity": 1,
              "unit": {
                "name": "sop",
                "value": {
                  "amount": 394999.95,
                  "currency": "MXN"
                }
              }
            },
            {
              "id": "item-de0f2564-d343-49bf-83d8-1dd998ea1fe9",
              "description": "Elaboracion  del Programa de rescate y reubicacion de flora para el Nuevo Aeropuerto Internacional de la Ciudad de Mexico",
              "classification": {
                "scheme": "EDIFICACION NO HABITACIONAL",
                "id": "6220"
              },
              "quantity": 1,
              "unit": {
                "name": "sop",
                "value": {
                  "amount": 394999.95,
                  "currency": "MXN"
                }
              }
            },
            {
              "id": "item-6b63a5ac-aacd-4f13-a739-eee684c454ff",
              "description": "Elaboracion  del Programa de rescate y reubicacion de flora para el Nuevo Aeropuerto Internacional de la Ciudad de Mexico",
              "classification": {
                "scheme": "EDIFICACION NO HABITACIONAL",
                "id": "6220"
              },
              "quantity": 1,
              "unit": {
                "name": "sop",
                "value": {
                  "amount": 394999.95,
                  "currency": "MXN"
                }
              }
            }
          ],
          "dateSigned": "2015-02-19T06:00:00.000Z",
          "documents": [
            {
              "id": "doc-d62947e0-7cd1-4a60-b72f-7133632518b3",
              "documentType": "Contract Signed",
              "title": "Contrato firmado",
              "description": "Contrato firmado",
              "url": "http://189.211.120.220:8880/files/opendata/15007-AD-SRO-DCAGI-SC-007-15/15.-%20CF/15.pdf",
              "datePublished": "2015-02-04T06:00:00.000Z",
              "dateModified": "2015-02-04T06:00:00.000Z",
              "format": "html",
              "language": "es"
            },
            {
              "id": "doc-a7f4368d-fdac-4296-9608-8fc2096865da",
              "documentType": "Contract Signed",
              "title": "Cl?usula sobre las condiciones de entrega de la obra",
              "description": "Contrato firmado",
              "url": "http://189.211.120.220:8880/files/opendata/15007-AD-SRO-DCAGI-SC-007-15/15.-%20CF/15.pdf",
              "datePublished": "2015-02-04T06:00:00.000Z",
              "dateModified": "2015-02-04T06:00:00.000Z",
              "format": "html",
              "language": "es"
            },
            {
              "id": "doc-abbfe5a6-09fe-46c5-84d4-6ab29d932fdc",
              "documentType": "Contract Guarantees",
              "title": "Fianza de anticipo",
              "description": "Garantia sobre el anticipo",
              "url": "http://189.211.120.220:8880/files/opendata/15007-AD-SRO-DCAGI-SC-007-15/17.-%20GA/17.pdf",
              "datePublished": "2015-02-04T06:00:00.000Z",
              "dateModified": "2015-02-04T06:00:00.000Z",
              "format": "html",
              "language": "es"
            },
            {
              "id": "doc-d636f458-53c1-423d-8b43-cf4f4f7ebf15",
              "documentType": "Contract Guarantees",
              "title": "Fianza de cumplimiento",
              "description": "Garantias de cumplimiento",
              "url": "http://189.211.120.220:8880/files/opendata/15007-AD-SRO-DCAGI-SC-007-15/18.-%20GC/18.pdf",
              "datePublished": "2015-02-04T06:00:00.000Z",
              "dateModified": "2015-02-04T06:00:00.000Z",
              "format": "html",
              "language": "es"
            },
            {
              "id": "doc-89696c39-9e26-4def-84e2-8818e193b5f8",
              "documentType": "Contract Signed",
              "title": "Contrato firmado",
              "description": "Contrato firmado",
              "url": "http://189.211.120.220:8880/files/opendata/15007-AD-SRO-DCAGI-SC-007-15/15.-%20CF/15.pdf",
              "datePublished": "2015-02-04T06:00:00.000Z",
              "dateModified": "2015-02-04T06:00:00.000Z",
              "format": "html",
              "language": "es"
            },
            {
              "id": "doc-4cf019d6-5522-4f46-8fcd-34fad0b09ca6",
              "documentType": "Contract Signed",
              "title": "Cl?usula sobre las condiciones de entrega de la obra",
              "description": "Contrato firmado",
              "url": "http://189.211.120.220:8880/files/opendata/15007-AD-SRO-DCAGI-SC-007-15/15.-%20CF/15.pdf",
              "datePublished": "2015-02-04T06:00:00.000Z",
              "dateModified": "2015-02-04T06:00:00.000Z",
              "format": "html",
              "language": "es"
            },
            {
              "id": "doc-efb84364-7bd1-460d-9493-0fe594462a85",
              "documentType": "Contract Guarantees",
              "title": "Fianza de anticipo",
              "description": "Garantia sobre el anticipo",
              "url": "http://189.211.120.220:8880/files/opendata/15007-AD-SRO-DCAGI-SC-007-15/17.-%20GA/17.pdf",
              "datePublished": "2015-02-04T06:00:00.000Z",
              "dateModified": "2015-02-04T06:00:00.000Z",
              "format": "html",
              "language": "es"
            },
            {
              "id": "doc-3316dcea-5ce6-48fb-91a1-cfed48d0a125",
              "documentType": "Contract Guarantees",
              "title": "Fianza de cumplimiento",
              "description": "Garantias de cumplimiento",
              "url": "http://189.211.120.220:8880/files/opendata/15007-AD-SRO-DCAGI-SC-007-15/18.-%20GC/18.pdf",
              "datePublished": "2015-02-04T06:00:00.000Z",
              "dateModified": "2015-02-04T06:00:00.000Z",
              "format": "html",
              "language": "es"
            },
            {
              "id": "doc-04e66b28-8478-45d3-a909-9b95acdf8a9b",
              "documentType": "Contract Signed",
              "title": "Cl?usula sobre las condiciones de entrega de la obra",
              "description": "Contrato firmado",
              "url": "http://189.211.120.220:8880/files/opendata/15007-AD-SRO-DCAGI-SC-007-15/15.-%20CF/15.pdf",
              "datePublished": "2015-02-04T06:00:00.000Z",
              "dateModified": "2015-02-04T06:00:00.000Z",
              "format": "html",
              "language": "es"
            },
            {
              "id": "doc-f7eb8582-b76a-4ff9-aa86-d0981b16b954",
              "documentType": "Contract Signed",
              "title": "Contrato firmado",
              "description": "Contrato firmado",
              "url": "http://189.211.120.220:8880/files/opendata/15007-AD-SRO-DCAGI-SC-007-15/15.-%20CF/15.pdf",
              "datePublished": "2015-02-04T06:00:00.000Z",
              "dateModified": "2015-02-04T06:00:00.000Z",
              "format": "html",
              "language": "es"
            },
            {
              "id": "doc-a93eab96-a52a-4e00-a5fc-81796ff3e57f",
              "documentType": "Contract Guarantees",
              "title": "Fianza de anticipo",
              "description": "Garantia sobre el anticipo",
              "url": "http://189.211.120.220:8880/files/opendata/15007-AD-SRO-DCAGI-SC-007-15/17.-%20GA/17.pdf",
              "datePublished": "2015-02-04T06:00:00.000Z",
              "dateModified": "2015-02-04T06:00:00.000Z",
              "format": "html",
              "language": "es"
            },
            {
              "id": "doc-af9693ac-9323-4587-a431-b8ee3fa36a60",
              "documentType": "Contract Guarantees",
              "title": "Fianza de cumplimiento",
              "description": "Garantias de cumplimiento",
              "url": "http://189.211.120.220:8880/files/opendata/15007-AD-SRO-DCAGI-SC-007-15/18.-%20GC/18.pdf",
              "datePublished": "2015-02-04T06:00:00.000Z",
              "dateModified": "2015-02-04T06:00:00.000Z",
              "format": "html",
              "language": "es"
            }
          ]
        }
      ],
      "language": "es"
    }
  ],
  "publisher": {
    "name": "GACM",
    "scheme": "SERVICIO",
    "uid": "AS",
    "uri": "http://www.aeropuerto.gob.mx/"
  },
  "license": "https://datos.gob.mx/libreusomx/",
  "publicationPolicy": "https://datos.gob.mx/libreusomx/"
}
