{
  "uri": "https://datos.gob.mx/busca/dataset?organization=gacm",
  "publishedDate": "2017-02-15T16:48:25.797Z",
  "releases": [
    {
      "ocid": "20",
      "id": "RELEASE_20_2017-02-15T16:48:25.796Z",
      "date": "2017-02-08T06:00:00.000Z",
      "tag": [
        "contract"
      ],
      "initiationType": "tender",
      "planning": {
        "budget": {
          "source": "http://www.apartados.hacienda.gob.mx/presupuesto/temas/pef/2015/docs/09/r09_kdh_pie.pdf",
          "id": "OTRAS ASESORIAS PARA LA OPERACION DE PROGRAMAS",
          "description": "RECURSOS FISCALES",
          "amount": {
            "amount": 420000,
            "currency": "MXN"
          },
          "project": "Nuevo Aeropuerto Internacional de la Ciudad de Mexico",
          "projectID": "46101",
          "uri": "http://www.apartados.hacienda.gob.mx/presupuesto/temas/pef/2015/docs/09/r09_kdh_pie.pdf"
        },
        "rationale": "Servicios en el seguimiento, representacion y defensa en juicio, presentes en materia laboral.",
        "documents": [
          {
            "id": "doc-e1e804d5-b428-4d29-9e99-5c8b659819af",
            "documentType": "projectPlan",
            "title": "Proyecto ejecutivo de la obra",
            "description": "Terminos de referencia",
            "url": "http://189.211.120.220:8880/files/opendata/15019BIS-AD-SRO-DCAGI-SC-019-BIS-15/4.-%20TR/4.pdf",
            "datePublished": "2015-04-24T05:00:00.000Z",
            "dateModified": "2015-04-24T05:00:00.000Z",
            "format": "html",
            "language": "es"
          }
        ]
      },
      "tender": {
        "id": "1052471",
        "title": "Servicios en el seguimiento, representacion y defensa en juicio, presentes en materia laboral.",
        "description": "Servicios en el seguimiento, representacion y defensa en juicio, presentes en materia laboral.",
        "status": "active",
        "items": [
          {
            "id": "item-f8056d5f-9a86-4741-b215-fdecba3cf834",
            "description": "Servicios en el seguimiento, representacion y defensa en juicio, presentes en materia laboral.",
            "classification": {
              "scheme": "SERVICIOS LEGALES, DE CONTABILIDAD, AUDITORIA Y RELACIONADOS",
              "id": "3310"
            },
            "quantity": 1,
            "unit": {
              "name": "srv",
              "value": {
                "amount": 364993.5,
                "currency": "MXN"
              }
            }
          }
        ],
        "value": {
          "amount": 420000,
          "currency": "MXN"
        },
        "procurementMethod": "limited",
        "procurementMethodRationale": "Nacional",
        "metodoDeAdquisicion": "Adjudicación directa",
        "awardCriteria": "bestValueToGoverment",
        "awardCriteriaDetails": "No aplica",
        "submissionMethod": [
          "Presencial"
        ],
        "eligibilityCriteria": "Ver documento adjunto",
        "documents": [
          {
            "id": "doc-0b896b4a-79e1-498b-bac2-5cd80efb7ad6",
            "documentType": "Clarifications",
            "title": "Actas de la junta de aclaraciones",
            "description": "Actas de la junta de aclaraciones",
            "url": "http://189.211.120.220:8880/files/opendata/15019BIS-AD-SRO-DCAGI-SC-019-BIS-15/9.-%20AJ/9.pdf",
            "datePublished": "2015-04-24T05:00:00.000Z",
            "dateModified": "2015-04-24T05:00:00.000Z",
            "format": "html",
            "language": "es"
          },
          {
            "id": "doc-81a61d16-1541-4754-98db-8ddb0c0db756",
            "documentType": "Tender Notice",
            "title": "Documento que contiene las especificaciones t?cnicas de la obra",
            "description": "Convocatoria al procedimiento de contratacion",
            "url": "http://189.211.120.220:8880/files/opendata/15019BIS-AD-SRO-DCAGI-SC-019-BIS-15/8.-%20CC/8.pdf",
            "datePublished": "2015-04-24T05:00:00.000Z",
            "dateModified": "2015-04-24T05:00:00.000Z",
            "format": "html",
            "language": "es"
          },
          {
            "id": "doc-e210004e-dca1-409d-b9e3-f23e80cf5bc0",
            "documentType": "Tender Notice",
            "title": "Documento que describe los criterios de evaluaci?n",
            "description": "Convocatoria al procedimiento de contratacion",
            "url": "http://189.211.120.220:8880/files/opendata/15019BIS-AD-SRO-DCAGI-SC-019-BIS-15/8.-%20CC/8.pdf",
            "datePublished": "2015-04-24T05:00:00.000Z",
            "dateModified": "2015-04-24T05:00:00.000Z",
            "format": "html",
            "language": "es"
          },
          {
            "id": "doc-827867db-0f70-452e-a40a-53ca8d2fb377",
            "documentType": "Tender Notice",
            "title": "Documento que contiene los objetivos y caracter?sticas del contrato y proceso de licitaci?n",
            "description": "Convocatoria al procedimiento de contratacion",
            "url": "http://189.211.120.220:8880/files/opendata/15019BIS-AD-SRO-DCAGI-SC-019-BIS-15/8.-%20CC/8.pdf",
            "datePublished": "2015-04-24T05:00:00.000Z",
            "dateModified": "2015-04-24T05:00:00.000Z",
            "format": "html",
            "language": "es"
          },
          {
            "id": "doc-fcfab1df-b612-4819-90c3-89b7bd404bf7",
            "documentType": "Tender Notice",
            "title": "Convocatoria al procedimiento de contrataci?n",
            "description": "Convocatoria al procedimiento de contratacion",
            "url": "http://189.211.120.220:8880/files/opendata/15019BIS-AD-SRO-DCAGI-SC-019-BIS-15/8.-%20CC/8.pdf",
            "datePublished": "2015-04-24T05:00:00.000Z",
            "dateModified": "2015-04-24T05:00:00.000Z",
            "format": "html",
            "language": "es"
          },
          {
            "id": "doc-aa383e61-ed87-44f1-8337-1ba66ff64691",
            "documentType": "Tender Notice",
            "title": "Documento que describe los criterios que deben cumplir los licitantes",
            "description": "Convocatoria al procedimiento de contratacion",
            "url": "http://189.211.120.220:8880/files/opendata/15019BIS-AD-SRO-DCAGI-SC-019-BIS-15/8.-%20CC/8.pdf",
            "datePublished": "2015-04-24T05:00:00.000Z",
            "dateModified": "2015-04-24T05:00:00.000Z",
            "format": "html",
            "language": "es"
          }
        ]
      },
      "buyer": {
        "identifier": {
          "scheme": "MK-009KDH999",
          "id": "GACM",
          "legalName": "Grupo Aeroportuario de la Ciudad de Mexico, S.A. de C.V.",
          "uri": "http://www.aeropuerto.gob.mx/"
        },
        "name": "Grupo Aeroportuario de la Ciudad de Mexico, S.A. de C.V.",
        "address": {
          "streetAddress": "AV. INSURGENTES SUR NO. 2453 PISO 2 OFICINA 203",
          "locality": "COL. TIZAPAN",
          "region": "DEL. ALVARO OBREGON",
          "postalCode": "01090",
          "countryName": "Mexico"
        },
        "contactPoint": {
          "name": "G05-DIRECCION CORPORATIVA DE ADMINISTRACION Y GESTION INMOBILIARIA",
          "url": "http://www.aeropuerto.gob.mx/"
        }
      },
      "awards": [
        {
          "id": "AA-009KDH999-E66-2016",
          "title": "AA-009KDH999-E66-2016",
          "description": "Ver documento adjunto",
          "status": "active",
          "value": {
            "amount": 364993.5,
            "currency": "MXN"
          },
          "suppliers": [
            {
              "identifier": {
                "id": "CSJ130426GT9",
                "legalName": "Consorcio de Servicios Juridicos Monsalvo, S. C."
              },
              "name": "Consorcio de Servicios Juridicos Monsalvo, S. C.",
              "address": {
                "streetAddress": "Pitagoras 903",
                "locality": "Col. Del Valle",
                "region": "Benito Juarez",
                "postalCode": "03100",
                "countryName": "Mexico"
              }
            }
          ],
          "items": [
            {
              "id": "item-a60fca5a-dc30-45be-9325-a770c9ea65f4",
              "description": "Servicios en el seguimiento, representacion y defensa en juicio, presentes en materia laboral.",
              "classification": {
                "scheme": "SERVICIOS LEGALES, DE CONTABILIDAD, AUDITORIA Y RELACIONADOS",
                "id": "3310"
              },
              "quantity": 1,
              "unit": {
                "name": "srv",
                "value": {
                  "amount": 364993.5,
                  "currency": "MXN"
                }
              }
            }
          ],
          "contractPeriod": {
            "startDate": "2015-04-24T05:00:00.000Z",
            "endDate": "2015-10-23T05:00:00.000Z"
          },
          "documents": [
            {
              "id": "doc-bde5725b-9cab-49cb-a84a-10fdfa367bf9",
              "documentType": "Award Notice",
              "title": "Fallo",
              "description": "Acta de Fallo",
              "url": "http://189.211.120.220:8880/files/opendata/15019BIS-AD-SRO-DCAGI-SC-019-BIS-15/12.-%20AF/12.pdf",
              "datePublished": "2015-04-24T05:00:00.000Z",
              "dateModified": "2015-04-24T05:00:00.000Z",
              "format": "html",
              "language": "es"
            },
            {
              "id": "doc-07a0362e-8cbd-4a14-9912-41ac07fea4fa",
              "documentType": "Award Notice",
              "title": "Fallo",
              "description": "Descripcion del acto de presentacion y apertura de proposiciones",
              "url": "http://189.211.120.220:8880/files/opendata/15019BIS-AD-SRO-DCAGI-SC-019-BIS-15/10.-%20AP/10.pdf",
              "datePublished": "2015-04-24T05:00:00.000Z",
              "dateModified": "2015-04-24T05:00:00.000Z",
              "format": "html",
              "language": "es"
            }
          ]
        }
      ],
      "contracts": [
        {
          "id": "AD-AS-DCAGI-SC-019-BIS/2015",
          "awardID": "AA-009KDH999-E66-2016",
          "title": "AA-009KDH999-E66-2016",
          "description": "Ver documento adjunto",
          "status": "active",
          "period": {
            "startDate": "2015-04-24T05:00:00.000Z",
            "endDate": "2015-10-23T05:00:00.000Z"
          },
          "value": {
            "amount": 364993.5,
            "currency": "MXN"
          },
          "items": [
            {
              "id": "item-2a4e32a5-ebcc-43de-95cf-eed4020a707f",
              "description": "Servicios en el seguimiento, representacion y defensa en juicio, presentes en materia laboral.",
              "classification": {
                "scheme": "SERVICIOS LEGALES, DE CONTABILIDAD, AUDITORIA Y RELACIONADOS",
                "id": "3310"
              },
              "quantity": 1,
              "unit": {
                "name": "srv",
                "value": {
                  "amount": 364993.5,
                  "currency": "MXN"
                }
              }
            }
          ],
          "dateSigned": "2015-04-24T05:00:00.000Z",
          "documents": [
            {
              "id": "doc-86744b99-3304-4d9d-814e-ad78c51a379f",
              "documentType": "Contract Signed",
              "title": "Cl?usula sobre las condiciones de entrega de la obra",
              "description": "Contrato firmado",
              "url": "http://189.211.120.220:8880/files/opendata/15019BIS-AD-SRO-DCAGI-SC-019-BIS-15/15.-%20CF/15.pdf",
              "datePublished": "2015-04-24T05:00:00.000Z",
              "dateModified": "2015-04-24T05:00:00.000Z",
              "format": "html",
              "language": "es"
            },
            {
              "id": "doc-6d01f077-9eb4-4229-82e8-c35861c16406",
              "documentType": "Contract Signed",
              "title": "Contrato firmado",
              "description": "Contrato firmado",
              "url": "http://189.211.120.220:8880/files/opendata/15019BIS-AD-SRO-DCAGI-SC-019-BIS-15/15.-%20CF/15.pdf",
              "datePublished": "2015-04-24T05:00:00.000Z",
              "dateModified": "2015-04-24T05:00:00.000Z",
              "format": "html",
              "language": "es"
            },
            {
              "id": "doc-54c296f5-24c9-4d79-a22a-57be1a17318a",
              "documentType": "Contract Guarantees",
              "title": "Fianza de anticipo",
              "description": "Garantia sobre el anticipo",
              "url": "http://189.211.120.220:8880/files/opendata/15019BIS-AD-SRO-DCAGI-SC-019-BIS-15/17.-%20GA/17.pdf",
              "datePublished": "2015-04-24T05:00:00.000Z",
              "dateModified": "2015-04-24T05:00:00.000Z",
              "format": "html",
              "language": "es"
            },
            {
              "id": "doc-d4a1ba64-3d73-449a-baa3-948028c5cb70",
              "documentType": "Contract Guarantees",
              "title": "Fianza de cumplimiento",
              "description": "Garantias de cumplimiento",
              "url": "http://189.211.120.220:8880/files/opendata/15019BIS-AD-SRO-DCAGI-SC-019-BIS-15/18.-%20GC/18.pdf",
              "datePublished": "2015-04-24T05:00:00.000Z",
              "dateModified": "2015-04-24T05:00:00.000Z",
              "format": "html",
              "language": "es"
            }
          ]
        }
      ],
      "language": "es"
    }
  ],
  "publisher": {
    "name": "GACM",
    "scheme": "SERVICIO",
    "uid": "AS",
    "uri": "http://www.aeropuerto.gob.mx/"
  },
  "license": "https://datos.gob.mx/libreusomx/",
  "publicationPolicy": "https://datos.gob.mx/libreusomx/"
}
