{
  "uri": "https://datos.gob.mx/busca/dataset?organization=gacm",
  "publishedDate": "2017-02-15T16:48:24.929Z",
  "releases": [
    {
      "ocid": "200",
      "id": "RELEASE_200_2017-02-15T16:48:24.927Z",
      "date": "2017-02-07T06:00:00.000Z",
      "tag": [
        "contract"
      ],
      "initiationType": "tender",
      "planning": {
        "budget": {
          "source": "http://www.apartados.hacienda.gob.mx/presupuesto/temas/pef/2015/docs/09/r09_kdh_pie.pdf",
          "id": "Seguros Profesionales de Asistencia en seguros y Fianzas",
          "description": "Presupuesto de Egresos de la Federacion 2014, 2015,2016 y 2017",
          "amount": {
            "amount": 1066665,
            "currency": "MXN"
          },
          "project": "Nuevo Aeropuerto Internacional de la Ciudad de Mexico",
          "projectID": "46101",
          "uri": "http://www.apartados.hacienda.gob.mx/presupuesto/temas/pef/2015/docs/09/r09_kdh_pie.pdf"
        },
        "rationale": "Seguros Profesionales de Asistencia en seguros y Fianzas",
        "documents": [
          {
            "id": "doc-a48b154e-3467-4a4a-93ce-2e61bb7add9c",
            "documentType": "projectPlan",
            "title": "Proyecto ejecutivo de la obra",
            "description": "Terminos de referencia",
            "url": "http://189.211.120.220:8880/files/opendata/15065-AD-AS-DCAGI-SC-065-15/4.-%20TR/4.pdf",
            "datePublished": "2015-08-31T05:00:00.000Z",
            "dateModified": "2015-08-31T05:00:00.000Z",
            "format": "html",
            "language": "es"
          }
        ]
      },
      "tender": {
        "id": "984386",
        "title": "Seguros Profesionales de Asistencia en seguros y Fianzas",
        "description": "Seguros Profesionales de Asistencia en seguros y Fianzas",
        "status": "active",
        "items": [
          {
            "id": "item-ad58cdb5-fa0c-4e23-a78b-cce3b2e46983",
            "description": "Seguros Profesionales de Asistencia en seguros y Fianzas",
            "classification": {
              "scheme": "EDIFICACION NO HABITACIONAL",
              "id": "6220"
            },
            "quantity": 1,
            "unit": {
              "name": "srv",
              "value": {
                "amount": 735631.03,
                "currency": "MXN"
              }
            }
          }
        ],
        "value": {
          "amount": 1066665,
          "currency": "MXN"
        },
        "procurementMethod": "limited",
        "procurementMethodRationale": "No aplica",
        "metodoDeAdquisicion": "Adjudicación directa",
        "awardCriteria": "bestValueToGoverment",
        "awardCriteriaDetails": "No aplica",
        "submissionMethod": [
          "No aplica"
        ],
        "eligibilityCriteria": "Ver documento adjunto",
        "documents": [
          {
            "id": "doc-f6b7f611-1933-451a-8352-f942dc6b9a01",
            "documentType": "Clarifications",
            "title": "Actas de la junta de aclaraciones",
            "description": "Actas de la junta de aclaraciones",
            "url": "http://189.211.120.220:8880/files/opendata/15065-AD-AS-DCAGI-SC-065-15/9.-%20AJ/9.pdf",
            "datePublished": "2015-08-31T05:00:00.000Z",
            "dateModified": "2015-08-31T05:00:00.000Z",
            "format": "html",
            "language": "es"
          },
          {
            "id": "doc-6042186b-a885-424c-86fa-feb19e13ec36",
            "documentType": "Tender Notice",
            "title": "Documento que describe los criterios de evaluaci?n",
            "description": "Convocatoria al procedimiento de contratacion",
            "url": "http://189.211.120.220:8880/files/opendata/15065-AD-AS-DCAGI-SC-065-15/8.-%20CC/8.pdf",
            "datePublished": "2015-08-31T05:00:00.000Z",
            "dateModified": "2015-08-31T05:00:00.000Z",
            "format": "html",
            "language": "es"
          },
          {
            "id": "doc-ddb65edc-f7d6-4f7a-b1a4-82fa9413a428",
            "documentType": "Tender Notice",
            "title": "Documento que contiene los objetivos y caracter?sticas del contrato y proceso de licitaci?n",
            "description": "Convocatoria al procedimiento de contratacion",
            "url": "http://189.211.120.220:8880/files/opendata/15065-AD-AS-DCAGI-SC-065-15/8.-%20CC/8.pdf",
            "datePublished": "2015-08-31T05:00:00.000Z",
            "dateModified": "2015-08-31T05:00:00.000Z",
            "format": "html",
            "language": "es"
          },
          {
            "id": "doc-2fa88220-6dc7-4b48-b3c1-66df841d0874",
            "documentType": "Tender Notice",
            "title": "Documento que contiene las especificaicones t?cnicas de la obra",
            "description": "Convocatoria al procedimiento de contratacion",
            "url": "http://189.211.120.220:8880/files/opendata/15065-AD-AS-DCAGI-SC-065-15/8.-%20CC/8.pdf",
            "datePublished": "2015-08-31T05:00:00.000Z",
            "dateModified": "2015-08-31T05:00:00.000Z",
            "format": "html",
            "language": "es"
          },
          {
            "id": "doc-a89b4edc-5f81-4ea9-91de-f7ce6e9ee815",
            "documentType": "Tender Notice",
            "title": "Convocatoria al procedimiento de contrataci?n",
            "description": "Convocatoria al procedimiento de contratacion",
            "url": "http://189.211.120.220:8880/files/opendata/15065-AD-AS-DCAGI-SC-065-15/8.-%20CC/8.pdf",
            "datePublished": "2015-08-31T05:00:00.000Z",
            "dateModified": "2015-08-31T05:00:00.000Z",
            "format": "html",
            "language": "es"
          },
          {
            "id": "doc-fdef56db-55cd-45f0-8669-5d8448fdfe53",
            "documentType": "Tender Notice",
            "title": "Documento que describe los criterios que deben cumplir los licitantes",
            "description": "Convocatoria al procedimiento de contratacion",
            "url": "http://189.211.120.220:8880/files/opendata/15065-AD-AS-DCAGI-SC-065-15/8.-%20CC/8.pdf",
            "datePublished": "2015-08-31T05:00:00.000Z",
            "dateModified": "2015-08-31T05:00:00.000Z",
            "format": "html",
            "language": "es"
          }
        ]
      },
      "buyer": {
        "identifier": {
          "scheme": "MK-009KDH999",
          "id": "GACM",
          "legalName": "Grupo Aeroportuario de la Ciudad de Mexico, S.A. de C.V.",
          "uri": "http://www.aeropuerto.gob.mx/"
        },
        "name": "Grupo Aeroportuario de la Ciudad de Mexico, S.A. de C.V.",
        "address": {
          "streetAddress": "AV. INSURGENTES SUR NO. 2453 PISO 2 OFICINA 203",
          "locality": "COL. TIZAPAN",
          "region": "DEL. ALVARO OBREGON",
          "postalCode": "01090",
          "countryName": "Mexico"
        },
        "contactPoint": {
          "name": "G05-DIRECCION CORPORATIVA DE ADMINISTRACION Y GESTION INMOBILIARIA",
          "url": "http://www.aeropuerto.gob.mx/"
        }
      },
      "awards": [
        {
          "id": "AA-009KDH999-E5-2016",
          "title": "Seguros Profesionales de Asistencia en seguros y Fianzas",
          "description": "Ver documento adjunto",
          "status": "active",
          "value": {
            "amount": 735631.03,
            "currency": "MXN"
          },
          "suppliers": [
            {
              "identifier": {
                "id": "MEBA380605PQ3",
                "legalName": "ARMANDO EMILIO MERLO BLAKE"
              },
              "name": "ARMANDO EMILIO MERLO BLAKE",
              "address": {
                "streetAddress": "AV. CONSTITUYENTES 1076 CASA 1",
                "locality": "Lomas Altas",
                "region": "Miguel Hidalgo",
                "postalCode": "11950",
                "countryName": "Mexico"
              }
            }
          ],
          "items": [
            {
              "id": "item-6f0c296e-60a6-4b37-bd03-df38c4aeff7a",
              "description": "Seguros Profesionales de Asistencia en seguros y Fianzas",
              "classification": {
                "scheme": "EDIFICACION NO HABITACIONAL",
                "id": "6220"
              },
              "quantity": 1,
              "unit": {
                "name": "srv",
                "value": {
                  "amount": 735631.03,
                  "currency": "MXN"
                }
              }
            }
          ],
          "contractPeriod": {
            "startDate": "2015-09-01T05:00:00.000Z",
            "endDate": "2015-12-31T06:00:00.000Z"
          },
          "documents": [
            {
              "id": "doc-be995bb5-160a-4158-aea5-ba4facbec622",
              "documentType": "Award Notice",
              "title": "Fallo",
              "description": "Acta de Fallo",
              "url": "http://189.211.120.220:8880/files/opendata/15065-AD-AS-DCAGI-SC-065-15/12.-%20AF/12.pdf",
              "datePublished": "2015-08-31T05:00:00.000Z",
              "dateModified": "2015-08-31T05:00:00.000Z",
              "format": "html",
              "language": "es"
            },
            {
              "id": "doc-e8fa14b7-7af0-4ad2-8eda-dc698a004556",
              "documentType": "Award Notice",
              "title": "Fallo",
              "description": "Descripcion del acto de presentacion y apertura de proposiciones",
              "url": "http://189.211.120.220:8880/files/opendata/15065-AD-AS-DCAGI-SC-065-15/10.-%20AP/10.pdf",
              "datePublished": "2015-08-31T05:00:00.000Z",
              "dateModified": "2015-08-31T05:00:00.000Z",
              "format": "html",
              "language": "es"
            }
          ]
        }
      ],
      "contracts": [
        {
          "id": "AD-AS-DCAGI-SC-065/15",
          "awardID": "AA-009KDH999-E5-2016",
          "title": "Seguros Profesionales de Asistencia en seguros y Fianzas",
          "description": "Ver documento adjunto",
          "status": "active",
          "period": {
            "startDate": "2015-09-01T05:00:00.000Z",
            "endDate": "2015-12-31T06:00:00.000Z"
          },
          "value": {
            "amount": 735631.03,
            "currency": "MXN"
          },
          "items": [
            {
              "id": "item-20092a10-8a16-471d-9915-f3fd6034aec3",
              "description": "Seguros Profesionales de Asistencia en seguros y Fianzas",
              "classification": {
                "scheme": "EDIFICACION NO HABITACIONAL",
                "id": "6220"
              },
              "quantity": 1,
              "unit": {
                "name": "srv",
                "value": {
                  "amount": 735631.03,
                  "currency": "MXN"
                }
              }
            }
          ],
          "dateSigned": "2015-09-09T05:00:00.000Z",
          "documents": [
            {
              "id": "doc-0ba853ee-7ff6-405a-a671-d840e0ab55ec",
              "documentType": "Contract Signed",
              "title": "Contrato firmado",
              "description": "Contrato firmado",
              "url": "http://189.211.120.220:8880/files/opendata/15065-AD-AS-DCAGI-SC-065-15/15.-%20CF/15.pdf",
              "datePublished": "2015-08-31T05:00:00.000Z",
              "dateModified": "2015-08-31T05:00:00.000Z",
              "format": "html",
              "language": "es"
            },
            {
              "id": "doc-e8b5934b-6f35-4a0b-913e-217f253b542f",
              "documentType": "Contract Signed",
              "title": "Cl?usula sobre las condiciones de entrega de la obra",
              "description": "Contrato firmado",
              "url": "http://189.211.120.220:8880/files/opendata/15065-AD-AS-DCAGI-SC-065-15/15.-%20CF/15.pdf",
              "datePublished": "2015-08-31T05:00:00.000Z",
              "dateModified": "2015-08-31T05:00:00.000Z",
              "format": "html",
              "language": "es"
            },
            {
              "id": "doc-867f44a9-6a7f-41fe-8641-5a53737f4093",
              "documentType": "Contract Guarantees",
              "title": "Fianza de anticipo",
              "description": "Garantia sobre el anticipo",
              "url": "http://189.211.120.220:8880/files/opendata/15065-AD-AS-DCAGI-SC-065-15/17.-%20GA/17.pdf",
              "datePublished": "2015-08-31T05:00:00.000Z",
              "dateModified": "2015-08-31T05:00:00.000Z",
              "format": "html",
              "language": "es"
            },
            {
              "id": "doc-df271162-9957-4092-880c-e4b54832fd91",
              "documentType": "Contract Guarantees",
              "title": "Fianza de cumplimiento",
              "description": "Garantias de cumplimiento",
              "url": "http://189.211.120.220:8880/files/opendata/15065-AD-AS-DCAGI-SC-065-15/18.-%20GC/18.pdf",
              "datePublished": "2015-08-31T05:00:00.000Z",
              "dateModified": "2015-08-31T05:00:00.000Z",
              "format": "html",
              "language": "es"
            }
          ]
        }
      ],
      "language": "es"
    }
  ],
  "publisher": {
    "name": "GACM",
    "scheme": "SERVICIO",
    "uid": "AS",
    "uri": "http://www.aeropuerto.gob.mx/"
  },
  "license": "https://datos.gob.mx/libreusomx/",
  "publicationPolicy": "https://datos.gob.mx/libreusomx/"
}
