{
  "uri": "https://datos.gob.mx/busca/dataset?organization=gacm",
  "publishedDate": "2017-02-15T16:48:26.038Z",
  "releases": [
    {
      "ocid": "201",
      "id": "RELEASE_201_2017-02-15T16:48:26.037Z",
      "date": "2017-02-09T06:00:00.000Z",
      "tag": [
        "contract"
      ],
      "initiationType": "tender",
      "planning": {
        "budget": {
          "source": "http://www.apartados.hacienda.gob.mx/presupuesto/temas/pef/2015/docs/09/r09_kdh_pie.pdf",
          "id": "Servicio de Enlaces de Telefonia e Internet en el inmueble de AltaVista",
          "description": "Presupuesto de Egresos de la Federacion 2015",
          "amount": {
            "amount": 490000,
            "currency": "MXN"
          },
          "project": "Nuevo Aeropuerto Internacional de la Ciudad de Mexico",
          "projectID": "46101",
          "uri": "http://www.apartados.hacienda.gob.mx/presupuesto/temas/pef/2015/docs/09/r09_kdh_pie.pdf"
        },
        "rationale": "Servicio de Enlaces de Telefonia e Internet en el inmueble de AltaVista",
        "documents": [
          {
            "id": "doc-94f4bdc5-0387-4346-a61b-9e54c8017928",
            "documentType": "projectPlan",
            "title": "Proyecto ejecutivo de la obra",
            "description": "Terminos de referencia",
            "url": "http://189.211.120.220:8880/files/opendata/15001-AD-DCAGI-SA-GAR-SC-01-15/4.-%20TR/4.pdf",
            "datePublished": "2015-01-02T06:00:00.000Z",
            "dateModified": "2015-01-02T06:00:00.000Z",
            "format": "html",
            "language": "es"
          }
        ]
      },
      "tender": {
        "id": "No aplica",
        "title": "Servicio de conduccion de senales analogicas y digitales telecomunicaciones",
        "description": "Servicio de Enlaces de Telefonia e Internet en el inmueble de AltaVista",
        "status": "active",
        "items": [
          {
            "id": "item-550b72cf-3e94-44d2-a00d-7714775663ee",
            "description": "Servicio de Enlaces de Telefonia e Internet en el inmueble de AltaVista",
            "classification": {
              "scheme": "SERVICIOS DE CONDUCCION DE SE?ALES ANALOGICAS Y DIGITALES",
              "id": "3170"
            },
            "quantity": 1,
            "unit": {
              "name": "srv",
              "value": {
                "amount": 163999.98,
                "currency": "MXN"
              }
            }
          }
        ],
        "value": {
          "amount": 490000,
          "currency": "MXN"
        },
        "procurementMethod": "limited",
        "procurementMethodRationale": "Nacional",
        "metodoDeAdquisicion": "Adjudicación directa",
        "awardCriteria": "bestValueToGoverment",
        "awardCriteriaDetails": "No aplica",
        "submissionMethod": [
          "Presencial"
        ],
        "eligibilityCriteria": "Ver documento adjunto",
        "documents": [
          {
            "id": "doc-b9ba29c9-f70c-4c41-9b42-40e5054af1b4",
            "documentType": "Clarifications",
            "title": "Actas de la junta de aclaraciones",
            "description": "Actas de la junta de aclaraciones",
            "url": "http://189.211.120.220:8880/files/opendata/15001-AD-DCAGI-SA-GAR-SC-01-15/9.-%20AJ/9.pdf",
            "datePublished": "2015-01-02T06:00:00.000Z",
            "dateModified": "2015-01-02T06:00:00.000Z",
            "format": "html",
            "language": "es"
          },
          {
            "id": "doc-8c609511-7c55-4d6f-9879-56f1c41d8d4a",
            "documentType": "Tender Notice",
            "title": "Documento que contiene las especificaciones t?cnicas de la obra",
            "description": "Convocatoria al procedimiento de contratacion",
            "url": "http://189.211.120.220:8880/files/opendata/15001-AD-DCAGI-SA-GAR-SC-01-15/8.-%20CC/8.pdf",
            "datePublished": "2015-01-02T06:00:00.000Z",
            "dateModified": "2015-01-02T06:00:00.000Z",
            "format": "html",
            "language": "es"
          },
          {
            "id": "doc-f47feb22-1159-47f2-a4f5-b1cef054597f",
            "documentType": "Tender Notice",
            "title": "Documento que describe los criterios de evaluaci?n",
            "description": "Convocatoria al procedimiento de contratacion",
            "url": "http://189.211.120.220:8880/files/opendata/15001-AD-DCAGI-SA-GAR-SC-01-15/8.-%20CC/8.pdf",
            "datePublished": "2015-01-02T06:00:00.000Z",
            "dateModified": "2015-01-02T06:00:00.000Z",
            "format": "html",
            "language": "es"
          },
          {
            "id": "doc-a3e18f23-1eac-4c74-95ac-5cba6b87aaf6",
            "documentType": "Tender Notice",
            "title": "Documento que contiene los objetivos y caracter?sticas del contrato y proceso de licitaci?n",
            "description": "Convocatoria al procedimiento de contratacion",
            "url": "http://189.211.120.220:8880/files/opendata/15001-AD-DCAGI-SA-GAR-SC-01-15/8.-%20CC/8.pdf",
            "datePublished": "2015-01-02T06:00:00.000Z",
            "dateModified": "2015-01-02T06:00:00.000Z",
            "format": "html",
            "language": "es"
          },
          {
            "id": "doc-09bec4f4-da65-457f-bad6-c0002d57190c",
            "documentType": "Tender Notice",
            "title": "Convocatoria al procedimiento de contrataci?n",
            "description": "Convocatoria al procedimiento de contratacion",
            "url": "http://189.211.120.220:8880/files/opendata/15001-AD-DCAGI-SA-GAR-SC-01-15/8.-%20CC/8.pdf",
            "datePublished": "2015-01-02T06:00:00.000Z",
            "dateModified": "2015-01-02T06:00:00.000Z",
            "format": "html",
            "language": "es"
          },
          {
            "id": "doc-ffe1d360-ae12-437a-b190-432f1cf76e34",
            "documentType": "Tender Notice",
            "title": "Documento que describe los criterios que deben cumplir los licitantes",
            "description": "Convocatoria al procedimiento de contratacion",
            "url": "http://189.211.120.220:8880/files/opendata/15001-AD-DCAGI-SA-GAR-SC-01-15/8.-%20CC/8.pdf",
            "datePublished": "2015-01-02T06:00:00.000Z",
            "dateModified": "2015-01-02T06:00:00.000Z",
            "format": "html",
            "language": "es"
          }
        ]
      },
      "buyer": {
        "identifier": {
          "scheme": "MK-009KDH999",
          "id": "GACM",
          "legalName": "Grupo Aeroportuario de la Ciudad de Mexico, S.A. de C.V.",
          "uri": "http://www.aeropuerto.gob.mx/"
        },
        "name": "Grupo Aeroportuario de la Ciudad de Mexico, S.A. de C.V.",
        "address": {
          "streetAddress": "AV. INSURGENTES SUR NO. 2453 PISO 2 OFICINA 203",
          "locality": "COL. TIZAPAN",
          "region": "DEL. ALVARO OBREGON",
          "postalCode": "01090",
          "countryName": "Mexico"
        },
        "contactPoint": {
          "name": "G05-DIRECCION CORPORATIVA DE ADMINISTRACION Y GESTION INMOBILIARIA",
          "url": "http://www.aeropuerto.gob.mx/"
        }
      },
      "awards": [
        {
          "id": "No aplica",
          "title": "Servicio de Enlaces de Telefonia e Internet en el inmueble de AltaVista",
          "description": "Ver documento adjunto",
          "status": "active",
          "value": {
            "amount": 163999.98,
            "currency": "MXN"
          },
          "suppliers": [
            {
              "identifier": {
                "id": "COM0100313SU8",
                "legalName": "COMTELSAT, S.A. de C.V."
              },
              "name": "COMTELSAT, S.A. de C.V.",
              "address": {
                "streetAddress": "Guillermo Gonzalez Camarena no. 600",
                "locality": "Santa Fe Centro",
                "region": "Cuajimalpa",
                "postalCode": "1210",
                "countryName": "Mexico"
              }
            }
          ],
          "items": [
            {
              "id": "item-b1503393-bfc8-4518-9e9e-7a0aa335c844",
              "description": "Servicio de Enlaces de Telefonia e Internet en el inmueble de AltaVista",
              "classification": {
                "scheme": "SERVICIOS DE CONDUCCION DE SE?ALES ANALOGICAS Y DIGITALES",
                "id": "3170"
              },
              "quantity": 1,
              "unit": {
                "name": "srv",
                "value": {
                  "amount": 163999.98,
                  "currency": "MXN"
                }
              }
            }
          ],
          "contractPeriod": {
            "startDate": "2015-01-02T06:00:00.000Z",
            "endDate": "2015-07-01T05:00:00.000Z"
          },
          "documents": [
            {
              "id": "doc-8a80d9c6-63b8-4497-9726-22587d2c9e6e",
              "documentType": "Award Notice",
              "title": "Fallo",
              "description": "Acta de fallo",
              "url": "http://189.211.120.220:8880/files/opendata/15001-AD-DCAGI-SA-GAR-SC-01-15/12.-%20AF/12.pdf",
              "datePublished": "2015-01-02T06:00:00.000Z",
              "dateModified": "2015-01-02T06:00:00.000Z",
              "format": "html",
              "language": "es"
            },
            {
              "id": "doc-429497b6-71d0-43cf-ae35-cc2e7c8cb0f2",
              "documentType": "Award Notice",
              "title": "Fallo",
              "description": "Descripcion del acto de presentacion y apertura de proposiciones",
              "url": "http://189.211.120.220:8880/files/opendata/15001-AD-DCAGI-SA-GAR-SC-01-15/10.-%20AP/10.pdf",
              "datePublished": "2015-01-02T06:00:00.000Z",
              "dateModified": "2015-01-02T06:00:00.000Z",
              "format": "html",
              "language": "es"
            }
          ]
        }
      ],
      "contracts": [
        {
          "id": "AD-DCAGI-SA-GAR-01/15",
          "awardID": "No aplica",
          "title": "Servicio de Enlaces de Telefonia e Internet en el inmueble de AltaVista",
          "description": "Ver documento adjunto",
          "status": "active",
          "period": {
            "startDate": "2015-01-02T06:00:00.000Z",
            "endDate": "2015-07-01T05:00:00.000Z"
          },
          "value": {
            "amount": 163999.98,
            "currency": "MXN"
          },
          "items": [
            {
              "id": "item-2bac8e57-ac07-44eb-a857-d161f282a352",
              "description": "Servicio de Enlaces de Telefonia e Internet en el inmueble de AltaVista",
              "classification": {
                "scheme": "SERVICIOS DE CONDUCCION DE SE?ALES ANALOGICAS Y DIGITALES",
                "id": "3170"
              },
              "quantity": 1,
              "unit": {
                "name": "srv",
                "value": {
                  "amount": 163999.98,
                  "currency": "MXN"
                }
              }
            }
          ],
          "dateSigned": "2015-01-02T06:00:00.000Z",
          "documents": [
            {
              "id": "doc-e1eab7cc-02fe-4f8e-8991-a4d006e13774",
              "documentType": "Contract Signed",
              "title": "Cl?usula sobre las condiciones de entrega de la obra",
              "description": "Contrato firmado",
              "url": "http://189.211.120.220:8880/files/opendata/15001-AD-DCAGI-SA-GAR-SC-01-15/15.-%20CF/15.pdf",
              "datePublished": "2015-01-02T06:00:00.000Z",
              "dateModified": "2015-01-02T06:00:00.000Z",
              "format": "html",
              "language": "es"
            },
            {
              "id": "doc-0d3442e1-33cc-4243-a560-027ec13e8d2b",
              "documentType": "Contract Signed",
              "title": "Contrato firmado",
              "description": "Contrato firmado",
              "url": "http://189.211.120.220:8880/files/opendata/15001-AD-DCAGI-SA-GAR-SC-01-15/15.-%20CF/15.pdf",
              "datePublished": "2015-01-02T06:00:00.000Z",
              "dateModified": "2015-01-02T06:00:00.000Z",
              "format": "html",
              "language": "es"
            },
            {
              "id": "doc-b630c378-cda5-4895-8601-6b32def5857d",
              "documentType": "Contract Guarantees",
              "title": "Fianza de anticipo",
              "description": "Garantia sobre el anticipo",
              "url": "http://189.211.120.220:8880/files/opendata/15001-AD-DCAGI-SA-GAR-SC-01-15/17.-%20GA/17.pdf",
              "datePublished": "2015-01-02T06:00:00.000Z",
              "dateModified": "2015-01-02T06:00:00.000Z",
              "format": "html",
              "language": "es"
            },
            {
              "id": "doc-f1fe8492-fe7e-412f-8e27-e4a4674e3040",
              "documentType": "Contract Guarantees",
              "title": "Fianza de cumplimiento",
              "description": "Garantias de cumplimiento",
              "url": "http://189.211.120.220:8880/files/opendata/15001-AD-DCAGI-SA-GAR-SC-01-15/18.-%20GC/18.pdf",
              "datePublished": "2015-01-02T06:00:00.000Z",
              "dateModified": "2015-01-02T06:00:00.000Z",
              "format": "html",
              "language": "es"
            }
          ]
        }
      ],
      "language": "es"
    }
  ],
  "publisher": {
    "name": "GACM",
    "scheme": "SERVICIO",
    "uid": "AS",
    "uri": "http://www.aeropuerto.gob.mx/"
  },
  "license": "https://datos.gob.mx/libreusomx/",
  "publicationPolicy": "https://datos.gob.mx/libreusomx/"
}
