{
  "uri": "https://datos.gob.mx/busca/dataset?organization=gacm",
  "publishedDate": "2017-02-15T16:48:25.256Z",
  "releases": [
    {
      "ocid": "206",
      "id": "RELEASE_206_2017-02-15T16:48:25.255Z",
      "date": "2017-02-08T06:00:00.000Z",
      "tag": [
        "contract"
      ],
      "initiationType": "tender",
      "planning": {
        "budget": {
          "source": "http://www.apartados.hacienda.gob.mx/presupuesto/temas/pef/2016/docs/09/r09_kdh_pie.pdf",
          "id": "Servicio de Ambulancia para el Traslado de Personal, para el Programa de Empleo Temporal (PET).",
          "description": "Presupuesto de Egresos de la Fedracion 2015",
          "amount": {
            "amount": 450000,
            "currency": "MXN"
          },
          "project": "Nuevo Aeropuerto Internacional de la Ciudad de Mexico",
          "projectID": "46101",
          "uri": "http://www.apartados.hacienda.gob.mx/presupuesto/temas/pef/2016/docs/09/r09_kdh_pie.pdf"
        },
        "rationale": "Servicio de Ambulancia para el Traslado de Personal, para el Programa de Empleo Temporal (PET).",
        "documents": [
          {
            "id": "doc-ed4247dd-7eb3-4645-a49e-913c56a14149",
            "documentType": "projectPlan",
            "title": "Proyecto ejecutivo de la obra",
            "description": "Terminos de referencia",
            "url": "http://189.211.120.220:8880/files/opendata/16011-AD-AS-DCAGI-SC-011-16/4.-%20TR/4.pdf",
            "datePublished": "2016-02-12T06:00:00.000Z",
            "dateModified": "2016-02-12T06:00:00.000Z",
            "format": "html",
            "language": "es"
          }
        ]
      },
      "tender": {
        "id": "798985",
        "title": "Servicio de Ambulancia para el Traslado de Personal, para el Programa de Empleo Temporal (PET).",
        "description": "Servicio de Ambulancia para el Traslado de Personal, para el Programa de Empleo Temporal (PET).",
        "status": "active",
        "items": [
          {
            "id": "item-19854c04-8b84-4336-88a0-38eada38114b",
            "description": "Servicio de Ambulancia para el Traslado de Personal, para el Programa de Empleo Temporal (PET).",
            "classification": {
              "scheme": "EDIFICACION NO HABITACIONAL",
              "id": "6220"
            },
            "quantity": 1,
            "unit": {
              "name": "srv",
              "value": {
                "amount": 259000,
                "currency": "MXN"
              }
            }
          }
        ],
        "value": {
          "amount": 450000,
          "currency": "MXN"
        },
        "procurementMethod": "limited",
        "procurementMethodRationale": "Nacional",
        "metodoDeAdquisicion": "Adjudicación directa",
        "awardCriteria": "bestValueToGoverment",
        "awardCriteriaDetails": "No aplica",
        "submissionMethod": [
          "Presencial"
        ],
        "eligibilityCriteria": "Ver documento adjunto",
        "documents": [
          {
            "id": "doc-cb5624ab-9a06-474e-9b4a-75539f2dcd79",
            "documentType": "Clarifications",
            "title": "Actas de la junta de aclaraciones",
            "description": "Actas de la junta de aclaraciones",
            "url": "http://189.211.120.220:8880/files/opendata/16011-AD-AS-DCAGI-SC-011-16/9.-%20AJ/9.pdf",
            "datePublished": "2016-02-12T06:00:00.000Z",
            "dateModified": "2016-02-12T06:00:00.000Z",
            "format": "html",
            "language": "es"
          },
          {
            "id": "doc-59950948-1a1f-4168-b4d5-8cd262af6213",
            "documentType": "Tender Notice",
            "title": "Documento que describe los criterios de evaluaci?n",
            "description": "Convocatoria al procedimiento de contratacion",
            "url": "http://189.211.120.220:8880/files/opendata/16011-AD-AS-DCAGI-SC-011-16/8.-%20CC/8.pdf",
            "datePublished": "2016-02-12T06:00:00.000Z",
            "dateModified": "2016-02-12T06:00:00.000Z",
            "format": "html",
            "language": "es"
          },
          {
            "id": "doc-ae3c17d8-5a52-42f3-bde5-f093b8bccfa8",
            "documentType": "Tender Notice",
            "title": "Documento que contiene los objetivos y caracter?sticas del contrato y proceso de licitaci?n",
            "description": "Convocatoria al procedimiento de contratacion",
            "url": "http://189.211.120.220:8880/files/opendata/16011-AD-AS-DCAGI-SC-011-16/8.-%20CC/8.pdf",
            "datePublished": "2016-02-12T06:00:00.000Z",
            "dateModified": "2016-02-12T06:00:00.000Z",
            "format": "html",
            "language": "es"
          },
          {
            "id": "doc-4428b7c7-e6e5-4b38-aab4-3ad5fff910c7",
            "documentType": "Tender Notice",
            "title": "Documento que contiene las especificaicones t?cnicas de la obra",
            "description": "Convocatoria al procedimiento de contratacion",
            "url": "http://189.211.120.220:8880/files/opendata/16011-AD-AS-DCAGI-SC-011-16/8.-%20CC/8.pdf",
            "datePublished": "2016-02-12T06:00:00.000Z",
            "dateModified": "2016-02-12T06:00:00.000Z",
            "format": "html",
            "language": "es"
          },
          {
            "id": "doc-94eb24fe-8de1-4f0e-93f7-a1372113fece",
            "documentType": "Tender Notice",
            "title": "Convocatoria al procedimiento de contrataci?n",
            "description": "Convocatoria al procedimiento de contratacion",
            "url": "http://189.211.120.220:8880/files/opendata/16011-AD-AS-DCAGI-SC-011-16/8.-%20CC/8.pdf",
            "datePublished": "2016-02-12T06:00:00.000Z",
            "dateModified": "2016-02-12T06:00:00.000Z",
            "format": "html",
            "language": "es"
          },
          {
            "id": "doc-5a9ba683-f528-42f6-a117-a62038ffe9f9",
            "documentType": "Tender Notice",
            "title": "Documento que describe los criterios que deben cumplir los licitantes",
            "description": "Convocatoria al procedimiento de contratacion",
            "url": "http://189.211.120.220:8880/files/opendata/16011-AD-AS-DCAGI-SC-011-16/8.-%20CC/8.pdf",
            "datePublished": "2016-02-12T06:00:00.000Z",
            "dateModified": "2016-02-12T06:00:00.000Z",
            "format": "html",
            "language": "es"
          }
        ]
      },
      "buyer": {
        "identifier": {
          "scheme": "MK-009KDH999",
          "id": "GACM",
          "legalName": "Grupo Aeroportuario de la Ciudad de Mexico, S.A. de C.V.",
          "uri": "http://www.aeropuerto.gob.mx/"
        },
        "name": "Grupo Aeroportuario de la Ciudad de Mexico, S.A. de C.V.",
        "address": {
          "streetAddress": "AV. INSURGENTES SUR NO. 2453 PISO 2 OFICINA 203",
          "locality": "COL. TIZAPAN",
          "region": "DEL. ALVARO OBREGON",
          "postalCode": "01090",
          "countryName": "Mexico"
        },
        "contactPoint": {
          "name": "G05-DIRECCION CORPORATIVA DE ADMINISTRACION Y GESTION INMOBILIARIA",
          "url": "http://www.aeropuerto.gob.mx/"
        }
      },
      "awards": [
        {
          "id": "SO-09KDH999-N26-2015",
          "title": "Servicio de Ambulancia para el Traslado de Personal, para el Programa de Empleo Temporal (PET)",
          "description": "Ver documento adjunto",
          "status": "active",
          "value": {
            "amount": 259000,
            "currency": "MXN"
          },
          "suppliers": [
            {
              "identifier": {
                "id": "SARM760718RK3",
                "legalName": "Martin Salvador Sanchez Robles"
              },
              "name": "Martin Salvador Sanchez Robles",
              "address": {
                "streetAddress": "Popocatepetl 13",
                "locality": "Arenal Tenayuca",
                "region": "Tlanepantla",
                "postalCode": "54150",
                "countryName": "Mexico"
              }
            }
          ],
          "items": [
            {
              "id": "item-c88e0bb2-99e6-4c46-8845-36a238f6fad8",
              "description": "Servicio de Ambulancia para el Traslado de Personal, para el Programa de Empleo Temporal (PET).",
              "classification": {
                "scheme": "EDIFICACION NO HABITACIONAL",
                "id": "6220"
              },
              "quantity": 1,
              "unit": {
                "name": "srv",
                "value": {
                  "amount": 259000,
                  "currency": "MXN"
                }
              }
            }
          ],
          "contractPeriod": {
            "startDate": "2016-02-15T06:00:00.000Z",
            "endDate": "2016-08-12T05:00:00.000Z"
          },
          "documents": [
            {
              "id": "doc-4a85e960-cb1d-4777-b19b-b4a203378cef",
              "documentType": "Award Notice",
              "title": "Fallo",
              "description": "Acta de Fallo",
              "url": "http://189.211.120.220:8880/files/opendata/16011-AD-AS-DCAGI-SC-011-16/12.-%20AF/12.pdf",
              "datePublished": "2016-02-12T06:00:00.000Z",
              "dateModified": "2016-02-12T06:00:00.000Z",
              "format": "html",
              "language": "es"
            },
            {
              "id": "doc-8a3ab859-bda1-4b35-b18c-063febf22d76",
              "documentType": "Award Notice",
              "title": "Fallo",
              "description": "Descripcion del acto de presentacion y apertura de proposiciones",
              "url": "http://189.211.120.220:8880/files/opendata/16011-AD-AS-DCAGI-SC-011-16/10.-%20AP/10.pdf",
              "datePublished": "2016-02-12T06:00:00.000Z",
              "dateModified": "2016-02-12T06:00:00.000Z",
              "format": "html",
              "language": "es"
            }
          ]
        }
      ],
      "contracts": [
        {
          "id": "AD-AS-DCAGI-SC-011/16",
          "awardID": "SO-09KDH999-N26-2015",
          "title": "Servicio de Ambulancia para el Traslado de Personal, para el Programa de Empleo Temporal (PET)",
          "description": "Ver documento adjunto",
          "status": "active",
          "period": {
            "startDate": "2016-02-15T06:00:00.000Z",
            "endDate": "2016-08-12T05:00:00.000Z"
          },
          "value": {
            "amount": 259000,
            "currency": "MXN"
          },
          "items": [
            {
              "id": "item-de757672-daf7-43e4-95a9-c51adb5f7d8b",
              "description": "Servicio de Ambulancia para el Traslado de Personal, para el Programa de Empleo Temporal (PET).",
              "classification": {
                "scheme": "EDIFICACION NO HABITACIONAL",
                "id": "6220"
              },
              "quantity": 1,
              "unit": {
                "name": "srv",
                "value": {
                  "amount": 259000,
                  "currency": "MXN"
                }
              }
            }
          ],
          "dateSigned": "2016-02-15T06:00:00.000Z",
          "documents": [
            {
              "id": "doc-a6263823-4e54-4d98-b72f-d429a7779ea7",
              "documentType": "Contract Signed",
              "title": "Contrato firmado",
              "description": "Contrato firmado",
              "url": "http://189.211.120.220:8880/files/opendata/16011-AD-AS-DCAGI-SC-011-16/15.-%20CF/15.pdf",
              "datePublished": "2016-02-12T06:00:00.000Z",
              "dateModified": "2016-02-12T06:00:00.000Z",
              "format": "html",
              "language": "es"
            },
            {
              "id": "doc-e40cde7d-5991-4fbd-a06d-41d7b81a7e5d",
              "documentType": "Contract Signed",
              "title": "Cl?usula sobre las condiciones de entrega de la obra",
              "description": "Contrato firmado",
              "url": "http://189.211.120.220:8880/files/opendata/16011-AD-AS-DCAGI-SC-011-16/15.-%20CF/15.pdf",
              "datePublished": "2016-02-12T06:00:00.000Z",
              "dateModified": "2016-02-12T06:00:00.000Z",
              "format": "html",
              "language": "es"
            },
            {
              "id": "doc-5867e725-3cfc-4324-9aa6-67b05bf27570",
              "documentType": "Contract Guarantees",
              "title": "Fianza de anticipo",
              "description": "Garantia sobre el anticipo",
              "url": "http://189.211.120.220:8880/files/opendata/16011-AD-AS-DCAGI-SC-011-16/17.-%20GA/17.pdf",
              "datePublished": "2016-02-12T06:00:00.000Z",
              "dateModified": "2016-02-12T06:00:00.000Z",
              "format": "html",
              "language": "es"
            },
            {
              "id": "doc-739d267f-c375-46e5-b11d-ca6c37fec73d",
              "documentType": "Contract Guarantees",
              "title": "Fianza de cumplimiento",
              "description": "Garantias de cumplimiento",
              "url": "http://189.211.120.220:8880/files/opendata/16011-AD-AS-DCAGI-SC-011-16/18.-%20GC/18.pdf",
              "datePublished": "2016-02-12T06:00:00.000Z",
              "dateModified": "2016-02-12T06:00:00.000Z",
              "format": "html",
              "language": "es"
            }
          ]
        }
      ],
      "language": "es"
    }
  ],
  "publisher": {
    "name": "GACM",
    "scheme": "SERVICIO",
    "uid": "AS",
    "uri": "http://www.aeropuerto.gob.mx/"
  },
  "license": "https://datos.gob.mx/libreusomx/",
  "publicationPolicy": "https://datos.gob.mx/libreusomx/"
}
