{
  "uri": "https://datos.gob.mx/busca/dataset?organization=gacm",
  "publishedDate": "2017-02-15T16:48:24.933Z",
  "releases": [
    {
      "ocid": "207",
      "id": "RELEASE_207_2017-02-15T16:48:24.932Z",
      "date": "2017-02-07T06:00:00.000Z",
      "tag": [
        "contract"
      ],
      "initiationType": "tender",
      "planning": {
        "budget": {
          "source": "http://www.apartados.hacienda.gob.mx/presupuesto/temas/pef/2016/docs/09/r09_kdh_pie.pdf",
          "id": "Servicio de sanitarios portatiles para el programa de empleo temporal (PET)",
          "description": "Presupuesto de Egresos de la Federacion 2016",
          "amount": {
            "amount": 299137,
            "currency": "MXN"
          },
          "project": "Nuevo Aeropuerto Internacional de la Ciudad de Mexico",
          "projectID": "46101",
          "uri": "http://www.apartados.hacienda.gob.mx/presupuesto/temas/pef/2016/docs/09/r09_kdh_pie.pdf"
        },
        "rationale": "Servicio de sanitarios portatiles para el programa de empleo temporal (PET)",
        "documents": [
          {
            "id": "doc-d19c9f35-0bf6-467f-9350-68153f843aa9",
            "documentType": "projectPlan",
            "title": "Proyecto ejecutivo de la obra",
            "description": "Terminos de referencia",
            "url": "http://189.211.120.220:8880/files/opendata/16016-AD-AS-DCAGI-SC-016-16/4.-%20TR/4.pdf",
            "datePublished": "2016-02-12T06:00:00.000Z",
            "dateModified": "2016-02-12T06:00:00.000Z",
            "format": "html",
            "language": "es"
          }
        ]
      },
      "tender": {
        "id": "1109256?",
        "title": "Servicio de sanitarios portatiles para el programa de empleo temporal (PET)",
        "description": "Servicio de sanitarios portatiles para el programa de empleo temporal (PET)",
        "status": "active",
        "items": [
          {
            "id": "item-575ad0e6-4b30-45e5-ac62-b8671c559a3c",
            "description": "Servicio de sanitarios portatiles para el programa de empleo temporal (PET)",
            "classification": {
              "scheme": "EDIFICACION NO HABITACIONAL",
              "id": "6220"
            },
            "quantity": 1,
            "unit": {
              "name": "srv",
              "value": {
                "amount": 203100,
                "currency": "MXN"
              }
            }
          }
        ],
        "value": {
          "amount": 299137,
          "currency": "MXN"
        },
        "procurementMethod": "limited",
        "procurementMethodRationale": "Nacional",
        "metodoDeAdquisicion": "Adjudicación directa",
        "awardCriteria": "bestValueToGoverment",
        "awardCriteriaDetails": "No aplica",
        "submissionMethod": [
          "Presencial"
        ],
        "eligibilityCriteria": "Ver documento adjunto",
        "documents": [
          {
            "id": "doc-ba54918b-3726-4012-871d-3caeb2cdabb7",
            "documentType": "Clarifications",
            "title": "Actas de la junta de aclaraciones",
            "description": "Actas de la junta de aclaraciones",
            "url": "http://189.211.120.220:8880/files/opendata/16016-AD-AS-DCAGI-SC-016-16/9.-%20AJ/9.pdf",
            "datePublished": "2016-02-12T06:00:00.000Z",
            "dateModified": "2016-02-12T06:00:00.000Z",
            "format": "html",
            "language": "es"
          },
          {
            "id": "doc-b78eb4e2-867a-4330-9957-6897cb1b0361",
            "documentType": "Tender Notice",
            "title": "Documento que describe los criterios de evaluaci?n",
            "description": "Convocatoria al procedimiento de contratacion",
            "url": "http://189.211.120.220:8880/files/opendata/16016-AD-AS-DCAGI-SC-016-16/8.-%20CC/8.pdf",
            "datePublished": "2016-02-12T06:00:00.000Z",
            "dateModified": "2016-02-12T06:00:00.000Z",
            "format": "html",
            "language": "es"
          },
          {
            "id": "doc-ca97ae8c-b23f-4b0b-b4c5-b962543fe88b",
            "documentType": "Tender Notice",
            "title": "Documento que contiene los objetivos y caracter?sticas del contrato y proceso de licitaci?n",
            "description": "Convocatoria al procedimiento de contratacion",
            "url": "http://189.211.120.220:8880/files/opendata/16016-AD-AS-DCAGI-SC-016-16/8.-%20CC/8.pdf",
            "datePublished": "2016-02-12T06:00:00.000Z",
            "dateModified": "2016-02-12T06:00:00.000Z",
            "format": "html",
            "language": "es"
          },
          {
            "id": "doc-5664ed46-98f7-491f-95f3-ad690975c985",
            "documentType": "Tender Notice",
            "title": "Documento que contiene las especificaicones t?cnicas de la obra",
            "description": "Convocatoria al procedimiento de contratacion",
            "url": "http://189.211.120.220:8880/files/opendata/16016-AD-AS-DCAGI-SC-016-16/8.-%20CC/8.pdf",
            "datePublished": "2016-02-12T06:00:00.000Z",
            "dateModified": "2016-02-12T06:00:00.000Z",
            "format": "html",
            "language": "es"
          },
          {
            "id": "doc-6b243e56-c366-447a-9d72-c5dd0f1d42f9",
            "documentType": "Tender Notice",
            "title": "Convocatoria al procedimiento de contrataci?n",
            "description": "Convocatoria al procedimiento de contratacion",
            "url": "http://189.211.120.220:8880/files/opendata/16016-AD-AS-DCAGI-SC-016-16/8.-%20CC/8.pdf",
            "datePublished": "2016-02-12T06:00:00.000Z",
            "dateModified": "2016-02-12T06:00:00.000Z",
            "format": "html",
            "language": "es"
          },
          {
            "id": "doc-bbe0064b-1f47-432b-8ba4-158a7ca87c7e",
            "documentType": "Tender Notice",
            "title": "Documento que describe los criterios que deben cumplir los licitantes",
            "description": "Convocatoria al procedimiento de contratacion",
            "url": "http://189.211.120.220:8880/files/opendata/16016-AD-AS-DCAGI-SC-016-16/8.-%20CC/8.pdf",
            "datePublished": "2016-02-12T06:00:00.000Z",
            "dateModified": "2016-02-12T06:00:00.000Z",
            "format": "html",
            "language": "es"
          }
        ]
      },
      "buyer": {
        "identifier": {
          "scheme": "MK-009KDH999",
          "id": "GACM",
          "legalName": "Grupo Aeroportuario de la Ciudad de Mexico, S.A. de C.V.",
          "uri": "http://www.aeropuerto.gob.mx/"
        },
        "name": "Grupo Aeroportuario de la Ciudad de Mexico, S.A. de C.V.",
        "address": {
          "streetAddress": "AV. INSURGENTES SUR NO. 2453 PISO 2 OFICINA 203",
          "locality": "COL. TIZAPAN",
          "region": "DEL. ALVARO OBREGON",
          "postalCode": "01090",
          "countryName": "Mexico"
        },
        "contactPoint": {
          "name": "G05-DIRECCION CORPORATIVA DE ADMINISTRACION Y GESTION INMOBILIARIA",
          "url": "http://www.aeropuerto.gob.mx/"
        }
      },
      "awards": [
        {
          "id": "AA-009KDH999-E98-2016",
          "title": "Servicio de sanitarios portatiles para el programa de empleo temporal (PET)",
          "description": "Ver documento adjunto",
          "status": "active",
          "value": {
            "amount": 203100,
            "currency": "MXN"
          },
          "suppliers": [
            {
              "identifier": {
                "id": "PBD000118DD3",
                "legalName": "PORTA BANOS 2000, S.A. DE C.V."
              },
              "name": "PORTA BANOS 2000, S.A. DE C.V.",
              "address": {
                "streetAddress": "Benito Juarez 276",
                "locality": "San Antonio Culhuacan",
                "region": "Iztapalapa",
                "postalCode": "09800",
                "countryName": "Mexico"
              }
            }
          ],
          "items": [
            {
              "id": "item-83be34ac-4e72-4849-aa53-5a804517a077",
              "description": "Servicio de sanitarios portatiles para el programa de empleo temporal (PET)",
              "classification": {
                "scheme": "EDIFICACION NO HABITACIONAL",
                "id": "6220"
              },
              "quantity": 1,
              "unit": {
                "name": "srv",
                "value": {
                  "amount": 203100,
                  "currency": "MXN"
                }
              }
            }
          ],
          "contractPeriod": {
            "startDate": "2016-02-15T06:00:00.000Z",
            "endDate": "2016-04-14T05:00:00.000Z"
          },
          "documents": [
            {
              "id": "doc-1dca21e2-c06c-418b-831f-641437d3d14d",
              "documentType": "Award Notice",
              "title": "Fallo",
              "description": "Acta de Fallo",
              "url": "http://189.211.120.220:8880/files/opendata/16016-AD-AS-DCAGI-SC-016-16/12.-%20AF/12.pdf",
              "datePublished": "2016-02-12T06:00:00.000Z",
              "dateModified": "2016-02-12T06:00:00.000Z",
              "format": "html",
              "language": "es"
            },
            {
              "id": "doc-be802dfc-2cb9-49df-831b-e9d298786dda",
              "documentType": "Award Notice",
              "title": "Fallo",
              "description": "Descripcion del acto de presentacion y apertura de proposiciones",
              "url": "http://189.211.120.220:8880/files/opendata/16016-AD-AS-DCAGI-SC-016-16/10.-%20AP/10.pdf",
              "datePublished": "2016-02-12T06:00:00.000Z",
              "dateModified": "2016-02-12T06:00:00.000Z",
              "format": "html",
              "language": "es"
            }
          ]
        }
      ],
      "contracts": [
        {
          "id": "AD-AS-DCAGI-SC-016-16",
          "awardID": "AA-009KDH999-E98-2016",
          "title": "Servicio de sanitarios portatiles para el programa de empleo temporal (PET)",
          "description": "Ver documento adjunto",
          "status": "active",
          "period": {
            "startDate": "2016-02-15T06:00:00.000Z",
            "endDate": "2016-04-14T05:00:00.000Z"
          },
          "value": {
            "amount": 203100,
            "currency": "MXN"
          },
          "items": [
            {
              "id": "item-6972eec3-058b-499e-bae7-b5b7dff9280a",
              "description": "Servicio de sanitarios portatiles para el programa de empleo temporal (PET)",
              "classification": {
                "scheme": "EDIFICACION NO HABITACIONAL",
                "id": "6220"
              },
              "quantity": 1,
              "unit": {
                "name": "srv",
                "value": {
                  "amount": 203100,
                  "currency": "MXN"
                }
              }
            }
          ],
          "dateSigned": "2016-02-15T06:00:00.000Z",
          "documents": [
            {
              "id": "doc-03f32017-6fd8-4c81-8b25-e24e59bdbfa3",
              "documentType": "Contract Signed",
              "title": "Contrato firmado",
              "description": "Contrato firmado",
              "url": "http://189.211.120.220:8880/files/opendata/16016-AD-AS-DCAGI-SC-016-16/15.-%20CF/15.pdf",
              "datePublished": "2016-02-12T06:00:00.000Z",
              "dateModified": "2016-02-12T06:00:00.000Z",
              "format": "html",
              "language": "es"
            },
            {
              "id": "doc-91bf0445-6987-401c-a81b-35220f513b1a",
              "documentType": "Contract Signed",
              "title": "Cl?usula sobre las condiciones de entrega de la obra",
              "description": "Contrato firmado",
              "url": "http://189.211.120.220:8880/files/opendata/16016-AD-AS-DCAGI-SC-016-16/15.-%20CF/15.pdf",
              "datePublished": "2016-02-12T06:00:00.000Z",
              "dateModified": "2016-02-12T06:00:00.000Z",
              "format": "html",
              "language": "es"
            },
            {
              "id": "doc-efb34aa3-2ecb-469a-901f-783ca2c9d33f",
              "documentType": "Contract Guarantees",
              "title": "Fianza de anticipo",
              "description": "Garantia sobre el anticipo",
              "url": "http://189.211.120.220:8880/files/opendata/16016-AD-AS-DCAGI-SC-016-16/17.-%20GA/17.pdf",
              "datePublished": "2016-02-12T06:00:00.000Z",
              "dateModified": "2016-02-12T06:00:00.000Z",
              "format": "html",
              "language": "es"
            },
            {
              "id": "doc-864034b6-9434-486d-b2ea-9ee2fa79a2a3",
              "documentType": "Contract Guarantees",
              "title": "Fianza de cumplimiento",
              "description": "Garantias de cumplimiento",
              "url": "http://189.211.120.220:8880/files/opendata/16016-AD-AS-DCAGI-SC-016-16/18.-%20GC/18.pdf",
              "datePublished": "2016-02-12T06:00:00.000Z",
              "dateModified": "2016-02-12T06:00:00.000Z",
              "format": "html",
              "language": "es"
            }
          ]
        }
      ],
      "language": "es"
    }
  ],
  "publisher": {
    "name": "GACM",
    "scheme": "SERVICIO",
    "uid": "AS",
    "uri": "http://www.aeropuerto.gob.mx/"
  },
  "license": "https://datos.gob.mx/libreusomx/",
  "publicationPolicy": "https://datos.gob.mx/libreusomx/"
}
