{
  "uri": "https://datos.gob.mx/busca/dataset?organization=gacm",
  "publishedDate": "2017-02-15T16:48:25.861Z",
  "releases": [
    {
      "ocid": "212",
      "id": "RELEASE_212_2017-02-15T16:48:25.860Z",
      "date": "2017-02-09T06:00:00.000Z",
      "tag": [
        "contract"
      ],
      "initiationType": "tender",
      "planning": {
        "budget": {
          "source": "http://www.apartados.hacienda.gob.mx/presupuesto/temas/pef/2015/docs/09/r09_kdh_pie.pdf",
          "id": "Servicio de asesoria tecnica y capacitacion de nucleos agrarios (comisariado ejidales) para los 7 ejidos colindantes al predio del Nuevo Aeropuerto Internacional de la Ciudad de Mexico (NAICM).",
          "description": "Presupuesto de Egresos de la Federacion 2015",
          "amount": {
            "amount": 6100000,
            "currency": "MXN"
          },
          "project": "Nuevo Aeropuerto Internacional de la Ciudad de Mexico",
          "projectID": "46101",
          "uri": "http://www.apartados.hacienda.gob.mx/presupuesto/temas/pef/2015/docs/09/r09_kdh_pie.pdf"
        },
        "rationale": "Servicio de asesoria tecnica y capacitacion de nucleos agrarios (comisariado ejidales) para los 7 ejidos colindantes al predio del Nuevo Aeropuerto Internacional de la Ciudad de Mexico (NAICM).",
        "documents": [
          {
            "id": "doc-f42be198-ecc7-4da6-9e21-47b5fede3e52",
            "documentType": "projectPlan",
            "title": "Proyecto ejecutivo de la obra",
            "description": "Terminos de referencia",
            "url": "http://189.211.120.220:8880/files/opendata/15059-ITP-AS-DCAGI-SC-059-15/4.-%20TR/4.pdf",
            "datePublished": "2015-08-13T05:00:00.000Z",
            "dateModified": "2015-08-13T05:00:00.000Z",
            "format": "html",
            "language": "es"
          }
        ]
      },
      "tender": {
        "id": "867202",
        "title": "Servicio de asesoria tecnica y capacitacion de nucleos agrarios (comisariado ejidales) para los 7 ejidos colindantes al predio del Nuevo Aeropuerto Internacional de la Ciudad de Mexico (NAICM).",
        "description": "Servicio de asesoria tecnica y capacitacion de nucleos agrarios (comisariado ejidales) para los 7 ejidos colindantes al predio del Nuevo Aeropuerto Internacional de la Ciudad de Mexico (NAICM).",
        "status": "active",
        "items": [
          {
            "id": "item-05639ff8-b663-49a4-8246-7a0dab0bab9b",
            "description": "Servicio de asesoria tecnica y capacitacion de nucleos agrarios (comisariado ejidales) para los 7 ejidos colindantes al predio del Nuevo AeropuertoInternacional de la Ciudad de Mexico (NAICM).",
            "classification": {
              "scheme": "EDIFICACION NO HABITACIONAL",
              "id": "6220"
            },
            "quantity": 1,
            "unit": {
              "name": "sop",
              "value": {
                "amount": 5215043.09,
                "currency": "MXN"
              }
            }
          }
        ],
        "value": {
          "amount": 6100000,
          "currency": "MXN"
        },
        "procurementMethod": "selective",
        "procurementMethodRationale": "Nacional",
        "metodoDeAdquisicion": "Invitación a tres",
        "awardCriteria": "bestValueToGoverment",
        "awardCriteriaDetails": "Presencial",
        "submissionMethod": [
          "Presencial"
        ],
        "tenderPeriod": {
          "endDate": "2015-08-10T05:00:00.000Z"
        },
        "enquiryPeriod": {
          "startDate": "2015-08-07T05:00:00.000Z",
          "endDate": "2015-07-08T05:00:00.000Z"
        },
        "eligibilityCriteria": "Ver documento adjunto",
        "awardPeriod": {
          "endDate": "2015-08-10T05:00:00.000Z"
        },
        "documents": [
          {
            "id": "doc-f09b0c18-9154-46ab-ac96-ca0b69595a64",
            "documentType": "Clarifications",
            "title": "Actas de la junta de aclaraciones",
            "description": "Actas de la junta de aclaraciones",
            "url": "http://189.211.120.220:8880/files/opendata/15059-ITP-AS-DCAGI-SC-059-15/9.-%20AJ/9.pdf",
            "datePublished": "2015-08-13T05:00:00.000Z",
            "dateModified": "2015-08-13T05:00:00.000Z",
            "format": "html",
            "language": "es"
          },
          {
            "id": "doc-21b9f52c-b9e5-4b32-8b51-52912cce0fcd",
            "documentType": "Tender Notice",
            "title": "Documento que contiene las especificaciones t?cnicas de la obra",
            "description": "Convocatoria al procedimiento de contratacion",
            "url": "http://189.211.120.220:8880/files/opendata/15059-ITP-AS-DCAGI-SC-059-15/8.-%20CC/8.pdf",
            "datePublished": "2015-08-13T05:00:00.000Z",
            "dateModified": "2015-08-13T05:00:00.000Z",
            "format": "html",
            "language": "es"
          },
          {
            "id": "doc-646f90b0-917e-4108-b906-36703fafbaeb",
            "documentType": "Tender Notice",
            "title": "Documento que describe los criterios de evaluaci?n",
            "description": "Convocatoria al procedimiento de contratacion",
            "url": "http://189.211.120.220:8880/files/opendata/15059-ITP-AS-DCAGI-SC-059-15/8.-%20CC/8.pdf",
            "datePublished": "2015-08-13T05:00:00.000Z",
            "dateModified": "2015-08-13T05:00:00.000Z",
            "format": "html",
            "language": "es"
          },
          {
            "id": "doc-73168ca6-cb47-4987-b451-64e32e429c53",
            "documentType": "Tender Notice",
            "title": "Documento que contiene los objetivos y caracter?sticas del contrato y proceso de licitaci?n",
            "description": "Convocatoria al procedimiento de contratacion",
            "url": "http://189.211.120.220:8880/files/opendata/15059-ITP-AS-DCAGI-SC-059-15/8.-%20CC/8.pdf",
            "datePublished": "2015-08-13T05:00:00.000Z",
            "dateModified": "2015-08-13T05:00:00.000Z",
            "format": "html",
            "language": "es"
          },
          {
            "id": "doc-788ca6f1-263d-409e-a6bd-28ca1d978a19",
            "documentType": "Tender Notice",
            "title": "Convocatoria al procedimiento de contrataci?n",
            "description": "Convocatoria al procedimiento de contratacion",
            "url": "http://189.211.120.220:8880/files/opendata/15059-ITP-AS-DCAGI-SC-059-15/8.-%20CC/8.pdf",
            "datePublished": "2015-08-13T05:00:00.000Z",
            "dateModified": "2015-08-13T05:00:00.000Z",
            "format": "html",
            "language": "es"
          },
          {
            "id": "doc-4a2ee398-1092-4bc5-a6cf-6e6fc31e529f",
            "documentType": "Tender Notice",
            "title": "Documento que describe los criterios que deben cumplir los licitantes",
            "description": "Convocatoria al procedimiento de contratacion",
            "url": "http://189.211.120.220:8880/files/opendata/15059-ITP-AS-DCAGI-SC-059-15/8.-%20CC/8.pdf",
            "datePublished": "2015-08-13T05:00:00.000Z",
            "dateModified": "2015-08-13T05:00:00.000Z",
            "format": "html",
            "language": "es"
          }
        ]
      },
      "buyer": {
        "identifier": {
          "scheme": "MK-009KDH999",
          "id": "GACM",
          "legalName": "Grupo Aeroportuario de la Ciudad de Mexico, S.A. de C.V.",
          "uri": "http://www.aeropuerto.gob.mx/"
        },
        "name": "Grupo Aeroportuario de la Ciudad de Mexico, S.A. de C.V.",
        "address": {
          "streetAddress": "AV. INSURGENTES SUR NO. 2453 PISO 2 OFICINA 203",
          "locality": "COL. TIZAPAN",
          "region": "DEL. ALVARO OBREGON",
          "postalCode": "01090",
          "countryName": "Mexico"
        },
        "contactPoint": {
          "name": "G05-DIRECCION CORPORATIVA DE ADMINISTRACION Y GESTION INMOBILIARIA",
          "url": "http://www.aeropuerto.gob.mx/"
        }
      },
      "awards": [
        {
          "id": "IA-009KDH999-N55-2015",
          "title": "Servicio de asesoria tecnica y capacitacion de nucleos agrarios (comisariado ejidales) para los 7 ejidos colindantes al predio del Nuevo Aeropuerto Internacional de la Ciudad de Mexico (NAICM).",
          "description": "Ver documento adjunto",
          "status": "active",
          "date": "2015-08-13T05:00:00.000Z",
          "value": {
            "amount": 5215043.09,
            "currency": "MXN"
          },
          "suppliers": [
            {
              "identifier": {
                "id": "CLE130917LR8",
                "legalName": "CORPORATIVO LEMARC S.A DE C.V."
              },
              "name": "CORPORATIVO LEMARC S.A DE C.V.",
              "address": {
                "streetAddress": "3er Retorno Lago de Chapultepec numero 31, Manzana 12, Lote 9",
                "locality": "Fraccionamiento Jardines de Morelos seccion Lagos",
                "region": "Ecatepec de Morelos",
                "postalCode": "55070",
                "countryName": "Mexico"
              }
            }
          ],
          "items": [
            {
              "id": "item-2a2db5f7-6853-495a-9368-593b6e71761e",
              "description": "Servicio de asesoria tecnica y capacitacion de nucleos agrarios (comisariado ejidales) para los 7 ejidos colindantes al predio del Nuevo AeropuertoInternacional de la Ciudad de Mexico (NAICM).",
              "classification": {
                "scheme": "EDIFICACION NO HABITACIONAL",
                "id": "6220"
              },
              "quantity": 1,
              "unit": {
                "name": "sop",
                "value": {
                  "amount": 5215043.09,
                  "currency": "MXN"
                }
              }
            }
          ],
          "contractPeriod": {
            "startDate": "2015-08-19T05:00:00.000Z",
            "endDate": "2015-12-31T06:00:00.000Z"
          },
          "documents": [
            {
              "id": "doc-a4ee1765-022d-4807-ba16-9a014bff0e2e",
              "documentType": "Award Notice",
              "title": "Fallo",
              "description": "Acta de fallo",
              "url": "http://189.211.120.220:8880/files/opendata/15059-ITP-AS-DCAGI-SC-059-15/12.-%20AF/12.pdf",
              "datePublished": "2015-08-13T05:00:00.000Z",
              "dateModified": "2015-08-13T05:00:00.000Z",
              "format": "html",
              "language": "es"
            },
            {
              "id": "doc-0c5416fe-0dab-4ee5-804e-d1c323061f01",
              "documentType": "Award Notice",
              "title": "Fallo",
              "description": "Descripcion del acto de presentacion y apertura de proposiciones",
              "url": "http://189.211.120.220:8880/files/opendata/15059-ITP-AS-DCAGI-SC-059-15/10.-%20AP/10.pdf",
              "datePublished": "2015-08-13T05:00:00.000Z",
              "dateModified": "2015-08-13T05:00:00.000Z",
              "format": "html",
              "language": "es"
            }
          ]
        }
      ],
      "contracts": [
        {
          "id": "ITP-AS-DCAGI-SC-059-15",
          "awardID": "IA-009KDH999-N55-2015",
          "title": "Servicio de asesoria tecnica y capacitacion de nucleos agrarios (comisariado ejidales) para los 7 ejidos colindantes al predio del Nuevo Aeropuerto Internacional de la Ciudad de Mexico (NAICM).",
          "description": "Ver documento adjunto",
          "status": "active",
          "period": {
            "startDate": "2015-08-19T05:00:00.000Z",
            "endDate": "2015-12-31T06:00:00.000Z"
          },
          "value": {
            "amount": 5215043.09,
            "currency": "MXN"
          },
          "items": [
            {
              "id": "item-9cc5e788-da95-4dd7-94b8-c314f8333cb5",
              "description": "Servicio de asesoria tecnica y capacitacion de nucleos agrarios (comisariado ejidales) para los 7 ejidos colindantes al predio del Nuevo AeropuertoInternacional de la Ciudad de Mexico (NAICM).",
              "classification": {
                "scheme": "EDIFICACION NO HABITACIONAL",
                "id": "6220"
              },
              "quantity": 1,
              "unit": {
                "name": "sop",
                "value": {
                  "amount": 5215043.09,
                  "currency": "MXN"
                }
              }
            }
          ],
          "dateSigned": "2015-08-19T05:00:00.000Z",
          "documents": [
            {
              "id": "doc-13ea7314-f098-46a9-b07e-93cf5037f5f2",
              "documentType": "Contract Signed",
              "title": "Cl?usula sobre las condiciones de entrega de la obra",
              "description": "Contrato firmado",
              "url": "http://189.211.120.220:8880/files/opendata/15059-ITP-AS-DCAGI-SC-059-15/15.-%20CF/15.pdf",
              "datePublished": "2015-08-13T05:00:00.000Z",
              "dateModified": "2015-08-13T05:00:00.000Z",
              "format": "html",
              "language": "es"
            },
            {
              "id": "doc-37c82613-c70e-4db4-b8cb-34129a053f95",
              "documentType": "Contract Signed",
              "title": "Contrato firmado",
              "description": "Contrato firmado",
              "url": "http://189.211.120.220:8880/files/opendata/15059-ITP-AS-DCAGI-SC-059-15/15.-%20CF/15.pdf",
              "datePublished": "2015-08-13T05:00:00.000Z",
              "dateModified": "2015-08-13T05:00:00.000Z",
              "format": "html",
              "language": "es"
            },
            {
              "id": "doc-522219e7-278b-4765-9056-39a8203e7347",
              "documentType": "Contract Guarantees",
              "title": "Fianza de anticipo",
              "description": "Garantia sobre el anticipo",
              "url": "http://189.211.120.220:8880/files/opendata/15059-ITP-AS-DCAGI-SC-059-15/17.-%20GA/17.pdf",
              "datePublished": "2015-08-13T05:00:00.000Z",
              "dateModified": "2015-08-13T05:00:00.000Z",
              "format": "html",
              "language": "es"
            },
            {
              "id": "doc-bf718d48-b590-439a-a9ec-2067e5404266",
              "documentType": "Contract Guarantees",
              "title": "Fianza de cumplimiento",
              "description": "Garantias de cumplimiento",
              "url": "http://189.211.120.220:8880/files/opendata/15059-ITP-AS-DCAGI-SC-059-15/18.-%20GC/18.pdf",
              "datePublished": "2015-08-13T05:00:00.000Z",
              "dateModified": "2015-08-13T05:00:00.000Z",
              "format": "html",
              "language": "es"
            }
          ]
        }
      ],
      "language": "es"
    }
  ],
  "publisher": {
    "name": "GACM",
    "scheme": "SERVICIO",
    "uid": "AS",
    "uri": "http://www.aeropuerto.gob.mx/"
  },
  "license": "https://datos.gob.mx/libreusomx/",
  "publicationPolicy": "https://datos.gob.mx/libreusomx/"
}
