{
  "uri": "https://datos.gob.mx/busca/dataset?organization=gacm",
  "publishedDate": "2017-02-15T16:48:25.601Z",
  "releases": [
    {
      "ocid": "216",
      "id": "RELEASE_216_2017-02-15T16:48:25.601Z",
      "date": "2017-02-08T06:00:00.000Z",
      "tag": [
        "contract"
      ],
      "initiationType": "tender",
      "planning": {
        "budget": {
          "source": "http://www.apartados.hacienda.gob.mx/presupuesto/temas/pef/2015/docs/09/r09_kdh_pie.pdf",
          "id": "Realizacion de los Servicios Consistentes en la Mecanica de Suelos, Levantamiento Topografico y Elaboracion de Ingenieria Basica de: S.E. Maniobras Ae-CU-XLP A)",
          "description": "Presupuesto de Egresos de la Federacion 2015 y 2016",
          "amount": {
            "amount": 3800000,
            "currency": "MXN"
          },
          "project": "Nuevo Aeropuerto Internacional de la Ciudad de Mexico",
          "projectID": "46101",
          "uri": "http://www.apartados.hacienda.gob.mx/presupuesto/temas/pef/2015/docs/09/r09_kdh_pie.pdf"
        },
        "rationale": "Realizacion de los Servicios Consistentes en la Mecanica de Suelos, Levantamiento Topografico y Elaboracion de Ingenieria Basica de: S.E. Maniobras Ae-CU-XLP A)",
        "documents": [
          {
            "id": "doc-e1e5bc7f-4e07-4dcc-acb0-6aa997bf2bc3",
            "documentType": "projectPlan",
            "title": "Proyecto ejecutivo de la obra",
            "description": "Terminos de referencia",
            "url": "http://189.211.120.220:8880/files/opendata/15017-GACM-DCI-SJ-CM-E-017-2015/4.-%20TR/4.pdf",
            "datePublished": "2015-11-19T06:00:00.000Z",
            "dateModified": "2015-11-19T06:00:00.000Z",
            "format": "html",
            "language": "es"
          }
        ]
      },
      "tender": {
        "id": "No aplica",
        "title": "Realizacion de los Servicios Consistentes en la Mecanica de Suelos, Levantamiento Topografico y Elaboracion de Ingenieria Basica de: S.E. Maniobras Ae-CU-XLP A)",
        "description": "Realizacion de los Servicios Consistentes en la Mecanica de Suelos, Levantamiento Topografico y Elaboracion de Ingenieria Basica de: S.E. Maniobras Ae-CU-XLP A)",
        "status": "active",
        "items": [
          {
            "id": "item-7fcdc580-a173-4016-bf33-000293a5f15e",
            "description": "Realizacion de los Servicios Consistentes en la Mecanica de Suelos, Levantamiento Topografico y Elaboracion de Ingenieria Basica de: S.E. Maniobras A3-CU-XLP A)",
            "classification": {
              "scheme": "EDIFICACION NO HABITACIONAL",
              "id": "6220"
            },
            "quantity": 1,
            "unit": {
              "name": "sop",
              "value": {
                "amount": 3246873.25,
                "currency": "MXN"
              }
            }
          }
        ],
        "minValue": {
          "currency": "MXN"
        },
        "value": {
          "amount": 3800000,
          "currency": "MXN"
        },
        "procurementMethod": "open",
        "procurementMethodRationale": "Nacional",
        "metodoDeAdquisicion": "Convenio de colaboración",
        "awardCriteria": "bestValueToGoverment",
        "awardCriteriaDetails": "Presencial",
        "submissionMethod": [
          "Presencial"
        ],
        "eligibilityCriteria": "Ver documento adjunto",
        "documents": [
          {
            "id": "doc-1b905e0b-d6f7-41ca-84db-bc7dfd90fe6f",
            "documentType": "Clarifications",
            "title": "Actas de la junta de aclaraciones",
            "description": "Actas de la junta de aclaraciones",
            "url": "http://189.211.120.220:8880/files/opendata/15017-GACM-DCI-SJ-CM-E-017-2015/9.-%20AJ/9.pdf",
            "datePublished": "2015-11-19T06:00:00.000Z",
            "dateModified": "2015-11-19T06:00:00.000Z",
            "format": "html",
            "language": "es"
          },
          {
            "id": "doc-078ec56f-5aa6-4482-bb8f-648dbf27e2de",
            "documentType": "Tender Notice",
            "title": "Documento que describe los criterios que deben cumplir los licitantes",
            "description": "Convocatoria al procedimiento de contratacion",
            "url": "http://189.211.120.220:8880/files/opendata/15017-GACM-DCI-SJ-CM-E-017-2015/8.-%20CC/8.pdf",
            "datePublished": "2015-11-19T06:00:00.000Z",
            "dateModified": "2015-11-19T06:00:00.000Z",
            "format": "html",
            "language": "es"
          },
          {
            "id": "doc-c4816f1f-f8b4-4fdc-80b5-29e711adf85d",
            "documentType": "Tender Notice",
            "title": "Documento que contiene los objetivos y caracter?sticas del contrato y proceso de licitaci?n",
            "description": "Convocatoria al procedimiento de contratacion",
            "url": "http://189.211.120.220:8880/files/opendata/15017-GACM-DCI-SJ-CM-E-017-2015/8.-%20CC/8.pdf",
            "datePublished": "2015-11-19T06:00:00.000Z",
            "dateModified": "2015-11-19T06:00:00.000Z",
            "format": "html",
            "language": "es"
          },
          {
            "id": "doc-ad6ad97a-e70e-4802-9499-c11209f57902",
            "documentType": "Tender Notice",
            "title": "Documento que contiene las especificaicones t?cnicas de la obra",
            "description": "Convocatoria al procedimiento de contratacion",
            "url": "http://189.211.120.220:8880/files/opendata/15017-GACM-DCI-SJ-CM-E-017-2015/8.-%20CC/8.pdf",
            "datePublished": "2015-11-19T06:00:00.000Z",
            "dateModified": "2015-11-19T06:00:00.000Z",
            "format": "html",
            "language": "es"
          },
          {
            "id": "doc-90101869-d35d-41f6-a256-59cab5588b00",
            "documentType": "Tender Notice",
            "title": "Convocatoria al procedimiento de contrataci?n",
            "description": "Convocatoria al procedimiento de contratacion",
            "url": "http://189.211.120.220:8880/files/opendata/15017-GACM-DCI-SJ-CM-E-017-2015/8.-%20CC/8.pdf",
            "datePublished": "2015-11-19T06:00:00.000Z",
            "dateModified": "2015-11-19T06:00:00.000Z",
            "format": "html",
            "language": "es"
          },
          {
            "id": "doc-d31cdf17-65b8-492f-b802-eb83d9e64c81",
            "documentType": "Tender Notice",
            "title": "Documento que describe los criterios de evaluaci?n",
            "description": "Convocatoria al procedimiento de contratacion",
            "url": "http://189.211.120.220:8880/files/opendata/15017-GACM-DCI-SJ-CM-E-017-2015/8.-%20CC/8.pdf",
            "datePublished": "2015-11-19T06:00:00.000Z",
            "dateModified": "2015-11-19T06:00:00.000Z",
            "format": "html",
            "language": "es"
          }
        ]
      },
      "buyer": {
        "identifier": {
          "scheme": "MK-009KDH999",
          "id": "GACM",
          "legalName": "Grupo Aeroportuario de la Ciudad de Mexico, S.A. de C.V.",
          "uri": "http://www.aeropuerto.gob.mx/"
        },
        "name": "Grupo Aeroportuario de la Ciudad de Mexico, S.A. de C.V.",
        "address": {
          "streetAddress": "AV. INSURGENTES SUR NO. 2453 PISO 2 OFICINA 203",
          "locality": "COL. TIZAPAN",
          "region": "DEL. ALVARO OBREGON",
          "postalCode": "01090",
          "countryName": "Mexico"
        },
        "contactPoint": {
          "name": "G05-DIRECCION CORPORATIVA DE ADMINISTRACION Y GESTION INMOBILIARIA",
          "url": "http://www.aeropuerto.gob.mx/"
        }
      },
      "awards": [
        {
          "id": "No aplica",
          "title": "Realizacion de los Servicios Consistentes en la Mecanica de Suelos, Levantamiento Topografico y Elaboracion de Ingenieria Basica de: S.E. Maniobras Ae-CU-XLP A)",
          "description": "Ver documento adjunto",
          "status": "active",
          "value": {
            "amount": 3246873.25,
            "currency": "MXN"
          },
          "suppliers": [
            {
              "identifier": {
                "id": "3708140I0",
                "legalName": "COMISION FEDERAL DE ELECTRICIDAD"
              },
              "name": "COMISION FEDERAL DE ELECTRICIDAD",
              "address": {
                "streetAddress": "Insurgentes Sur No 1971, Torre IV, Piso 6",
                "locality": "Guadalupe Inn",
                "region": "Alvaro Obregon",
                "postalCode": "1020",
                "countryName": "Mexico"
              }
            }
          ],
          "items": [
            {
              "id": "item-6baca1c9-01ef-4088-ba7b-30bc0d05b493",
              "description": "Realizacion de los Servicios Consistentes en la Mecanica de Suelos, Levantamiento Topografico y Elaboracion de Ingenieria Basica de: S.E. Maniobras A3-CU-XLP A)",
              "classification": {
                "scheme": "EDIFICACION NO HABITACIONAL",
                "id": "6220"
              },
              "quantity": 1,
              "unit": {
                "name": "sop",
                "value": {
                  "amount": 3246873.25,
                  "currency": "MXN"
                }
              }
            }
          ],
          "contractPeriod": {
            "startDate": "2015-11-19T06:00:00.000Z",
            "endDate": "2015-12-20T06:00:00.000Z"
          },
          "documents": [
            {
              "id": "doc-95f02f67-fc20-450a-8e73-433a2dae140a",
              "documentType": "Award Notice",
              "title": "Fallo",
              "description": "Acta de fallo",
              "url": "http://189.211.120.220:8880/files/opendata/15017-GACM-DCI-SJ-CM-E-017-2015/12.-%20AF/12.pdf",
              "datePublished": "2015-11-19T06:00:00.000Z",
              "dateModified": "2015-11-19T06:00:00.000Z",
              "format": "html",
              "language": "es"
            },
            {
              "id": "doc-acf5d070-1021-4ccd-853f-7666cb7ebc43",
              "documentType": "Award Notice",
              "title": "Fallo",
              "description": "Descripcion del acto de presentacion y apertura de proposiciones",
              "url": "http://189.211.120.220:8880/files/opendata/15017-GACM-DCI-SJ-CM-E-017-2015/10.-%20AP/10.pdf",
              "datePublished": "2015-11-19T06:00:00.000Z",
              "dateModified": "2015-11-19T06:00:00.000Z",
              "format": "html",
              "language": "es"
            }
          ]
        }
      ],
      "contracts": [
        {
          "id": "GACM/DCI/SJ/CM-E/017-2015",
          "awardID": "No aplica",
          "title": "Realizacion de los Servicios Consistentes en la Mecanica de Suelos, Levantamiento Topografico y Elaboracion de Ingenieria Basica de: S.E. Maniobras Ae-CU-XLP A)",
          "description": "Ver documento adjunto",
          "status": "active",
          "period": {
            "startDate": "2015-11-19T06:00:00.000Z",
            "endDate": "2015-12-20T06:00:00.000Z"
          },
          "value": {
            "amount": 3246873.25,
            "currency": "MXN"
          },
          "items": [
            {
              "id": "item-72334320-8192-439a-8094-543485d992fe",
              "description": "Realizacion de los Servicios Consistentes en la Mecanica de Suelos, Levantamiento Topografico y Elaboracion de Ingenieria Basica de: S.E. Maniobras A3-CU-XLP A)",
              "classification": {
                "scheme": "EDIFICACION NO HABITACIONAL",
                "id": "6220"
              },
              "quantity": 1,
              "unit": {
                "name": "sop",
                "value": {
                  "amount": 3246873.25,
                  "currency": "MXN"
                }
              }
            }
          ],
          "dateSigned": "2015-11-19T06:00:00.000Z",
          "documents": [
            {
              "id": "doc-c57a26c9-1bbc-49da-8ad9-142f037d8291",
              "documentType": "Contract Signed",
              "title": "Cl?usula sobre las condiciones de entrega de la obra",
              "description": "Contrato firmado",
              "url": "http://189.211.120.220:8880/files/opendata/15017-GACM-DCI-SJ-CM-E-017-2015/15.-%20CF/15.pdf",
              "datePublished": "2015-11-19T06:00:00.000Z",
              "dateModified": "2015-11-19T06:00:00.000Z",
              "format": "html",
              "language": "es"
            },
            {
              "id": "doc-495a342d-9293-4572-b088-91ef6ec5fa32",
              "documentType": "Contract Signed",
              "title": "Contrato firmado",
              "description": "Contrato firmado",
              "url": "http://189.211.120.220:8880/files/opendata/15017-GACM-DCI-SJ-CM-E-017-2015/15.-%20CF/15.pdf",
              "datePublished": "2015-11-19T06:00:00.000Z",
              "dateModified": "2015-11-19T06:00:00.000Z",
              "format": "html",
              "language": "es"
            },
            {
              "id": "doc-a7893914-14a5-4c40-8a3d-1154225e5660",
              "documentType": "Contract Guarantees",
              "title": "Fianza de anticipo",
              "description": "Garantia sobre el anticipo",
              "url": "http://189.211.120.220:8880/files/opendata/15017-GACM-DCI-SJ-CM-E-017-2015/17.-%20GA/17.pdf",
              "datePublished": "2015-11-19T06:00:00.000Z",
              "dateModified": "2015-11-19T06:00:00.000Z",
              "format": "html",
              "language": "es"
            },
            {
              "id": "doc-82afb06b-6829-4bdb-b946-7cf5fcb3dc77",
              "documentType": "Contract Guarantees",
              "title": "Fianza de cumplimiento",
              "description": "Garantias de cumplimiento",
              "url": "http://189.211.120.220:8880/files/opendata/15017-GACM-DCI-SJ-CM-E-017-2015/18.-%20GC/18.pdf",
              "datePublished": "2015-11-19T06:00:00.000Z",
              "dateModified": "2015-11-19T06:00:00.000Z",
              "format": "html",
              "language": "es"
            }
          ]
        }
      ],
      "language": "es"
    }
  ],
  "publisher": {
    "name": "GACM",
    "scheme": "SERVICIO",
    "uid": "AS",
    "uri": "http://www.aeropuerto.gob.mx/"
  },
  "license": "https://datos.gob.mx/libreusomx/",
  "publicationPolicy": "https://datos.gob.mx/libreusomx/"
}
