{
  "uri": "https://datos.gob.mx/busca/dataset?organization=gacm",
  "publishedDate": "2017-02-15T16:48:26.203Z",
  "releases": [
    {
      "ocid": "217",
      "id": "RELEASE_217_2017-02-15T16:48:26.202Z",
      "date": "2017-02-09T06:00:00.000Z",
      "tag": [
        "contract"
      ],
      "initiationType": "tender",
      "planning": {
        "budget": {
          "source": "http://www.apartados.hacienda.gob.mx/presupuesto/temas/pef/2015/docs/09/r09_kdh_pie.pdf",
          "id": "Arrendamiento Torre Murano Piso 1",
          "description": "Presupuesto de Egresos de la Federacion 2015, 2016 y 2017",
          "amount": {
            "amount": 7417573.6,
            "currency": "MXN"
          },
          "project": "Nuevo Aeropuerto Internacional de la Ciudad de Mexico",
          "projectID": "46101",
          "uri": "http://www.apartados.hacienda.gob.mx/presupuesto/temas/pef/2015/docs/09/r09_kdh_pie.pdf"
        },
        "rationale": "Arrendamiento Torre Murano Piso 1",
        "documents": [
          {
            "id": "doc-06e19af5-abab-4346-b4e4-d60f3eff3c3e",
            "documentType": "projectPlan",
            "title": "Proyecto ejecutivo de la obra",
            "description": "Terminos de referencia",
            "url": "http://189.211.120.220:8880/files/opendata/15001-CTO.ARRENDAMIENTO.T.MURANO.01-15/4.-%20TR/4.pdf",
            "datePublished": "2015-10-19T05:00:00.000Z",
            "dateModified": "2015-10-19T05:00:00.000Z",
            "format": "html",
            "language": "es"
          }
        ]
      },
      "tender": {
        "id": "No aplica",
        "title": "Arrendamiento de  Torre Murano Piso 1",
        "description": "Arrendamiento Torre Murano Piso 1",
        "status": "active",
        "items": [
          {
            "id": "item-26228a22-918a-4308-9cde-6b38ca2950c2",
            "description": "Arrendamiento Torre Murano Piso 1",
            "classification": {
              "scheme": "ARRENDAMIENTO DE EDIFICIOS",
              "id": "3220"
            },
            "quantity": 1,
            "unit": {
              "name": "srv",
              "value": {
                "amount": 4893250,
                "currency": "MXN"
              }
            }
          }
        ],
        "value": {
          "amount": 7417573.6,
          "currency": "MXN"
        },
        "procurementMethod": "limited",
        "procurementMethodRationale": "Nacional",
        "metodoDeAdquisicion": "Adjudicación directa",
        "awardCriteria": "bestValueToGoverment",
        "awardCriteriaDetails": "No aplica",
        "submissionMethod": [
          "No aplica"
        ],
        "eligibilityCriteria": "Ver documento adjunto",
        "documents": [
          {
            "id": "doc-99b963d0-827e-4ff3-9935-1bf2f147bce3",
            "documentType": "Clarifications",
            "title": "Actas de la junta de aclaraciones",
            "description": "Actas de la junta de aclaraciones",
            "url": "http://189.211.120.220:8880/files/opendata/15001-CTO.ARRENDAMIENTO.T.MURANO.01-15/9.-%20AJ/9.pdf",
            "datePublished": "2015-10-19T05:00:00.000Z",
            "dateModified": "2015-10-19T05:00:00.000Z",
            "format": "html",
            "language": "es"
          },
          {
            "id": "doc-6b0aec93-4399-49a5-b39f-a821a8855b6c",
            "documentType": "Tender Notice",
            "title": "Documento que contiene las especificaciones t?cnicas de la obra",
            "description": "Convocatoria al procedimiento de contratacion",
            "url": "http://189.211.120.220:8880/files/opendata/15001-CTO.ARRENDAMIENTO.T.MURANO.01-15/8.-%20CC/8.pdf",
            "datePublished": "2015-10-19T05:00:00.000Z",
            "dateModified": "2015-10-19T05:00:00.000Z",
            "format": "html",
            "language": "es"
          },
          {
            "id": "doc-9c92b1a0-c468-418a-bd50-a61646dd3d8c",
            "documentType": "Tender Notice",
            "title": "Documento que describe los criterios de evaluaci?n",
            "description": "Convocatoria al procedimiento de contratacion",
            "url": "http://189.211.120.220:8880/files/opendata/15001-CTO.ARRENDAMIENTO.T.MURANO.01-15/8.-%20CC/8.pdf",
            "datePublished": "2015-10-19T05:00:00.000Z",
            "dateModified": "2015-10-19T05:00:00.000Z",
            "format": "html",
            "language": "es"
          },
          {
            "id": "doc-b9cc3c6f-e667-4b74-acce-5f2769a39eaf",
            "documentType": "Tender Notice",
            "title": "Documento que contiene los objetivos y caracter?sticas del contrato y proceso de licitaci?n",
            "description": "Convocatoria al procedimiento de contratacion",
            "url": "http://189.211.120.220:8880/files/opendata/15001-CTO.ARRENDAMIENTO.T.MURANO.01-15/8.-%20CC/8.pdf",
            "datePublished": "2015-10-19T05:00:00.000Z",
            "dateModified": "2015-10-19T05:00:00.000Z",
            "format": "html",
            "language": "es"
          },
          {
            "id": "doc-e009dca0-ab5a-4544-a9d8-a8ca844de5cd",
            "documentType": "Tender Notice",
            "title": "Convocatoria al procedimiento de contrataci?n",
            "description": "Convocatoria al procedimiento de contratacion",
            "url": "http://189.211.120.220:8880/files/opendata/15001-CTO.ARRENDAMIENTO.T.MURANO.01-15/8.-%20CC/8.pdf",
            "datePublished": "2015-10-19T05:00:00.000Z",
            "dateModified": "2015-10-19T05:00:00.000Z",
            "format": "html",
            "language": "es"
          },
          {
            "id": "doc-cab3fb09-5df2-4471-a22c-a0927730f1a4",
            "documentType": "Tender Notice",
            "title": "Documento que describe los criterios que deben cumplir los licitantes",
            "description": "Convocatoria al procedimiento de contratacion",
            "url": "http://189.211.120.220:8880/files/opendata/15001-CTO.ARRENDAMIENTO.T.MURANO.01-15/8.-%20CC/8.pdf",
            "datePublished": "2015-10-19T05:00:00.000Z",
            "dateModified": "2015-10-19T05:00:00.000Z",
            "format": "html",
            "language": "es"
          }
        ]
      },
      "buyer": {
        "identifier": {
          "scheme": "MK-009KDH999",
          "id": "GACM",
          "legalName": "Grupo Aeroportuario de la Ciudad de Mexico, S.A. de C.V.",
          "uri": "http://www.aeropuerto.gob.mx/"
        },
        "name": "Grupo Aeroportuario de la Ciudad de Mexico, S.A. de C.V.",
        "address": {
          "streetAddress": "AV. INSURGENTES SUR NO. 2453 PISO 2 OFICINA 203",
          "locality": "COL. TIZAPAN",
          "region": "DEL. ALVARO OBREGON",
          "postalCode": "01090",
          "countryName": "Mexico"
        },
        "contactPoint": {
          "name": "G05-DIRECCION CORPORATIVA DE ADMINISTRACION Y GESTION INMOBILIARIA",
          "url": "http://www.aeropuerto.gob.mx/"
        }
      },
      "awards": [
        {
          "id": "No aplica",
          "title": "Arrendamiento de Torre Murano Piso 1",
          "description": "Ver documento adjunto",
          "status": "active",
          "value": {
            "amount": 4893250,
            "currency": "MXN"
          },
          "suppliers": [
            {
              "identifier": {
                "id": "BMF020529L22",
                "legalName": "Banca MIFEL, S.A."
              },
              "name": "Banca MIFEL, S.A.",
              "address": {
                "streetAddress": "Av. Periferico Sur No. 4118",
                "locality": "Jardines del Pedregal",
                "region": "Alvaro Obregon",
                "postalCode": "1900",
                "countryName": "Mexico"
              }
            }
          ],
          "items": [
            {
              "id": "item-8395592b-1e55-4804-a301-9eab30ac3984",
              "description": "Arrendamiento Torre Murano Piso 1",
              "classification": {
                "scheme": "ARRENDAMIENTO DE EDIFICIOS",
                "id": "3220"
              },
              "quantity": 1,
              "unit": {
                "name": "srv",
                "value": {
                  "amount": 4893250,
                  "currency": "MXN"
                }
              }
            }
          ],
          "contractPeriod": {
            "startDate": "2015-10-19T05:00:00.000Z",
            "endDate": "2017-09-14T05:00:00.000Z"
          },
          "documents": [
            {
              "id": "doc-4171ad55-882f-4618-9ddf-5ed612f11074",
              "documentType": "Award Notice",
              "title": "Fallo",
              "description": "Acta de fallo",
              "url": "http://189.211.120.220:8880/files/opendata/15001-CTO.ARRENDAMIENTO.T.MURANO.01-15/12.-%20AF/12.pdf",
              "datePublished": "2015-10-19T05:00:00.000Z",
              "dateModified": "2015-10-19T05:00:00.000Z",
              "format": "html",
              "language": "es"
            },
            {
              "id": "doc-23833c3a-d10a-48e6-9413-511fa818e02c",
              "documentType": "Award Notice",
              "title": "Fallo",
              "description": "Descripcion del acto de presentacion y apertura de proposiciones",
              "url": "http://189.211.120.220:8880/files/opendata/15001-CTO.ARRENDAMIENTO.T.MURANO.01-15/10.-%20AP/10.pdf",
              "datePublished": "2015-10-19T05:00:00.000Z",
              "dateModified": "2015-10-19T05:00:00.000Z",
              "format": "html",
              "language": "es"
            }
          ]
        }
      ],
      "contracts": [
        {
          "id": "CTO.ARRENDAMIENTO.T.MURANO.01/15",
          "awardID": "No aplica",
          "title": "Arrendamiento de Torre Murano Piso 1",
          "description": "Ver documento adjunto",
          "status": "active",
          "period": {
            "startDate": "2015-10-19T05:00:00.000Z",
            "endDate": "2017-09-14T05:00:00.000Z"
          },
          "value": {
            "amount": 4893250,
            "currency": "MXN"
          },
          "items": [
            {
              "id": "item-fe1481bf-df6d-4351-b826-eff62b9b0957",
              "description": "Arrendamiento Torre Murano Piso 1",
              "classification": {
                "scheme": "ARRENDAMIENTO DE EDIFICIOS",
                "id": "3220"
              },
              "quantity": 1,
              "unit": {
                "name": "srv",
                "value": {
                  "amount": 4893250,
                  "currency": "MXN"
                }
              }
            }
          ],
          "dateSigned": "2015-10-19T05:00:00.000Z",
          "documents": [
            {
              "id": "doc-8fa1e1e7-cfab-4772-bd62-095ce3a3aa3e",
              "documentType": "Contract Signed",
              "title": "Cl?usula sobre las condiciones de entrega de la obra",
              "description": "Contrato firmado",
              "url": "http://189.211.120.220:8880/files/opendata/15001-CTO.ARRENDAMIENTO.T.MURANO.01-15/15.-%20CF/15.pdf",
              "datePublished": "2015-10-19T05:00:00.000Z",
              "dateModified": "2015-10-19T05:00:00.000Z",
              "format": "html",
              "language": "es"
            },
            {
              "id": "doc-32df65bb-9b65-498f-a5d0-c86cc97a0b99",
              "documentType": "Contract Signed",
              "title": "Contrato firmado",
              "description": "Contrato firmado",
              "url": "http://189.211.120.220:8880/files/opendata/15001-CTO.ARRENDAMIENTO.T.MURANO.01-15/15.-%20CF/15.pdf",
              "datePublished": "2015-10-19T05:00:00.000Z",
              "dateModified": "2015-10-19T05:00:00.000Z",
              "format": "html",
              "language": "es"
            },
            {
              "id": "doc-fbd4b04b-496e-4977-80ca-70832f11fbaa",
              "documentType": "Contract Guarantees",
              "title": "Fianza de anticipo",
              "description": "Garantia sobre el anticipo",
              "url": "http://189.211.120.220:8880/files/opendata/15001-CTO.ARRENDAMIENTO.T.MURANO.01-15/17.-%20GA/17.pdf",
              "datePublished": "2015-10-19T05:00:00.000Z",
              "dateModified": "2015-10-19T05:00:00.000Z",
              "format": "html",
              "language": "es"
            },
            {
              "id": "doc-99aa3488-051f-4b50-83ad-aee615f13885",
              "documentType": "Contract Guarantees",
              "title": "Fianza de cumplimiento",
              "description": "Garantias de cumplimiento",
              "url": "http://189.211.120.220:8880/files/opendata/15001-CTO.ARRENDAMIENTO.T.MURANO.01-15/18.-%20GC/18.pdf",
              "datePublished": "2015-10-19T05:00:00.000Z",
              "dateModified": "2015-10-19T05:00:00.000Z",
              "format": "html",
              "language": "es"
            }
          ]
        }
      ],
      "language": "es"
    }
  ],
  "publisher": {
    "name": "GACM",
    "scheme": "SERVICIO",
    "uid": "AS",
    "uri": "http://www.aeropuerto.gob.mx/"
  },
  "license": "https://datos.gob.mx/libreusomx/",
  "publicationPolicy": "https://datos.gob.mx/libreusomx/"
}
