{
  "uri": "https://datos.gob.mx/busca/dataset?organization=gacm",
  "publishedDate": "2017-02-15T16:48:25.330Z",
  "releases": [
    {
      "ocid": "219",
      "id": "RELEASE_219_2017-02-15T16:48:25.329Z",
      "date": "2017-02-08T06:00:00.000Z",
      "tag": [
        "contract"
      ],
      "initiationType": "tender",
      "planning": {
        "budget": {
          "source": "http://www.apartados.hacienda.gob.mx/presupuesto/temas/pef/2016/docs/09/r09_kdh_pie.pdf",
          "id": "APORTACIONES A FIDEICOMISOS PUBLICOS",
          "description": "RECURSOS FISCALES",
          "amount": {
            "amount": 294205.12,
            "currency": "MXN"
          },
          "project": "Nuevo Aeropuerto Internacional de la Ciudad de Mexico",
          "projectID": "46101",
          "uri": "http://www.apartados.hacienda.gob.mx/presupuesto/temas/pef/2016/docs/09/r09_kdh_pie.pdf"
        },
        "rationale": "Servicio de Testigo Social para que Atestigue las Etapas del Procedimiento del la Licitacion Publica Internacional del Proyecto Denominado Desarrollode Ingenieria de Detalle y Construccion de Subestaciones y Acometida Electrica del Nuevo Aeropuerto Internacional de la Ciudad de Mexico (NAICM).",
        "documents": [
          {
            "id": "doc-36cc5ddc-0925-4967-8092-0a29f55db5e3",
            "documentType": "projectPlan",
            "title": "Proyecto ejecutivo de la obra",
            "description": "Terminos de referencia",
            "url": "http://189.211.120.220:8880/files/opendata/16014-AD-AS-DCAGI-SC-014-16/4.-%20TR/4.pdf",
            "datePublished": "2016-02-25T06:00:00.000Z",
            "dateModified": "2016-02-25T06:00:00.000Z",
            "format": "html",
            "language": "es"
          }
        ]
      },
      "tender": {
        "id": "1109190?",
        "title": "Servicio de Testigo Social para que Atestigue las Etapas del Procedimiento del la Licitacion Publica Internacional del Proyecto Denominado Desarrollode Ingenieria de Detalle y Construccion de Subestaciones y Acometida Electrica del Nuevo Aeropuerto Internacional de la Ciudad de Mexico (NAICM).",
        "description": "Servicio de Testigo Social para que Atestigue las Etapas del Procedimiento del la Licitacion Publica Internacional del Proyecto Denominado Desarrollode Ingenieria de Detalle y Construccion de Subestaciones y Acometida Electrica del Nuevo Aeropuerto Internacional de la Ciudad de Mexico (NAICM).",
        "status": "active",
        "items": [
          {
            "id": "item-73ca63ea-940b-4727-94b7-01712df99b7a",
            "description": "Servicio de Testigo Social para que Atestigue las Etapas del Procedimiento del la Licitacion Publica Internacional del Proyecto Denominado Desarroll",
            "classification": {
              "scheme": "EDIFICACION NO HABITACIONAL",
              "id": "6220"
            },
            "quantity": 1,
            "unit": {
              "name": "srv",
              "value": {
                "amount": 269225.44,
                "currency": "MXN"
              }
            }
          }
        ],
        "value": {
          "amount": 294205.12,
          "currency": "MXN"
        },
        "procurementMethod": "limited",
        "procurementMethodRationale": "Nacional",
        "metodoDeAdquisicion": "Adjudicación directa",
        "awardCriteria": "bestValueToGoverment",
        "awardCriteriaDetails": "No aplica",
        "submissionMethod": [
          "Presencial"
        ],
        "eligibilityCriteria": "Ver documento adjunto",
        "documents": [
          {
            "id": "doc-eebae756-1c8c-462c-b95c-2ec34d12c6a0",
            "documentType": "Clarifications",
            "title": "Actas de la junta de aclaraciones",
            "description": "Actas de la junta de aclaraciones",
            "url": "http://189.211.120.220:8880/files/opendata/16014-AD-AS-DCAGI-SC-014-16/9.-%20AJ/9.pdf",
            "datePublished": "2016-02-25T06:00:00.000Z",
            "dateModified": "2016-02-25T06:00:00.000Z",
            "format": "html",
            "language": "es"
          },
          {
            "id": "doc-7a4c9b5e-d138-44e4-b419-a81edfb68d7b",
            "documentType": "Tender Notice",
            "title": "Documento que describe los criterios de evaluaci?n",
            "description": "Convocatoria al procedimiento de contratacion",
            "url": "http://189.211.120.220:8880/files/opendata/16014-AD-AS-DCAGI-SC-014-16/8.-%20CC/8.pdf",
            "datePublished": "2016-02-25T06:00:00.000Z",
            "dateModified": "2016-02-25T06:00:00.000Z",
            "format": "html",
            "language": "es"
          },
          {
            "id": "doc-6098a66e-6311-46ae-9133-97d4a319b18a",
            "documentType": "Tender Notice",
            "title": "Documento que contiene los objetivos y caracter?sticas del contrato y proceso de licitaci?n",
            "description": "Convocatoria al procedimiento de contratacion",
            "url": "http://189.211.120.220:8880/files/opendata/16014-AD-AS-DCAGI-SC-014-16/8.-%20CC/8.pdf",
            "datePublished": "2016-02-25T06:00:00.000Z",
            "dateModified": "2016-02-25T06:00:00.000Z",
            "format": "html",
            "language": "es"
          },
          {
            "id": "doc-6126302e-d380-41a8-a0d5-c34b1cf96ded",
            "documentType": "Tender Notice",
            "title": "Documento que contiene las especificaicones t?cnicas de la obra",
            "description": "Convocatoria al procedimiento de contratacion",
            "url": "http://189.211.120.220:8880/files/opendata/16014-AD-AS-DCAGI-SC-014-16/8.-%20CC/8.pdf",
            "datePublished": "2016-02-25T06:00:00.000Z",
            "dateModified": "2016-02-25T06:00:00.000Z",
            "format": "html",
            "language": "es"
          },
          {
            "id": "doc-54eb83d6-e19e-4528-8d01-7e646c2cf5a8",
            "documentType": "Tender Notice",
            "title": "Convocatoria al procedimiento de contrataci?n",
            "description": "Convocatoria al procedimiento de contratacion",
            "url": "http://189.211.120.220:8880/files/opendata/16014-AD-AS-DCAGI-SC-014-16/8.-%20CC/8.pdf",
            "datePublished": "2016-02-25T06:00:00.000Z",
            "dateModified": "2016-02-25T06:00:00.000Z",
            "format": "html",
            "language": "es"
          },
          {
            "id": "doc-0791ecea-ffca-429b-a57a-130689b14954",
            "documentType": "Tender Notice",
            "title": "Documento que describe los criterios que deben cumplir los licitantes",
            "description": "Convocatoria al procedimiento de contratacion",
            "url": "http://189.211.120.220:8880/files/opendata/16014-AD-AS-DCAGI-SC-014-16/8.-%20CC/8.pdf",
            "datePublished": "2016-02-25T06:00:00.000Z",
            "dateModified": "2016-02-25T06:00:00.000Z",
            "format": "html",
            "language": "es"
          }
        ]
      },
      "buyer": {
        "identifier": {
          "scheme": "MK-009KDH999",
          "id": "GACM",
          "legalName": "Grupo Aeroportuario de la Ciudad de Mexico, S.A. de C.V.",
          "uri": "http://www.aeropuerto.gob.mx/"
        },
        "name": "Grupo Aeroportuario de la Ciudad de Mexico, S.A. de C.V.",
        "address": {
          "streetAddress": "AV. INSURGENTES SUR NO. 2453 PISO 2 OFICINA 203",
          "locality": "COL. TIZAPAN",
          "region": "DEL. ALVARO OBREGON",
          "postalCode": "01090",
          "countryName": "Mexico"
        },
        "contactPoint": {
          "name": "G05-DIRECCION CORPORATIVA DE ADMINISTRACION Y GESTION INMOBILIARIA",
          "url": "http://www.aeropuerto.gob.mx/"
        }
      },
      "awards": [
        {
          "id": "AA-009KDH999-E97-2016",
          "title": "Servicio de Testigo Social para que Atestigue las Etapas del Procedimiento del la Licitacion Publica Internacional del Proyecto Denominado Desarrollode Ingenieria de Detalle y Construccion de Subestaciones y Acometida Electrica del Nuevo Aeropuerto Internacional de la Ciudad de Mexico (NAICM).",
          "description": "Ver documento adjunto",
          "status": "active",
          "value": {
            "amount": 269225.44,
            "currency": "MXN"
          },
          "suppliers": [
            {
              "identifier": {
                "id": "AAGE3805205Q4",
                "legalName": "Enrique Alcantara Gomez"
              },
              "name": "Enrique Alcantara Gomez",
              "address": {
                "streetAddress": "Agave 80",
                "locality": "Jardines de Coyoacan",
                "region": "Coyoacan",
                "postalCode": "4890",
                "countryName": "Mexico"
              }
            }
          ],
          "items": [
            {
              "id": "item-f8d46092-6cd4-467e-9217-3f3eb2725b37",
              "description": "Servicio de Testigo Social para que Atestigue las Etapas del Procedimiento del la Licitacion Publica Internacional del Proyecto Denominado Desarroll",
              "classification": {
                "scheme": "EDIFICACION NO HABITACIONAL",
                "id": "6220"
              },
              "quantity": 1,
              "unit": {
                "name": "srv",
                "value": {
                  "amount": 269225.44,
                  "currency": "MXN"
                }
              }
            }
          ],
          "contractPeriod": {
            "startDate": "2016-03-01T06:00:00.000Z",
            "endDate": "2017-07-31T05:00:00.000Z"
          },
          "documents": [
            {
              "id": "doc-fd261316-82aa-49e3-b70b-5faf43b66d5e",
              "documentType": "Award Notice",
              "title": "Fallo",
              "description": "Acta de Fallo",
              "url": "http://189.211.120.220:8880/files/opendata/16014-AD-AS-DCAGI-SC-014-16/12.-%20AF/12.pdf",
              "datePublished": "2016-02-25T06:00:00.000Z",
              "dateModified": "2016-02-25T06:00:00.000Z",
              "format": "html",
              "language": "es"
            },
            {
              "id": "doc-a9423928-dac3-47b3-a59a-8b226605c468",
              "documentType": "Award Notice",
              "title": "Fallo",
              "description": "Descripcion del acto de presentacion y apertura de proposiciones",
              "url": "http://189.211.120.220:8880/files/opendata/16014-AD-AS-DCAGI-SC-014-16/10.-%20AP/10.pdf",
              "datePublished": "2016-02-25T06:00:00.000Z",
              "dateModified": "2016-02-25T06:00:00.000Z",
              "format": "html",
              "language": "es"
            }
          ]
        }
      ],
      "contracts": [
        {
          "id": "AD-AS-DCAGI-SC-014-16",
          "awardID": "AA-009KDH999-E97-2016",
          "title": "Servicio de Testigo Social para que Atestigue las Etapas del Procedimiento del la Licitacion Publica Internacional del Proyecto Denominado Desarrollode Ingenieria de Detalle y Construccion de Subestaciones y Acometida Electrica del Nuevo Aeropuerto Internacional de la Ciudad de Mexico (NAICM).",
          "description": "Ver documento adjunto",
          "status": "active",
          "period": {
            "startDate": "2016-03-01T06:00:00.000Z",
            "endDate": "2017-07-31T05:00:00.000Z"
          },
          "value": {
            "amount": 269225.44,
            "currency": "MXN"
          },
          "items": [
            {
              "id": "item-b89dd82a-bd07-450f-b827-c8db88a15659",
              "description": "Servicio de Testigo Social para que Atestigue las Etapas del Procedimiento del la Licitacion Publica Internacional del Proyecto Denominado Desarroll",
              "classification": {
                "scheme": "EDIFICACION NO HABITACIONAL",
                "id": "6220"
              },
              "quantity": 1,
              "unit": {
                "name": "srv",
                "value": {
                  "amount": 269225.44,
                  "currency": "MXN"
                }
              }
            }
          ],
          "dateSigned": "2016-03-01T06:00:00.000Z",
          "documents": [
            {
              "id": "doc-45602f40-8feb-47bf-a5f1-d0a9a9c4cd41",
              "documentType": "Contract Signed",
              "title": "Contrato firmado",
              "description": "Contrato firmado",
              "url": "http://189.211.120.220:8880/files/opendata/16014-AD-AS-DCAGI-SC-014-16/15.-%20CF/15.pdf",
              "datePublished": "2016-02-25T06:00:00.000Z",
              "dateModified": "2016-02-25T06:00:00.000Z",
              "format": "html",
              "language": "es"
            },
            {
              "id": "doc-99cc0782-d8d5-43ae-bf7f-b8e59bf81c2c",
              "documentType": "Contract Signed",
              "title": "Cl?usula sobre las condiciones de entrega de la obra",
              "description": "Contrato firmado",
              "url": "http://189.211.120.220:8880/files/opendata/16014-AD-AS-DCAGI-SC-014-16/15.-%20CF/15.pdf",
              "datePublished": "2016-02-25T06:00:00.000Z",
              "dateModified": "2016-02-25T06:00:00.000Z",
              "format": "html",
              "language": "es"
            },
            {
              "id": "doc-a5cf09da-cbf1-4d86-bcc0-b72863e19eb9",
              "documentType": "Contract Guarantees",
              "title": "Fianza de anticipo",
              "description": "Garantia sobre el anticipo",
              "url": "http://189.211.120.220:8880/files/opendata/16014-AD-AS-DCAGI-SC-014-16/17.-%20GA/17.pdf",
              "datePublished": "2016-02-25T06:00:00.000Z",
              "dateModified": "2016-02-25T06:00:00.000Z",
              "format": "html",
              "language": "es"
            },
            {
              "id": "doc-0683c56e-9e34-4ba3-a1d4-a1495e703913",
              "documentType": "Contract Guarantees",
              "title": "Fianza de cumplimiento",
              "description": "Garantias de cumplimiento",
              "url": "http://189.211.120.220:8880/files/opendata/16014-AD-AS-DCAGI-SC-014-16/18.-%20GC/18.pdf",
              "datePublished": "2016-02-25T06:00:00.000Z",
              "dateModified": "2016-02-25T06:00:00.000Z",
              "format": "html",
              "language": "es"
            }
          ]
        }
      ],
      "language": "es"
    }
  ],
  "publisher": {
    "name": "GACM",
    "scheme": "SERVICIO",
    "uid": "AS",
    "uri": "http://www.aeropuerto.gob.mx/"
  },
  "license": "https://datos.gob.mx/libreusomx/",
  "publicationPolicy": "https://datos.gob.mx/libreusomx/"
}
