{
  "uri": "https://datos.gob.mx/busca/dataset?organization=gacm",
  "publishedDate": "2017-02-15T16:48:25.649Z",
  "releases": [
    {
      "ocid": "22",
      "id": "RELEASE_22_2017-02-15T16:48:25.648Z",
      "date": "2017-02-08T06:00:00.000Z",
      "tag": [
        "contract"
      ],
      "initiationType": "tender",
      "planning": {
        "budget": {
          "id": "OBRAS DE CONSTRUCCION PARA EDIFICIOS NO HABITACIONALES",
          "description": "RECURSOS FISCALES",
          "amount": {
            "amount": 9000000,
            "currency": "MXN"
          },
          "project": "Nuevo Aeropuerto Internacional de la Ciudad de Mexico",
          "projectID": "46101"
        },
        "rationale": "Convenio de colaboracion para llevar a cabo el Desarrollo del Proyecto Ejecutivo del sistema de Video Vigilancia de la Barda Perimetral , del NuevoAeropuerto Internacional de la Ciudad de Mexico ",
        "documents": [
          {
            "id": "doc-bea6393a-0782-4e29-86bc-f1905df7517b",
            "documentType": "projectPlan",
            "title": "Proyecto ejecutivo de la obra",
            "description": "Terminos de referencia",
            "url": "http://189.211.120.220:8880/files/opendata/14005-GACM-DCAGI-SJ-CI-05-14/4.-%20TR/4.pdf",
            "datePublished": "2014-10-30T06:00:00.000Z",
            "dateModified": "2014-10-30T06:00:00.000Z",
            "format": "html",
            "language": "es"
          }
        ]
      },
      "tender": {
        "id": "No aplica",
        "title": "Convenio de colaboracion para llevar a cabo el Desarrollo del Proyecto Ejecutivo del sistema de Video Vigilancia de la Barda Perimetral , del NuevoAeropuerto Internacional de la Ciudad de Mexico ",
        "description": "Convenio de colaboracion para llevar a cabo el Desarrollo del Proyecto Ejecutivo del sistema de Video Vigilancia de la Barda Perimetral , del NuevoAeropuerto Internacional de la Ciudad de Mexico ",
        "status": "active",
        "items": [
          {
            "id": "item-cca9aa75-5cf6-40b4-a808-9b707f3d0de8",
            "description": "Convenio de colaboracion para llevar a cabo el Desarrollo del Proyecto Ejecutivo del sistema de Video Vigilancia de la Barda Perimetral , del NuevoAeropuerto Internacional de la Ciudad de Mexico ",
            "classification": {
              "scheme": "EDIFICACION NO HABITACIONAL",
              "id": "6220"
            },
            "quantity": 1,
            "unit": {
              "name": "sop",
              "value": {
                "amount": 7751455.34,
                "currency": "MXN"
              }
            }
          },
          {
            "id": "item-a009be46-ab11-408f-b4b3-1cdacdc8f374",
            "description": "Convenio de colaboracion para llevar a cabo el Desarrollo del Proyecto Ejecutivo del sistema de Video Vigilancia de la Barda Perimetral , del NuevoAeropuerto Internacional de la Ciudad de Mexico ",
            "classification": {
              "scheme": "EDIFICACION NO HABITACIONAL",
              "id": "6220"
            },
            "quantity": 1,
            "unit": {
              "name": "sop",
              "value": {
                "amount": 7751455.34,
                "currency": "MXN"
              }
            }
          }
        ],
        "minValue": {
          "currency": "MXN"
        },
        "value": {
          "amount": 9000000,
          "currency": "MXN"
        },
        "procurementMethod": "open",
        "procurementMethodRationale": "No aplica",
        "metodoDeAdquisicion": "Convenio de colaboración",
        "awardCriteria": "bestValueToGoverment",
        "awardCriteriaDetails": "Presencial",
        "submissionMethod": [
          "Presencial"
        ],
        "eligibilityCriteria": "Ver documento adjunto",
        "documents": [
          {
            "id": "doc-ea744984-0e4e-4e48-a7e4-a05aaa904156",
            "documentType": "Clarifications",
            "title": "Actas de la junta de aclaraciones",
            "description": "Actas de la junta de aclaraciones",
            "url": "http://189.211.120.220:8880/files/opendata/14005-GACM-DCAGI-SJ-CI-05-14/9.-%20AJ/9.pdf",
            "datePublished": "2014-10-30T06:00:00.000Z",
            "dateModified": "2014-10-30T06:00:00.000Z",
            "format": "html",
            "language": "es"
          },
          {
            "id": "doc-4561fa5b-1fe3-422c-aee1-2eeb108e868e",
            "documentType": "Tender Notice",
            "title": "Documento que contiene las especificaciones t?cnicas de la obra",
            "description": "Convocatoria al procedimiento de contratacion",
            "url": "http://189.211.120.220:8880/files/opendata/14005-GACM-DCAGI-SJ-CI-05-14/8.-%20CC/8.pdf",
            "datePublished": "2014-10-30T06:00:00.000Z",
            "dateModified": "2014-10-30T06:00:00.000Z",
            "format": "html",
            "language": "es"
          },
          {
            "id": "doc-93a26929-d0d1-4cfa-917f-3490c96e26b0",
            "documentType": "Tender Notice",
            "title": "Documento que describe los criterios de evaluaci?n",
            "description": "Convocatoria al procedimiento de contratacion",
            "url": "http://189.211.120.220:8880/files/opendata/14005-GACM-DCAGI-SJ-CI-05-14/8.-%20CC/8.pdf",
            "datePublished": "2014-10-30T06:00:00.000Z",
            "dateModified": "2014-10-30T06:00:00.000Z",
            "format": "html",
            "language": "es"
          },
          {
            "id": "doc-ebc579a8-008d-4a77-a43c-b3398f435135",
            "documentType": "Tender Notice",
            "title": "Documento que contiene los objetivos y caracter?sticas del contrato y proceso de licitaci?n",
            "description": "Convocatoria al procedimiento de contratacion",
            "url": "http://189.211.120.220:8880/files/opendata/14005-GACM-DCAGI-SJ-CI-05-14/8.-%20CC/8.pdf",
            "datePublished": "2014-10-30T06:00:00.000Z",
            "dateModified": "2014-10-30T06:00:00.000Z",
            "format": "html",
            "language": "es"
          },
          {
            "id": "doc-f89d4678-d83a-41e7-bd1a-7668e1d0a0bf",
            "documentType": "Tender Notice",
            "title": "Convocatoria al procedimiento de contrataci?n",
            "description": "Convocatoria al procedimiento de contratacion",
            "url": "http://189.211.120.220:8880/files/opendata/14005-GACM-DCAGI-SJ-CI-05-14/8.-%20CC/8.pdf",
            "datePublished": "2014-10-30T06:00:00.000Z",
            "dateModified": "2014-10-30T06:00:00.000Z",
            "format": "html",
            "language": "es"
          },
          {
            "id": "doc-4732df66-f8c8-46cb-9295-08bbfc12d948",
            "documentType": "Tender Notice",
            "title": "Documento que describe los criterios que deben cumplir los licitantes",
            "description": "Convocatoria al procedimiento de contratacion",
            "url": "http://189.211.120.220:8880/files/opendata/14005-GACM-DCAGI-SJ-CI-05-14/8.-%20CC/8.pdf",
            "datePublished": "2014-10-30T06:00:00.000Z",
            "dateModified": "2014-10-30T06:00:00.000Z",
            "format": "html",
            "language": "es"
          }
        ]
      },
      "buyer": {
        "identifier": {
          "scheme": "MK-009KDH999",
          "id": "GACM",
          "legalName": "Grupo Aeroportuario de la Ciudad de Mexico, S.A. de C.V.",
          "uri": "http://www.aeropuerto.gob.mx/"
        },
        "name": "Grupo Aeroportuario de la Ciudad de Mexico, S.A. de C.V.",
        "address": {
          "streetAddress": "AV. INSURGENTES SUR NO. 2453 PISO 2 OFICINA 203",
          "locality": "COL. TIZAPAN",
          "region": "DEL. ALVARO OBREGON",
          "postalCode": "01090",
          "countryName": "Mexico"
        },
        "contactPoint": {
          "name": "G05-DIRECCION CORPORATIVA DE ADMINISTRACION Y GESTION INMOBILIARIA",
          "url": "http://www.aeropuerto.gob.mx/"
        }
      },
      "awards": [
        {
          "id": "No aplica",
          "title": "Convenio de colaboracion para llevar a cabo el Desarrollo del Proyecto Ejecutivo del sistema de Video Vigilancia de la Barda Perimetral , del NuevoAeropuerto Internacional de la Ciudad de Mexico ",
          "description": "Ver documento adjunto",
          "status": "active",
          "value": {
            "amount": 7751455.34,
            "currency": "MXN"
          },
          "suppliers": [
            {
              "identifier": {
                "id": "FIC000330LK9",
                "legalName": "Centro de Innovacion y Desarrollo Tecnologico en Computo (CIDETEC), del Instituto Politecnico Nacional."
              },
              "name": "Centro de Innovacion y Desarrollo Tecnologico en Computo (CIDETEC), del Instituto Politecnico Nacional.",
              "address": {
                "streetAddress": "Luis Enrique Erro S/N, Unidad Proofesional Adolfo Lopez Mateos",
                "locality": "Zacatenco",
                "region": "Gustavo A. Madero",
                "postalCode": "7738",
                "countryName": "Mexico"
              }
            }
          ],
          "items": [
            {
              "id": "item-6dcf727a-5455-45ac-aa3c-ee9771197b1f",
              "description": "Convenio de colaboracion para llevar a cabo el Desarrollo del Proyecto Ejecutivo del sistema de Video Vigilancia de la Barda Perimetral , del NuevoAeropuerto Internacional de la Ciudad de Mexico ",
              "classification": {
                "scheme": "EDIFICACION NO HABITACIONAL",
                "id": "6220"
              },
              "quantity": 1,
              "unit": {
                "name": "sop",
                "value": {
                  "amount": 7751455.34,
                  "currency": "MXN"
                }
              }
            },
            {
              "id": "item-de863976-59af-4b44-8df9-6dca4282580f",
              "description": "Convenio de colaboracion para llevar a cabo el Desarrollo del Proyecto Ejecutivo del sistema de Video Vigilancia de la Barda Perimetral , del NuevoAeropuerto Internacional de la Ciudad de Mexico ",
              "classification": {
                "scheme": "EDIFICACION NO HABITACIONAL",
                "id": "6220"
              },
              "quantity": 1,
              "unit": {
                "name": "sop",
                "value": {
                  "amount": 7751455.34,
                  "currency": "MXN"
                }
              }
            }
          ],
          "contractPeriod": {
            "startDate": "2014-10-30T06:00:00.000Z",
            "endDate": "2015-01-29T06:00:00.000Z"
          },
          "documents": [
            {
              "id": "doc-74ef6aa6-b7f3-4dbf-b8e5-8539586773cd",
              "documentType": "Award Notice",
              "title": "Fallo",
              "description": "Acta de fallo",
              "url": "http://189.211.120.220:8880/files/opendata/14005-GACM-DCAGI-SJ-CI-05-14/12.-%20AF/12.pdf",
              "datePublished": "2014-10-30T06:00:00.000Z",
              "dateModified": "2014-10-30T06:00:00.000Z",
              "format": "html",
              "language": "es"
            },
            {
              "id": "doc-8b28f468-a101-42b5-8622-df78d355334f",
              "documentType": "Award Notice",
              "title": "Fallo",
              "description": "Descripcion del acto de presentacion y apertura de proposiciones",
              "url": "http://189.211.120.220:8880/files/opendata/14005-GACM-DCAGI-SJ-CI-05-14/10.-%20AP/10.pdf",
              "datePublished": "2014-10-30T06:00:00.000Z",
              "dateModified": "2014-10-30T06:00:00.000Z",
              "format": "html",
              "language": "es"
            }
          ]
        }
      ],
      "contracts": [
        {
          "id": "GACM/DCI/SJ/CI/05-2014",
          "awardID": "No aplica",
          "title": "Convenio de colaboracion para llevar a cabo el Desarrollo del Proyecto Ejecutivo del sistema de Video Vigilancia de la Barda Perimetral , del NuevoAeropuerto Internacional de la Ciudad de Mexico ",
          "description": "Ver documento adjunto",
          "status": "active",
          "period": {
            "startDate": "2014-10-30T06:00:00.000Z",
            "endDate": "2015-01-29T06:00:00.000Z"
          },
          "value": {
            "amount": 7751455.34,
            "currency": "MXN"
          },
          "items": [
            {
              "id": "item-e90efb86-0d67-44b5-ad9d-7e4d75a4c2c3",
              "description": "Convenio de colaboracion para llevar a cabo el Desarrollo del Proyecto Ejecutivo del sistema de Video Vigilancia de la Barda Perimetral , del NuevoAeropuerto Internacional de la Ciudad de Mexico ",
              "classification": {
                "scheme": "EDIFICACION NO HABITACIONAL",
                "id": "6220"
              },
              "quantity": 1,
              "unit": {
                "name": "sop",
                "value": {
                  "amount": 7751455.34,
                  "currency": "MXN"
                }
              }
            },
            {
              "id": "item-3471d6f3-1883-4d6b-a599-4fc9114a194e",
              "description": "Convenio de colaboracion para llevar a cabo el Desarrollo del Proyecto Ejecutivo del sistema de Video Vigilancia de la Barda Perimetral , del NuevoAeropuerto Internacional de la Ciudad de Mexico ",
              "classification": {
                "scheme": "EDIFICACION NO HABITACIONAL",
                "id": "6220"
              },
              "quantity": 1,
              "unit": {
                "name": "sop",
                "value": {
                  "amount": 7751455.34,
                  "currency": "MXN"
                }
              }
            }
          ],
          "dateSigned": "2014-10-30T06:00:00.000Z",
          "documents": [
            {
              "id": "doc-16b6679e-3e18-44bf-83cd-613c78442a28",
              "documentType": "Contract Signed",
              "title": "Cl?usula sobre las condiciones de entrega de la obra",
              "description": "Contrato firmado",
              "url": "http://189.211.120.220:8880/files/opendata/14005-GACM-DCAGI-SJ-CI-05-14/15.-%20CF/15.pdf",
              "datePublished": "2014-10-30T06:00:00.000Z",
              "dateModified": "2014-10-30T06:00:00.000Z",
              "format": "html",
              "language": "es"
            },
            {
              "id": "doc-9ffe5545-5cce-4eff-9e2b-e583283348ce",
              "documentType": "Contract Signed",
              "title": "Contrato firmado",
              "description": "Contrato firmado",
              "url": "http://189.211.120.220:8880/files/opendata/14005-GACM-DCAGI-SJ-CI-05-14/15.-%20CF/15.pdf",
              "datePublished": "2014-10-30T06:00:00.000Z",
              "dateModified": "2014-10-30T06:00:00.000Z",
              "format": "html",
              "language": "es"
            },
            {
              "id": "doc-ee7e6502-77f2-4dcf-9efe-217a357a9337",
              "documentType": "Contract Guarantees",
              "title": "Fianza de anticipo",
              "description": "Garantia sobre el anticipo",
              "url": "http://189.211.120.220:8880/files/opendata/14005-GACM-DCAGI-SJ-CI-05-14/17.-%20GA/17.pdf",
              "datePublished": "2014-10-30T06:00:00.000Z",
              "dateModified": "2014-10-30T06:00:00.000Z",
              "format": "html",
              "language": "es"
            },
            {
              "id": "doc-9130ef5c-bf49-49b6-8d12-a7673ef6e30c",
              "documentType": "Contract Guarantees",
              "title": "Fianza de cumplimiento",
              "description": "Garantias de cumplimiento",
              "url": "http://189.211.120.220:8880/files/opendata/14005-GACM-DCAGI-SJ-CI-05-14/18.-%20GC/18.pdf",
              "datePublished": "2014-10-30T06:00:00.000Z",
              "dateModified": "2014-10-30T06:00:00.000Z",
              "format": "html",
              "language": "es"
            }
          ]
        }
      ],
      "language": "es"
    }
  ],
  "publisher": {
    "name": "GACM",
    "scheme": "SERVICIO",
    "uid": "AS",
    "uri": "http://www.aeropuerto.gob.mx/"
  },
  "license": "https://datos.gob.mx/libreusomx/",
  "publicationPolicy": "https://datos.gob.mx/libreusomx/"
}
