{
  "uri": "https://datos.gob.mx/busca/dataset?organization=gacm",
  "publishedDate": "2017-02-15T16:48:25.500Z",
  "releases": [
    {
      "ocid": "221",
      "id": "RELEASE_221_2017-02-15T16:48:25.499Z",
      "date": "2017-02-08T06:00:00.000Z",
      "tag": [
        "contract"
      ],
      "initiationType": "tender",
      "planning": {
        "budget": {
          "source": "http://www.apartados.hacienda.gob.mx/presupuesto/temas/pef/2016/docs/09/r09_kdh_pie.pdf",
          "id": "APORTACIONES A FIDEICOMISOS PUBLICOS",
          "description": "RECURSOS FISCALES",
          "amount": {
            "amount": 32925000,
            "currency": "MXN"
          },
          "project": "Nuevo Aeropuerto Internacional de la Ciudad de Mexico",
          "projectID": "46101",
          "uri": "http://www.apartados.hacienda.gob.mx/presupuesto/temas/pef/2016/docs/09/r09_kdh_pie.pdf"
        },
        "rationale": "Supervision, monitoreo, verificacion y evaluacion sistematica de los productos derivados del diseno e instrumentacion del modelo virtual de informacion para la construccion del BIM del Nuevo Aeropuerto Internacional de la Ciudad de Mexico (NAICM)",
        "documents": [
          {
            "id": "doc-eb7d5ef6-f8bf-4719-980d-8dc29869aa1f",
            "documentType": "projectPlan",
            "title": "Proyecto ejecutivo de la obra",
            "description": "Terminos de referencia",
            "url": "http://189.211.120.220:8880/files/opendata/16019-AD-SRO-DCAGI-SC-019-16/4.-%20TR/4.pdf",
            "datePublished": "2016-03-02T06:00:00.000Z",
            "dateModified": "2016-03-02T06:00:00.000Z",
            "format": "html",
            "language": "es"
          }
        ]
      },
      "tender": {
        "id": "NO APLICA",
        "title": "Supervision, monitoreo, verificacion y evaluacion sistematica de los productos derivados del diseno e instrumentacion del modelo virtual de informacion para la construccion del BIM del Nuevo Aeropuerto Internacional de la Ciudad de Mexico (NAICM)",
        "description": "Supervision, monitoreo, verificacion y evaluacion sistematica de los productos derivados del diseno e instrumentacion del modelo virtual de informacion para la construccion del BIM del Nuevo Aeropuerto Internacional de la Ciudad de Mexico (NAICM)",
        "status": "active",
        "items": [
          {
            "id": "item-6c6165f2-a9e3-4b50-a1b5-28d442db20fa",
            "description": "Supervision, monitoreo, verificacion y evaluacion sistematica de los productos derivados del diseno e instrumentacion del modelo virtual de informacion para la construccion del BIM del Nuevo Aeropuerto Internacional de la Ciudad de Mexico",
            "classification": {
              "scheme": "EDIFICACION NO HABITACIONAL",
              "id": "6220"
            },
            "quantity": 1,
            "unit": {
              "name": "srv",
              "value": {
                "amount": 32925000,
                "currency": "MXN"
              }
            }
          }
        ],
        "value": {
          "amount": 32925000,
          "currency": "MXN"
        },
        "procurementMethod": "limited",
        "procurementMethodRationale": "No aplica",
        "metodoDeAdquisicion": "Adjudicación directa",
        "awardCriteria": "bestValueToGoverment",
        "awardCriteriaDetails": "No aplica",
        "submissionMethod": [
          "No aplica"
        ],
        "eligibilityCriteria": "Ver documento adjunto",
        "documents": [
          {
            "id": "doc-a44c88b1-c029-4517-bdd2-6062c9bdac88",
            "documentType": "Clarifications",
            "title": "Actas de la junta de aclaraciones",
            "description": "Actas de la junta de aclaraciones",
            "url": "http://189.211.120.220:8880/files/opendata/16019-AD-SRO-DCAGI-SC-019-16/9.-%20AJ/9.pdf",
            "datePublished": "2016-03-02T06:00:00.000Z",
            "dateModified": "2016-03-02T06:00:00.000Z",
            "format": "html",
            "language": "es"
          },
          {
            "id": "doc-0dd0953b-3b3c-4a05-b4fb-926d39357575",
            "documentType": "Tender Notice",
            "title": "Documento que describe los criterios que deben cumplir los licitantes",
            "description": "Convocatoria al procedimiento de contratacion",
            "url": "http://189.211.120.220:8880/files/opendata/16019-AD-SRO-DCAGI-SC-019-16/8.-%20CC/8.pdf",
            "datePublished": "2016-03-02T06:00:00.000Z",
            "dateModified": "2016-03-02T06:00:00.000Z",
            "format": "html",
            "language": "es"
          },
          {
            "id": "doc-5791d270-a497-481c-815b-1bfeea0f749b",
            "documentType": "Tender Notice",
            "title": "Documento que contiene los objetivos y caracter?sticas del contrato y proceso de licitaci?n",
            "description": "Convocatoria al procedimiento de contratacion",
            "url": "http://189.211.120.220:8880/files/opendata/16019-AD-SRO-DCAGI-SC-019-16/8.-%20CC/8.pdf",
            "datePublished": "2016-03-02T06:00:00.000Z",
            "dateModified": "2016-03-02T06:00:00.000Z",
            "format": "html",
            "language": "es"
          },
          {
            "id": "doc-be41b1a6-d792-4f23-a740-6ad3bbe980ea",
            "documentType": "Tender Notice",
            "title": "Documento que contiene las especificaicones t?cnicas de la obra",
            "description": "Convocatoria al procedimiento de contratacion",
            "url": "http://189.211.120.220:8880/files/opendata/16019-AD-SRO-DCAGI-SC-019-16/8.-%20CC/8.pdf",
            "datePublished": "2016-03-02T06:00:00.000Z",
            "dateModified": "2016-03-02T06:00:00.000Z",
            "format": "html",
            "language": "es"
          },
          {
            "id": "doc-0cabbbd0-b389-412a-919d-5cc7ef00e75e",
            "documentType": "Tender Notice",
            "title": "Convocatoria al procedimiento de contrataci?n",
            "description": "Convocatoria al procedimiento de contratacion",
            "url": "http://189.211.120.220:8880/files/opendata/16019-AD-SRO-DCAGI-SC-019-16/8.-%20CC/8.pdf",
            "datePublished": "2016-03-02T06:00:00.000Z",
            "dateModified": "2016-03-02T06:00:00.000Z",
            "format": "html",
            "language": "es"
          },
          {
            "id": "doc-a4e94eba-61c1-4c1c-93b1-45c2b9ea50dd",
            "documentType": "Tender Notice",
            "title": "Documento que describe los criterios de evaluaci?n",
            "description": "Convocatoria al procedimiento de contratacion",
            "url": "http://189.211.120.220:8880/files/opendata/16019-AD-SRO-DCAGI-SC-019-16/8.-%20CC/8.pdf",
            "datePublished": "2016-03-02T06:00:00.000Z",
            "dateModified": "2016-03-02T06:00:00.000Z",
            "format": "html",
            "language": "es"
          }
        ]
      },
      "buyer": {
        "identifier": {
          "scheme": "MK-009KDH999",
          "id": "GACM",
          "legalName": "Grupo Aeroportuario de la Ciudad de Mexico, S.A. de C.V.",
          "uri": "http://www.aeropuerto.gob.mx/"
        },
        "name": "Grupo Aeroportuario de la Ciudad de Mexico, S.A. de C.V.",
        "address": {
          "streetAddress": "AV. INSURGENTES SUR NO. 2453 PISO 2 OFICINA 203",
          "locality": "COL. TIZAPAN",
          "region": "DEL. ALVARO OBREGON",
          "postalCode": "01090",
          "countryName": "Mexico"
        },
        "contactPoint": {
          "name": "G05-DIRECCION CORPORATIVA DE ADMINISTRACION Y GESTION INMOBILIARIA",
          "url": "http://www.aeropuerto.gob.mx/"
        }
      },
      "awards": [
        {
          "id": "No aplica",
          "title": "Supervision, monitoreo, verificacion y evaluacion sistematica de los productos derivados del diseno e instrumentacion del modelo virtual de informacion para la construccion del BIM del Nuevo Aeropuerto Internacional de la Ciudad de Mexico",
          "description": "Ver documento adjunto",
          "status": "active",
          "value": {
            "amount": 32925000,
            "currency": "MXN"
          },
          "suppliers": [
            {
              "identifier": {
                "id": "FIC000330LK9",
                "legalName": "INSTITUTO POLITECNICO NACIONAL"
              },
              "name": "INSTITUTO POLITECNICO NACIONAL",
              "address": {
                "streetAddress": "Avenida Paseo de la Reforma 510",
                "locality": "Juarez",
                "region": "Coyoacan",
                "postalCode": "6600",
                "countryName": "Mexico"
              }
            }
          ],
          "items": [
            {
              "id": "item-168f4188-f7cf-474e-a9f7-047cf64b81e4",
              "description": "Supervision, monitoreo, verificacion y evaluacion sistematica de los productos derivados del diseno e instrumentacion del modelo virtual de informacion para la construccion del BIM del Nuevo Aeropuerto Internacional de la Ciudad de Mexico",
              "classification": {
                "scheme": "EDIFICACION NO HABITACIONAL",
                "id": "6220"
              },
              "quantity": 1,
              "unit": {
                "name": "srv",
                "value": {
                  "amount": 32925000,
                  "currency": "MXN"
                }
              }
            }
          ],
          "contractPeriod": {
            "startDate": "2016-04-01T06:00:00.000Z",
            "endDate": "2019-12-06T06:00:00.000Z"
          },
          "documents": [
            {
              "id": "doc-38a63e4e-6768-45d5-b6f7-5a3a22c51e52",
              "documentType": "Award Notice",
              "title": "Fallo",
              "description": "Acta de fallo",
              "url": "http://189.211.120.220:8880/files/opendata/16019-AD-SRO-DCAGI-SC-019-16/12.-%20AF/12.pdf",
              "datePublished": "2016-03-02T06:00:00.000Z",
              "dateModified": "2016-03-02T06:00:00.000Z",
              "format": "html",
              "language": "es"
            },
            {
              "id": "doc-60954908-a506-48f1-a463-dae63573f4f0",
              "documentType": "Award Notice",
              "title": "Fallo",
              "description": "Descripcion del acto de presentacion y apertura de proposiciones",
              "url": "http://189.211.120.220:8880/files/opendata/16019-AD-SRO-DCAGI-SC-019-16/10.-%20AP/10.pdf",
              "datePublished": "2016-03-02T06:00:00.000Z",
              "dateModified": "2016-03-02T06:00:00.000Z",
              "format": "html",
              "language": "es"
            }
          ]
        }
      ],
      "contracts": [
        {
          "id": "AD-SRO-DCAGI-SC-019/16",
          "awardID": "No aplica",
          "title": "Supervision, monitoreo, verificacion y evaluacion sistematica de los productos derivados del diseno e instrumentacion del modelo virtual de informacion para la construccion del BIM del Nuevo Aeropuerto Internacional de la Ciudad de Mexico",
          "description": "Ver documento adjunto",
          "status": "active",
          "period": {
            "startDate": "2016-04-01T06:00:00.000Z",
            "endDate": "2019-12-06T06:00:00.000Z"
          },
          "value": {
            "amount": 32925000,
            "currency": "MXN"
          },
          "items": [
            {
              "id": "item-7c3662f3-4d6d-4266-89ff-0bffed75c22c",
              "description": "Supervision, monitoreo, verificacion y evaluacion sistematica de los productos derivados del diseno e instrumentacion del modelo virtual de informacion para la construccion del BIM del Nuevo Aeropuerto Internacional de la Ciudad de Mexico",
              "classification": {
                "scheme": "EDIFICACION NO HABITACIONAL",
                "id": "6220"
              },
              "quantity": 1,
              "unit": {
                "name": "srv",
                "value": {
                  "amount": 32925000,
                  "currency": "MXN"
                }
              }
            }
          ],
          "dateSigned": "2016-03-31T06:00:00.000Z",
          "documents": [
            {
              "id": "doc-a6ec4f7b-8b48-4307-b379-9eb0f5d5effe",
              "documentType": "Contract Signed",
              "title": "Cl?usula sobre las condiciones de entrega de la obra",
              "description": "Contrato firmado",
              "url": "http://189.211.120.220:8880/files/opendata/16019-AD-SRO-DCAGI-SC-019-16/15.-%20CF/15.pdf",
              "datePublished": "2016-03-02T06:00:00.000Z",
              "dateModified": "2016-03-02T06:00:00.000Z",
              "format": "html",
              "language": "es"
            },
            {
              "id": "doc-5a3aa97b-5a99-48c9-825a-df18c95a0d9d",
              "documentType": "Contract Signed",
              "title": "Contrato firmado",
              "description": "Contrato firmado",
              "url": "http://189.211.120.220:8880/files/opendata/16019-AD-SRO-DCAGI-SC-019-16/15.-%20CF/15.pdf",
              "datePublished": "2016-03-02T06:00:00.000Z",
              "dateModified": "2016-03-02T06:00:00.000Z",
              "format": "html",
              "language": "es"
            },
            {
              "id": "doc-e8d3fd1d-2b6d-48c0-81e7-4d835f436e24",
              "documentType": "Contract Guarantees",
              "title": "Fianza de anticipo",
              "description": "Garantia sobre el anticipo",
              "url": "http://189.211.120.220:8880/files/opendata/16019-AD-SRO-DCAGI-SC-019-16/17.-%20GA/17.pdf",
              "datePublished": "2016-03-02T06:00:00.000Z",
              "dateModified": "2016-03-02T06:00:00.000Z",
              "format": "html",
              "language": "es"
            },
            {
              "id": "doc-106c7800-59ad-4620-ae7f-126344ae4d4d",
              "documentType": "Contract Guarantees",
              "title": "Fianza de cumplimiento",
              "description": "Garantias de cumplimiento",
              "url": "http://189.211.120.220:8880/files/opendata/16019-AD-SRO-DCAGI-SC-019-16/18.-%20GC/18.pdf",
              "datePublished": "2016-03-02T06:00:00.000Z",
              "dateModified": "2016-03-02T06:00:00.000Z",
              "format": "html",
              "language": "es"
            }
          ]
        }
      ],
      "language": "es"
    }
  ],
  "publisher": {
    "name": "GACM",
    "scheme": "SERVICIO",
    "uid": "AS",
    "uri": "http://www.aeropuerto.gob.mx/"
  },
  "license": "https://datos.gob.mx/libreusomx/",
  "publicationPolicy": "https://datos.gob.mx/libreusomx/"
}
