{
  "uri": "https://datos.gob.mx/busca/dataset?organization=gacm",
  "publishedDate": "2017-02-15T16:48:26.097Z",
  "releases": [
    {
      "ocid": "222",
      "id": "RELEASE_222_2017-02-15T16:48:26.093Z",
      "date": "2017-02-09T06:00:00.000Z",
      "tag": [
        "contract"
      ],
      "initiationType": "tender",
      "planning": {
        "budget": {
          "source": "http://www.apartados.hacienda.gob.mx/presupuesto/temas/pef/2016/docs/09/r09_kdh_pie.pdf",
          "id": "APORTACIONES A FIDEICOMISOS PUBLICOS",
          "description": "RECURSOS FISCALES",
          "amount": {
            "amount": 2450000,
            "currency": "MXN"
          },
          "project": "Nuevo Aeropuerto Internacional de la Ciudad de Mexico",
          "projectID": "46101",
          "uri": "http://www.apartados.hacienda.gob.mx/presupuesto/temas/pef/2016/docs/09/r09_kdh_pie.pdf"
        },
        "rationale": "Servicios Profesionales de Levantamiento de Imagen y Video de Nuevo Aeropuerto Internacional de la Ciudad de Mexico.",
        "documents": [
          {
            "id": "doc-172d084d-092f-401a-a686-3dda19093ea6",
            "documentType": "projectPlan",
            "title": "Proyecto ejecutivo de la obra",
            "description": "Terminos de referencia",
            "url": "http://189.211.120.220:8880/files/opendata/16013-AD-AS-DCAGI-SC-013-16/4.-%20TR/4.pdf",
            "datePublished": "2016-01-29T06:00:00.000Z",
            "dateModified": "2016-01-29T06:00:00.000Z",
            "format": "html",
            "language": "es"
          }
        ]
      },
      "tender": {
        "id": "No aplica",
        "title": "Servicios Profesionales de Levantamiento de Imagen y Video de Nuevo Aeropuerto Internacional de la Ciudad de Mexico.",
        "description": "Servicios Profesionales de Levantamiento de Imagen y Video de Nuevo Aeropuerto Internacional de la Ciudad de Mexico.",
        "status": "active",
        "items": [
          {
            "id": "item-eb86a54d-3c12-4080-bc9f-c86fc449bd71",
            "description": "Servicios Profesionales de Levantamiento de Imagen y Video de Nuevo Aeropuerto Internacional de la Ciudad de Mexico.",
            "classification": {
              "scheme": "EDIFICACION NO HABITACIONAL",
              "id": "6220"
            },
            "quantity": 1,
            "unit": {
              "name": "srv",
              "value": {
                "amount": 2450000,
                "currency": "MXN"
              }
            }
          }
        ],
        "value": {
          "amount": 2450000,
          "currency": "MXN"
        },
        "procurementMethod": "limited",
        "procurementMethodRationale": "Nacional",
        "metodoDeAdquisicion": "Adjudicación directa",
        "awardCriteria": "bestValueToGoverment",
        "awardCriteriaDetails": "No aplica",
        "submissionMethod": [
          "Presencial"
        ],
        "eligibilityCriteria": "Ver documento adjunto",
        "documents": [
          {
            "id": "doc-9c060470-56f9-40d6-87a9-027ab6ce0e03",
            "documentType": "Clarifications",
            "title": "Actas de la junta de aclaraciones",
            "description": "Actas de la junta de aclaraciones",
            "url": "http://189.211.120.220:8880/files/opendata/16013-AD-AS-DCAGI-SC-013-16/9.-%20AJ/9.pdf",
            "datePublished": "2016-01-29T06:00:00.000Z",
            "dateModified": "2016-01-29T06:00:00.000Z",
            "format": "html",
            "language": "es"
          },
          {
            "id": "doc-cf3e5fb1-b442-462c-aad4-2fb3d5baa808",
            "documentType": "Tender Notice",
            "title": "Documento que contiene las especificaciones t?cnicas de la obra",
            "description": "Convocatoria al procedimiento de contratacion",
            "url": "http://189.211.120.220:8880/files/opendata/16013-AD-AS-DCAGI-SC-013-16/8.-%20CC/8.pdf",
            "datePublished": "2016-01-29T06:00:00.000Z",
            "dateModified": "2016-01-29T06:00:00.000Z",
            "format": "html",
            "language": "es"
          },
          {
            "id": "doc-dfaf44b8-faf9-4f6b-a9bc-72d21fb48291",
            "documentType": "Tender Notice",
            "title": "Documento que describe los criterios de evaluaci?n",
            "description": "Convocatoria al procedimiento de contratacion",
            "url": "http://189.211.120.220:8880/files/opendata/16013-AD-AS-DCAGI-SC-013-16/8.-%20CC/8.pdf",
            "datePublished": "2016-01-29T06:00:00.000Z",
            "dateModified": "2016-01-29T06:00:00.000Z",
            "format": "html",
            "language": "es"
          },
          {
            "id": "doc-d22800a6-513f-48c9-95c4-b1280060a3b0",
            "documentType": "Tender Notice",
            "title": "Documento que contiene los objetivos y caracter?sticas del contrato y proceso de licitaci?n",
            "description": "Convocatoria al procedimiento de contratacion",
            "url": "http://189.211.120.220:8880/files/opendata/16013-AD-AS-DCAGI-SC-013-16/8.-%20CC/8.pdf",
            "datePublished": "2016-01-29T06:00:00.000Z",
            "dateModified": "2016-01-29T06:00:00.000Z",
            "format": "html",
            "language": "es"
          },
          {
            "id": "doc-1abe18b2-ea70-408d-82d2-4f98652f452a",
            "documentType": "Tender Notice",
            "title": "Convocatoria al procedimiento de contrataci?n",
            "description": "Convocatoria al procedimiento de contratacion",
            "url": "http://189.211.120.220:8880/files/opendata/16013-AD-AS-DCAGI-SC-013-16/8.-%20CC/8.pdf",
            "datePublished": "2016-01-29T06:00:00.000Z",
            "dateModified": "2016-01-29T06:00:00.000Z",
            "format": "html",
            "language": "es"
          },
          {
            "id": "doc-6d1041d3-98bd-4ed4-b8f6-1883e62ef179",
            "documentType": "Tender Notice",
            "title": "Documento que describe los criterios que deben cumplir los licitantes",
            "description": "Convocatoria al procedimiento de contratacion",
            "url": "http://189.211.120.220:8880/files/opendata/16013-AD-AS-DCAGI-SC-013-16/8.-%20CC/8.pdf",
            "datePublished": "2016-01-29T06:00:00.000Z",
            "dateModified": "2016-01-29T06:00:00.000Z",
            "format": "html",
            "language": "es"
          }
        ]
      },
      "buyer": {
        "identifier": {
          "scheme": "MK-009KDH999",
          "id": "GACM",
          "legalName": "Grupo Aeroportuario de la Ciudad de Mexico, S.A. de C.V.",
          "uri": "http://www.aeropuerto.gob.mx/"
        },
        "name": "Grupo Aeroportuario de la Ciudad de Mexico, S.A. de C.V.",
        "address": {
          "streetAddress": "AV. INSURGENTES SUR NO. 2453 PISO 2 OFICINA 203",
          "locality": "COL. TIZAPAN",
          "region": "DEL. ALVARO OBREGON",
          "postalCode": "01090",
          "countryName": "Mexico"
        },
        "contactPoint": {
          "name": "G05-DIRECCION CORPORATIVA DE ADMINISTRACION Y GESTION INMOBILIARIA",
          "url": "http://www.aeropuerto.gob.mx/"
        }
      },
      "awards": [
        {
          "id": "LA-009KDH999-E78-2016",
          "title": "Servicios Profesionales de Levantamiento de Imagen y Video de Nuevo Aeropuerto Internacional de la Ciudad de Mexico.",
          "description": "Ver documento adjunto",
          "status": "active",
          "value": {
            "amount": 2450000,
            "currency": "MXN"
          },
          "suppliers": [
            {
              "identifier": {
                "id": "OPM100331UG5",
                "legalName": "Sistema Publico de Radiodifusion del Estado de Mexico"
              },
              "name": "Sistema Publico de Radiodifusion del Estado de Mexico",
              "address": {
                "streetAddress": "Hamburgo 182-A",
                "locality": "Juarez",
                "region": "Cuauhtemoc",
                "postalCode": "6600",
                "countryName": "Mexico"
              }
            }
          ],
          "items": [
            {
              "id": "item-226f0354-35c6-4995-a9dc-64875cc822db",
              "description": "Servicios Profesionales de Levantamiento de Imagen y Video de Nuevo Aeropuerto Internacional de la Ciudad de Mexico.",
              "classification": {
                "scheme": "EDIFICACION NO HABITACIONAL",
                "id": "6220"
              },
              "quantity": 1,
              "unit": {
                "name": "srv",
                "value": {
                  "amount": 2450000,
                  "currency": "MXN"
                }
              }
            }
          ],
          "contractPeriod": {
            "startDate": "2016-02-02T06:00:00.000Z",
            "endDate": "2016-02-29T06:00:00.000Z"
          },
          "documents": [
            {
              "id": "doc-d03813eb-a9c0-48aa-9632-fcba7d68e653",
              "documentType": "Award Notice",
              "title": "Fallo",
              "description": "Acta de fallo",
              "url": "http://189.211.120.220:8880/files/opendata/16013-AD-AS-DCAGI-SC-013-16/12.-%20AF/12.pdf",
              "datePublished": "2016-01-29T06:00:00.000Z",
              "dateModified": "2016-01-29T06:00:00.000Z",
              "format": "html",
              "language": "es"
            },
            {
              "id": "doc-3377f01f-f7c2-4b90-a503-fac3b4c86257",
              "documentType": "Award Notice",
              "title": "Fallo",
              "description": "Descripcion del acto de presentacion y apertura de proposiciones",
              "url": "http://189.211.120.220:8880/files/opendata/16013-AD-AS-DCAGI-SC-013-16/10.-%20AP/10.pdf",
              "datePublished": "2016-01-29T06:00:00.000Z",
              "dateModified": "2016-01-29T06:00:00.000Z",
              "format": "html",
              "language": "es"
            }
          ]
        }
      ],
      "contracts": [
        {
          "id": "AD-AS-DCAGI-SC-013/16",
          "awardID": "LA-009KDH999-E78-2016",
          "title": "Servicios Profesionales de Levantamiento de Imagen y Video de Nuevo Aeropuerto Internacional de la Ciudad de Mexico.",
          "description": "Ver documento adjunto",
          "status": "active",
          "period": {
            "startDate": "2016-02-02T06:00:00.000Z",
            "endDate": "2016-02-29T06:00:00.000Z"
          },
          "value": {
            "amount": 2450000,
            "currency": "MXN"
          },
          "items": [
            {
              "id": "item-c716fa3e-c671-4f68-9b9a-480117d6be03",
              "description": "Servicios Profesionales de Levantamiento de Imagen y Video de Nuevo Aeropuerto Internacional de la Ciudad de Mexico.",
              "classification": {
                "scheme": "EDIFICACION NO HABITACIONAL",
                "id": "6220"
              },
              "quantity": 1,
              "unit": {
                "name": "srv",
                "value": {
                  "amount": 2450000,
                  "currency": "MXN"
                }
              }
            }
          ],
          "dateSigned": "2016-02-11T06:00:00.000Z",
          "documents": [
            {
              "id": "doc-9adf96e3-34a6-482f-abc5-bc19d74ee35e",
              "documentType": "Contract Signed",
              "title": "Cl?usula sobre las condiciones de entrega de la obra",
              "description": "Contrato firmado",
              "url": "http://189.211.120.220:8880/files/opendata/16013-AD-AS-DCAGI-SC-013-16/15.-%20CF/15.pdf",
              "datePublished": "2016-01-29T06:00:00.000Z",
              "dateModified": "2016-01-29T06:00:00.000Z",
              "format": "html",
              "language": "es"
            },
            {
              "id": "doc-078623ec-184e-4595-b51c-6ec74ecca0d8",
              "documentType": "Contract Signed",
              "title": "Contrato firmado",
              "description": "Contrato firmado",
              "url": "http://189.211.120.220:8880/files/opendata/16013-AD-AS-DCAGI-SC-013-16/15.-%20CF/15.pdf",
              "datePublished": "2016-01-29T06:00:00.000Z",
              "dateModified": "2016-01-29T06:00:00.000Z",
              "format": "html",
              "language": "es"
            },
            {
              "id": "doc-bb687419-b0c1-45a3-ad18-4754d090c2f1",
              "documentType": "Contract Guarantees",
              "title": "Fianza de anticipo",
              "description": "Garantia sobre el anticipo",
              "url": "http://189.211.120.220:8880/files/opendata/16013-AD-AS-DCAGI-SC-013-16/17.-%20GA/17.pdf",
              "datePublished": "2016-01-29T06:00:00.000Z",
              "dateModified": "2016-01-29T06:00:00.000Z",
              "format": "html",
              "language": "es"
            },
            {
              "id": "doc-510439c3-02f7-4850-a66c-6bb660f436d2",
              "documentType": "Contract Guarantees",
              "title": "Fianza de cumplimiento",
              "description": "Garantias de cumplimiento",
              "url": "http://189.211.120.220:8880/files/opendata/16013-AD-AS-DCAGI-SC-013-16/18.-%20GC/18.pdf",
              "datePublished": "2016-01-29T06:00:00.000Z",
              "dateModified": "2016-01-29T06:00:00.000Z",
              "format": "html",
              "language": "es"
            }
          ]
        }
      ],
      "language": "es"
    }
  ],
  "publisher": {
    "name": "GACM",
    "scheme": "SERVICIO",
    "uid": "AS",
    "uri": "http://www.aeropuerto.gob.mx/"
  },
  "license": "https://datos.gob.mx/libreusomx/",
  "publicationPolicy": "https://datos.gob.mx/libreusomx/"
}
