{
  "uri": "https://datos.gob.mx/busca/dataset?organization=gacm",
  "publishedDate": "2017-02-15T16:48:25.294Z",
  "releases": [
    {
      "ocid": "230",
      "id": "RELEASE_230_2017-02-15T16:48:25.293Z",
      "date": "2017-02-08T06:00:00.000Z",
      "tag": [
        "contract"
      ],
      "initiationType": "tender",
      "planning": {
        "budget": {
          "source": "http://www.apartados.hacienda.gob.mx/presupuesto/temas/pef/2016/docs/09/r09_kdh_pie.pdf",
          "id": "APORTACIONES A FIDEICOMISOS PUBLICOS",
          "description": "RECURSOS FISCALES",
          "amount": {
            "amount": 290000,
            "currency": "MXN"
          },
          "project": "Nuevo Aeropuerto Internacional de la Ciudad de Mexico",
          "projectID": "46101",
          "uri": "http://www.apartados.hacienda.gob.mx/presupuesto/temas/pef/2016/docs/09/r09_kdh_pie.pdf"
        },
        "rationale": "Testigo Social para que atestigue las etapas del Procedimiento de Licitacion Publica Nacional para el Proyecto denominado Excavacion de Prueba, LosaExperimental y Prueba de Pilotes para el Edificio Terminal y Torre de Control",
        "documents": [
          {
            "id": "doc-f4d73e66-b7f9-4961-b265-4f11cabf5a25",
            "documentType": "projectPlan",
            "title": "Proyecto ejecutivo de la obra",
            "description": "Terminos de referencia",
            "url": "http://189.211.120.220:8880/files/opendata/16008-AD-AS-DCAGI-SC-008-16/4.-%20TR/4.pdf",
            "datePublished": "2016-02-03T06:00:00.000Z",
            "dateModified": "2016-02-03T06:00:00.000Z",
            "format": "html",
            "language": "es"
          }
        ]
      },
      "tender": {
        "id": "1109011",
        "title": "Testigo Social para que atestigue las etapas del Procedimiento de Licitacion Publica Nacional para el Proyecto denominado Excavacion de Prueba, Losa Experimental y Prueba de Pilotes para el Edificio Terminal y Torre de Control",
        "description": "Testigo Social para que atestigue las etapas del Procedimiento de Licitacion Publica Nacional para el Proyecto denominado Excavacion de Prueba, LosaExperimental y Prueba de Pilotes para el Edificio Terminal y Torre de Control",
        "status": "active",
        "items": [
          {
            "id": "item-f77341c8-9a90-4100-8604-dbf53fd17e2d",
            "description": "Testigo Social para que atestigue las etapas del Procedimiento de Licitacion Publica Nacional para el Proyecto denominado Excavacion de Prueba, Losa",
            "classification": {
              "scheme": "EDIFICACION NO HABITACIONAL",
              "id": "6220"
            },
            "quantity": 1,
            "unit": {
              "name": "sop",
              "value": {
                "amount": 269225.44,
                "currency": "MXN"
              }
            }
          }
        ],
        "value": {
          "amount": 290000,
          "currency": "MXN"
        },
        "procurementMethod": "limited",
        "procurementMethodRationale": "Nacional",
        "metodoDeAdquisicion": "Adjudicación directa",
        "awardCriteria": "bestValueToGoverment",
        "awardCriteriaDetails": "No aplica",
        "submissionMethod": [
          "Presencial"
        ],
        "eligibilityCriteria": "Ver documento adjunto",
        "documents": [
          {
            "id": "doc-e49ff99d-ec1f-4c73-9a81-450a7fa3665f",
            "documentType": "Clarifications",
            "title": "Actas de la junta de aclaraciones",
            "description": "Actas de la junta de aclaraciones",
            "url": "http://189.211.120.220:8880/files/opendata/16008-AD-AS-DCAGI-SC-008-16/9.-%20AJ/9.pdf",
            "datePublished": "2016-02-03T06:00:00.000Z",
            "dateModified": "2016-02-03T06:00:00.000Z",
            "format": "html",
            "language": "es"
          },
          {
            "id": "doc-6d2ad913-29d3-4772-852e-ba04c9797e00",
            "documentType": "Tender Notice",
            "title": "Documento que describe los criterios de evaluaci?n",
            "description": "Convocatoria al procedimiento de contratacion",
            "url": "http://189.211.120.220:8880/files/opendata/16008-AD-AS-DCAGI-SC-008-16/8.-%20CC/8.pdf",
            "datePublished": "2016-02-03T06:00:00.000Z",
            "dateModified": "2016-02-03T06:00:00.000Z",
            "format": "html",
            "language": "es"
          },
          {
            "id": "doc-9657b924-a289-4ae3-8790-664a09a5ee30",
            "documentType": "Tender Notice",
            "title": "Documento que contiene los objetivos y caracter?sticas del contrato y proceso de licitaci?n",
            "description": "Convocatoria al procedimiento de contratacion",
            "url": "http://189.211.120.220:8880/files/opendata/16008-AD-AS-DCAGI-SC-008-16/8.-%20CC/8.pdf",
            "datePublished": "2016-02-03T06:00:00.000Z",
            "dateModified": "2016-02-03T06:00:00.000Z",
            "format": "html",
            "language": "es"
          },
          {
            "id": "doc-aa978f50-76ca-449b-993f-a44bfa05a054",
            "documentType": "Tender Notice",
            "title": "Documento que contiene las especificaicones t?cnicas de la obra",
            "description": "Convocatoria al procedimiento de contratacion",
            "url": "http://189.211.120.220:8880/files/opendata/16008-AD-AS-DCAGI-SC-008-16/8.-%20CC/8.pdf",
            "datePublished": "2016-02-03T06:00:00.000Z",
            "dateModified": "2016-02-03T06:00:00.000Z",
            "format": "html",
            "language": "es"
          },
          {
            "id": "doc-ffd546f0-7de0-4b9d-b709-cd28bab888dc",
            "documentType": "Tender Notice",
            "title": "Convocatoria al procedimiento de contrataci?n",
            "description": "Convocatoria al procedimiento de contratacion",
            "url": "http://189.211.120.220:8880/files/opendata/16008-AD-AS-DCAGI-SC-008-16/8.-%20CC/8.pdf",
            "datePublished": "2016-02-03T06:00:00.000Z",
            "dateModified": "2016-02-03T06:00:00.000Z",
            "format": "html",
            "language": "es"
          },
          {
            "id": "doc-514e2e96-22a8-4cbc-80b7-f8b06862ce7f",
            "documentType": "Tender Notice",
            "title": "Documento que describe los criterios que deben cumplir los licitantes",
            "description": "Convocatoria al procedimiento de contratacion",
            "url": "http://189.211.120.220:8880/files/opendata/16008-AD-AS-DCAGI-SC-008-16/8.-%20CC/8.pdf",
            "datePublished": "2016-02-03T06:00:00.000Z",
            "dateModified": "2016-02-03T06:00:00.000Z",
            "format": "html",
            "language": "es"
          }
        ]
      },
      "buyer": {
        "identifier": {
          "scheme": "MK-009KDH999",
          "id": "GACM",
          "legalName": "Grupo Aeroportuario de la Ciudad de Mexico, S.A. de C.V.",
          "uri": "http://www.aeropuerto.gob.mx/"
        },
        "name": "Grupo Aeroportuario de la Ciudad de Mexico, S.A. de C.V.",
        "address": {
          "streetAddress": "AV. INSURGENTES SUR NO. 2453 PISO 2 OFICINA 203",
          "locality": "COL. TIZAPAN",
          "region": "DEL. ALVARO OBREGON",
          "postalCode": "01090",
          "countryName": "Mexico"
        },
        "contactPoint": {
          "name": "G05-DIRECCION CORPORATIVA DE ADMINISTRACION Y GESTION INMOBILIARIA",
          "url": "http://www.aeropuerto.gob.mx/"
        }
      },
      "awards": [
        {
          "id": "AA-009KDH999-E96-2016",
          "title": "Testigo Social para que atestigue las etapas del Procedimiento de Licitacion Publica Nacional para el Proyecto denominado Excavacion de Prueba, LosaExperimental y Prueba de Pilotes para el Edificio Terminal y Torre de Control",
          "description": "Ver documento adjunto",
          "status": "active",
          "value": {
            "amount": 269225.44,
            "currency": "MXN"
          },
          "suppliers": [
            {
              "identifier": {
                "id": "IMA941216HE8",
                "legalName": "Instituto Mexicano de Auditoria Tecnica, A. C."
              },
              "name": "Instituto Mexicano de Auditoria Tecnica, A. C.",
              "address": {
                "streetAddress": "Avenida San Lorenzo numero 153, despacho 602",
                "locality": "Del Valle",
                "region": "Benito Juarez",
                "postalCode": "03100",
                "countryName": "Mexico"
              }
            }
          ],
          "items": [
            {
              "id": "item-f6b38728-522b-4c13-9eb9-fd7c92b62685",
              "description": "Testigo Social para que atestigue las etapas del Procedimiento de Licitacion Publica Nacional para el Proyecto denominado Excavacion de Prueba, Losa",
              "classification": {
                "scheme": "EDIFICACION NO HABITACIONAL",
                "id": "6220"
              },
              "quantity": 1,
              "unit": {
                "name": "sop",
                "value": {
                  "amount": 269225.44,
                  "currency": "MXN"
                }
              }
            }
          ],
          "contractPeriod": {
            "startDate": "2016-02-10T06:00:00.000Z",
            "endDate": "2017-07-31T05:00:00.000Z"
          },
          "documents": [
            {
              "id": "doc-643669d4-cceb-4d10-9ec4-b0d1e0e4bc75",
              "documentType": "Award Notice",
              "title": "Fallo",
              "description": "Acta de Fallo",
              "url": "http://189.211.120.220:8880/files/opendata/16008-AD-AS-DCAGI-SC-008-16/12.-%20AF/12.pdf",
              "datePublished": "2016-02-03T06:00:00.000Z",
              "dateModified": "2016-02-03T06:00:00.000Z",
              "format": "html",
              "language": "es"
            },
            {
              "id": "doc-01c36281-ffc2-46c0-853c-9e842b53fda5",
              "documentType": "Award Notice",
              "title": "Fallo",
              "description": "Descripcion del acto de presentacion y apertura de proposiciones",
              "url": "http://189.211.120.220:8880/files/opendata/16008-AD-AS-DCAGI-SC-008-16/10.-%20AP/10.pdf",
              "datePublished": "2016-02-03T06:00:00.000Z",
              "dateModified": "2016-02-03T06:00:00.000Z",
              "format": "html",
              "language": "es"
            }
          ]
        }
      ],
      "contracts": [
        {
          "id": "AD-AS-DCAGI-SC-008/16",
          "awardID": "AA-009KDH999-E96-2016",
          "title": "Testigo Social para que atestigue las etapas del Procedimiento de Licitacion Publica Nacional para el Proyecto denominado Excavacion de Prueba, LosaExperimental y Prueba de Pilotes para el Edificio Terminal y Torre de Control",
          "description": "Ver documento adjunto",
          "status": "active",
          "period": {
            "startDate": "2016-02-10T06:00:00.000Z",
            "endDate": "2017-07-31T05:00:00.000Z"
          },
          "value": {
            "amount": 269225.44,
            "currency": "MXN"
          },
          "items": [
            {
              "id": "item-2a0dfe1b-dd39-4a03-8286-180042d33556",
              "description": "Testigo Social para que atestigue las etapas del Procedimiento de Licitacion Publica Nacional para el Proyecto denominado Excavacion de Prueba, Losa",
              "classification": {
                "scheme": "EDIFICACION NO HABITACIONAL",
                "id": "6220"
              },
              "quantity": 1,
              "unit": {
                "name": "sop",
                "value": {
                  "amount": 269225.44,
                  "currency": "MXN"
                }
              }
            }
          ],
          "dateSigned": "2016-02-10T06:00:00.000Z",
          "documents": [
            {
              "id": "doc-4d6d26ad-4dcb-49a5-9329-0b62a809bc93",
              "documentType": "Contract Signed",
              "title": "Contrato firmado",
              "description": "Contrato firmado",
              "url": "http://189.211.120.220:8880/files/opendata/16008-AD-AS-DCAGI-SC-008-16/15.-%20CF/15.pdf",
              "datePublished": "2016-02-03T06:00:00.000Z",
              "dateModified": "2016-02-03T06:00:00.000Z",
              "format": "html",
              "language": "es"
            },
            {
              "id": "doc-0f8980d0-9b5a-4deb-aa91-63988261a451",
              "documentType": "Contract Signed",
              "title": "Cl?usula sobre las condiciones de entrega de la obra",
              "description": "Contrato firmado",
              "url": "http://189.211.120.220:8880/files/opendata/16008-AD-AS-DCAGI-SC-008-16/15.-%20CF/15.pdf",
              "datePublished": "2016-02-03T06:00:00.000Z",
              "dateModified": "2016-02-03T06:00:00.000Z",
              "format": "html",
              "language": "es"
            },
            {
              "id": "doc-11f37dca-1d4f-48b6-8dd8-f776b1d89fa4",
              "documentType": "Contract Guarantees",
              "title": "Fianza de anticipo",
              "description": "Garantia sobre el anticipo",
              "url": "http://189.211.120.220:8880/files/opendata/16008-AD-AS-DCAGI-SC-008-16/17.-%20GA/17.pdf",
              "datePublished": "2016-02-03T06:00:00.000Z",
              "dateModified": "2016-02-03T06:00:00.000Z",
              "format": "html",
              "language": "es"
            },
            {
              "id": "doc-1e554ccf-2b5e-4696-805c-17f2f1b8f052",
              "documentType": "Contract Guarantees",
              "title": "Fianza de cumplimiento",
              "description": "Garantias de cumplimiento",
              "url": "http://189.211.120.220:8880/files/opendata/16008-AD-AS-DCAGI-SC-008-16/18.-%20GC/18.pdf",
              "datePublished": "2016-02-03T06:00:00.000Z",
              "dateModified": "2016-02-03T06:00:00.000Z",
              "format": "html",
              "language": "es"
            }
          ]
        }
      ],
      "language": "es"
    }
  ],
  "publisher": {
    "name": "GACM",
    "scheme": "SERVICIO",
    "uid": "AS",
    "uri": "http://www.aeropuerto.gob.mx/"
  },
  "license": "https://datos.gob.mx/libreusomx/",
  "publicationPolicy": "https://datos.gob.mx/libreusomx/"
}
