{
  "uri": "https://datos.gob.mx/busca/dataset?organization=gacm",
  "publishedDate": "2017-02-15T16:48:26.053Z",
  "releases": [
    {
      "ocid": "231",
      "id": "RELEASE_231_2017-02-15T16:48:26.052Z",
      "date": "2017-02-09T06:00:00.000Z",
      "tag": [
        "contract"
      ],
      "initiationType": "tender",
      "planning": {
        "budget": {
          "source": "http://www.apartados.hacienda.gob.mx/presupuesto/temas/pef/2015/docs/09/r09_kdh_pie.pdf",
          "id": "Servicios profesionales de consultoria, legales y/o normativos y acompanamiento en los procedimientos de contratacion publica y elaboracion de la memoria documental integral del desarrollo del  Nuevo Aeropuerto Internacional de la Ciudad de Mexico",
          "description": "Presupuesto de Egresos de la Federacion 2015",
          "amount": {
            "amount": 20640000,
            "currency": "MXN"
          },
          "project": "Nuevo Aeropuerto Internacional de la Ciudad de Mexico",
          "projectID": "46101",
          "uri": "http://www.apartados.hacienda.gob.mx/presupuesto/temas/pef/2015/docs/09/r09_kdh_pie.pdf"
        },
        "rationale": "Servicios profesionales de consultoria, legales y/o normativos y acompanamiento en los procedimientos de contratacion publica y elaboracion de la memoria documental integral del desarrollo del  Nuevo Aeropuerto Internacional de la Ciudad de Mexico",
        "documents": [
          {
            "id": "doc-2c23d71d-879e-40a1-81d6-b6c43af417f8",
            "documentType": "projectPlan",
            "title": "Proyecto ejecutivo de la obra",
            "description": "Terminos de referencia",
            "url": "http://189.211.120.220:8880/files/opendata/15036-ITP-AS-DCAGI-SC-036-15/4.-%20TR/4.pdf",
            "datePublished": "2015-05-18T05:00:00.000Z",
            "dateModified": "2015-05-18T05:00:00.000Z",
            "format": "html",
            "language": "es"
          }
        ]
      },
      "tender": {
        "id": "799531",
        "title": "Servicios profesionales de consultoria, legales y/o normativos y acompanamiento en los procedimientos de contratacion publica y elaboracion del expediente concentrador integral del (NAICM)",
        "description": "Servicios profesionales de consultoria, legales y/o normativos y acompanamiento en los procedimientos de contratacion publica y elaboracion de la memoria documental integral del desarrollo del  Nuevo Aeropuerto Internacional de la Ciudad de Mexico",
        "status": "active",
        "items": [
          {
            "id": "item-3b6ddbd2-ceb7-4a76-a931-0dc247a71389",
            "description": "Servicios profesionales de consultoria, legales y/o normativos y acompanamiento en los procedimientos de contratacion publica y elaboracion de la memoria documental integral del desarrollo del  Nuevo Aeropuerto Internacional de la Ciudad de Mexico",
            "classification": {
              "scheme": "EDIFICACION NO HABITACIONAL",
              "id": "6220"
            },
            "quantity": 1,
            "unit": {
              "name": "sop",
              "value": {
                "amount": 20640000,
                "currency": "MXN"
              }
            }
          }
        ],
        "value": {
          "amount": 20640000,
          "currency": "MXN"
        },
        "procurementMethod": "selective",
        "procurementMethodRationale": "Nacional",
        "metodoDeAdquisicion": "Invitación a tres",
        "awardCriteria": "bestValueToGoverment",
        "awardCriteriaDetails": "Presencial",
        "submissionMethod": [
          "Presencial"
        ],
        "tenderPeriod": {
          "endDate": "2005-05-20T20:00:00.000Z"
        },
        "enquiryPeriod": {
          "startDate": "2028-04-20T20:00:00.000Z",
          "endDate": "2028-04-20T20:00:00.000Z"
        },
        "eligibilityCriteria": "Ver documento adjunto",
        "awardPeriod": {
          "endDate": "2005-05-20T20:00:00.000Z"
        },
        "documents": [
          {
            "id": "doc-378e83cb-28d8-4e5f-92c0-93ccf77777fa",
            "documentType": "Clarifications",
            "title": "Actas de la junta de aclaraciones",
            "description": "Actas de la junta de aclaraciones",
            "url": "http://189.211.120.220:8880/files/opendata/15036-ITP-AS-DCAGI-SC-036-15/9.-%20AJ/9.pdf",
            "datePublished": "2015-05-18T05:00:00.000Z",
            "dateModified": "2015-05-18T05:00:00.000Z",
            "format": "html",
            "language": "es"
          },
          {
            "id": "doc-cd1daddf-3232-47d1-8f7f-113f8f3e39f3",
            "documentType": "Tender Notice",
            "title": "Documento que contiene las especificaciones t?cnicas de la obra",
            "description": "Convocatoria al procedimiento de contratacion",
            "url": "http://189.211.120.220:8880/files/opendata/15036-ITP-AS-DCAGI-SC-036-15/8.-%20CC/8.pdf",
            "datePublished": "2015-05-18T05:00:00.000Z",
            "dateModified": "2015-05-18T05:00:00.000Z",
            "format": "html",
            "language": "es"
          },
          {
            "id": "doc-2e5f6535-cbfc-4531-90bb-264ba46b252f",
            "documentType": "Tender Notice",
            "title": "Documento que describe los criterios de evaluaci?n",
            "description": "Convocatoria al procedimiento de contratacion",
            "url": "http://189.211.120.220:8880/files/opendata/15036-ITP-AS-DCAGI-SC-036-15/8.-%20CC/8.pdf",
            "datePublished": "2015-05-18T05:00:00.000Z",
            "dateModified": "2015-05-18T05:00:00.000Z",
            "format": "html",
            "language": "es"
          },
          {
            "id": "doc-de4ea2d6-1197-4ce4-a4ba-cc160b42b918",
            "documentType": "Tender Notice",
            "title": "Documento que contiene los objetivos y caracter?sticas del contrato y proceso de licitaci?n",
            "description": "Convocatoria al procedimiento de contratacion",
            "url": "http://189.211.120.220:8880/files/opendata/15036-ITP-AS-DCAGI-SC-036-15/8.-%20CC/8.pdf",
            "datePublished": "2015-05-18T05:00:00.000Z",
            "dateModified": "2015-05-18T05:00:00.000Z",
            "format": "html",
            "language": "es"
          },
          {
            "id": "doc-608c5cf6-8a6c-4e1c-a9a4-2529a5153de5",
            "documentType": "Tender Notice",
            "title": "Convocatoria al procedimiento de contrataci?n",
            "description": "Convocatoria al procedimiento de contratacion",
            "url": "http://189.211.120.220:8880/files/opendata/15036-ITP-AS-DCAGI-SC-036-15/8.-%20CC/8.pdf",
            "datePublished": "2015-05-18T05:00:00.000Z",
            "dateModified": "2015-05-18T05:00:00.000Z",
            "format": "html",
            "language": "es"
          },
          {
            "id": "doc-964fc0b9-3a41-4506-ba7a-143a24c17387",
            "documentType": "Tender Notice",
            "title": "Documento que describe los criterios que deben cumplir los licitantes",
            "description": "Convocatoria al procedimiento de contratacion",
            "url": "http://189.211.120.220:8880/files/opendata/15036-ITP-AS-DCAGI-SC-036-15/8.-%20CC/8.pdf",
            "datePublished": "2015-05-18T05:00:00.000Z",
            "dateModified": "2015-05-18T05:00:00.000Z",
            "format": "html",
            "language": "es"
          }
        ]
      },
      "buyer": {
        "identifier": {
          "scheme": "MK-009KDH999",
          "id": "GACM",
          "legalName": "Grupo Aeroportuario de la Ciudad de Mexico, S.A. de C.V.",
          "uri": "http://www.aeropuerto.gob.mx/"
        },
        "name": "Grupo Aeroportuario de la Ciudad de Mexico, S.A. de C.V.",
        "address": {
          "streetAddress": "AV. INSURGENTES SUR NO. 2453 PISO 2 OFICINA 203",
          "locality": "COL. TIZAPAN",
          "region": "DEL. ALVARO OBREGON",
          "postalCode": "01090",
          "countryName": "Mexico"
        },
        "contactPoint": {
          "name": "G05-DIRECCION CORPORATIVA DE ADMINISTRACION Y GESTION INMOBILIARIA",
          "url": "http://www.aeropuerto.gob.mx/"
        }
      },
      "awards": [
        {
          "id": "IA-009KDH999-N31-2015",
          "title": "Servicios profesionales de consultoria, legales y/o normativos y acompanamiento en los procedimientos de contratacion publica y elaboracion de la memoria documental integral del desarrollo del  Nuevo Aeropuerto Internacional de la Ciudad de Mexico",
          "description": "Ver documento adjunto",
          "status": "active",
          "date": "2015-05-18T05:00:00.000Z",
          "value": {
            "amount": 20640000,
            "currency": "MXN"
          },
          "suppliers": [
            {
              "identifier": {
                "id": "VNC9501168D8",
                "legalName": "VAZQUEZ NAVA Y CONSULTORES, S.C."
              },
              "name": "VAZQUEZ NAVA Y CONSULTORES, S.C.",
              "address": {
                "streetAddress": "Paseo de las Palmas, numero 1005",
                "locality": "Lomas de Chapultepec, Seccion I",
                "region": "Miguel Hidalgo",
                "postalCode": "11000",
                "countryName": "Mexico"
              }
            }
          ],
          "items": [
            {
              "id": "item-1961a10d-6c1e-4426-a85d-e39917c5f971",
              "description": "Servicios profesionales de consultoria, legales y/o normativos y acompanamiento en los procedimientos de contratacion publica y elaboracion de la memoria documental integral del desarrollo del  Nuevo Aeropuerto Internacional de la Ciudad de Mexico",
              "classification": {
                "scheme": "EDIFICACION NO HABITACIONAL",
                "id": "6220"
              },
              "quantity": 1,
              "unit": {
                "name": "sop",
                "value": {
                  "amount": 20640000,
                  "currency": "MXN"
                }
              }
            }
          ],
          "contractPeriod": {
            "startDate": "2015-06-02T05:00:00.000Z",
            "endDate": "2015-12-31T06:00:00.000Z"
          },
          "documents": [
            {
              "id": "doc-55c67305-6f57-41fe-9536-38114d419703",
              "documentType": "Award Notice",
              "title": "Fallo",
              "description": "Acta de fallo",
              "url": "http://189.211.120.220:8880/files/opendata/15036-ITP-AS-DCAGI-SC-036-15/12.-%20AF/12.pdf",
              "datePublished": "2015-05-18T05:00:00.000Z",
              "dateModified": "2015-05-18T05:00:00.000Z",
              "format": "html",
              "language": "es"
            },
            {
              "id": "doc-f482096b-6d1e-4b07-ae36-85e7040b2c63",
              "documentType": "Award Notice",
              "title": "Fallo",
              "description": "Descripcion del acto de presentacion y apertura de proposiciones",
              "url": "http://189.211.120.220:8880/files/opendata/15036-ITP-AS-DCAGI-SC-036-15/10.-%20AP/10.pdf",
              "datePublished": "2015-05-18T05:00:00.000Z",
              "dateModified": "2015-05-18T05:00:00.000Z",
              "format": "html",
              "language": "es"
            }
          ]
        }
      ],
      "contracts": [
        {
          "id": "ITP-AS-DCAGI-SC-036/15",
          "awardID": "IA-009KDH999-N31-2015",
          "title": "Servicios profesionales de consultoria, legales y/o normativos y acompanamiento en los procedimientos de contratacion publica y elaboracion de la memoria documental integral del desarrollo del  Nuevo Aeropuerto Internacional de la Ciudad de Mexico",
          "description": "Ver documento adjunto",
          "status": "active",
          "period": {
            "startDate": "2015-06-02T05:00:00.000Z",
            "endDate": "2015-12-31T06:00:00.000Z"
          },
          "value": {
            "amount": 20640000,
            "currency": "MXN"
          },
          "items": [
            {
              "id": "item-34125e72-f231-49f0-8226-d883aea0768d",
              "description": "Servicios profesionales de consultoria, legales y/o normativos y acompanamiento en los procedimientos de contratacion publica y elaboracion de la memoria documental integral del desarrollo del  Nuevo Aeropuerto Internacional de la Ciudad de Mexico",
              "classification": {
                "scheme": "EDIFICACION NO HABITACIONAL",
                "id": "6220"
              },
              "quantity": 1,
              "unit": {
                "name": "sop",
                "value": {
                  "amount": 20640000,
                  "currency": "MXN"
                }
              }
            }
          ],
          "dateSigned": "2015-06-02T05:00:00.000Z",
          "documents": [
            {
              "id": "doc-540ae0ef-8410-4854-8f6a-21605d7a6283",
              "documentType": "Contract Signed",
              "title": "Cl?usula sobre las condiciones de entrega de la obra",
              "description": "Contrato firmado",
              "url": "http://189.211.120.220:8880/files/opendata/15036-ITP-AS-DCAGI-SC-036-15/15.-%20CF/15.pdf",
              "datePublished": "2015-05-18T05:00:00.000Z",
              "dateModified": "2015-05-18T05:00:00.000Z",
              "format": "html",
              "language": "es"
            },
            {
              "id": "doc-7abaca70-41fb-4b43-bca1-bc41eb7219e2",
              "documentType": "Contract Signed",
              "title": "Contrato firmado",
              "description": "Contrato firmado",
              "url": "http://189.211.120.220:8880/files/opendata/15036-ITP-AS-DCAGI-SC-036-15/15.-%20CF/15.pdf",
              "datePublished": "2015-05-18T05:00:00.000Z",
              "dateModified": "2015-05-18T05:00:00.000Z",
              "format": "html",
              "language": "es"
            },
            {
              "id": "doc-b43981e6-f59e-4471-b40f-fe3f082b03f5",
              "documentType": "Contract Guarantees",
              "title": "Fianza de anticipo",
              "description": "Garantia sobre el anticipo",
              "url": "http://189.211.120.220:8880/files/opendata/15036-ITP-AS-DCAGI-SC-036-15/17.-%20GA/17.pdf",
              "datePublished": "2015-05-18T05:00:00.000Z",
              "dateModified": "2015-05-18T05:00:00.000Z",
              "format": "html",
              "language": "es"
            },
            {
              "id": "doc-a55c1a41-e689-44a7-b4c9-d0f02f2b7d90",
              "documentType": "Contract Guarantees",
              "title": "Fianza de cumplimiento",
              "description": "Garantias de cumplimiento",
              "url": "http://189.211.120.220:8880/files/opendata/15036-ITP-AS-DCAGI-SC-036-15/18.-%20GC/18.pdf",
              "datePublished": "2015-05-18T05:00:00.000Z",
              "dateModified": "2015-05-18T05:00:00.000Z",
              "format": "html",
              "language": "es"
            }
          ]
        }
      ],
      "language": "es"
    }
  ],
  "publisher": {
    "name": "GACM",
    "scheme": "SERVICIO",
    "uid": "AS",
    "uri": "http://www.aeropuerto.gob.mx/"
  },
  "license": "https://datos.gob.mx/libreusomx/",
  "publicationPolicy": "https://datos.gob.mx/libreusomx/"
}
