{
  "uri": "https://datos.gob.mx/busca/dataset?organization=gacm",
  "publishedDate": "2017-02-15T16:48:25.610Z",
  "releases": [
    {
      "ocid": "234",
      "id": "RELEASE_234_2017-02-15T16:48:25.609Z",
      "date": "2017-02-08T06:00:00.000Z",
      "tag": [
        "contract"
      ],
      "initiationType": "tender",
      "planning": {
        "budget": {
          "source": "http://www.apartados.hacienda.gob.mx/presupuesto/temas/pef/2016/docs/09/r09_kdh_pie.pdf",
          "id": "APORTACIONES A FIDEICOMISOS PUBLICOS",
          "description": "RECURSOS FISCALES",
          "amount": {
            "amount": 309200069.2,
            "currency": "MXN"
          },
          "project": "Nuevo Aeropuerto Internacional de la Ciudad de Mexico",
          "projectID": "46101",
          "uri": "http://www.apartados.hacienda.gob.mx/presupuesto/temas/pef/2016/docs/09/r09_kdh_pie.pdf"
        },
        "rationale": "Servicios consistentes en el apoyo tecnico y tecnologico para la implementacion y ejecucion de planes y programas de logistica de construccion del NAICM",
        "documents": [
          {
            "id": "doc-62c20bec-85e2-4fef-b024-c7837f54d1c8",
            "documentType": "projectPlan",
            "title": "Proyecto ejecutivo de la obra",
            "description": "Terminos de referencia",
            "url": "http://189.211.120.220:8880/files/opendata/16001-GACM-DCI-SJ-CM-E-001-16/4.-%20TR/4.pdf",
            "datePublished": "2016-03-01T06:00:00.000Z",
            "dateModified": "2016-03-01T06:00:00.000Z",
            "format": "html",
            "language": "es"
          }
        ]
      },
      "tender": {
        "id": "No aplica",
        "title": "Convenio decolaboracion para llevar a cabo los Servicios consistentes en el apoyo tecnico y tecnologico para la implementacion y ejecucion de planes yprogramas de logistica de construccion del NAICM",
        "description": "Servicios consistentes en el apoyo tecnico y tecnologico para la implementacion y ejecucion de planes y programas de logistica de construccion del NAICM",
        "status": "active",
        "items": [
          {
            "id": "item-5ab0c826-507d-4b33-ae7e-4bf2ede4b47d",
            "description": "Servicios consistentes en el apoyo tecnico y tecnologico para la implementacion y ejecucion de planes y programas de logistica de construccion del NAICM",
            "classification": {
              "scheme": "EDIFICACION NO HABITACIONAL",
              "id": "6220"
            },
            "quantity": 1,
            "unit": {
              "name": "sop",
              "value": {
                "amount": 309200069.2,
                "currency": "MXN"
              }
            }
          }
        ],
        "value": {
          "amount": 309200069.2,
          "currency": "MXN"
        },
        "procurementMethod": "open",
        "procurementMethodRationale": "No aplica",
        "metodoDeAdquisicion": "Convenio de colaboración",
        "awardCriteria": "bestValueToGoverment",
        "awardCriteriaDetails": "Presencial",
        "submissionMethod": [
          "No aplica"
        ],
        "eligibilityCriteria": "Ver documento adjunto",
        "documents": [
          {
            "id": "doc-97aaf3b7-bed4-4be0-aefe-cd3785cbd84f",
            "documentType": "Clarifications",
            "title": "Actas de la junta de aclaraciones",
            "description": "Actas de la junta de aclaraciones",
            "url": "http://189.211.120.220:8880/files/opendata/16001-GACM-DCI-SJ-CM-E-001-16/9.-%20AJ/9.pdf",
            "datePublished": "2016-03-01T06:00:00.000Z",
            "dateModified": "2016-03-01T06:00:00.000Z",
            "format": "html",
            "language": "es"
          },
          {
            "id": "doc-c5f10ab3-0554-4579-8f5e-121f9c76fca4",
            "documentType": "Tender Notice",
            "title": "Documento que describe los criterios que deben cumplir los licitantes",
            "description": "Convocatoria al procedimiento de contratacion",
            "url": "http://189.211.120.220:8880/files/opendata/16001-GACM-DCI-SJ-CM-E-001-16/8.-%20CC/8.pdf",
            "datePublished": "2016-03-01T06:00:00.000Z",
            "dateModified": "2016-03-01T06:00:00.000Z",
            "format": "html",
            "language": "es"
          },
          {
            "id": "doc-90f604af-db72-45b5-b299-d52229673863",
            "documentType": "Tender Notice",
            "title": "Documento que contiene los objetivos y caracter?sticas del contrato y proceso de licitaci?n",
            "description": "Convocatoria al procedimiento de contratacion",
            "url": "http://189.211.120.220:8880/files/opendata/16001-GACM-DCI-SJ-CM-E-001-16/8.-%20CC/8.pdf",
            "datePublished": "2016-03-01T06:00:00.000Z",
            "dateModified": "2016-03-01T06:00:00.000Z",
            "format": "html",
            "language": "es"
          },
          {
            "id": "doc-6d0c5c5b-6309-43fe-9911-a14793655110",
            "documentType": "Tender Notice",
            "title": "Documento que contiene las especificaicones t?cnicas de la obra",
            "description": "Convocatoria al procedimiento de contratacion",
            "url": "http://189.211.120.220:8880/files/opendata/16001-GACM-DCI-SJ-CM-E-001-16/8.-%20CC/8.pdf",
            "datePublished": "2016-03-01T06:00:00.000Z",
            "dateModified": "2016-03-01T06:00:00.000Z",
            "format": "html",
            "language": "es"
          },
          {
            "id": "doc-b12c6ed0-0c1b-4d4a-8eb6-64467bd0444c",
            "documentType": "Tender Notice",
            "title": "Convocatoria al procedimiento de contrataci?n",
            "description": "Convocatoria al procedimiento de contratacion",
            "url": "http://189.211.120.220:8880/files/opendata/16001-GACM-DCI-SJ-CM-E-001-16/8.-%20CC/8.pdf",
            "datePublished": "2016-03-01T06:00:00.000Z",
            "dateModified": "2016-03-01T06:00:00.000Z",
            "format": "html",
            "language": "es"
          },
          {
            "id": "doc-d9607c03-f9fa-401d-af15-d587c8427dfc",
            "documentType": "Tender Notice",
            "title": "Documento que describe los criterios de evaluaci?n",
            "description": "Convocatoria al procedimiento de contratacion",
            "url": "http://189.211.120.220:8880/files/opendata/16001-GACM-DCI-SJ-CM-E-001-16/8.-%20CC/8.pdf",
            "datePublished": "2016-03-01T06:00:00.000Z",
            "dateModified": "2016-03-01T06:00:00.000Z",
            "format": "html",
            "language": "es"
          }
        ]
      },
      "buyer": {
        "identifier": {
          "scheme": "MK-009KDH999",
          "id": "GACM",
          "legalName": "Grupo Aeroportuario de la Ciudad de Mexico, S.A. de C.V.",
          "uri": "http://www.aeropuerto.gob.mx/"
        },
        "name": "Grupo Aeroportuario de la Ciudad de Mexico, S.A. de C.V.",
        "address": {
          "streetAddress": "AV. INSURGENTES SUR NO. 2453 PISO 2 OFICINA 203",
          "locality": "COL. TIZAPAN",
          "region": "DEL. ALVARO OBREGON",
          "postalCode": "01090",
          "countryName": "Mexico"
        },
        "contactPoint": {
          "name": "G05-DIRECCION CORPORATIVA DE ADMINISTRACION Y GESTION INMOBILIARIA",
          "url": "http://www.aeropuerto.gob.mx/"
        }
      },
      "awards": [
        {
          "id": "No Aplica",
          "title": "Convenio de colaboracion para llevar a cabo los Servicios consistentes en el apoyo tecnico y tecnologico para la implementacion y ejecucion de planesy programas de logistica de construccion del NAICM",
          "description": "Ver documento adjunto",
          "status": "active",
          "value": {
            "amount": 309200069.2,
            "currency": "MXN"
          },
          "suppliers": [
            {
              "identifier": {
                "id": "CFE370814QI0",
                "legalName": "COMISION FEDERAL DE ELECTRICIDAD"
              },
              "name": "COMISION FEDERAL DE ELECTRICIDAD",
              "address": {
                "streetAddress": "Paseo de la Reforma No 164",
                "locality": "Juarez",
                "region": "Cuauhtemoc",
                "postalCode": "6600",
                "countryName": "Mexico"
              }
            }
          ],
          "items": [
            {
              "id": "item-1e2846db-2d1d-4106-9dd9-03d93e96c53e",
              "description": "Servicios consistentes en el apoyo tecnico y tecnologico para la implementacion y ejecucion de planes y programas de logistica de construccion del NAICM",
              "classification": {
                "scheme": "EDIFICACION NO HABITACIONAL",
                "id": "6220"
              },
              "quantity": 1,
              "unit": {
                "name": "sop",
                "value": {
                  "amount": 309200069.2,
                  "currency": "MXN"
                }
              }
            }
          ],
          "contractPeriod": {
            "startDate": "2016-03-01T06:00:00.000Z",
            "endDate": "2028-02-20T23:00:00.000Z"
          },
          "documents": [
            {
              "id": "doc-eae54cbe-3b9d-4b3e-bfc5-ca7c3a13402f",
              "documentType": "Award Notice",
              "title": "Fallo",
              "description": "Acta de fallo",
              "url": "http://189.211.120.220:8880/files/opendata/16001-GACM-DCI-SJ-CM-E-001-16/12.-%20AF/12.pdf",
              "datePublished": "2016-03-01T06:00:00.000Z",
              "dateModified": "2016-03-01T06:00:00.000Z",
              "format": "html",
              "language": "es"
            },
            {
              "id": "doc-214c3aab-de78-4e67-9a49-bb62729ebb31",
              "documentType": "Award Notice",
              "title": "Fallo",
              "description": "Descripcion del acto de presentacion y apertura de proposiciones",
              "url": "http://189.211.120.220:8880/files/opendata/16001-GACM-DCI-SJ-CM-E-001-16/10.-%20AP/10.pdf",
              "datePublished": "2016-03-01T06:00:00.000Z",
              "dateModified": "2016-03-01T06:00:00.000Z",
              "format": "html",
              "language": "es"
            }
          ]
        }
      ],
      "contracts": [
        {
          "id": "GACM/DCI/SJ/CM-E/001-2016",
          "awardID": "No Aplica",
          "title": "Convenio de colaboracion para llevar a cabo los Servicios consistentes en el apoyo tecnico y tecnologico para la implementacion y ejecucion de planesy programas de logistica de construccion del NAICM",
          "description": "Ver documento adjunto",
          "status": "active",
          "period": {
            "startDate": "2016-03-01T06:00:00.000Z",
            "endDate": "2017-02-28T06:00:00.000Z"
          },
          "value": {
            "amount": 309200069.2,
            "currency": "MXN"
          },
          "items": [
            {
              "id": "item-f8daa803-91d3-4eb6-a57b-f6441e19fa31",
              "description": "Servicios consistentes en el apoyo tecnico y tecnologico para la implementacion y ejecucion de planes y programas de logistica de construccion del NAICM",
              "classification": {
                "scheme": "EDIFICACION NO HABITACIONAL",
                "id": "6220"
              },
              "quantity": 1,
              "unit": {
                "name": "sop",
                "value": {
                  "amount": 309200069.2,
                  "currency": "MXN"
                }
              }
            }
          ],
          "dateSigned": "2016-03-01T06:00:00.000Z",
          "documents": [
            {
              "id": "doc-c2b8f0bd-c22e-4418-8bb6-2b9959be0b83",
              "documentType": "Contract Signed",
              "title": "Cl?usula sobre las condiciones de entrega de la obra",
              "description": "Contrato firmado",
              "url": "http://189.211.120.220:8880/files/opendata/16001-GACM-DCI-SJ-CM-E-001-16/15.-%20CF/15.pdf",
              "datePublished": "2016-03-01T06:00:00.000Z",
              "dateModified": "2016-03-01T06:00:00.000Z",
              "format": "html",
              "language": "es"
            },
            {
              "id": "doc-99415e3e-19fa-4886-9e47-587191bc39ef",
              "documentType": "Contract Signed",
              "title": "Contrato firmado",
              "description": "Contrato firmado",
              "url": "http://189.211.120.220:8880/files/opendata/16001-GACM-DCI-SJ-CM-E-001-16/15.-%20CF/15.pdf",
              "datePublished": "2016-03-01T06:00:00.000Z",
              "dateModified": "2016-03-01T06:00:00.000Z",
              "format": "html",
              "language": "es"
            },
            {
              "id": "doc-95803425-41c5-4c63-b890-7fa964528456",
              "documentType": "Contract Guarantees",
              "title": "Fianza de anticipo",
              "description": "Garantia sobre el anticipo",
              "url": "http://189.211.120.220:8880/files/opendata/16001-GACM-DCI-SJ-CM-E-001-16/17.-%20GA/17.pdf",
              "datePublished": "2016-03-01T06:00:00.000Z",
              "dateModified": "2016-03-01T06:00:00.000Z",
              "format": "html",
              "language": "es"
            },
            {
              "id": "doc-7c2f65b7-f62e-4d61-b6fd-52a71e3e5a53",
              "documentType": "Contract Guarantees",
              "title": "Fianza de cumplimiento",
              "description": "Garantias de cumplimiento",
              "url": "http://189.211.120.220:8880/files/opendata/16001-GACM-DCI-SJ-CM-E-001-16/18.-%20GC/18.pdf",
              "datePublished": "2016-03-01T06:00:00.000Z",
              "dateModified": "2016-03-01T06:00:00.000Z",
              "format": "html",
              "language": "es"
            }
          ]
        }
      ],
      "language": "es"
    }
  ],
  "publisher": {
    "name": "GACM",
    "scheme": "SERVICIO",
    "uid": "AS",
    "uri": "http://www.aeropuerto.gob.mx/"
  },
  "license": "https://datos.gob.mx/libreusomx/",
  "publicationPolicy": "https://datos.gob.mx/libreusomx/"
}
