{
  "uri": "https://datos.gob.mx/busca/dataset?organization=gacm",
  "publishedDate": "2017-02-15T16:48:25.130Z",
  "releases": [
    {
      "ocid": "241",
      "id": "RELEASE_241_2017-02-15T16:48:25.130Z",
      "date": "2017-02-08T06:00:00.000Z",
      "tag": [
        "contract"
      ],
      "initiationType": "tender",
      "planning": {
        "budget": {
          "source": "http://www.apartados.hacienda.gob.mx/presupuesto/temas/pef/2016/docs/09/r09_kdh_pie.pdf",
          "id": "APORTACIONES A FIDEICOMISOS PUBLICOS",
          "description": "RECURSOS FISCALES",
          "amount": {
            "amount": 9300000,
            "currency": "MXN"
          },
          "project": "Nuevo Aeropuerto Internacional de la Ciudad de Mexico",
          "projectID": "46101",
          "uri": "http://www.apartados.hacienda.gob.mx/presupuesto/temas/pef/2016/docs/09/r09_kdh_pie.pdf"
        },
        "rationale": "Supervision de la Construccion del Drenaje Pluvial Temporal del Nuevo Aeropuerto Internacional de la Ciudad de Mexico",
        "documents": [
          {
            "id": "doc-ff99ad19-17cf-4ce2-9dc5-4218f8913d7a",
            "documentType": "projectPlan",
            "title": "Proyecto ejecutivo de la obra",
            "description": "Terminos de referencia",
            "url": "http://189.211.120.220:8880/files/opendata/16003-AD-SRO-DCAGI-SC-003-16/4.-%20TR/4.pdf",
            "datePublished": "2016-01-21T06:00:00.000Z",
            "dateModified": "2016-01-21T06:00:00.000Z",
            "format": "html",
            "language": "es"
          }
        ]
      },
      "tender": {
        "id": "1008580",
        "title": "Supervision de la Construccion del Drenaje Pluvial Temporal del Nuevo Aeropuerto Internacional de la Ciudad de Mexico",
        "description": "Supervision de la Construccion del Drenaje Pluvial Temporal del Nuevo Aeropuerto Internacional de la Ciudad de Mexico",
        "status": "active",
        "items": [
          {
            "id": "item-78e11331-18df-4f28-badd-837111c444fe",
            "description": "Supervision de la Construccion del Drenaje Pluvial Temporal del Nuevo Aeropuerto Internacional de la Ciudad de Mexico",
            "classification": {
              "scheme": "EDIFICACION NO HABITACIONAL",
              "id": "6220"
            },
            "quantity": 1,
            "unit": {
              "name": "sop",
              "value": {
                "amount": 7680864.77,
                "currency": "MXN"
              }
            }
          }
        ],
        "value": {
          "amount": 9300000,
          "currency": "MXN"
        },
        "procurementMethod": "selective",
        "procurementMethodRationale": "Nacional",
        "metodoDeAdquisicion": "Invitación a tres",
        "awardCriteria": "bestValueToGoverment",
        "awardCriteriaDetails": "Presencial",
        "submissionMethod": [
          "Presencial"
        ],
        "tenderPeriod": {
          "endDate": "2015-10-05T05:00:00.000Z"
        },
        "enquiryPeriod": {
          "startDate": "2015-09-29T05:00:00.000Z",
          "endDate": "2015-09-29T05:00:00.000Z"
        },
        "eligibilityCriteria": "Ver documento adjunto",
        "awardPeriod": {
          "endDate": "2015-10-05T05:00:00.000Z"
        },
        "documents": [
          {
            "id": "doc-8f575987-13ab-4827-b774-2fd571014294",
            "documentType": "Clarifications",
            "title": "Actas de la junta de aclaraciones",
            "description": "Actas de la junta de aclaraciones",
            "url": "http://189.211.120.220:8880/files/opendata/16003-AD-SRO-DCAGI-SC-003-16/9.-%20AJ/9.pdf",
            "datePublished": "2016-01-21T06:00:00.000Z",
            "dateModified": "2016-01-21T06:00:00.000Z",
            "format": "html",
            "language": "es"
          },
          {
            "id": "doc-582a0168-86c7-4458-b62e-6d9f0c7b4707",
            "documentType": "Tender Notice",
            "title": "Documento que describe los criterios de evaluaci?n",
            "description": "Convocatoria al procedimiento de contratacion",
            "url": "http://189.211.120.220:8880/files/opendata/16003-AD-SRO-DCAGI-SC-003-16/8.-%20CC/8.pdf",
            "datePublished": "2016-01-21T06:00:00.000Z",
            "dateModified": "2016-01-21T06:00:00.000Z",
            "format": "html",
            "language": "es"
          },
          {
            "id": "doc-0feec3af-6e16-4da3-8250-71a20e207d46",
            "documentType": "Tender Notice",
            "title": "Documento que contiene los objetivos y caracter?sticas del contrato y proceso de licitaci?n",
            "description": "Convocatoria al procedimiento de contratacion",
            "url": "http://189.211.120.220:8880/files/opendata/16003-AD-SRO-DCAGI-SC-003-16/8.-%20CC/8.pdf",
            "datePublished": "2016-01-21T06:00:00.000Z",
            "dateModified": "2016-01-21T06:00:00.000Z",
            "format": "html",
            "language": "es"
          },
          {
            "id": "doc-44861e83-b328-4ed9-b35e-084771e970ce",
            "documentType": "Tender Notice",
            "title": "Documento que contiene las especificaicones t?cnicas de la obra",
            "description": "Convocatoria al procedimiento de contratacion",
            "url": "http://189.211.120.220:8880/files/opendata/16003-AD-SRO-DCAGI-SC-003-16/8.-%20CC/8.pdf",
            "datePublished": "2016-01-21T06:00:00.000Z",
            "dateModified": "2016-01-21T06:00:00.000Z",
            "format": "html",
            "language": "es"
          },
          {
            "id": "doc-8629ade3-ec94-4b0f-bfd9-2049cc5dfcc8",
            "documentType": "Tender Notice",
            "title": "Convocatoria al procedimiento de contrataci?n",
            "description": "Convocatoria al procedimiento de contratacion",
            "url": "http://189.211.120.220:8880/files/opendata/16003-AD-SRO-DCAGI-SC-003-16/8.-%20CC/8.pdf",
            "datePublished": "2016-01-21T06:00:00.000Z",
            "dateModified": "2016-01-21T06:00:00.000Z",
            "format": "html",
            "language": "es"
          },
          {
            "id": "doc-16e5c526-d3e2-46e9-8a58-96fb171dee76",
            "documentType": "Tender Notice",
            "title": "Documento que describe los criterios que deben cumplir los licitantes",
            "description": "Convocatoria al procedimiento de contratacion",
            "url": "http://189.211.120.220:8880/files/opendata/16003-AD-SRO-DCAGI-SC-003-16/8.-%20CC/8.pdf",
            "datePublished": "2016-01-21T06:00:00.000Z",
            "dateModified": "2016-01-21T06:00:00.000Z",
            "format": "html",
            "language": "es"
          }
        ]
      },
      "buyer": {
        "identifier": {
          "scheme": "MK-009KDH999",
          "id": "GACM",
          "legalName": "Grupo Aeroportuario de la Ciudad de Mexico, S.A. de C.V.",
          "uri": "http://www.aeropuerto.gob.mx/"
        },
        "name": "Grupo Aeroportuario de la Ciudad de Mexico, S.A. de C.V.",
        "address": {
          "streetAddress": "AV. INSURGENTES SUR NO. 2453 PISO 2 OFICINA 203",
          "locality": "COL. TIZAPAN",
          "region": "DEL. ALVARO OBREGON",
          "postalCode": "01090",
          "countryName": "Mexico"
        },
        "contactPoint": {
          "name": "G05-DIRECCION CORPORATIVA DE ADMINISTRACION Y GESTION INMOBILIARIA",
          "url": "http://www.aeropuerto.gob.mx/"
        }
      },
      "awards": [
        {
          "id": "AO-009KDH999-E20-2016",
          "title": "Supervision de la Construccion del Drenaje Pluvial Temporal del Nuevo Aeropuerto Internacional de la Ciudad de Mexico",
          "description": "Ver documento adjunto",
          "status": "active",
          "date": "2015-11-05T06:00:00.000Z",
          "value": {
            "amount": 7680864.77,
            "currency": "MXN"
          },
          "suppliers": [
            {
              "identifier": {
                "id": "IPE850318NZA",
                "legalName": "Ingenieria y Procesamiento Electronico, S. A. de C. V."
              },
              "name": "Ingenieria y Procesamiento Electronico, S. A. de C. V.",
              "address": {
                "streetAddress": "San Lorenzo numero 153-402",
                "locality": "Del Valle",
                "region": "Delegacion Benito Juarez",
                "postalCode": "3100",
                "countryName": "Mexico"
              }
            }
          ],
          "items": [
            {
              "id": "item-791fc0fc-cae1-4dc5-a159-ec249aaf588a",
              "description": "Supervision de la Construccion del Drenaje Pluvial Temporal del Nuevo Aeropuerto Internacional de la Ciudad de Mexico",
              "classification": {
                "scheme": "EDIFICACION NO HABITACIONAL",
                "id": "6220"
              },
              "quantity": 1,
              "unit": {
                "name": "sop",
                "value": {
                  "amount": 7680864.77,
                  "currency": "MXN"
                }
              }
            }
          ],
          "contractPeriod": {
            "startDate": "2016-02-01T06:00:00.000Z",
            "endDate": "2016-06-29T05:00:00.000Z"
          },
          "documents": [
            {
              "id": "doc-b1f08ffc-ecbc-431b-9d7b-81c85e748a85",
              "documentType": "Award Notice",
              "title": "Fallo",
              "description": "Acta de Fallo",
              "url": "http://189.211.120.220:8880/files/opendata/16003-AD-SRO-DCAGI-SC-003-16/12.-%20AF/12.pdf",
              "datePublished": "2016-01-21T06:00:00.000Z",
              "dateModified": "2016-01-21T06:00:00.000Z",
              "format": "html",
              "language": "es"
            },
            {
              "id": "doc-a884faf3-754d-4819-9266-dc04298e68ce",
              "documentType": "Award Notice",
              "title": "Fallo",
              "description": "Descripcion del acto de presentacion y apertura de proposiciones",
              "url": "http://189.211.120.220:8880/files/opendata/16003-AD-SRO-DCAGI-SC-003-16/10.-%20AP/10.pdf",
              "datePublished": "2016-01-21T06:00:00.000Z",
              "dateModified": "2016-01-21T06:00:00.000Z",
              "format": "html",
              "language": "es"
            }
          ]
        }
      ],
      "contracts": [
        {
          "id": "AD-SRO-DCAGI-SC-003/16",
          "awardID": "AO-009KDH999-E20-2016",
          "title": "Supervision de la Construccion del Drenaje Pluvial Temporal del Nuevo Aeropuerto Internacional de la Ciudad de Mexico",
          "description": "Ver documento adjunto",
          "status": "active",
          "period": {
            "startDate": "2016-02-01T06:00:00.000Z",
            "endDate": "2016-06-29T05:00:00.000Z"
          },
          "value": {
            "amount": 7680864.77,
            "currency": "MXN"
          },
          "items": [
            {
              "id": "item-21c6accb-5806-403d-b025-fa0afb31dd79",
              "description": "Supervision de la Construccion del Drenaje Pluvial Temporal del Nuevo Aeropuerto Internacional de la Ciudad de Mexico",
              "classification": {
                "scheme": "EDIFICACION NO HABITACIONAL",
                "id": "6220"
              },
              "quantity": 1,
              "unit": {
                "name": "sop",
                "value": {
                  "amount": 7680864.77,
                  "currency": "MXN"
                }
              }
            }
          ],
          "dateSigned": "2016-01-21T06:00:00.000Z",
          "documents": [
            {
              "id": "doc-1bbc93de-e777-41cc-8a2f-b6dc104ed8f3",
              "documentType": "Contract Signed",
              "title": "Contrato firmado",
              "description": "Contrato firmado",
              "url": "http://189.211.120.220:8880/files/opendata/16003-AD-SRO-DCAGI-SC-003-16/15.-%20CF/15.pdf",
              "datePublished": "2016-01-21T06:00:00.000Z",
              "dateModified": "2016-01-21T06:00:00.000Z",
              "format": "html",
              "language": "es"
            },
            {
              "id": "doc-edba1962-fd2d-4eb6-a95e-554ed2a3ca48",
              "documentType": "Contract Signed",
              "title": "Cl?usula sobre las condiciones de entrega de la obra",
              "description": "Contrato firmado",
              "url": "http://189.211.120.220:8880/files/opendata/16003-AD-SRO-DCAGI-SC-003-16/15.-%20CF/15.pdf",
              "datePublished": "2016-01-21T06:00:00.000Z",
              "dateModified": "2016-01-21T06:00:00.000Z",
              "format": "html",
              "language": "es"
            },
            {
              "id": "doc-39ff1b2a-4838-4935-a4c3-d7e652057785",
              "documentType": "Contract Guarantees",
              "title": "Fianza de anticipo",
              "description": "Garantia sobre el anticipo",
              "url": "http://189.211.120.220:8880/files/opendata/16003-AD-SRO-DCAGI-SC-003-16/17.-%20GA/17.pdf",
              "datePublished": "2016-01-21T06:00:00.000Z",
              "dateModified": "2016-01-21T06:00:00.000Z",
              "format": "html",
              "language": "es"
            },
            {
              "id": "doc-d6501443-a26a-43fd-b4b9-08cde9e033ad",
              "documentType": "Contract Guarantees",
              "title": "Fianza de cumplimiento",
              "description": "Garantias de cumplimiento",
              "url": "http://189.211.120.220:8880/files/opendata/16003-AD-SRO-DCAGI-SC-003-16/18.-%20GC/18.pdf",
              "datePublished": "2016-01-21T06:00:00.000Z",
              "dateModified": "2016-01-21T06:00:00.000Z",
              "format": "html",
              "language": "es"
            }
          ]
        }
      ],
      "language": "es"
    }
  ],
  "publisher": {
    "name": "GACM",
    "scheme": "SERVICIO",
    "uid": "AS",
    "uri": "http://www.aeropuerto.gob.mx/"
  },
  "license": "https://datos.gob.mx/libreusomx/",
  "publicationPolicy": "https://datos.gob.mx/libreusomx/"
}
