{
  "uri": "https://datos.gob.mx/busca/dataset?organization=gacm",
  "publishedDate": "2017-02-15T16:48:25.398Z",
  "releases": [
    {
      "ocid": "242",
      "id": "RELEASE_242_2017-02-15T16:48:25.397Z",
      "date": "2017-02-08T06:00:00.000Z",
      "tag": [
        "contract"
      ],
      "initiationType": "tender",
      "planning": {
        "budget": {
          "source": "http://www.apartados.hacienda.gob.mx/presupuesto/temas/pef/2016/docs/09/r09_kdh_pie.pdf",
          "id": "APORTACIONES A FIDEICOMISOS PUBLICOS",
          "description": "RECURSOS FISCALES",
          "amount": {
            "amount": 67996,
            "currency": "MXN"
          },
          "project": "Nuevo Aeropuerto Internacional de la Ciudad de Mexico",
          "projectID": "46101",
          "uri": "http://www.apartados.hacienda.gob.mx/presupuesto/temas/pef/2016/docs/09/r09_kdh_pie.pdf"
        },
        "rationale": "Instalacion de equipo de Medicion de Energia  Electrica en las Puertas 7 y 8 del Nuevo aeropuerto Internacional de la Ciudad de Mexico (NAICM",
        "documents": [
          {
            "id": "doc-6ce02500-3735-4f87-ae02-f60f82f32bb8",
            "documentType": "projectPlan",
            "title": "Proyecto ejecutivo de la obra",
            "description": "Terminos de referencia",
            "url": "http://189.211.120.220:8880/files/opendata/16025-AD-OP-DCAGI-SC-025-16/4.-%20TR/4.pdf",
            "datePublished": "2016-03-30T06:00:00.000Z",
            "dateModified": "2016-03-30T06:00:00.000Z",
            "format": "html",
            "language": "es"
          }
        ]
      },
      "tender": {
        "id": "1113021",
        "title": "Instalacion de equipo de Medicion de Energia  Electrica en las Puertas 7 y 8 del Nuevo aeropuerto Internacional de la Ciudad de Mexico (NAICM",
        "description": "Instalacion de equipo de Medicion de Energia  Electrica en las Puertas 7 y 8 del Nuevo aeropuerto Internacional de la Ciudad de Mexico (NAICM",
        "status": "active",
        "items": [
          {
            "id": "item-e4683b02-a08b-414e-9595-b63efaee6c0c",
            "description": "Instalacion de equipo de Medicion de Energia  Electrica en las Puertas 7 y 8 del Nuevo aeropuerto Internacional de la Ciudad de Mexico (NAICM)",
            "classification": {
              "scheme": "EDIFICACION NO HABITACIONAL",
              "id": "6220"
            },
            "quantity": 1,
            "unit": {
              "name": "obr",
              "value": {
                "amount": 67996,
                "currency": "MXN"
              }
            }
          }
        ],
        "value": {
          "amount": 67996,
          "currency": "MXN"
        },
        "procurementMethod": "limited",
        "procurementMethodRationale": "Nacional",
        "metodoDeAdquisicion": "Adjudicación directa",
        "awardCriteria": "bestValueToGoverment",
        "awardCriteriaDetails": "Presencial",
        "submissionMethod": [
          "Presencial"
        ],
        "eligibilityCriteria": "Ver documento adjunto",
        "documents": [
          {
            "id": "doc-122d762f-295d-4bb9-a009-b09e1b69713f",
            "documentType": "Clarifications",
            "title": "Actas de la junta de aclaraciones",
            "description": "Actas de la junta de aclaraciones",
            "url": "http://189.211.120.220:8880/files/opendata/16025-AD-OP-DCAGI-SC-025-16/9.-%20AJ/9.pdf",
            "datePublished": "2016-03-30T06:00:00.000Z",
            "dateModified": "2016-03-30T06:00:00.000Z",
            "format": "html",
            "language": "es"
          },
          {
            "id": "doc-890bf24f-4c6d-4c15-8204-95b2bbfc0805",
            "documentType": "Tender Notice",
            "title": "Documento que describe los criterios de evaluaci?n",
            "description": "Convocatoria al procedimiento de contratacion",
            "url": "http://189.211.120.220:8880/files/opendata/16025-AD-OP-DCAGI-SC-025-16/8.-%20CC/8.pdf",
            "datePublished": "2016-03-30T06:00:00.000Z",
            "dateModified": "2016-03-30T06:00:00.000Z",
            "format": "html",
            "language": "es"
          },
          {
            "id": "doc-64f2e0d9-f52e-43d1-8124-2fe44fc3502c",
            "documentType": "Tender Notice",
            "title": "Documento que contiene los objetivos y caracter?sticas del contrato y proceso de licitaci?n",
            "description": "Convocatoria al procedimiento de contratacion",
            "url": "http://189.211.120.220:8880/files/opendata/16025-AD-OP-DCAGI-SC-025-16/8.-%20CC/8.pdf",
            "datePublished": "2016-03-30T06:00:00.000Z",
            "dateModified": "2016-03-30T06:00:00.000Z",
            "format": "html",
            "language": "es"
          },
          {
            "id": "doc-53103452-fc57-4916-a64d-a217af4d5331",
            "documentType": "Tender Notice",
            "title": "Documento que contiene las especificaicones t?cnicas de la obra",
            "description": "Convocatoria al procedimiento de contratacion",
            "url": "http://189.211.120.220:8880/files/opendata/16025-AD-OP-DCAGI-SC-025-16/8.-%20CC/8.pdf",
            "datePublished": "2016-03-30T06:00:00.000Z",
            "dateModified": "2016-03-30T06:00:00.000Z",
            "format": "html",
            "language": "es"
          },
          {
            "id": "doc-98af6a65-d9ab-4c8c-bcb1-8358ae95474b",
            "documentType": "Tender Notice",
            "title": "Convocatoria al procedimiento de contrataci?n",
            "description": "Convocatoria al procedimiento de contratacion",
            "url": "http://189.211.120.220:8880/files/opendata/16025-AD-OP-DCAGI-SC-025-16/8.-%20CC/8.pdf",
            "datePublished": "2016-03-30T06:00:00.000Z",
            "dateModified": "2016-03-30T06:00:00.000Z",
            "format": "html",
            "language": "es"
          },
          {
            "id": "doc-477d24e6-1cb7-4f19-ac39-bb0e817b4d3e",
            "documentType": "Tender Notice",
            "title": "Documento que describe los criterios que deben cumplir los licitantes",
            "description": "Convocatoria al procedimiento de contratacion",
            "url": "http://189.211.120.220:8880/files/opendata/16025-AD-OP-DCAGI-SC-025-16/8.-%20CC/8.pdf",
            "datePublished": "2016-03-30T06:00:00.000Z",
            "dateModified": "2016-03-30T06:00:00.000Z",
            "format": "html",
            "language": "es"
          }
        ]
      },
      "buyer": {
        "identifier": {
          "scheme": "MK-009KDH999",
          "id": "GACM",
          "legalName": "Grupo Aeroportuario de la Ciudad de Mexico, S.A. de C.V.",
          "uri": "http://www.aeropuerto.gob.mx/"
        },
        "name": "Grupo Aeroportuario de la Ciudad de Mexico, S.A. de C.V.",
        "address": {
          "streetAddress": "AV. INSURGENTES SUR NO. 2453 PISO 2 OFICINA 203",
          "locality": "COL. TIZAPAN",
          "region": "DEL. ALVARO OBREGON",
          "postalCode": "01090",
          "countryName": "Mexico"
        },
        "contactPoint": {
          "name": "G05-DIRECCION CORPORATIVA DE ADMINISTRACION Y GESTION INMOBILIARIA",
          "url": "http://www.aeropuerto.gob.mx/"
        }
      },
      "awards": [
        {
          "id": "AO-009KDH999-E103-2016",
          "title": "Instalacion de equipo de Medicion de Energia  Electrica en las Puertas 7 y 8 del Nuevo aeropuerto Internacional de la Ciudad de Mexico (NAICM",
          "description": "Ver documento adjunto",
          "status": "active",
          "value": {
            "amount": 67996,
            "currency": "MXN"
          },
          "suppliers": [
            {
              "identifier": {
                "id": "GAHR8404021M1",
                "legalName": "C. RIGOBERTO GARCIA HERNANDEZ"
              },
              "name": "C. RIGOBERTO GARCIA HERNANDEZ",
              "address": {
                "streetAddress": "Prolongacion Allende S/N",
                "locality": "Santa Maria Nativitas",
                "region": "Texcoco",
                "postalCode": "56200",
                "countryName": "Mexico"
              }
            }
          ],
          "items": [
            {
              "id": "item-0723dcba-0abb-4ffa-ba2c-445120a2b8b6",
              "description": "Instalacion de equipo de Medicion de Energia  Electrica en las Puertas 7 y 8 del Nuevo aeropuerto Internacional de la Ciudad de Mexico (NAICM)",
              "classification": {
                "scheme": "EDIFICACION NO HABITACIONAL",
                "id": "6220"
              },
              "quantity": 1,
              "unit": {
                "name": "obr",
                "value": {
                  "amount": 67996,
                  "currency": "MXN"
                }
              }
            }
          ],
          "contractPeriod": {
            "startDate": "2016-04-11T05:00:00.000Z",
            "endDate": "2016-04-29T05:00:00.000Z"
          },
          "documents": [
            {
              "id": "doc-07f16d4c-20da-4f6b-a663-15207350b5fd",
              "documentType": "Award Notice",
              "title": "Fallo",
              "description": "Acta de Fallo",
              "url": "http://189.211.120.220:8880/files/opendata/16025-AD-OP-DCAGI-SC-025-16/12.-%20AF/12.pdf",
              "datePublished": "2016-03-30T06:00:00.000Z",
              "dateModified": "2016-03-30T06:00:00.000Z",
              "format": "html",
              "language": "es"
            },
            {
              "id": "doc-e42e7325-f6b8-40c6-b0cd-38ede4f39036",
              "documentType": "Award Notice",
              "title": "Fallo",
              "description": "Descripcion del acto de presentacion y apertura de proposiciones",
              "url": "http://189.211.120.220:8880/files/opendata/16025-AD-OP-DCAGI-SC-025-16/10.-%20AP/10.pdf",
              "datePublished": "2016-03-30T06:00:00.000Z",
              "dateModified": "2016-03-30T06:00:00.000Z",
              "format": "html",
              "language": "es"
            }
          ]
        }
      ],
      "contracts": [
        {
          "id": "AD-OP-DCAGI-SC-025/16",
          "awardID": "AO-009KDH999-E103-2016",
          "title": "Instalacion de equipo de Medicion de Energia  Electrica en las Puertas 7 y 8 del Nuevo aeropuerto Internacional de la Ciudad de Mexico (NAICM",
          "description": "Ver documento adjunto",
          "status": "active",
          "period": {
            "startDate": "2016-04-11T05:00:00.000Z",
            "endDate": "2016-04-29T05:00:00.000Z"
          },
          "value": {
            "amount": 67996,
            "currency": "MXN"
          },
          "items": [
            {
              "id": "item-6cef4d59-0c17-4889-af33-59f0f9aa9c3c",
              "description": "Instalacion de equipo de Medicion de Energia  Electrica en las Puertas 7 y 8 del Nuevo aeropuerto Internacional de la Ciudad de Mexico (NAICM)",
              "classification": {
                "scheme": "EDIFICACION NO HABITACIONAL",
                "id": "6220"
              },
              "quantity": 1,
              "unit": {
                "name": "obr",
                "value": {
                  "amount": 67996,
                  "currency": "MXN"
                }
              }
            }
          ],
          "dateSigned": "2016-04-11T05:00:00.000Z",
          "documents": [
            {
              "id": "doc-ed170c0f-6ebf-4396-81ae-486aa7dcbca0",
              "documentType": "Contract Signed",
              "title": "Contrato firmado",
              "description": "Contrato firmado",
              "url": "http://189.211.120.220:8880/files/opendata/16025-AD-OP-DCAGI-SC-025-16/15.-%20CF/15.pdf",
              "datePublished": "2016-03-30T06:00:00.000Z",
              "dateModified": "2016-03-30T06:00:00.000Z",
              "format": "html",
              "language": "es"
            },
            {
              "id": "doc-89b5abd6-e81d-4c5e-8d0c-2a315497869c",
              "documentType": "Contract Signed",
              "title": "Cl?usula sobre las condiciones de entrega de la obra",
              "description": "Contrato firmado",
              "url": "http://189.211.120.220:8880/files/opendata/16025-AD-OP-DCAGI-SC-025-16/15.-%20CF/15.pdf",
              "datePublished": "2016-03-30T06:00:00.000Z",
              "dateModified": "2016-03-30T06:00:00.000Z",
              "format": "html",
              "language": "es"
            },
            {
              "id": "doc-78d5fe36-a359-4de7-b7cc-0ab06110f5a8",
              "documentType": "Contract Guarantees",
              "title": "Fianza de anticipo",
              "description": "Garantia sobre el anticipo",
              "url": "http://189.211.120.220:8880/files/opendata/16025-AD-OP-DCAGI-SC-025-16/17.-%20GA/17.pdf",
              "datePublished": "2016-03-30T06:00:00.000Z",
              "dateModified": "2016-03-30T06:00:00.000Z",
              "format": "html",
              "language": "es"
            },
            {
              "id": "doc-07a16e80-7797-47e0-838c-2df7e33a102b",
              "documentType": "Contract Guarantees",
              "title": "Fianza de cumplimiento",
              "description": "Garantias de cumplimiento",
              "url": "http://189.211.120.220:8880/files/opendata/16025-AD-OP-DCAGI-SC-025-16/18.-%20GC/18.pdf",
              "datePublished": "2016-03-30T06:00:00.000Z",
              "dateModified": "2016-03-30T06:00:00.000Z",
              "format": "html",
              "language": "es"
            }
          ]
        }
      ],
      "language": "es"
    }
  ],
  "publisher": {
    "name": "GACM",
    "scheme": "OBRA",
    "uid": "OP",
    "uri": "http://www.aeropuerto.gob.mx/"
  },
  "license": "https://datos.gob.mx/libreusomx/",
  "publicationPolicy": "https://datos.gob.mx/libreusomx/"
}
