{
  "uri": "https://datos.gob.mx/busca/dataset?organization=gacm",
  "publishedDate": "2017-02-15T16:48:25.863Z",
  "releases": [
    {
      "ocid": "25",
      "id": "RELEASE_25_2017-02-15T16:48:25.862Z",
      "date": "2017-02-08T06:00:00.000Z",
      "tag": [
        "contract"
      ],
      "initiationType": "tender",
      "planning": {
        "budget": {
          "id": "OBRAS DE CONSTRUCCION PARA EDIFICIOS NO HABITACIONALES",
          "description": "RECURSOS FISCALES",
          "amount": {
            "amount": 13051740,
            "currency": "MXN"
          },
          "project": "Nuevo Aeropuerto Internacional de la Ciudad de Mexico",
          "projectID": "46101"
        },
        "rationale": "Estudio para definir los bancos de prestamo, bancos de deposito y laboratorio de materiales, para el Proyecto del Nuevo Aeropuerto Internacional de la Ciudad de Mexico",
        "documents": [
          {
            "id": "doc-ab390045-6e53-40c0-afba-53a664c5da3b",
            "documentType": "projectPlan",
            "title": "Proyecto ejecutivo de la obra",
            "description": "Terminos de referencia",
            "url": "http://189.211.120.220:8880/files/opendata/14002-GACM-DCI-SJ-CI-02-2014/4.-%20TR/4.pdf",
            "datePublished": "2014-10-30T06:00:00.000Z",
            "dateModified": "2014-10-30T06:00:00.000Z",
            "format": "html",
            "language": "es"
          }
        ]
      },
      "tender": {
        "id": "No aplica",
        "title": "Estudio para definir los bancos de prestamo, bancos de deposito y laboratorio de materiales, para el Proyecto del Nuevo Aeropuerto Internacional de la Ciudad de Mexico",
        "description": "Estudio para definir los bancos de prestamo, bancos de deposito y laboratorio de materiales, para el Proyecto del Nuevo Aeropuerto Internacional de la Ciudad de Mexico",
        "status": "active",
        "items": [
          {
            "id": "item-54820ec9-cf51-4bf4-a576-d09ef9c73990",
            "description": "Estudio para definir los bancos de prestamo, bancos de deposito y laboratorio de materiales, para el Proyecto del Nuevo Aeropuerto Internacional de la Ciudad de Mexico",
            "classification": {
              "scheme": "EDIFICACION NO HABITACIONAL",
              "id": "6220"
            },
            "quantity": 1,
            "unit": {
              "name": "sop",
              "value": {
                "amount": 11251500,
                "currency": "MXN"
              }
            }
          }
        ],
        "minValue": {
          "currency": "MXN"
        },
        "value": {
          "amount": 13051740,
          "currency": "MXN"
        },
        "procurementMethod": "open",
        "procurementMethodRationale": "No aplica",
        "metodoDeAdquisicion": "Convenio de colaboración",
        "awardCriteria": "bestValueToGoverment",
        "awardCriteriaDetails": "Presencial",
        "submissionMethod": [
          "Presencial"
        ],
        "eligibilityCriteria": "Ver documento adjunto",
        "documents": [
          {
            "id": "doc-3dfd72d7-59dd-4d36-b158-963c6ec2b06f",
            "documentType": "Clarifications",
            "title": "Actas de la junta de aclaraciones",
            "description": "Actas de la junta de aclaraciones",
            "url": "http://189.211.120.220:8880/files/opendata/14002-GACM-DCI-SJ-CI-02-2014/9.-%20AJ/9.pdf",
            "datePublished": "2014-10-30T06:00:00.000Z",
            "dateModified": "2014-10-30T06:00:00.000Z",
            "format": "html",
            "language": "es"
          },
          {
            "id": "doc-31db653d-b96f-44a1-af7b-d2d0db97931b",
            "documentType": "Tender Notice",
            "title": "Documento que contiene las especificaciones t?cnicas de la obra",
            "description": "Convocatoria al procedimiento de contratacion",
            "url": "http://189.211.120.220:8880/files/opendata/14002-GACM-DCI-SJ-CI-02-2014/8.-%20CC/8.pdf",
            "datePublished": "2014-10-30T06:00:00.000Z",
            "dateModified": "2014-10-30T06:00:00.000Z",
            "format": "html",
            "language": "es"
          },
          {
            "id": "doc-d4f8db92-f00a-4837-bc31-9a216e17b053",
            "documentType": "Tender Notice",
            "title": "Documento que describe los criterios de evaluaci?n",
            "description": "Convocatoria al procedimiento de contratacion",
            "url": "http://189.211.120.220:8880/files/opendata/14002-GACM-DCI-SJ-CI-02-2014/8.-%20CC/8.pdf",
            "datePublished": "2014-10-30T06:00:00.000Z",
            "dateModified": "2014-10-30T06:00:00.000Z",
            "format": "html",
            "language": "es"
          },
          {
            "id": "doc-7be6e8f7-c2ad-49ab-b113-aa6a50a950c5",
            "documentType": "Tender Notice",
            "title": "Documento que contiene los objetivos y caracter?sticas del contrato y proceso de licitaci?n",
            "description": "Convocatoria al procedimiento de contratacion",
            "url": "http://189.211.120.220:8880/files/opendata/14002-GACM-DCI-SJ-CI-02-2014/8.-%20CC/8.pdf",
            "datePublished": "2014-10-30T06:00:00.000Z",
            "dateModified": "2014-10-30T06:00:00.000Z",
            "format": "html",
            "language": "es"
          },
          {
            "id": "doc-e3bb9c78-2673-47ae-9c3f-f5d0350e5245",
            "documentType": "Tender Notice",
            "title": "Convocatoria al procedimiento de contrataci?n",
            "description": "Convocatoria al procedimiento de contratacion",
            "url": "http://189.211.120.220:8880/files/opendata/14002-GACM-DCI-SJ-CI-02-2014/8.-%20CC/8.pdf",
            "datePublished": "2014-10-30T06:00:00.000Z",
            "dateModified": "2014-10-30T06:00:00.000Z",
            "format": "html",
            "language": "es"
          },
          {
            "id": "doc-df5eeb80-cf90-4fb2-a4db-ec900711f034",
            "documentType": "Tender Notice",
            "title": "Documento que describe los criterios que deben cumplir los licitantes",
            "description": "Convocatoria al procedimiento de contratacion",
            "url": "http://189.211.120.220:8880/files/opendata/14002-GACM-DCI-SJ-CI-02-2014/8.-%20CC/8.pdf",
            "datePublished": "2014-10-30T06:00:00.000Z",
            "dateModified": "2014-10-30T06:00:00.000Z",
            "format": "html",
            "language": "es"
          }
        ]
      },
      "buyer": {
        "identifier": {
          "scheme": "MK-009KDH999",
          "id": "GACM",
          "legalName": "Grupo Aeroportuario de la Ciudad de Mexico, S.A. de C.V.",
          "uri": "http://www.aeropuerto.gob.mx/"
        },
        "name": "Grupo Aeroportuario de la Ciudad de Mexico, S.A. de C.V.",
        "address": {
          "streetAddress": "AV. INSURGENTES SUR NO. 2453 PISO 2 OFICINA 203",
          "locality": "COL. TIZAPAN",
          "region": "DEL. ALVARO OBREGON",
          "postalCode": "01090",
          "countryName": "Mexico"
        },
        "contactPoint": {
          "name": "G05-DIRECCION CORPORATIVA DE ADMINISTRACION Y GESTION INMOBILIARIA",
          "url": "http://www.aeropuerto.gob.mx/"
        }
      },
      "awards": [
        {
          "id": "No aplica",
          "title": "Estudio para definir los bancos de prestamo, bancos de deposito y laboratorio de materiales, para el Proyecto del Nuevo Aeropuerto Internacional de la Ciudad de Mexico",
          "description": "Ver documento adjunto",
          "status": "active",
          "value": {
            "amount": 11251500,
            "currency": "MXN"
          },
          "suppliers": [
            {
              "identifier": {
                "id": "FIC000330LK9",
                "legalName": "Unidad Profesional Interdisciplinaria en Ingenieria y Tecnologias Avanzadas (UPIITA), del Instituto Politecnico Nacional."
              },
              "name": "Unidad Profesional Interdisciplinaria en Ingenieria y Tecnologias Avanzadas (UPIITA), del Instituto Politecnico Nacional.",
              "address": {
                "streetAddress": "Av. Luis Enrique Erro S/N, Unidad Profesional Adolfo Lopez Mateos",
                "locality": "Zacatenco",
                "region": "Gustavo A. Madero",
                "countryName": "Mexico"
              }
            }
          ],
          "items": [
            {
              "id": "item-6e42c582-9dc1-48e1-862d-fcf3f29a5427",
              "description": "Estudio para definir los bancos de prestamo, bancos de deposito y laboratorio de materiales, para el Proyecto del Nuevo Aeropuerto Internacional de la Ciudad de Mexico",
              "classification": {
                "scheme": "EDIFICACION NO HABITACIONAL",
                "id": "6220"
              },
              "quantity": 1,
              "unit": {
                "name": "sop",
                "value": {
                  "amount": 11251500,
                  "currency": "MXN"
                }
              }
            }
          ],
          "contractPeriod": {
            "startDate": "2014-10-30T06:00:00.000Z",
            "endDate": "2014-12-15T06:00:00.000Z"
          },
          "documents": [
            {
              "id": "doc-acba5244-9b19-465f-97b5-e368d704c764",
              "documentType": "Award Notice",
              "title": "Fallo",
              "description": "Acta de fallo",
              "url": "http://189.211.120.220:8880/files/opendata/14002-GACM-DCI-SJ-CI-02-2014/12.-%20AF/12.pdf",
              "datePublished": "2014-10-30T06:00:00.000Z",
              "dateModified": "2014-10-30T06:00:00.000Z",
              "format": "html",
              "language": "es"
            },
            {
              "id": "doc-2ab93342-da80-4d9d-ba29-3d76d324613e",
              "documentType": "Award Notice",
              "title": "Fallo",
              "description": "Descripcion del acto de presentacion y apertura de proposiciones",
              "url": "http://189.211.120.220:8880/files/opendata/14002-GACM-DCI-SJ-CI-02-2014/10.-%20AP/10.pdf",
              "datePublished": "2014-10-30T06:00:00.000Z",
              "dateModified": "2014-10-30T06:00:00.000Z",
              "format": "html",
              "language": "es"
            }
          ]
        }
      ],
      "contracts": [
        {
          "id": "GACM/DCI/SJ/CI/02-2014",
          "awardID": "No aplica",
          "title": "Estudio para definir los bancos de prestamo, bancos de deposito y laboratorio de materiales, para el Proyecto del Nuevo Aeropuerto Internacional de la Ciudad de Mexico",
          "description": "Ver documento adjunto",
          "status": "active",
          "period": {
            "startDate": "2014-10-30T06:00:00.000Z",
            "endDate": "2014-12-15T06:00:00.000Z"
          },
          "value": {
            "amount": 11251500,
            "currency": "MXN"
          },
          "items": [
            {
              "id": "item-5827bf7d-598f-4322-8b80-d5107be8ae9c",
              "description": "Estudio para definir los bancos de prestamo, bancos de deposito y laboratorio de materiales, para el Proyecto del Nuevo Aeropuerto Internacional de la Ciudad de Mexico",
              "classification": {
                "scheme": "EDIFICACION NO HABITACIONAL",
                "id": "6220"
              },
              "quantity": 1,
              "unit": {
                "name": "sop",
                "value": {
                  "amount": 11251500,
                  "currency": "MXN"
                }
              }
            }
          ],
          "dateSigned": "2014-10-30T06:00:00.000Z",
          "documents": [
            {
              "id": "doc-8028cd16-7998-40ec-b9cf-a38ec3c17da0",
              "documentType": "Contract Signed",
              "title": "Cl?usula sobre las condiciones de entrega de la obra",
              "description": "Contrato firmado",
              "url": "http://189.211.120.220:8880/files/opendata/14002-GACM-DCI-SJ-CI-02-2014/15.-%20CF/15.pdf",
              "datePublished": "2014-10-30T06:00:00.000Z",
              "dateModified": "2014-10-30T06:00:00.000Z",
              "format": "html",
              "language": "es"
            },
            {
              "id": "doc-af8da18c-2139-4332-8500-5b10ae49cb27",
              "documentType": "Contract Signed",
              "title": "Contrato firmado",
              "description": "Contrato firmado",
              "url": "http://189.211.120.220:8880/files/opendata/14002-GACM-DCI-SJ-CI-02-2014/15.-%20CF/15.pdf",
              "datePublished": "2014-10-30T06:00:00.000Z",
              "dateModified": "2014-10-30T06:00:00.000Z",
              "format": "html",
              "language": "es"
            },
            {
              "id": "doc-daec19f0-8f1e-4a18-b147-79aa6b38e05d",
              "documentType": "Contract Guarantees",
              "title": "Fianza de anticipo",
              "description": "Garantia sobre el anticipo",
              "url": "http://189.211.120.220:8880/files/opendata/14002-GACM-DCI-SJ-CI-02-2014/17.-%20GA/17.pdf",
              "datePublished": "2014-10-30T06:00:00.000Z",
              "dateModified": "2014-10-30T06:00:00.000Z",
              "format": "html",
              "language": "es"
            },
            {
              "id": "doc-fda23cdb-c433-4872-a5b3-669b541b4d3d",
              "documentType": "Contract Guarantees",
              "title": "Fianza de cumplimiento",
              "description": "Garantias de cumplimiento",
              "url": "http://189.211.120.220:8880/files/opendata/14002-GACM-DCI-SJ-CI-02-2014/18.-%20GC/18.pdf",
              "datePublished": "2014-10-30T06:00:00.000Z",
              "dateModified": "2014-10-30T06:00:00.000Z",
              "format": "html",
              "language": "es"
            }
          ]
        }
      ],
      "language": "es"
    }
  ],
  "publisher": {
    "name": "GACM",
    "scheme": "SERVICIO",
    "uid": "AS",
    "uri": "http://www.aeropuerto.gob.mx/"
  },
  "license": "https://datos.gob.mx/libreusomx/",
  "publicationPolicy": "https://datos.gob.mx/libreusomx/"
}
