{
  "uri": "https://datos.gob.mx/busca/dataset?organization=gacm",
  "publishedDate": "2017-02-15T16:48:25.795Z",
  "releases": [
    {
      "ocid": "258",
      "id": "RELEASE_258_2017-02-15T16:48:25.794Z",
      "date": "2017-02-08T06:00:00.000Z",
      "tag": [
        "contract"
      ],
      "initiationType": "tender",
      "planning": {
        "budget": {
          "source": "http://www.apartados.hacienda.gob.mx/presupuesto/temas/pef/2016/docs/09/r09_kdh_pie.pdf",
          "id": "N/A",
          "description": "N/A",
          "amount": {
            "amount": 74000000,
            "currency": "MXN"
          },
          "project": "Nuevo Aeropuerto Internacional de la Ciudad de Mexico",
          "projectID": "46101",
          "uri": "http://www.apartados.hacienda.gob.mx/presupuesto/temas/pef/2016/docs/09/r09_kdh_pie.pdf"
        },
        "rationale": "Servicios profesionales de consultoria, para el acompanamiento juridico normativo y administrativo en la realizacion de las actividades para el desarrollo del Nuevo Aeropuerto Internacional de la Ciudad de Mexico, asi como para la elaboracion del expediente concentrador integral",
        "documents": [
          {
            "id": "doc-798b4a0c-9b34-4bf4-a688-687f7ec967a9",
            "documentType": "projectPlan",
            "title": "Proyecto ejecutivo de la obra",
            "description": "Terminos de referencia",
            "url": "http://189.211.120.220:8880/files/opendata/16020-ITP-AS-DCAGI-SC-020-16/4.-%20TR/4.pdf",
            "datePublished": "2016-03-18T06:00:00.000Z",
            "dateModified": "2016-03-18T06:00:00.000Z",
            "format": "html",
            "language": "es"
          }
        ]
      },
      "tender": {
        "id": "1018414?",
        "title": "Servicios profesionales de consultoria, para el acompanamiento juridico normativo y administrativo en la realizacion de las actividades para el desarrollo del Nuevo Aeropuerto Internacional de la Ciudad de Mexico, asi como para la elaboracion del expediente concentrador integral",
        "description": "Servicios profesionales de consultoria, para el acompanamiento juridico normativo y administrativo en la realizacion de las actividades para el desarrollo del Nuevo Aeropuerto Internacional de la Ciudad de Mexico, asi como para la elaboracion del expediente concentrador integral",
        "status": "active",
        "items": [
          {
            "id": "item-a854a780-e183-4a21-812c-0cf375fdc5f1",
            "description": "Servicios profesionales de consultoria, para el acompanamiento juridico normativo y administrativo en la realizacion de las actividades para el desarrollo del Nuevo Aeropuerto Internacional de la Ciudad de Mexico, asi como para la elaboracion del expediente concentradorintegral",
            "classification": {
              "scheme": "EDIFICACION NO HABITACIONAL",
              "id": "6220"
            },
            "quantity": 1,
            "unit": {
              "name": "srv",
              "value": {
                "amount": 73500000,
                "currency": "MXN"
              }
            }
          }
        ],
        "value": {
          "amount": 74000000,
          "currency": "MXN"
        },
        "procurementMethod": "selective",
        "procurementMethodRationale": "Nacional",
        "metodoDeAdquisicion": "Invitación a tres",
        "awardCriteria": "bestValueToGoverment",
        "awardCriteriaDetails": "Presencial",
        "submissionMethod": [
          "Presencial"
        ],
        "tenderPeriod": {
          "startDate": "2016-03-09T06:00:00.000Z",
          "endDate": "2016-03-16T06:00:00.000Z"
        },
        "enquiryPeriod": {
          "startDate": "2016-03-11T06:00:00.000Z",
          "endDate": "2016-03-11T06:00:00.000Z"
        },
        "eligibilityCriteria": "Ver documento adjunto",
        "awardPeriod": {
          "startDate": "2016-03-09T06:00:00.000Z",
          "endDate": "2016-03-16T06:00:00.000Z"
        },
        "documents": [
          {
            "id": "doc-9d6bb1e2-7b9f-4a27-ad2d-ca2560159f66",
            "documentType": "Clarifications",
            "title": "Actas de la junta de aclaraciones",
            "description": "Actas de la junta de aclaraciones",
            "url": "http://189.211.120.220:8880/files/opendata/16020-ITP-AS-DCAGI-SC-020-16/9.-%20AJ/9.pdf",
            "datePublished": "2016-03-18T06:00:00.000Z",
            "dateModified": "2016-03-18T06:00:00.000Z",
            "format": "html",
            "language": "es"
          },
          {
            "id": "doc-74a7b151-00eb-4053-8653-cf5fb27d273f",
            "documentType": "Tender Notice",
            "title": "Documento que contiene las especificaciones t?cnicas de la obra",
            "description": "Convocatoria al procedimiento de contratacion",
            "url": "http://189.211.120.220:8880/files/opendata/16020-ITP-AS-DCAGI-SC-020-16/8.-%20CC/8.pdf",
            "datePublished": "2016-03-18T06:00:00.000Z",
            "dateModified": "2016-03-18T06:00:00.000Z",
            "format": "html",
            "language": "es"
          },
          {
            "id": "doc-1624e1f0-3233-4570-bbd7-5b3703870aa1",
            "documentType": "Tender Notice",
            "title": "Documento que describe los criterios de evaluaci?n",
            "description": "Convocatoria al procedimiento de contratacion",
            "url": "http://189.211.120.220:8880/files/opendata/16020-ITP-AS-DCAGI-SC-020-16/8.-%20CC/8.pdf",
            "datePublished": "2016-03-18T06:00:00.000Z",
            "dateModified": "2016-03-18T06:00:00.000Z",
            "format": "html",
            "language": "es"
          },
          {
            "id": "doc-10c6a721-0a11-4098-8c06-50c509f09834",
            "documentType": "Tender Notice",
            "title": "Documento que contiene los objetivos y caracter?sticas del contrato y proceso de licitaci?n",
            "description": "Convocatoria al procedimiento de contratacion",
            "url": "http://189.211.120.220:8880/files/opendata/16020-ITP-AS-DCAGI-SC-020-16/8.-%20CC/8.pdf",
            "datePublished": "2016-03-18T06:00:00.000Z",
            "dateModified": "2016-03-18T06:00:00.000Z",
            "format": "html",
            "language": "es"
          },
          {
            "id": "doc-2eb740a4-a781-4d9a-80ce-7f9f9801ab01",
            "documentType": "Tender Notice",
            "title": "Convocatoria al procedimiento de contrataci?n",
            "description": "Convocatoria al procedimiento de contratacion",
            "url": "http://189.211.120.220:8880/files/opendata/16020-ITP-AS-DCAGI-SC-020-16/8.-%20CC/8.pdf",
            "datePublished": "2016-03-18T06:00:00.000Z",
            "dateModified": "2016-03-18T06:00:00.000Z",
            "format": "html",
            "language": "es"
          },
          {
            "id": "doc-cf0c600a-69ba-4d90-b327-937859b2854a",
            "documentType": "Tender Notice",
            "title": "Documento que describe los criterios que deben cumplir los licitantes",
            "description": "Convocatoria al procedimiento de contratacion",
            "url": "http://189.211.120.220:8880/files/opendata/16020-ITP-AS-DCAGI-SC-020-16/8.-%20CC/8.pdf",
            "datePublished": "2016-03-18T06:00:00.000Z",
            "dateModified": "2016-03-18T06:00:00.000Z",
            "format": "html",
            "language": "es"
          }
        ]
      },
      "buyer": {
        "identifier": {
          "scheme": "MK-009KDH999",
          "id": "GACM",
          "legalName": "Grupo Aeroportuario de la Ciudad de Mexico, S.A. de C.V.",
          "uri": "http://www.aeropuerto.gob.mx/"
        },
        "name": "Grupo Aeroportuario de la Ciudad de Mexico, S.A. de C.V.",
        "address": {
          "streetAddress": "AV. INSURGENTES SUR NO. 2453 PISO 2 OFICINA 203",
          "locality": "COL. TIZAPAN",
          "region": "DEL. ALVARO OBREGON",
          "postalCode": "01090",
          "countryName": "Mexico"
        },
        "contactPoint": {
          "name": "G05-DIRECCION CORPORATIVA DE ADMINISTRACION Y GESTION INMOBILIARIA",
          "url": "http://www.aeropuerto.gob.mx/"
        }
      },
      "awards": [
        {
          "id": "IA-009KDH999-E23-2016",
          "title": "Servicios profesionales de consultoria, para el acompanamiento juridico normativo y administrativo en la realizacion de las actividades para el desarrollo del Nuevo Aeropuerto Internacional de la Ciudad de Mexico, asi como para la elaboracion del expediente concentrador integral",
          "description": "Ver documento adjunto",
          "status": "active",
          "date": "2016-03-18T06:00:00.000Z",
          "value": {
            "amount": 73500000,
            "currency": "MXN"
          },
          "suppliers": [
            {
              "identifier": {
                "id": "VNC9501168D8",
                "legalName": "Vazquez Nava y Consultores, S.C."
              },
              "name": "Vazquez Nava y Consultores, S.C.",
              "address": {
                "streetAddress": "Paseo de las Palmas 1005",
                "locality": "Lomas de Chapultepec seccion 1",
                "region": "Miguel Hidalgo",
                "postalCode": "11000",
                "countryName": "Mexico"
              }
            }
          ],
          "items": [
            {
              "id": "item-20863cd2-a4fd-46b2-b5e2-9514e6188c38",
              "description": "Servicios profesionales de consultoria, para el acompanamiento juridico normativo y administrativo en la realizacion de las actividades para el desarrollo del Nuevo Aeropuerto Internacional de la Ciudad de Mexico, asi como para la elaboracion del expediente concentradorintegral",
              "classification": {
                "scheme": "EDIFICACION NO HABITACIONAL",
                "id": "6220"
              },
              "quantity": 1,
              "unit": {
                "name": "srv",
                "value": {
                  "amount": 73500000,
                  "currency": "MXN"
                }
              }
            }
          ],
          "contractPeriod": {
            "startDate": "2016-04-01T06:00:00.000Z",
            "endDate": "2017-12-31T06:00:00.000Z"
          },
          "documents": [
            {
              "id": "doc-80b86502-f37a-45b5-8a40-5ac14f77eeec",
              "documentType": "Award Notice",
              "title": "Fallo",
              "description": "Acta de Fallo",
              "url": "http://189.211.120.220:8880/files/opendata/16020-ITP-AS-DCAGI-SC-020-16/12.-%20AF/12.pdf",
              "datePublished": "2016-03-18T06:00:00.000Z",
              "dateModified": "2016-03-18T06:00:00.000Z",
              "format": "html",
              "language": "es"
            },
            {
              "id": "doc-585696b9-2614-4e9b-b5db-39e5af370b96",
              "documentType": "Award Notice",
              "title": "Fallo",
              "description": "Descripcion del acto de presentacion y apertura de proposiciones",
              "url": "http://189.211.120.220:8880/files/opendata/16020-ITP-AS-DCAGI-SC-020-16/10.-%20AP/10.pdf",
              "datePublished": "2016-03-18T06:00:00.000Z",
              "dateModified": "2016-03-18T06:00:00.000Z",
              "format": "html",
              "language": "es"
            }
          ]
        }
      ],
      "contracts": [
        {
          "id": "ITP-AS-DCAGI-SC-020/16",
          "awardID": "IA-009KDH999-E23-2016",
          "title": "Servicios profesionales de consultoria, para el acompanamiento juridico normativo y administrativo en la realizacion de las actividades para el desarrollo del Nuevo Aeropuerto Internacional de la Ciudad de Mexico, asi como para la elaboracion del expediente concentrador integral",
          "description": "Ver documento adjunto",
          "status": "active",
          "period": {
            "startDate": "2016-04-01T06:00:00.000Z",
            "endDate": "2017-12-31T06:00:00.000Z"
          },
          "value": {
            "amount": 73500000,
            "currency": "MXN"
          },
          "items": [
            {
              "id": "item-957d436f-24c8-448d-b867-6462544f0e5d",
              "description": "Servicios profesionales de consultoria, para el acompanamiento juridico normativo y administrativo en la realizacion de las actividades para el desarrollo del Nuevo Aeropuerto Internacional de la Ciudad de Mexico, asi como para la elaboracion del expediente concentradorintegral",
              "classification": {
                "scheme": "EDIFICACION NO HABITACIONAL",
                "id": "6220"
              },
              "quantity": 1,
              "unit": {
                "name": "srv",
                "value": {
                  "amount": 73500000,
                  "currency": "MXN"
                }
              }
            }
          ],
          "dateSigned": "2016-04-01T06:00:00.000Z",
          "documents": [
            {
              "id": "doc-d4976070-c3c0-403d-b565-90b561e6b903",
              "documentType": "Contract Signed",
              "title": "Cl?usula sobre las condiciones de entrega de la obra",
              "description": "Contrato firmado",
              "url": "http://189.211.120.220:8880/files/opendata/16020-ITP-AS-DCAGI-SC-020-16/15.-%20CF/15.pdf",
              "datePublished": "2016-03-18T06:00:00.000Z",
              "dateModified": "2016-03-18T06:00:00.000Z",
              "format": "html",
              "language": "es"
            },
            {
              "id": "doc-051a7aba-550c-488e-88f7-8df9588ca3c9",
              "documentType": "Contract Signed",
              "title": "Contrato firmado",
              "description": "Contrato firmado",
              "url": "http://189.211.120.220:8880/files/opendata/16020-ITP-AS-DCAGI-SC-020-16/15.-%20CF/15.pdf",
              "datePublished": "2016-03-18T06:00:00.000Z",
              "dateModified": "2016-03-18T06:00:00.000Z",
              "format": "html",
              "language": "es"
            },
            {
              "id": "doc-8ebe5fde-c030-4de7-9795-4639f7973417",
              "documentType": "Contract Guarantees",
              "title": "Fianza de anticipo",
              "description": "Garantia sobre el anticipo",
              "url": "http://189.211.120.220:8880/files/opendata/16020-ITP-AS-DCAGI-SC-020-16/17.-%20GA/17.pdf",
              "datePublished": "2016-03-18T06:00:00.000Z",
              "dateModified": "2016-03-18T06:00:00.000Z",
              "format": "html",
              "language": "es"
            },
            {
              "id": "doc-52d11088-6707-4ee6-acb7-b99a4d195cdc",
              "documentType": "Contract Guarantees",
              "title": "Fianza de cumplimiento",
              "description": "Garantias de cumplimiento",
              "url": "http://189.211.120.220:8880/files/opendata/16020-ITP-AS-DCAGI-SC-020-16/18.-%20GC/18.pdf",
              "datePublished": "2016-03-18T06:00:00.000Z",
              "dateModified": "2016-03-18T06:00:00.000Z",
              "format": "html",
              "language": "es"
            }
          ]
        }
      ],
      "language": "es"
    }
  ],
  "publisher": {
    "name": "GACM",
    "scheme": "SERVICIO",
    "uid": "AS",
    "uri": "http://www.aeropuerto.gob.mx/"
  },
  "license": "https://datos.gob.mx/libreusomx/",
  "publicationPolicy": "https://datos.gob.mx/libreusomx/"
}
