{
  "uri": "https://datos.gob.mx/busca/dataset?organization=gacm",
  "publishedDate": "2017-02-15T16:48:25.916Z",
  "releases": [
    {
      "ocid": "26",
      "id": "RELEASE_26_2017-02-15T16:48:25.916Z",
      "date": "2017-02-09T06:00:00.000Z",
      "tag": [
        "contract"
      ],
      "initiationType": "tender",
      "planning": {
        "budget": {
          "id": "IMPRESION Y ELABORACION DE MATERIAL INFORMATIVO DERIVADO DE LA OPERACION Y ADMON DE LAS DEPENDENCIAS Y ENTIDADES",
          "description": "RECURSOS FISCALES",
          "amount": {
            "amount": 1800000,
            "currency": "MXN"
          },
          "project": "Nuevo Aeropuerto Internacional de la Ciudad de Mexico",
          "projectID": "46101"
        },
        "rationale": "Servicios para la edicion y distribucion del libro denominado Proyectos para el Nuevo Aeropuerto Internacional de la Ciudad de Mexico",
        "documents": [
          {
            "id": "doc-bc572214-86bf-4e01-8f80-971b30e82691",
            "documentType": "projectPlan",
            "title": "Proyecto ejecutivo de la obra",
            "description": "Terminos de referencia",
            "url": "http://189.211.120.220:8880/files/opendata/14002-ITP-S-DCAGI-SC-002-14/4.-%20TR/4.pdf",
            "datePublished": "2014-11-07T06:00:00.000Z",
            "dateModified": "2014-11-07T06:00:00.000Z",
            "format": "html",
            "language": "es"
          }
        ]
      },
      "tender": {
        "id": "697221",
        "title": "Servicios para la edicion y distribucion del libro denominado Proyectos para el Nuevo Aeropuerto Internacional de la Ciudad de Mexico",
        "description": "Servicios para la edicion y distribucion del libro denominado Proyectos para el Nuevo Aeropuerto Internacional de la Ciudad de Mexico",
        "status": "active",
        "items": [
          {
            "id": "item-f7acc1c2-1448-403b-9513-8a232bd1f5b4",
            "description": "Servicios para la edicion y distribucion del libro denominado Proyectos para el Nuevo Aeropuerto Internacional de la Ciudad de Mexico",
            "classification": {
              "scheme": "SERVICIOS DE APOYO ADMINISTRATIVO, TRADUCCION, FOTOCOPIADO E IMPRESION",
              "id": "3360"
            },
            "quantity": 1,
            "unit": {
              "name": "srv",
              "value": {
                "amount": 1540187.5,
                "currency": "MXN"
              }
            }
          }
        ],
        "value": {
          "amount": 1800000,
          "currency": "MXN"
        },
        "procurementMethod": "selective",
        "procurementMethodRationale": "Nacional Simplificada",
        "metodoDeAdquisicion": "Invitación a tres",
        "awardCriteria": "bestValueToGoverment",
        "awardCriteriaDetails": "No aplica",
        "submissionMethod": [
          "Presencial"
        ],
        "tenderPeriod": {
          "endDate": "2014-10-30T06:00:00.000Z"
        },
        "enquiryPeriod": {
          "startDate": "2014-10-28T06:00:00.000Z",
          "endDate": "2014-10-28T06:00:00.000Z"
        },
        "eligibilityCriteria": "Ver documento adjunto",
        "awardPeriod": {
          "endDate": "2014-10-30T06:00:00.000Z"
        },
        "documents": [
          {
            "id": "doc-b462cbe1-bbc7-4f6d-9332-df6a57432c75",
            "documentType": "Clarifications",
            "title": "Actas de la junta de aclaraciones",
            "description": "Actas de la junta de aclaraciones",
            "url": "http://189.211.120.220:8880/files/opendata/14002-ITP-S-DCAGI-SC-002-14/9.-%20AJ/9.pdf",
            "datePublished": "2014-11-07T06:00:00.000Z",
            "dateModified": "2014-11-07T06:00:00.000Z",
            "format": "html",
            "language": "es"
          },
          {
            "id": "doc-0d871300-18de-49ad-9871-9cffae7a8710",
            "documentType": "Tender Notice",
            "title": "Documento que contiene las especificaciones t?cnicas de la obra",
            "description": "Convocatoria al procedimiento de contratacion",
            "url": "http://189.211.120.220:8880/files/opendata/14002-ITP-S-DCAGI-SC-002-14/8.-%20CC/8.pdf",
            "datePublished": "2014-11-07T06:00:00.000Z",
            "dateModified": "2014-11-07T06:00:00.000Z",
            "format": "html",
            "language": "es"
          },
          {
            "id": "doc-b7dd06d6-12a8-48f2-85fd-18acbc38e83f",
            "documentType": "Tender Notice",
            "title": "Documento que describe los criterios de evaluaci?n",
            "description": "Convocatoria al procedimiento de contratacion",
            "url": "http://189.211.120.220:8880/files/opendata/14002-ITP-S-DCAGI-SC-002-14/8.-%20CC/8.pdf",
            "datePublished": "2014-11-07T06:00:00.000Z",
            "dateModified": "2014-11-07T06:00:00.000Z",
            "format": "html",
            "language": "es"
          },
          {
            "id": "doc-0da9d773-7a16-4a28-bb02-7382ffd1e52b",
            "documentType": "Tender Notice",
            "title": "Documento que contiene los objetivos y caracter?sticas del contrato y proceso de licitaci?n",
            "description": "Convocatoria al procedimiento de contratacion",
            "url": "http://189.211.120.220:8880/files/opendata/14002-ITP-S-DCAGI-SC-002-14/8.-%20CC/8.pdf",
            "datePublished": "2014-11-07T06:00:00.000Z",
            "dateModified": "2014-11-07T06:00:00.000Z",
            "format": "html",
            "language": "es"
          },
          {
            "id": "doc-14784397-7372-40ee-8e2a-2f96f59f121d",
            "documentType": "Tender Notice",
            "title": "Convocatoria al procedimiento de contrataci?n",
            "description": "Convocatoria al procedimiento de contratacion",
            "url": "http://189.211.120.220:8880/files/opendata/14002-ITP-S-DCAGI-SC-002-14/8.-%20CC/8.pdf",
            "datePublished": "2014-11-07T06:00:00.000Z",
            "dateModified": "2014-11-07T06:00:00.000Z",
            "format": "html",
            "language": "es"
          },
          {
            "id": "doc-af7f2f7a-4943-4fc9-8608-8fba441bde78",
            "documentType": "Tender Notice",
            "title": "Documento que describe los criterios que deben cumplir los licitantes",
            "description": "Convocatoria al procedimiento de contratacion",
            "url": "http://189.211.120.220:8880/files/opendata/14002-ITP-S-DCAGI-SC-002-14/8.-%20CC/8.pdf",
            "datePublished": "2014-11-07T06:00:00.000Z",
            "dateModified": "2014-11-07T06:00:00.000Z",
            "format": "html",
            "language": "es"
          }
        ]
      },
      "buyer": {
        "identifier": {
          "scheme": "MK-009KDH999",
          "id": "GACM",
          "legalName": "Grupo Aeroportuario de la Ciudad de Mexico, S.A. de C.V.",
          "uri": "http://www.aeropuerto.gob.mx/"
        },
        "name": "Grupo Aeroportuario de la Ciudad de Mexico, S.A. de C.V.",
        "address": {
          "streetAddress": "AV. INSURGENTES SUR NO. 2453 PISO 2 OFICINA 203",
          "locality": "COL. TIZAPAN",
          "region": "DEL. ALVARO OBREGON",
          "postalCode": "01090",
          "countryName": "Mexico"
        },
        "contactPoint": {
          "name": "G05-DIRECCION CORPORATIVA DE ADMINISTRACION Y GESTION INMOBILIARIA",
          "url": "http://www.aeropuerto.gob.mx/"
        }
      },
      "awards": [
        {
          "id": "SA-009KDH999-N1-2015",
          "title": "Servicios para la edicion y distribucion del libro denominado Proyectos para el Nuevo Aeropuerto Internacional de la Ciudad de Mexico",
          "description": "Ver documento adjunto",
          "status": "active",
          "date": "2014-11-07T06:00:00.000Z",
          "value": {
            "amount": 1540187.5,
            "currency": "MXN"
          },
          "suppliers": [
            {
              "identifier": {
                "id": "ICU130220KMO",
                "legalName": "IF CULTURA, S.A. DE C.V."
              },
              "name": "IF CULTURA, S.A. DE C.V.",
              "address": {
                "streetAddress": "Real de los Reyes 1666",
                "locality": "Pueblo Real de los Reyes",
                "region": "Coyoacan",
                "postalCode": "94330",
                "countryName": "Mexico"
              }
            }
          ],
          "items": [
            {
              "id": "item-d41f753f-fac1-4458-9769-2c4d87873ff9",
              "description": "Servicios para la edicion y distribucion del libro denominado Proyectos para el Nuevo Aeropuerto Internacional de la Ciudad de Mexico",
              "classification": {
                "scheme": "SERVICIOS DE APOYO ADMINISTRATIVO, TRADUCCION, FOTOCOPIADO E IMPRESION",
                "id": "3360"
              },
              "quantity": 1,
              "unit": {
                "name": "srv",
                "value": {
                  "amount": 1540187.5,
                  "currency": "MXN"
                }
              }
            }
          ],
          "contractPeriod": {
            "startDate": "2014-11-15T06:00:00.000Z",
            "endDate": "2015-11-30T06:00:00.000Z"
          },
          "documents": [
            {
              "id": "doc-46cc2365-f121-43f5-93ab-cc2dec95071e",
              "documentType": "Award Notice",
              "title": "Fallo",
              "description": "Acta de fallo",
              "url": "http://189.211.120.220:8880/files/opendata/14002-ITP-S-DCAGI-SC-002-14/12.-%20AF/12.pdf",
              "datePublished": "2014-11-07T06:00:00.000Z",
              "dateModified": "2014-11-07T06:00:00.000Z",
              "format": "html",
              "language": "es"
            },
            {
              "id": "doc-0eb550b9-e2be-4ac4-aa3b-d41321365a8d",
              "documentType": "Award Notice",
              "title": "Fallo",
              "description": "Descripcion del acto de presentacion y apertura de proposiciones",
              "url": "http://189.211.120.220:8880/files/opendata/14002-ITP-S-DCAGI-SC-002-14/10.-%20AP/10.pdf",
              "datePublished": "2014-11-07T06:00:00.000Z",
              "dateModified": "2014-11-07T06:00:00.000Z",
              "format": "html",
              "language": "es"
            }
          ]
        }
      ],
      "contracts": [
        {
          "id": "ITP-S-DCAGI-SC-002/2014",
          "awardID": "SA-009KDH999-N1-2015",
          "title": "Servicios para la edicion y distribucion del libro denominado Proyectos para el Nuevo Aeropuerto Internacional de la Ciudad de Mexico",
          "description": "Ver documento adjunto",
          "status": "active",
          "period": {
            "startDate": "2014-11-15T06:00:00.000Z",
            "endDate": "2015-11-30T06:00:00.000Z"
          },
          "value": {
            "amount": 1540187.5,
            "currency": "MXN"
          },
          "items": [
            {
              "id": "item-92ba936e-ac14-428c-ba62-c63438d7f2fd",
              "description": "Servicios para la edicion y distribucion del libro denominado Proyectos para el Nuevo Aeropuerto Internacional de la Ciudad de Mexico",
              "classification": {
                "scheme": "SERVICIOS DE APOYO ADMINISTRATIVO, TRADUCCION, FOTOCOPIADO E IMPRESION",
                "id": "3360"
              },
              "quantity": 1,
              "unit": {
                "name": "srv",
                "value": {
                  "amount": 1540187.5,
                  "currency": "MXN"
                }
              }
            }
          ],
          "dateSigned": "2014-11-15T06:00:00.000Z",
          "documents": [
            {
              "id": "doc-1ef44cbf-9e8d-4f69-9d90-fa5670a78e0f",
              "documentType": "Contract Signed",
              "title": "Cl?usula sobre las condiciones de entrega de la obra",
              "description": "Contrato firmado",
              "url": "http://189.211.120.220:8880/files/opendata/14002-ITP-S-DCAGI-SC-002-14/15.-%20CF/15.pdf",
              "datePublished": "2014-11-07T06:00:00.000Z",
              "dateModified": "2014-11-07T06:00:00.000Z",
              "format": "html",
              "language": "es"
            },
            {
              "id": "doc-0beff523-ed6f-4a6d-a796-3ed171d8924c",
              "documentType": "Contract Signed",
              "title": "Contrato firmado",
              "description": "Contrato firmado",
              "url": "http://189.211.120.220:8880/files/opendata/14002-ITP-S-DCAGI-SC-002-14/15.-%20CF/15.pdf",
              "datePublished": "2014-11-07T06:00:00.000Z",
              "dateModified": "2014-11-07T06:00:00.000Z",
              "format": "html",
              "language": "es"
            },
            {
              "id": "doc-dbb762cc-1c7f-40a2-bff5-df10b8e8f471",
              "documentType": "Contract Guarantees",
              "title": "Fianza de anticipo",
              "description": "Garantia sobre el anticipo",
              "url": "http://189.211.120.220:8880/files/opendata/14002-ITP-S-DCAGI-SC-002-14/17.-%20GA/17.pdf",
              "datePublished": "2014-11-07T06:00:00.000Z",
              "dateModified": "2014-11-07T06:00:00.000Z",
              "format": "html",
              "language": "es"
            },
            {
              "id": "doc-eb781f3f-cf04-4c95-b9a5-41c6fa65c7c7",
              "documentType": "Contract Guarantees",
              "title": "Fianza de cumplimiento",
              "description": "Garantias de cumplimiento",
              "url": "http://189.211.120.220:8880/files/opendata/14002-ITP-S-DCAGI-SC-002-14/18.-%20GC/18.pdf",
              "datePublished": "2014-11-07T06:00:00.000Z",
              "dateModified": "2014-11-07T06:00:00.000Z",
              "format": "html",
              "language": "es"
            }
          ]
        }
      ],
      "language": "es"
    }
  ],
  "publisher": {
    "name": "GACM",
    "scheme": "SERVICIO",
    "uid": "AS",
    "uri": "http://www.aeropuerto.gob.mx/"
  },
  "license": "https://datos.gob.mx/libreusomx/",
  "publicationPolicy": "https://datos.gob.mx/libreusomx/"
}
