{
  "uri": "https://datos.gob.mx/busca/dataset?organization=gacm",
  "publishedDate": "2017-02-15T16:48:25.106Z",
  "releases": [
    {
      "ocid": "262",
      "id": "RELEASE_262_2017-02-15T16:48:25.105Z",
      "date": "2017-02-07T06:00:00.000Z",
      "tag": [
        "contract"
      ],
      "initiationType": "tender",
      "planning": {
        "budget": {
          "source": "http://www.apartados.hacienda.gob.mx/presupuesto/temas/pef/2016/docs/09/r09_kdh_pie.pdf",
          "id": "APORTACIONES A FIDEICOMISOS PUBLICOS",
          "description": "RECURSOS FISCALES",
          "amount": {
            "amount": 130000,
            "currency": "MXN"
          },
          "project": "Nuevo Aeropuerto Internacional de la Ciudad de Mexico",
          "projectID": "46101",
          "uri": "http://www.apartados.hacienda.gob.mx/presupuesto/temas/pef/2016/docs/09/r09_kdh_pie.pdf"
        },
        "rationale": "Servicio de recoleccion de residuos urbanos",
        "documents": [
          {
            "id": "doc-d0ae5bb2-a872-4772-a975-defd07e792df",
            "documentType": "projectPlan",
            "title": "Proyecto ejecutivo de la obra",
            "description": "Terminos de referencia",
            "url": "http://189.211.120.220:8880/files/opendata/16029-AD-AS-DCAGI-SC-029-16/4.-%20TR/4.pdf",
            "datePublished": "2016-04-01T06:00:00.000Z",
            "dateModified": "2016-04-01T06:00:00.000Z",
            "format": "html",
            "language": "es"
          }
        ]
      },
      "tender": {
        "id": "1125186?",
        "title": "Servicio de recoleccion de residuos urbanos",
        "description": "Servicio de recoleccion de residuos urbanos",
        "status": "active",
        "items": [
          {
            "id": "item-c956bea9-cf54-450d-8c69-546857e8db5d",
            "description": "Servicio de recoleccion de residuos urbanos",
            "classification": {
              "scheme": "EDIFICACION NO HABITACIONAL",
              "id": "6220"
            },
            "quantity": 1,
            "unit": {
              "name": "srv",
              "value": {
                "amount": 122100,
                "currency": "MXN"
              }
            }
          }
        ],
        "value": {
          "amount": 130000,
          "currency": "MXN"
        },
        "procurementMethod": "limited",
        "procurementMethodRationale": "No aplica",
        "metodoDeAdquisicion": "Adjudicación directa",
        "awardCriteria": "bestValueToGoverment",
        "awardCriteriaDetails": "No aplica",
        "submissionMethod": [
          "No aplica"
        ],
        "eligibilityCriteria": "Ver documento adjunto",
        "documents": [
          {
            "id": "doc-581a68ad-b44e-440b-98a3-76ace304e5b3",
            "documentType": "Clarifications",
            "title": "Actas de la junta de aclaraciones",
            "description": "Actas de la junta de aclaraciones",
            "url": "http://189.211.120.220:8880/files/opendata/16029-AD-AS-DCAGI-SC-029-16/9.-%20AJ/9.pdf",
            "datePublished": "2016-04-01T06:00:00.000Z",
            "dateModified": "2016-04-01T06:00:00.000Z",
            "format": "html",
            "language": "es"
          },
          {
            "id": "doc-2c48b209-4567-499d-a3ae-4bfe92067173",
            "documentType": "Tender Notice",
            "title": "Documento que describe los criterios de evaluaci?n",
            "description": "Convocatoria al procedimiento de contratacion",
            "url": "http://189.211.120.220:8880/files/opendata/16029-AD-AS-DCAGI-SC-029-16/8.-%20CC/8.pdf",
            "datePublished": "2016-04-01T06:00:00.000Z",
            "dateModified": "2016-04-01T06:00:00.000Z",
            "format": "html",
            "language": "es"
          },
          {
            "id": "doc-2f3548df-a80e-46e5-83f8-558a1b695e31",
            "documentType": "Tender Notice",
            "title": "Documento que contiene los objetivos y caracter?sticas del contrato y proceso de licitaci?n",
            "description": "Convocatoria al procedimiento de contratacion",
            "url": "http://189.211.120.220:8880/files/opendata/16029-AD-AS-DCAGI-SC-029-16/8.-%20CC/8.pdf",
            "datePublished": "2016-04-01T06:00:00.000Z",
            "dateModified": "2016-04-01T06:00:00.000Z",
            "format": "html",
            "language": "es"
          },
          {
            "id": "doc-cff9f3b8-eeae-4d8b-9b6f-18140276c92f",
            "documentType": "Tender Notice",
            "title": "Documento que contiene las especificaicones t?cnicas de la obra",
            "description": "Convocatoria al procedimiento de contratacion",
            "url": "http://189.211.120.220:8880/files/opendata/16029-AD-AS-DCAGI-SC-029-16/8.-%20CC/8.pdf",
            "datePublished": "2016-04-01T06:00:00.000Z",
            "dateModified": "2016-04-01T06:00:00.000Z",
            "format": "html",
            "language": "es"
          },
          {
            "id": "doc-924fdc64-0e73-4212-818b-8a9794c04468",
            "documentType": "Tender Notice",
            "title": "Convocatoria al procedimiento de contrataci?n",
            "description": "Convocatoria al procedimiento de contratacion",
            "url": "http://189.211.120.220:8880/files/opendata/16029-AD-AS-DCAGI-SC-029-16/8.-%20CC/8.pdf",
            "datePublished": "2016-04-01T06:00:00.000Z",
            "dateModified": "2016-04-01T06:00:00.000Z",
            "format": "html",
            "language": "es"
          },
          {
            "id": "doc-a5083bf2-2da3-41bf-b14c-1308372631f5",
            "documentType": "Tender Notice",
            "title": "Documento que describe los criterios que deben cumplir los licitantes",
            "description": "Convocatoria al procedimiento de contratacion",
            "url": "http://189.211.120.220:8880/files/opendata/16029-AD-AS-DCAGI-SC-029-16/8.-%20CC/8.pdf",
            "datePublished": "2016-04-01T06:00:00.000Z",
            "dateModified": "2016-04-01T06:00:00.000Z",
            "format": "html",
            "language": "es"
          }
        ]
      },
      "buyer": {
        "identifier": {
          "scheme": "MK-009KDH999",
          "id": "GACM",
          "legalName": "Grupo Aeroportuario de la Ciudad de Mexico, S.A. de C.V.",
          "uri": "http://www.aeropuerto.gob.mx/"
        },
        "name": "Grupo Aeroportuario de la Ciudad de Mexico, S.A. de C.V.",
        "address": {
          "streetAddress": "AV. INSURGENTES SUR NO. 2453 PISO 2 OFICINA 203",
          "locality": "COL. TIZAPAN",
          "region": "DEL. ALVARO OBREGON",
          "postalCode": "01090",
          "countryName": "Mexico"
        },
        "contactPoint": {
          "name": "G05-DIRECCION CORPORATIVA DE ADMINISTRACION Y GESTION INMOBILIARIA",
          "url": "http://www.aeropuerto.gob.mx/"
        }
      },
      "awards": [
        {
          "id": "AA-009KDH999-E108-2016",
          "title": "Servicio de recoleccion de residuos urbanos",
          "description": "Ver documento adjunto",
          "status": "active",
          "value": {
            "amount": 122100,
            "currency": "MXN"
          },
          "suppliers": [
            {
              "identifier": {
                "id": "SAF10081736A",
                "legalName": "SOLUCIONES AMBIENTALES FORTUNA, S.A DE C.V."
              },
              "name": "SOLUCIONES AMBIENTALES FORTUNA, S.A DE C.V.",
              "address": {
                "streetAddress": "Heliotropo 161",
                "locality": "Atlampa",
                "region": "Cuauhtemoc",
                "postalCode": "6450",
                "countryName": "Mexico"
              }
            }
          ],
          "items": [
            {
              "id": "item-4ab3bc2c-b708-467b-a6ac-ecc2accbef52",
              "description": "Servicio de recoleccion de residuos urbanos",
              "classification": {
                "scheme": "EDIFICACION NO HABITACIONAL",
                "id": "6220"
              },
              "quantity": 1,
              "unit": {
                "name": "srv",
                "value": {
                  "amount": 122100,
                  "currency": "MXN"
                }
              }
            }
          ],
          "contractPeriod": {
            "startDate": "2016-04-05T05:00:00.000Z",
            "endDate": "2016-06-17T05:00:00.000Z"
          },
          "documents": [
            {
              "id": "doc-e598b3b7-972b-4970-a18b-1d00b6d07d50",
              "documentType": "Award Notice",
              "title": "Fallo",
              "description": "Acta de Fallo",
              "url": "http://189.211.120.220:8880/files/opendata/16029-AD-AS-DCAGI-SC-029-16/12.-%20AF/12.pdf",
              "datePublished": "2016-04-01T06:00:00.000Z",
              "dateModified": "2016-04-01T06:00:00.000Z",
              "format": "html",
              "language": "es"
            },
            {
              "id": "doc-1f0698d4-bbab-44c7-875a-d542406e4070",
              "documentType": "Award Notice",
              "title": "Fallo",
              "description": "Descripcion del acto de presentacion y apertura de proposiciones",
              "url": "http://189.211.120.220:8880/files/opendata/16029-AD-AS-DCAGI-SC-029-16/10.-%20AP/10.pdf",
              "datePublished": "2016-04-01T06:00:00.000Z",
              "dateModified": "2016-04-01T06:00:00.000Z",
              "format": "html",
              "language": "es"
            }
          ]
        }
      ],
      "contracts": [
        {
          "id": "AD-AS-DCAGI-SC-029-16",
          "awardID": "AA-009KDH999-E108-2016",
          "title": "Servicio de recoleccion de residuos urbanos",
          "description": "Ver documento adjunto",
          "status": "active",
          "period": {
            "startDate": "2016-04-05T05:00:00.000Z",
            "endDate": "2016-06-17T05:00:00.000Z"
          },
          "value": {
            "amount": 122100,
            "currency": "MXN"
          },
          "items": [
            {
              "id": "item-3ac3c37a-dea7-4f03-8c3b-8526de1e2f61",
              "description": "Servicio de recoleccion de residuos urbanos",
              "classification": {
                "scheme": "EDIFICACION NO HABITACIONAL",
                "id": "6220"
              },
              "quantity": 1,
              "unit": {
                "name": "srv",
                "value": {
                  "amount": 122100,
                  "currency": "MXN"
                }
              }
            }
          ],
          "dateSigned": "2016-04-19T05:00:00.000Z",
          "documents": [
            {
              "id": "doc-847ba171-296a-4cec-9787-a439f8780b58",
              "documentType": "Contract Signed",
              "title": "Contrato firmado",
              "description": "Contrato firmado",
              "url": "http://189.211.120.220:8880/files/opendata/16029-AD-AS-DCAGI-SC-029-16/15.-%20CF/15.pdf",
              "datePublished": "2016-04-01T06:00:00.000Z",
              "dateModified": "2016-04-01T06:00:00.000Z",
              "format": "html",
              "language": "es"
            },
            {
              "id": "doc-f628493b-637e-4590-a4c7-c77c052ef595",
              "documentType": "Contract Signed",
              "title": "Cl?usula sobre las condiciones de entrega de la obra",
              "description": "Contrato firmado",
              "url": "http://189.211.120.220:8880/files/opendata/16029-AD-AS-DCAGI-SC-029-16/15.-%20CF/15.pdf",
              "datePublished": "2016-04-01T06:00:00.000Z",
              "dateModified": "2016-04-01T06:00:00.000Z",
              "format": "html",
              "language": "es"
            },
            {
              "id": "doc-9661f539-9364-4789-9d0d-1ab9006fb305",
              "documentType": "Contract Guarantees",
              "title": "Fianza de anticipo",
              "description": "Garantia sobre el anticipo",
              "url": "http://189.211.120.220:8880/files/opendata/16029-AD-AS-DCAGI-SC-029-16/17.-%20GA/17.pdf",
              "datePublished": "2016-04-01T06:00:00.000Z",
              "dateModified": "2016-04-01T06:00:00.000Z",
              "format": "html",
              "language": "es"
            },
            {
              "id": "doc-ecc781f5-b2f5-4e62-b370-6918e36e56a8",
              "documentType": "Contract Guarantees",
              "title": "Fianza de cumplimiento",
              "description": "Garantias de cumplimiento",
              "url": "http://189.211.120.220:8880/files/opendata/16029-AD-AS-DCAGI-SC-029-16/18.-%20GC/18.pdf",
              "datePublished": "2016-04-01T06:00:00.000Z",
              "dateModified": "2016-04-01T06:00:00.000Z",
              "format": "html",
              "language": "es"
            }
          ]
        }
      ],
      "language": "es"
    }
  ],
  "publisher": {
    "name": "GACM",
    "scheme": "SERVICIO",
    "uid": "AS",
    "uri": "http://www.aeropuerto.gob.mx/"
  },
  "license": "https://datos.gob.mx/libreusomx/",
  "publicationPolicy": "https://datos.gob.mx/libreusomx/"
}
