{
  "uri": "https://datos.gob.mx/busca/dataset?organization=gacm",
  "publishedDate": "2017-02-15T16:48:24.981Z",
  "releases": [
    {
      "ocid": "265",
      "id": "RELEASE_265_2017-02-15T16:48:24.980Z",
      "date": "2017-02-07T06:00:00.000Z",
      "tag": [
        "contract"
      ],
      "initiationType": "tender",
      "planning": {
        "budget": {
          "source": "http://www.apartados.hacienda.gob.mx/presupuesto/temas/pef/2016/docs/09/r09_kdh_pie.pdf",
          "id": "OTRAS ASESORIAS PARA LA OPERACION DE PROGRAMAS",
          "description": "RECURSOS FISCALES",
          "amount": {
            "amount": 10672000,
            "currency": "MXN"
          },
          "project": "Nuevo Aeropuerto Internacional de la Ciudad de Mexico",
          "projectID": "46101",
          "uri": "http://www.apartados.hacienda.gob.mx/presupuesto/temas/pef/2016/docs/09/r09_kdh_pie.pdf"
        },
        "rationale": "Servicios de asesoria, relacionados con la implementacion de la estructura de gobierno corporativo para la administracion del Grupo Aeroportuario de la Ciudad de Mexico S.A. DE C.V.",
        "documents": [
          {
            "id": "doc-b29e8394-583f-44fd-82ba-73f3ac29b328",
            "documentType": "projectPlan",
            "title": "Proyecto ejecutivo de la obra",
            "description": "Terminos de referencia",
            "url": "http://189.211.120.220:8880/files/opendata/16005-ITP-AS-DCAGI-SC-005-16/4.-%20TR/4.pdf",
            "datePublished": "2016-01-29T06:00:00.000Z",
            "dateModified": "2016-01-29T06:00:00.000Z",
            "format": "html",
            "language": "es"
          }
        ]
      },
      "tender": {
        "id": "971462",
        "title": "Servicios de asesoria, relacionados con la implementacion de la estructura de gobierno corporativo para la administracion del Grupo Aeroportuario de la Ciudad de Mexico S.A. DE C.V.",
        "description": "Servicios de asesoria, relacionados con la implementacion de la estructura de gobierno corporativo para la administracion del Grupo Aeroportuario de la Ciudad de Mexico S.A. DE C.V.",
        "status": "active",
        "items": [
          {
            "id": "item-cbb3ad20-cb44-44cd-9a2d-cc8fbb34b2aa",
            "description": "Servicios de asesoria, relacionados con la implementacion de la estructura de gobierno corporativo para la administracion del Grupo Aeroportuario de la Ciudad de Mexico S.A. DE C.V.",
            "classification": {
              "scheme": "SERVICIOS LEGALES, DE CONTABILIDAD, AUDITORIA Y RELACIONADOS",
              "id": "3310"
            },
            "quantity": 1,
            "unit": {
              "name": "srv",
              "value": {
                "amount": 4930328.89,
                "currency": "MXN"
              }
            }
          }
        ],
        "minValue": {
          "currency": "MXN"
        },
        "value": {
          "amount": 10672000,
          "currency": "MXN"
        },
        "procurementMethod": "selective",
        "procurementMethodRationale": "Nacional",
        "metodoDeAdquisicion": "Invitación a tres",
        "awardCriteria": "bestValueToGoverment",
        "awardCriteriaDetails": "Presencial",
        "submissionMethod": [
          "Presencial"
        ],
        "tenderPeriod": {
          "endDate": "2016-01-20T06:00:00.000Z"
        },
        "enquiryPeriod": {
          "startDate": "2016-01-14T06:00:00.000Z",
          "endDate": "2016-01-14T06:00:00.000Z"
        },
        "eligibilityCriteria": "Ver documento adjunto",
        "awardPeriod": {
          "endDate": "2016-01-20T06:00:00.000Z"
        },
        "numberOfTenderers": 3,
        "documents": [
          {
            "id": "doc-21db9d46-d424-4ad3-9149-3f982422b2ad",
            "documentType": "Clarifications",
            "title": "Actas de la junta de aclaraciones",
            "description": "Actas de la junta de aclaraciones",
            "url": "http://189.211.120.220:8880/files/opendata/16005-ITP-AS-DCAGI-SC-005-16/9.-%20AJ/9.pdf",
            "datePublished": "2016-01-29T06:00:00.000Z",
            "dateModified": "2016-01-29T06:00:00.000Z",
            "format": "html",
            "language": "es"
          },
          {
            "id": "doc-aaf397e7-2e69-4f22-8798-664579d624a2",
            "documentType": "Tender Notice",
            "title": "Documento que describe los criterios de evaluaci?n",
            "description": "Convocatoria al procedimiento de contratacion",
            "url": "http://189.211.120.220:8880/files/opendata/16005-ITP-AS-DCAGI-SC-005-16/8.-%20CC/8.pdf",
            "datePublished": "2016-01-29T06:00:00.000Z",
            "dateModified": "2016-01-29T06:00:00.000Z",
            "format": "html",
            "language": "es"
          },
          {
            "id": "doc-e75e7c95-df8a-4907-afbb-3075f3da6812",
            "documentType": "Tender Notice",
            "title": "Documento que contiene los objetivos y caracter?sticas del contrato y proceso de licitaci?n",
            "description": "Convocatoria al procedimiento de contratacion",
            "url": "http://189.211.120.220:8880/files/opendata/16005-ITP-AS-DCAGI-SC-005-16/8.-%20CC/8.pdf",
            "datePublished": "2016-01-29T06:00:00.000Z",
            "dateModified": "2016-01-29T06:00:00.000Z",
            "format": "html",
            "language": "es"
          },
          {
            "id": "doc-0cfb99fd-d2eb-42e8-8f70-e311092021b0",
            "documentType": "Tender Notice",
            "title": "Documento que contiene las especificaicones t?cnicas de la obra",
            "description": "Convocatoria al procedimiento de contratacion",
            "url": "http://189.211.120.220:8880/files/opendata/16005-ITP-AS-DCAGI-SC-005-16/8.-%20CC/8.pdf",
            "datePublished": "2016-01-29T06:00:00.000Z",
            "dateModified": "2016-01-29T06:00:00.000Z",
            "format": "html",
            "language": "es"
          },
          {
            "id": "doc-aa8e9fe9-cb6e-497f-a534-ce97c94c1417",
            "documentType": "Tender Notice",
            "title": "Convocatoria al procedimiento de contrataci?n",
            "description": "Convocatoria al procedimiento de contratacion",
            "url": "http://189.211.120.220:8880/files/opendata/16005-ITP-AS-DCAGI-SC-005-16/8.-%20CC/8.pdf",
            "datePublished": "2016-01-29T06:00:00.000Z",
            "dateModified": "2016-01-29T06:00:00.000Z",
            "format": "html",
            "language": "es"
          },
          {
            "id": "doc-b5880cae-b5dc-4921-92d1-7d24b8963be2",
            "documentType": "Tender Notice",
            "title": "Documento que describe los criterios que deben cumplir los licitantes",
            "description": "Convocatoria al procedimiento de contratacion",
            "url": "http://189.211.120.220:8880/files/opendata/16005-ITP-AS-DCAGI-SC-005-16/8.-%20CC/8.pdf",
            "datePublished": "2016-01-29T06:00:00.000Z",
            "dateModified": "2016-01-29T06:00:00.000Z",
            "format": "html",
            "language": "es"
          }
        ]
      },
      "buyer": {
        "identifier": {
          "scheme": "MK-009KDH999",
          "id": "GACM",
          "legalName": "Grupo Aeroportuario de la Ciudad de Mexico, S.A. de C.V.",
          "uri": "http://www.aeropuerto.gob.mx/"
        },
        "name": "Grupo Aeroportuario de la Ciudad de Mexico, S.A. de C.V.",
        "address": {
          "streetAddress": "AV. INSURGENTES SUR NO. 2453 PISO 2 OFICINA 203",
          "locality": "COL. TIZAPAN",
          "region": "DEL. ALVARO OBREGON",
          "postalCode": "01090",
          "countryName": "Mexico"
        },
        "contactPoint": {
          "name": "G05-DIRECCION CORPORATIVA DE ADMINISTRACION Y GESTION INMOBILIARIA",
          "url": "http://www.aeropuerto.gob.mx/"
        }
      },
      "awards": [
        {
          "id": "IA-009KDH999-E97-2015",
          "title": "Servicios de asesoria, relacionados con la implementacion de la estructura de gobierno corporativo para la administracion del GACM.",
          "description": "Ver documento adjunto",
          "status": "active",
          "date": "2016-01-29T06:00:00.000Z",
          "value": {
            "amount": 4930328.89,
            "currency": "MXN"
          },
          "suppliers": [
            {
              "identifier": {
                "id": "GYR880101TL1",
                "legalName": "Galaz, Yamazaki, Ruiz Urquiza S.C."
              },
              "name": "Galaz, Yamazaki, Ruiz Urquiza S.C.",
              "address": {
                "streetAddress": "Paseo de la Reforma 489",
                "locality": "Cuauhtemoc",
                "region": "Cuauhtemoc",
                "postalCode": "06500",
                "countryName": "Mexico"
              }
            }
          ],
          "items": [
            {
              "id": "item-fe928daf-a5f6-4cb3-916f-d29699261a6b",
              "description": "Servicios de asesoria, relacionados con la implementacion de la estructura de gobierno corporativo para la administracion del Grupo Aeroportuario de la Ciudad de Mexico S.A. DE C.V.",
              "classification": {
                "scheme": "SERVICIOS LEGALES, DE CONTABILIDAD, AUDITORIA Y RELACIONADOS",
                "id": "3310"
              },
              "quantity": 1,
              "unit": {
                "name": "srv",
                "value": {
                  "amount": 4930328.89,
                  "currency": "MXN"
                }
              }
            }
          ],
          "contractPeriod": {
            "startDate": "2016-02-04T06:00:00.000Z",
            "endDate": "2017-08-03T05:00:00.000Z"
          },
          "documents": [
            {
              "id": "doc-81c8ce07-a12e-4bf9-810a-2152c2d5a400",
              "documentType": "Award Notice",
              "title": "Fallo",
              "description": "Acta de Fallo",
              "url": "http://189.211.120.220:8880/files/opendata/16005-ITP-AS-DCAGI-SC-005-16/12.-%20AF/12.pdf",
              "datePublished": "2016-01-29T06:00:00.000Z",
              "dateModified": "2016-01-29T06:00:00.000Z",
              "format": "html",
              "language": "es"
            },
            {
              "id": "doc-43129a83-0a0b-48a2-8e45-7133df3d8507",
              "documentType": "Award Notice",
              "title": "Fallo",
              "description": "Descripcion del acto de presentacion y apertura de proposiciones",
              "url": "http://189.211.120.220:8880/files/opendata/16005-ITP-AS-DCAGI-SC-005-16/10.-%20AP/10.pdf",
              "datePublished": "2016-01-29T06:00:00.000Z",
              "dateModified": "2016-01-29T06:00:00.000Z",
              "format": "html",
              "language": "es"
            }
          ]
        }
      ],
      "contracts": [
        {
          "id": "ITP-AS-DCAGI-SC-005/16",
          "awardID": "IA-009KDH999-E97-2015",
          "title": "Servicios de asesoria, relacionados con la implementacion de la estructura de gobierno corporativo para la administracion del GACM.",
          "description": "Ver documento adjunto",
          "status": "active",
          "period": {
            "startDate": "2016-02-04T06:00:00.000Z",
            "endDate": "2017-08-03T05:00:00.000Z"
          },
          "value": {
            "amount": 4930328.89,
            "currency": "MXN"
          },
          "items": [
            {
              "id": "item-4ab5050d-1434-4bd7-8e11-7f9cd057e71f",
              "description": "Servicios de asesoria, relacionados con la implementacion de la estructura de gobierno corporativo para la administracion del Grupo Aeroportuario de la Ciudad de Mexico S.A. DE C.V.",
              "classification": {
                "scheme": "SERVICIOS LEGALES, DE CONTABILIDAD, AUDITORIA Y RELACIONADOS",
                "id": "3310"
              },
              "quantity": 1,
              "unit": {
                "name": "srv",
                "value": {
                  "amount": 4930328.89,
                  "currency": "MXN"
                }
              }
            }
          ],
          "dateSigned": "2016-02-04T06:00:00.000Z",
          "documents": [
            {
              "id": "doc-59a23b8f-4a88-4361-97e5-adddb5e5d907",
              "documentType": "Contract Signed",
              "title": "Contrato firmado",
              "description": "Contrato firmado",
              "url": "http://189.211.120.220:8880/files/opendata/16005-ITP-AS-DCAGI-SC-005-16/15.-%20CF/15.pdf",
              "datePublished": "2016-01-29T06:00:00.000Z",
              "dateModified": "2016-01-29T06:00:00.000Z",
              "format": "html",
              "language": "es"
            },
            {
              "id": "doc-22dac88c-efbc-4d10-9cf7-43be4d148722",
              "documentType": "Contract Signed",
              "title": "Cl?usula sobre las condiciones de entrega de la obra",
              "description": "Contrato firmado",
              "url": "http://189.211.120.220:8880/files/opendata/16005-ITP-AS-DCAGI-SC-005-16/15.-%20CF/15.pdf",
              "datePublished": "2016-01-29T06:00:00.000Z",
              "dateModified": "2016-01-29T06:00:00.000Z",
              "format": "html",
              "language": "es"
            },
            {
              "id": "doc-3d5bb3d2-e644-45e2-b2ec-c929a1692e9f",
              "documentType": "Contract Guarantees",
              "title": "Fianza de anticipo",
              "description": "Garantia sobre el anticipo",
              "url": "http://189.211.120.220:8880/files/opendata/16005-ITP-AS-DCAGI-SC-005-16/17.-%20GA/17.pdf",
              "datePublished": "2016-01-29T06:00:00.000Z",
              "dateModified": "2016-01-29T06:00:00.000Z",
              "format": "html",
              "language": "es"
            },
            {
              "id": "doc-2adbc6c0-b7f8-471c-bfad-d71a07972db8",
              "documentType": "Contract Guarantees",
              "title": "Fianza de cumplimiento",
              "description": "Garantias de cumplimiento",
              "url": "http://189.211.120.220:8880/files/opendata/16005-ITP-AS-DCAGI-SC-005-16/18.-%20GC/18.pdf",
              "datePublished": "2016-01-29T06:00:00.000Z",
              "dateModified": "2016-01-29T06:00:00.000Z",
              "format": "html",
              "language": "es"
            }
          ]
        }
      ],
      "language": "es"
    }
  ],
  "publisher": {
    "name": "GACM",
    "scheme": "SERVICIO",
    "uid": "AS",
    "uri": "http://www.aeropuerto.gob.mx/"
  },
  "license": "https://datos.gob.mx/libreusomx/",
  "publicationPolicy": "https://datos.gob.mx/libreusomx/"
}
