{
  "uri": "https://datos.gob.mx/busca/dataset?organization=gacm",
  "publishedDate": "2017-02-15T16:48:25.307Z",
  "releases": [
    {
      "ocid": "268",
      "id": "RELEASE_268_2017-02-15T16:48:25.306Z",
      "date": "2017-02-08T06:00:00.000Z",
      "tag": [
        "contract"
      ],
      "initiationType": "tender",
      "planning": {
        "budget": {
          "source": "http://www.apartados.hacienda.gob.mx/presupuesto/temas/pef/2016/docs/09/r09_kdh_pie.pdf",
          "id": "APORTACIONES A FIDEICOMISOS PUBLICOS",
          "description": "RECURSOS FISCALES",
          "amount": {
            "amount": 12500000,
            "currency": "MXN"
          },
          "project": "Nuevo Aeropuerto Internacional de la Ciudad de Mexico",
          "projectID": "46101",
          "uri": "http://www.apartados.hacienda.gob.mx/presupuesto/temas/pef/2016/docs/09/r09_kdh_pie.pdf"
        },
        "rationale": "Servicio de Transporte de personas en autobuses y de traslado de maquinaria y equipo en camionetas de redilas para el programa de empleo temporal.",
        "documents": [
          {
            "id": "doc-f8274e56-0bfd-45df-a471-b58fdd5acffb",
            "documentType": "projectPlan",
            "title": "Proyecto ejecutivo de la obra",
            "description": "Terminos de referencia",
            "url": "http://189.211.120.220:8880/files/opendata/16033-LPN-AS-DCAGI-SC-033-16/4.-%20TR/4.pdf",
            "datePublished": "2016-04-25T05:00:00.000Z",
            "dateModified": "2016-04-25T05:00:00.000Z",
            "format": "html",
            "language": "es"
          }
        ]
      },
      "tender": {
        "id": "1029560",
        "title": "Servicio de Transporte de personas en autobuses y de traslado de maquinaria y equipo en camionetas de redilas para el programa de empleo temporal.",
        "description": "Servicio de Transporte de personas en autobuses y de traslado de maquinaria y equipo en camionetas de redilas para el programa de empleo temporal.",
        "status": "active",
        "items": [
          {
            "id": "item-e23e3600-ff08-4b7f-b9a2-15b236a166c2",
            "description": "Servicio de Transporte de personas en autobuses y de traslado de maquinaria y equipo en camionetas de redilas para el programa de empleo temporal (PET) 2016.",
            "classification": {
              "scheme": "EDIFICACION NO HABITACIONAL",
              "id": "6220"
            },
            "quantity": 1,
            "unit": {
              "name": "srv",
              "value": {
                "amount": 15856320,
                "currency": "MXN"
              }
            }
          },
          {
            "id": "item-1e1cd808-7d8d-49f2-9dee-eb0677c330a9",
            "description": "Servicio de Transporte de personas en autobuses y de traslado de maquinaria y equipo en camionetas de redilas para el programa de empleo temporal (PET) 2016.",
            "classification": {
              "scheme": "EDIFICACION NO HABITACIONAL",
              "id": "6220"
            },
            "quantity": 1,
            "unit": {
              "name": "srv",
              "value": {
                "amount": 15856320,
                "currency": "MXN"
              }
            }
          }
        ],
        "value": {
          "amount": 12500000,
          "currency": "MXN"
        },
        "procurementMethod": "open",
        "procurementMethodRationale": "Nacional",
        "metodoDeAdquisicion": "Licitación pública",
        "awardCriteria": "bestValueToGoverment",
        "awardCriteriaDetails": "Presencial",
        "submissionMethod": [
          "Presencial"
        ],
        "tenderPeriod": {
          "endDate": "2016-04-22T05:00:00.000Z"
        },
        "enquiryPeriod": {
          "startDate": "2016-04-15T05:00:00.000Z",
          "endDate": "2016-04-15T05:00:00.000Z"
        },
        "eligibilityCriteria": "Ver documento adjunto",
        "awardPeriod": {
          "endDate": "2016-04-22T05:00:00.000Z"
        },
        "documents": [
          {
            "id": "doc-79505c69-48ac-4b0b-b843-b504f248b2ab",
            "documentType": "Clarifications",
            "title": "Actas de la junta de aclaraciones",
            "description": "Actas de la junta de aclaraciones",
            "url": "http://189.211.120.220:8880/files/opendata/16033-LPN-AS-DCAGI-SC-033-16/9.-%20AJ/9.pdf",
            "datePublished": "2016-04-25T05:00:00.000Z",
            "dateModified": "2016-04-25T05:00:00.000Z",
            "format": "html",
            "language": "es"
          },
          {
            "id": "doc-8e9dca03-b146-428d-a347-a32a46338932",
            "documentType": "Tender Notice",
            "title": "Documento que describe los criterios de evaluaci?n",
            "description": "Convocatoria al procedimiento de contratacion",
            "url": "http://189.211.120.220:8880/files/opendata/16033-LPN-AS-DCAGI-SC-033-16/8.-%20CC/8.pdf",
            "datePublished": "2016-04-25T05:00:00.000Z",
            "dateModified": "2016-04-25T05:00:00.000Z",
            "format": "html",
            "language": "es"
          },
          {
            "id": "doc-0e9cd000-7894-4f7f-9dad-be3b2d9c845d",
            "documentType": "Tender Notice",
            "title": "Documento que contiene los objetivos y caracter?sticas del contrato y proceso de licitaci?n",
            "description": "Convocatoria al procedimiento de contratacion",
            "url": "http://189.211.120.220:8880/files/opendata/16033-LPN-AS-DCAGI-SC-033-16/8.-%20CC/8.pdf",
            "datePublished": "2016-04-25T05:00:00.000Z",
            "dateModified": "2016-04-25T05:00:00.000Z",
            "format": "html",
            "language": "es"
          },
          {
            "id": "doc-64777697-cf81-49b9-998c-f476230039b1",
            "documentType": "Tender Notice",
            "title": "Documento que contiene las especificaicones t?cnicas de la obra",
            "description": "Convocatoria al procedimiento de contratacion",
            "url": "http://189.211.120.220:8880/files/opendata/16033-LPN-AS-DCAGI-SC-033-16/8.-%20CC/8.pdf",
            "datePublished": "2016-04-25T05:00:00.000Z",
            "dateModified": "2016-04-25T05:00:00.000Z",
            "format": "html",
            "language": "es"
          },
          {
            "id": "doc-ec7e0ac4-7f5b-4ad5-87bc-e87cd87b595c",
            "documentType": "Tender Notice",
            "title": "Convocatoria al procedimiento de contrataci?n",
            "description": "Convocatoria al procedimiento de contratacion",
            "url": "http://189.211.120.220:8880/files/opendata/16033-LPN-AS-DCAGI-SC-033-16/8.-%20CC/8.pdf",
            "datePublished": "2016-04-25T05:00:00.000Z",
            "dateModified": "2016-04-25T05:00:00.000Z",
            "format": "html",
            "language": "es"
          },
          {
            "id": "doc-87db0895-de68-4f0f-9f87-168c961c893b",
            "documentType": "Tender Notice",
            "title": "Documento que describe los criterios que deben cumplir los licitantes",
            "description": "Convocatoria al procedimiento de contratacion",
            "url": "http://189.211.120.220:8880/files/opendata/16033-LPN-AS-DCAGI-SC-033-16/8.-%20CC/8.pdf",
            "datePublished": "2016-04-25T05:00:00.000Z",
            "dateModified": "2016-04-25T05:00:00.000Z",
            "format": "html",
            "language": "es"
          }
        ]
      },
      "buyer": {
        "identifier": {
          "scheme": "MK-009KDH999",
          "id": "GACM",
          "legalName": "Grupo Aeroportuario de la Ciudad de Mexico, S.A. de C.V.",
          "uri": "http://www.aeropuerto.gob.mx/"
        },
        "name": "Grupo Aeroportuario de la Ciudad de Mexico, S.A. de C.V.",
        "address": {
          "streetAddress": "AV. INSURGENTES SUR NO. 2453 PISO 2 OFICINA 203",
          "locality": "COL. TIZAPAN",
          "region": "DEL. ALVARO OBREGON",
          "postalCode": "01090",
          "countryName": "Mexico"
        },
        "contactPoint": {
          "name": "G05-DIRECCION CORPORATIVA DE ADMINISTRACION Y GESTION INMOBILIARIA",
          "url": "http://www.aeropuerto.gob.mx/"
        }
      },
      "awards": [
        {
          "id": "LA-009KDH999-E29-2016",
          "title": "Servicio de Transporte de personas en autobuses y de traslado de maquinaria y equipo en camionetas de redilas para el programa de empleo temporal.",
          "description": "Ver documento adjunto",
          "status": "active",
          "date": "2016-04-25T05:00:00.000Z",
          "value": {
            "amount": 15856320,
            "currency": "MXN"
          },
          "suppliers": [
            {
              "identifier": {
                "id": "GAC9806011J4",
                "legalName": "Global Tourist Agency, S. A. de C.V."
              },
              "name": "Global Tourist Agency, S. A. de C.V.",
              "address": {
                "streetAddress": "11A Privada de Orquideas, numero 105 D, Colonia las Flores Norte,",
                "locality": "Jardines en la Montana",
                "region": "Oaxaca",
                "postalCode": "6800",
                "countryName": "Mexico"
              }
            }
          ],
          "items": [
            {
              "id": "item-a9cfd691-f699-4374-93ab-bf60bedeb0cc",
              "description": "Servicio de Transporte de personas en autobuses y de traslado de maquinaria y equipo en camionetas de redilas para el programa de empleo temporal (PET) 2016.",
              "classification": {
                "scheme": "EDIFICACION NO HABITACIONAL",
                "id": "6220"
              },
              "quantity": 1,
              "unit": {
                "name": "srv",
                "value": {
                  "amount": 15856320,
                  "currency": "MXN"
                }
              }
            },
            {
              "id": "item-46158bc2-a508-4d2c-b704-4d567945806c",
              "description": "Servicio de Transporte de personas en autobuses y de traslado de maquinaria y equipo en camionetas de redilas para el programa de empleo temporal (PET) 2016.",
              "classification": {
                "scheme": "EDIFICACION NO HABITACIONAL",
                "id": "6220"
              },
              "quantity": 1,
              "unit": {
                "name": "srv",
                "value": {
                  "amount": 15856320,
                  "currency": "MXN"
                }
              }
            }
          ],
          "contractPeriod": {
            "startDate": "2016-04-27T05:00:00.000Z",
            "endDate": "2016-12-16T06:00:00.000Z"
          },
          "documents": [
            {
              "id": "doc-587115ff-68ed-4011-bf0e-1baa6dc46a7d",
              "documentType": "Award Notice",
              "title": "Fallo",
              "description": "Acta de Fallo",
              "url": "http://189.211.120.220:8880/files/opendata/16033-LPN-AS-DCAGI-SC-033-16/12.-%20AF/12.pdf",
              "datePublished": "2016-04-25T05:00:00.000Z",
              "dateModified": "2016-04-25T05:00:00.000Z",
              "format": "html",
              "language": "es"
            },
            {
              "id": "doc-af907566-d8a4-472e-855f-9ab257b4beff",
              "documentType": "Award Notice",
              "title": "Fallo",
              "description": "Descripcion del acto de presentacion y apertura de proposiciones",
              "url": "http://189.211.120.220:8880/files/opendata/16033-LPN-AS-DCAGI-SC-033-16/10.-%20AP/10.pdf",
              "datePublished": "2016-04-25T05:00:00.000Z",
              "dateModified": "2016-04-25T05:00:00.000Z",
              "format": "html",
              "language": "es"
            }
          ]
        }
      ],
      "contracts": [
        {
          "id": "LPN-AS-DACGI-SC-033/16",
          "awardID": "LA-009KDH999-E29-2016",
          "title": "Servicio de Transporte de personas en autobuses y de traslado de maquinaria y equipo en camionetas de redilas para el programa de empleo temporal.",
          "description": "Ver documento adjunto",
          "status": "active",
          "period": {
            "startDate": "2016-04-27T05:00:00.000Z",
            "endDate": "2016-12-16T06:00:00.000Z"
          },
          "value": {
            "amount": 15856320,
            "currency": "MXN"
          },
          "items": [
            {
              "id": "item-0b96da77-9c41-400e-bf4b-e48114220583",
              "description": "Servicio de Transporte de personas en autobuses y de traslado de maquinaria y equipo en camionetas de redilas para el programa de empleo temporal (PET) 2016.",
              "classification": {
                "scheme": "EDIFICACION NO HABITACIONAL",
                "id": "6220"
              },
              "quantity": 1,
              "unit": {
                "name": "srv",
                "value": {
                  "amount": 15856320,
                  "currency": "MXN"
                }
              }
            },
            {
              "id": "item-47438366-39c1-4731-ba72-ba32e0822953",
              "description": "Servicio de Transporte de personas en autobuses y de traslado de maquinaria y equipo en camionetas de redilas para el programa de empleo temporal (PET) 2016.",
              "classification": {
                "scheme": "EDIFICACION NO HABITACIONAL",
                "id": "6220"
              },
              "quantity": 1,
              "unit": {
                "name": "srv",
                "value": {
                  "amount": 15856320,
                  "currency": "MXN"
                }
              }
            }
          ],
          "dateSigned": "2016-05-02T05:00:00.000Z",
          "documents": [
            {
              "id": "doc-38b27c40-22ed-4f77-a2ab-72a291e443bc",
              "documentType": "Contract Signed",
              "title": "Contrato firmado",
              "description": "Contrato firmado",
              "url": "http://189.211.120.220:8880/files/opendata/16033-LPN-AS-DCAGI-SC-033-16/15.-%20CF/15.pdf",
              "datePublished": "2016-04-25T05:00:00.000Z",
              "dateModified": "2016-04-25T05:00:00.000Z",
              "format": "html",
              "language": "es"
            },
            {
              "id": "doc-7ad8098f-6f6a-4ce8-87ae-f2c6854f9365",
              "documentType": "Contract Signed",
              "title": "Cl?usula sobre las condiciones de entrega de la obra",
              "description": "Contrato firmado",
              "url": "http://189.211.120.220:8880/files/opendata/16033-LPN-AS-DCAGI-SC-033-16/15.-%20CF/15.pdf",
              "datePublished": "2016-04-25T05:00:00.000Z",
              "dateModified": "2016-04-25T05:00:00.000Z",
              "format": "html",
              "language": "es"
            },
            {
              "id": "doc-1456206f-1492-4618-8b64-7d0882d562d5",
              "documentType": "Contract Guarantees",
              "title": "Fianza de anticipo",
              "description": "Garantia sobre el anticipo",
              "url": "http://189.211.120.220:8880/files/opendata/16033-LPN-AS-DCAGI-SC-033-16/17.-%20GA/17.pdf",
              "datePublished": "2016-04-25T05:00:00.000Z",
              "dateModified": "2016-04-25T05:00:00.000Z",
              "format": "html",
              "language": "es"
            },
            {
              "id": "doc-3ad02cd2-243d-483d-9e03-cce2fbd028b4",
              "documentType": "Contract Guarantees",
              "title": "Fianza de cumplimiento",
              "description": "Garantias de cumplimiento",
              "url": "http://189.211.120.220:8880/files/opendata/16033-LPN-AS-DCAGI-SC-033-16/18.-%20GC/18.pdf",
              "datePublished": "2016-04-25T05:00:00.000Z",
              "dateModified": "2016-04-25T05:00:00.000Z",
              "format": "html",
              "language": "es"
            }
          ]
        }
      ],
      "language": "es"
    }
  ],
  "publisher": {
    "name": "GACM",
    "scheme": "SERVICIO",
    "uid": "AS",
    "uri": "http://www.aeropuerto.gob.mx/"
  },
  "license": "https://datos.gob.mx/libreusomx/",
  "publicationPolicy": "https://datos.gob.mx/libreusomx/"
}
