{
  "uri": "https://datos.gob.mx/busca/dataset?organization=gacm",
  "publishedDate": "2017-02-15T16:48:25.538Z",
  "releases": [
    {
      "ocid": "27",
      "id": "RELEASE_27_2017-02-15T16:48:25.537Z",
      "date": "2017-02-08T06:00:00.000Z",
      "tag": [
        "contract"
      ],
      "initiationType": "tender",
      "planning": {
        "budget": {
          "source": "http://www.apartados.hacienda.gob.mx/presupuesto/temas/pef/2015/docs/09/r09_kdh_pie.pdf",
          "id": "OBRAS DE CONSTRUCCION PARA EDIFICIOS NO HABITACIONALES",
          "description": "RECURSOS FISCALES",
          "amount": {
            "amount": 8200000,
            "currency": "MXN"
          },
          "project": "Nuevo Aeropuerto Internacional de la Ciudad de Mexico",
          "projectID": "46101",
          "uri": "http://www.apartados.hacienda.gob.mx/presupuesto/temas/pef/2015/docs/09/r09_kdh_pie.pdf"
        },
        "rationale": "Elaboracion del proyecto de terracerias de los caminos provisionales para la construccion del Nuevo Aeropuerto Internacional de la Ciudad de Mexico",
        "documents": [
          {
            "id": "doc-8755f967-f144-4aac-9261-259668405665",
            "documentType": "projectPlan",
            "title": "Proyecto ejecutivo de la obra",
            "description": "Terminos de referencia",
            "url": "http://189.211.120.220:8880/files/opendata/15040-ITP-SRO-DCAGI-SC-040-15/4.-%20TR/4.pdf",
            "datePublished": "2015-06-16T05:00:00.000Z",
            "dateModified": "2015-06-16T05:00:00.000Z",
            "format": "html",
            "language": "es"
          }
        ]
      },
      "tender": {
        "id": "824149?",
        "title": "Elaboracion del proyecto de terracerias de los caminos provisionales para la construccion del Nuevo Aeropuerto Internacional de la Ciudad de Mexico",
        "description": "Elaboracion del proyecto de terracerias de los caminos provisionales para la construccion del Nuevo Aeropuerto Internacional de la Ciudad de Mexico",
        "status": "active",
        "items": [
          {
            "id": "item-1f924c3e-16fb-4faf-94b4-abc614db15bf",
            "description": "Elaboracion del proyecto de terracerias de los caminos provisionales para la construccion del Nuevo Aeropuerto Internacional de la Ciudad de Mexico",
            "classification": {
              "scheme": "EDIFICACION NO HABITACIONAL",
              "id": "6220"
            },
            "quantity": 1,
            "unit": {
              "name": "sop",
              "value": {
                "amount": 8784086.85,
                "currency": "MXN"
              }
            }
          }
        ],
        "value": {
          "amount": 8200000,
          "currency": "MXN"
        },
        "procurementMethod": "selective",
        "procurementMethodRationale": "Nacional",
        "metodoDeAdquisicion": "Invitación a tres",
        "awardCriteria": "bestValueToGoverment",
        "awardCriteriaDetails": "Presencial",
        "submissionMethod": [
          "Presencial"
        ],
        "tenderPeriod": {
          "endDate": "2008-06-20T20:00:00.000Z"
        },
        "enquiryPeriod": {
          "startDate": "2015-06-04T05:00:00.000Z",
          "endDate": "2015-06-04T05:00:00.000Z"
        },
        "eligibilityCriteria": "Ver documento adjunto",
        "awardPeriod": {
          "endDate": "2008-06-20T20:00:00.000Z"
        },
        "documents": [
          {
            "id": "doc-a2298bde-762b-4867-bf86-f63374d4dcbd",
            "documentType": "Clarifications",
            "title": "Actas de la junta de aclaraciones",
            "description": "Actas de la junta de aclaraciones",
            "url": "http://189.211.120.220:8880/files/opendata/15040-ITP-SRO-DCAGI-SC-040-15/9.-%20AJ/9.pdf",
            "datePublished": "2015-06-16T05:00:00.000Z",
            "dateModified": "2015-06-16T05:00:00.000Z",
            "format": "html",
            "language": "es"
          },
          {
            "id": "doc-ee6c27ad-6f72-4f9e-9bc0-b194b1217779",
            "documentType": "Tender Notice",
            "title": "Documento que describe los criterios que deben cumplir los licitantes",
            "description": "Convocatoria al procedimiento de contratacion",
            "url": "http://189.211.120.220:8880/files/opendata/15040-ITP-SRO-DCAGI-SC-040-15/8.-%20CC/8.pdf",
            "datePublished": "2015-06-16T05:00:00.000Z",
            "dateModified": "2015-06-16T05:00:00.000Z",
            "format": "html",
            "language": "es"
          },
          {
            "id": "doc-ecdfde7d-7e80-40ee-a940-586e288d2c51",
            "documentType": "Tender Notice",
            "title": "Documento que contiene los objetivos y caracter?sticas del contrato y proceso de licitaci?n",
            "description": "Convocatoria al procedimiento de contratacion",
            "url": "http://189.211.120.220:8880/files/opendata/15040-ITP-SRO-DCAGI-SC-040-15/8.-%20CC/8.pdf",
            "datePublished": "2015-06-16T05:00:00.000Z",
            "dateModified": "2015-06-16T05:00:00.000Z",
            "format": "html",
            "language": "es"
          },
          {
            "id": "doc-796ef8e8-b5bd-45f4-993d-25421bcbfc31",
            "documentType": "Tender Notice",
            "title": "Documento que contiene las especificaicones t?cnicas de la obra",
            "description": "Convocatoria al procedimiento de contratacion",
            "url": "http://189.211.120.220:8880/files/opendata/15040-ITP-SRO-DCAGI-SC-040-15/8.-%20CC/8.pdf",
            "datePublished": "2015-06-16T05:00:00.000Z",
            "dateModified": "2015-06-16T05:00:00.000Z",
            "format": "html",
            "language": "es"
          },
          {
            "id": "doc-20f05abd-e733-46d7-bfd8-d2329ebdd1fc",
            "documentType": "Tender Notice",
            "title": "Convocatoria al procedimiento de contrataci?n",
            "description": "Convocatoria al procedimiento de contratacion",
            "url": "http://189.211.120.220:8880/files/opendata/15040-ITP-SRO-DCAGI-SC-040-15/8.-%20CC/8.pdf",
            "datePublished": "2015-06-16T05:00:00.000Z",
            "dateModified": "2015-06-16T05:00:00.000Z",
            "format": "html",
            "language": "es"
          },
          {
            "id": "doc-8962b87c-b624-49b3-a60d-a67afa8b9a08",
            "documentType": "Tender Notice",
            "title": "Documento que describe los criterios de evaluaci?n",
            "description": "Convocatoria al procedimiento de contratacion",
            "url": "http://189.211.120.220:8880/files/opendata/15040-ITP-SRO-DCAGI-SC-040-15/8.-%20CC/8.pdf",
            "datePublished": "2015-06-16T05:00:00.000Z",
            "dateModified": "2015-06-16T05:00:00.000Z",
            "format": "html",
            "language": "es"
          }
        ]
      },
      "buyer": {
        "identifier": {
          "scheme": "MK-009KDH999",
          "id": "GACM",
          "legalName": "Grupo Aeroportuario de la Ciudad de Mexico, S.A. de C.V.",
          "uri": "http://www.aeropuerto.gob.mx/"
        },
        "name": "Grupo Aeroportuario de la Ciudad de Mexico, S.A. de C.V.",
        "address": {
          "streetAddress": "AV. INSURGENTES SUR NO. 2453 PISO 2 OFICINA 203",
          "locality": "COL. TIZAPAN",
          "region": "DEL. ALVARO OBREGON",
          "postalCode": "01090",
          "countryName": "Mexico"
        },
        "contactPoint": {
          "name": "G05-DIRECCION CORPORATIVA DE ADMINISTRACION Y GESTION INMOBILIARIA",
          "url": "http://www.aeropuerto.gob.mx/"
        }
      },
      "awards": [
        {
          "id": "IO-009KDH999-N43-2015",
          "title": "Elaboracion del proyecto de terracerias de los caminos provisionales para la construccion del Nuevo Aeropuerto Internacional de la Ciudad de Mexico",
          "description": "Ver documento adjunto",
          "status": "active",
          "date": "2015-06-16T05:00:00.000Z",
          "value": {
            "amount": 8784086.85,
            "currency": "MXN"
          },
          "suppliers": [
            {
              "identifier": {
                "id": "IEE100309KLA",
                "legalName": "IMPULSORA DE ENLACE EMPRESARIAL CATENA, S.A. DE C.V."
              },
              "name": "IMPULSORA DE ENLACE EMPRESARIAL CATENA, S.A. DE C.V.",
              "address": {
                "streetAddress": "Insurgentes Sur 1722 - 1003",
                "locality": "Florida",
                "region": "Alvaro Obregon",
                "postalCode": "1030",
                "countryName": "Mexico"
              }
            }
          ],
          "items": [
            {
              "id": "item-66363bc1-8b0b-49df-b1cf-768545596027",
              "description": "Elaboracion del proyecto de terracerias de los caminos provisionales para la construccion del Nuevo Aeropuerto Internacional de la Ciudad de Mexico",
              "classification": {
                "scheme": "EDIFICACION NO HABITACIONAL",
                "id": "6220"
              },
              "quantity": 1,
              "unit": {
                "name": "sop",
                "value": {
                  "amount": 8784086.85,
                  "currency": "MXN"
                }
              }
            }
          ],
          "contractPeriod": {
            "startDate": "2015-07-01T05:00:00.000Z",
            "endDate": "2015-08-29T05:00:00.000Z"
          },
          "documents": [
            {
              "id": "doc-950126a3-f623-4d22-9f4b-4e938d4d14e8",
              "documentType": "Award Notice",
              "title": "Fallo",
              "description": "Acta de Fallo",
              "url": "http://189.211.120.220:8880/files/opendata/15040-ITP-SRO-DCAGI-SC-040-15/12.-%20AF/12.pdf",
              "datePublished": "2015-06-16T05:00:00.000Z",
              "dateModified": "2015-06-16T05:00:00.000Z",
              "format": "html",
              "language": "es"
            },
            {
              "id": "doc-cd62e1e0-1617-4459-89be-ad8dfc7e6c8d",
              "documentType": "Award Notice",
              "title": "Fallo",
              "description": "Descripcion del acto de presentacion y apertura de proposiciones",
              "url": "http://189.211.120.220:8880/files/opendata/15040-ITP-SRO-DCAGI-SC-040-15/10.-%20AP/10.pdf",
              "datePublished": "2015-06-16T05:00:00.000Z",
              "dateModified": "2015-06-16T05:00:00.000Z",
              "format": "html",
              "language": "es"
            }
          ]
        }
      ],
      "contracts": [
        {
          "id": "ITP-SRO-DCAGI-SC-040/15",
          "awardID": "IO-009KDH999-N43-2015",
          "title": "Elaboracion del proyecto de terracerias de los caminos provisionales para la construccion del Nuevo Aeropuerto Internacional de la Ciudad de Mexico",
          "description": "Ver documento adjunto",
          "status": "active",
          "period": {
            "startDate": "2015-07-01T05:00:00.000Z",
            "endDate": "2015-08-29T05:00:00.000Z"
          },
          "value": {
            "amount": 8784086.85,
            "currency": "MXN"
          },
          "items": [
            {
              "id": "item-f6d9a01e-a167-4e96-9b42-9f01414eaa51",
              "description": "Elaboracion del proyecto de terracerias de los caminos provisionales para la construccion del Nuevo Aeropuerto Internacional de la Ciudad de Mexico",
              "classification": {
                "scheme": "EDIFICACION NO HABITACIONAL",
                "id": "6220"
              },
              "quantity": 1,
              "unit": {
                "name": "sop",
                "value": {
                  "amount": 8784086.85,
                  "currency": "MXN"
                }
              }
            }
          ],
          "dateSigned": "2015-07-01T05:00:00.000Z",
          "documents": [
            {
              "id": "doc-1a8928de-211a-49c0-8a6b-82bc07df20fb",
              "documentType": "Contract Signed",
              "title": "Cl?usula sobre las condiciones de entrega de la obra",
              "description": "Contrato firmado",
              "url": "http://189.211.120.220:8880/files/opendata/15040-ITP-SRO-DCAGI-SC-040-15/15.-%20CF/15.pdf",
              "datePublished": "2015-06-16T05:00:00.000Z",
              "dateModified": "2015-06-16T05:00:00.000Z",
              "format": "html",
              "language": "es"
            },
            {
              "id": "doc-2947f39a-ed94-443a-883f-4e0724226a57",
              "documentType": "Contract Signed",
              "title": "Contrato firmado",
              "description": "Contrato firmado",
              "url": "http://189.211.120.220:8880/files/opendata/15040-ITP-SRO-DCAGI-SC-040-15/15.-%20CF/15.pdf",
              "datePublished": "2015-06-16T05:00:00.000Z",
              "dateModified": "2015-06-16T05:00:00.000Z",
              "format": "html",
              "language": "es"
            },
            {
              "id": "doc-e984e4a0-aef7-4e53-9f93-5cb9adf5ef6d",
              "documentType": "Contract Guarantees",
              "title": "Fianza de anticipo",
              "description": "Garantia sobre el anticipo",
              "url": "http://189.211.120.220:8880/files/opendata/15040-ITP-SRO-DCAGI-SC-040-15/17.-%20GA/17.pdf",
              "datePublished": "2015-06-16T05:00:00.000Z",
              "dateModified": "2015-06-16T05:00:00.000Z",
              "format": "html",
              "language": "es"
            },
            {
              "id": "doc-3a89b92a-7b50-467e-ba39-9bff59db482f",
              "documentType": "Contract Guarantees",
              "title": "Fianza de cumplimiento",
              "description": "Garantias de cumplimiento",
              "url": "http://189.211.120.220:8880/files/opendata/15040-ITP-SRO-DCAGI-SC-040-15/18.-%20GC/18.pdf",
              "datePublished": "2015-06-16T05:00:00.000Z",
              "dateModified": "2015-06-16T05:00:00.000Z",
              "format": "html",
              "language": "es"
            }
          ]
        }
      ],
      "language": "es"
    }
  ],
  "publisher": {
    "name": "GACM",
    "scheme": "SERVICIO",
    "uid": "AS",
    "uri": "http://www.aeropuerto.gob.mx/"
  },
  "license": "https://datos.gob.mx/libreusomx/",
  "publicationPolicy": "https://datos.gob.mx/libreusomx/"
}
