{
  "uri": "https://datos.gob.mx/busca/dataset?organization=gacm",
  "publishedDate": "2017-02-15T16:48:26.061Z",
  "releases": [
    {
      "ocid": "274",
      "id": "RELEASE_274_2017-02-15T16:48:26.060Z",
      "date": "2017-02-09T06:00:00.000Z",
      "tag": [
        "contract"
      ],
      "initiationType": "tender",
      "planning": {
        "budget": {
          "source": "http://www.apartados.hacienda.gob.mx/presupuesto/temas/pef/2015/docs/09/r09_kdh_pie.pdf",
          "id": "Servicios de Experto Revisor para la Asistencia Tecnica Especializada en Materia de Diseno Estructural, Aplicada  a la Infraestructura Aeroportuaria.",
          "description": "Presupuesto de Egresos de la Fedracion 2015",
          "amount": {
            "amount": 26000000,
            "currency": "MXN"
          },
          "project": "Nuevo Aeropuerto Internacional de la Ciudad de Mexico",
          "projectID": "46101",
          "uri": "http://www.apartados.hacienda.gob.mx/presupuesto/temas/pef/2015/docs/09/r09_kdh_pie.pdf"
        },
        "rationale": "Servicios de Experto Revisor para la Asistencia Tecnica Especializada en Materia de Diseno Estructural, Aplicada  a la Infraestructura Aeroportuaria.",
        "documents": [
          {
            "id": "doc-acedc0aa-e241-40cb-8ef3-2be28490fc75",
            "documentType": "projectPlan",
            "title": "Proyecto ejecutivo de la obra",
            "description": "Terminos de referencia",
            "url": "http://189.211.120.220:8880/files/opendata/15100-AD-SRO-DCAGI-SC-100-15/4.-%20TR/4.pdf",
            "datePublished": "2015-12-01T06:00:00.000Z",
            "dateModified": "2015-12-01T06:00:00.000Z",
            "format": "html",
            "language": "es"
          }
        ]
      },
      "tender": {
        "id": "1041842",
        "title": "Servicios de Experto Revisor para la Asistencia Tecnica Especializada en Materia de Diseno Estructural, Aplicada  a la Infraestructura Aeroportuaria.",
        "description": "Servicios de Experto Revisor para la Asistencia Tecnica Especializada en Materia de Diseno Estructural, Aplicada  a la Infraestructura Aeroportuaria.",
        "status": "active",
        "items": [
          {
            "id": "item-ea8ecf9a-d99b-45c6-ad3c-cdebe356472d",
            "description": "Servicios de Experto Revisor para la Asistencia Tecnica Especializada en Materia de Diseno Estructural, Aplicada  a la Infraestructura Aeroportuaria.",
            "classification": {
              "scheme": "CONSTRUCCION DE VIAS DE COMUNICACION",
              "id": "6250"
            },
            "quantity": 1,
            "unit": {
              "name": "sop",
              "value": {
                "amount": 2996683.2,
                "currency": "MXN"
              }
            }
          }
        ],
        "value": {
          "amount": 26000000,
          "currency": "MXN"
        },
        "procurementMethod": "limited",
        "procurementMethodRationale": "Nacional",
        "metodoDeAdquisicion": "Adjudicación directa",
        "awardCriteria": "bestValueToGoverment",
        "awardCriteriaDetails": "No aplica",
        "submissionMethod": [
          "Presencial"
        ],
        "eligibilityCriteria": "Ver documento adjunto",
        "documents": [
          {
            "id": "doc-42b2d5ee-1ad0-495a-84b5-bf75ef572eac",
            "documentType": "Clarifications",
            "title": "Actas de la junta de aclaraciones",
            "description": "Actas de la junta de aclaraciones",
            "url": "http://189.211.120.220:8880/files/opendata/15100-AD-SRO-DCAGI-SC-100-15/9.-%20AJ/9.pdf",
            "datePublished": "2015-12-01T06:00:00.000Z",
            "dateModified": "2015-12-01T06:00:00.000Z",
            "format": "html",
            "language": "es"
          },
          {
            "id": "doc-14365c60-cfb0-4ebb-a0c5-0feb63bf8f7d",
            "documentType": "Tender Notice",
            "title": "Documento que contiene las especificaciones t?cnicas de la obra",
            "description": "Convocatoria al procedimiento de contratacion",
            "url": "http://189.211.120.220:8880/files/opendata/15100-AD-SRO-DCAGI-SC-100-15/8.-%20CC/8.pdf",
            "datePublished": "2015-12-01T06:00:00.000Z",
            "dateModified": "2015-12-01T06:00:00.000Z",
            "format": "html",
            "language": "es"
          },
          {
            "id": "doc-6a40d499-a115-416d-ad62-b61157b5119b",
            "documentType": "Tender Notice",
            "title": "Documento que describe los criterios de evaluaci?n",
            "description": "Convocatoria al procedimiento de contratacion",
            "url": "http://189.211.120.220:8880/files/opendata/15100-AD-SRO-DCAGI-SC-100-15/8.-%20CC/8.pdf",
            "datePublished": "2015-12-01T06:00:00.000Z",
            "dateModified": "2015-12-01T06:00:00.000Z",
            "format": "html",
            "language": "es"
          },
          {
            "id": "doc-4877df18-11cc-4a52-8977-306757d9ade7",
            "documentType": "Tender Notice",
            "title": "Documento que contiene los objetivos y caracter?sticas del contrato y proceso de licitaci?n",
            "description": "Convocatoria al procedimiento de contratacion",
            "url": "http://189.211.120.220:8880/files/opendata/15100-AD-SRO-DCAGI-SC-100-15/8.-%20CC/8.pdf",
            "datePublished": "2015-12-01T06:00:00.000Z",
            "dateModified": "2015-12-01T06:00:00.000Z",
            "format": "html",
            "language": "es"
          },
          {
            "id": "doc-5337cf9a-18ea-4884-a50d-805c2a17ab84",
            "documentType": "Tender Notice",
            "title": "Convocatoria al procedimiento de contrataci?n",
            "description": "Convocatoria al procedimiento de contratacion",
            "url": "http://189.211.120.220:8880/files/opendata/15100-AD-SRO-DCAGI-SC-100-15/8.-%20CC/8.pdf",
            "datePublished": "2015-12-01T06:00:00.000Z",
            "dateModified": "2015-12-01T06:00:00.000Z",
            "format": "html",
            "language": "es"
          },
          {
            "id": "doc-d926f32b-8806-45ec-aedf-d10124490427",
            "documentType": "Tender Notice",
            "title": "Documento que describe los criterios que deben cumplir los licitantes",
            "description": "Convocatoria al procedimiento de contratacion",
            "url": "http://189.211.120.220:8880/files/opendata/15100-AD-SRO-DCAGI-SC-100-15/8.-%20CC/8.pdf",
            "datePublished": "2015-12-01T06:00:00.000Z",
            "dateModified": "2015-12-01T06:00:00.000Z",
            "format": "html",
            "language": "es"
          }
        ]
      },
      "buyer": {
        "identifier": {
          "scheme": "MK-009KDH999",
          "id": "GACM",
          "legalName": "Grupo Aeroportuario de la Ciudad de Mexico, S.A. de C.V.",
          "uri": "http://www.aeropuerto.gob.mx/"
        },
        "name": "Grupo Aeroportuario de la Ciudad de Mexico, S.A. de C.V.",
        "address": {
          "streetAddress": "AV. INSURGENTES SUR NO. 2453 PISO 2 OFICINA 203",
          "locality": "COL. TIZAPAN",
          "region": "DEL. ALVARO OBREGON",
          "postalCode": "01090",
          "countryName": "Mexico"
        },
        "contactPoint": {
          "name": "G05-DIRECCION CORPORATIVA DE ADMINISTRACION Y GESTION INMOBILIARIA",
          "url": "http://www.aeropuerto.gob.mx/"
        }
      },
      "awards": [
        {
          "id": "AO-009KDH999-E46-2016",
          "title": "Servicios de experto revisor para la asistencia tecnica especializada en materia de diseno estructural, aplicada  a la infraestructura aeroportuaria.",
          "description": "Ver documento adjunto",
          "status": "active",
          "value": {
            "amount": 2996683.2,
            "currency": "MXN"
          },
          "suppliers": [
            {
              "identifier": {
                "id": "NO APLICA",
                "legalName": "Stephen Alan Mahin"
              },
              "name": "Stephen Alan Mahin",
              "address": {
                "streetAddress": "6363 Christie Ave Apt 1926",
                "locality": "Emeryville",
                "region": "Emeryville",
                "postalCode": "94608",
                "countryName": "E.E.U.U."
              }
            }
          ],
          "items": [
            {
              "id": "item-e09cd9b2-ee96-468b-a457-7c17a84fb54e",
              "description": "Servicios de Experto Revisor para la Asistencia Tecnica Especializada en Materia de Diseno Estructural, Aplicada  a la Infraestructura Aeroportuaria.",
              "classification": {
                "scheme": "CONSTRUCCION DE VIAS DE COMUNICACION",
                "id": "6250"
              },
              "quantity": 1,
              "unit": {
                "name": "sop",
                "value": {
                  "amount": 2996683.2,
                  "currency": "MXN"
                }
              }
            }
          ],
          "contractPeriod": {
            "startDate": "2015-12-01T06:00:00.000Z",
            "endDate": "2015-05-23T05:00:00.000Z"
          },
          "documents": [
            {
              "id": "doc-c55bd27a-ea60-45a2-8e12-7b5aa52f500f",
              "documentType": "Award Notice",
              "title": "Fallo",
              "description": "Acta de fallo",
              "url": "http://189.211.120.220:8880/files/opendata/15100-AD-SRO-DCAGI-SC-100-15/12.-%20AF/12.pdf",
              "datePublished": "2015-12-01T06:00:00.000Z",
              "dateModified": "2015-12-01T06:00:00.000Z",
              "format": "html",
              "language": "es"
            },
            {
              "id": "doc-80503092-3cb2-4d6d-a401-801c580a009a",
              "documentType": "Award Notice",
              "title": "Fallo",
              "description": "Descripcion del acto de presentacion y apertura de proposiciones",
              "url": "http://189.211.120.220:8880/files/opendata/15100-AD-SRO-DCAGI-SC-100-15/10.-%20AP/10.pdf",
              "datePublished": "2015-12-01T06:00:00.000Z",
              "dateModified": "2015-12-01T06:00:00.000Z",
              "format": "html",
              "language": "es"
            }
          ]
        }
      ],
      "contracts": [
        {
          "id": "AD-SRO-DCAGI-SC-100/15",
          "awardID": "AO-009KDH999-E46-2016",
          "title": "Servicios de experto revisor para la asistencia tecnica especializada en materia de diseno estructural, aplicada  a la infraestructura aeroportuaria.",
          "description": "Ver documento adjunto",
          "status": "active",
          "period": {
            "startDate": "2015-12-01T06:00:00.000Z",
            "endDate": "2015-05-23T05:00:00.000Z"
          },
          "value": {
            "amount": 2996683.2,
            "currency": "MXN"
          },
          "items": [
            {
              "id": "item-0125e4f0-d663-44f9-9bed-edb04fe97bf5",
              "description": "Servicios de Experto Revisor para la Asistencia Tecnica Especializada en Materia de Diseno Estructural, Aplicada  a la Infraestructura Aeroportuaria.",
              "classification": {
                "scheme": "CONSTRUCCION DE VIAS DE COMUNICACION",
                "id": "6250"
              },
              "quantity": 1,
              "unit": {
                "name": "sop",
                "value": {
                  "amount": 2996683.2,
                  "currency": "MXN"
                }
              }
            }
          ],
          "dateSigned": "2015-12-01T06:00:00.000Z",
          "documents": [
            {
              "id": "doc-dec251a3-9e75-42ab-b13a-9f596ada73e0",
              "documentType": "Contract Signed",
              "title": "Cl?usula sobre las condiciones de entrega de la obra",
              "description": "Contrato firmado",
              "url": "http://189.211.120.220:8880/files/opendata/15100-AD-SRO-DCAGI-SC-100-15/15.-%20CF/15.pdf",
              "datePublished": "2015-12-01T06:00:00.000Z",
              "dateModified": "2015-12-01T06:00:00.000Z",
              "format": "html",
              "language": "es"
            },
            {
              "id": "doc-1b2094ea-3a3c-4e34-862b-2f2ef7831cf6",
              "documentType": "Contract Signed",
              "title": "Contrato firmado",
              "description": "Contrato firmado",
              "url": "http://189.211.120.220:8880/files/opendata/15100-AD-SRO-DCAGI-SC-100-15/15.-%20CF/15.pdf",
              "datePublished": "2015-12-01T06:00:00.000Z",
              "dateModified": "2015-12-01T06:00:00.000Z",
              "format": "html",
              "language": "es"
            },
            {
              "id": "doc-8b28c760-63b2-4e9d-951f-7167bb259a8c",
              "documentType": "Contract Guarantees",
              "title": "Fianza de anticipo",
              "description": "Garantia sobre el anticipo",
              "url": "http://189.211.120.220:8880/files/opendata/15100-AD-SRO-DCAGI-SC-100-15/17.-%20GA/17.pdf",
              "datePublished": "2015-12-01T06:00:00.000Z",
              "dateModified": "2015-12-01T06:00:00.000Z",
              "format": "html",
              "language": "es"
            },
            {
              "id": "doc-16e99389-bb67-45bf-b2b5-767ec15defc4",
              "documentType": "Contract Guarantees",
              "title": "Fianza de cumplimiento",
              "description": "Garantias de cumplimiento",
              "url": "http://189.211.120.220:8880/files/opendata/15100-AD-SRO-DCAGI-SC-100-15/18.-%20GC/18.pdf",
              "datePublished": "2015-12-01T06:00:00.000Z",
              "dateModified": "2015-12-01T06:00:00.000Z",
              "format": "html",
              "language": "es"
            }
          ]
        }
      ],
      "language": "es"
    }
  ],
  "publisher": {
    "name": "GACM",
    "scheme": "SERVICIO",
    "uid": "AS",
    "uri": "http://www.aeropuerto.gob.mx/"
  },
  "license": "https://datos.gob.mx/libreusomx/",
  "publicationPolicy": "https://datos.gob.mx/libreusomx/"
}
