{
  "uri": "https://datos.gob.mx/busca/dataset?organization=gacm",
  "publishedDate": "2017-02-15T16:48:25.070Z",
  "releases": [
    {
      "ocid": "278",
      "id": "RELEASE_278_2017-02-15T16:48:25.067Z",
      "date": "2017-02-07T06:00:00.000Z",
      "tag": [
        "contract"
      ],
      "initiationType": "tender",
      "planning": {
        "budget": {
          "source": "http://www.apartados.hacienda.gob.mx/presupuesto/temas/pef/2016/docs/09/r09_kdh_pie.pdf",
          "id": "APORTACIONES A FIDEICOMISOS PUBLICOS",
          "description": "RECURSOS FISCALES",
          "amount": {
            "amount": 5100000,
            "currency": "MXN"
          },
          "project": "Nuevo Aeropuerto Internacional de la Ciudad de Mexico",
          "projectID": "46101",
          "uri": "http://www.apartados.hacienda.gob.mx/presupuesto/temas/pef/2016/docs/09/r09_kdh_pie.pdf"
        },
        "rationale": "Supervision del Proyecto Ejecutivo, Construccion, Equipamiento, Mobiliario e Instalaciones Complementarias para el Campamento del Grupo Aeropuertariode la Ciudad de Mexico (GACM) en el sitio del Nuevo Aeropuerto Internacional de la Ciudad de Mexico",
        "documents": [
          {
            "id": "doc-3be163e2-08ff-408b-b13a-e94dac71d0c6",
            "documentType": "projectPlan",
            "title": "Proyecto ejecutivo de la obra",
            "description": "Terminos de referencia",
            "url": "http://189.211.120.220:8880/files/opendata/16002-AD-SRO-DCAGI-SC-002-16/4.-%20TR/4.pdf",
            "datePublished": "2016-01-14T06:00:00.000Z",
            "dateModified": "2016-01-14T06:00:00.000Z",
            "format": "html",
            "language": "es"
          }
        ]
      },
      "tender": {
        "id": "1024183",
        "title": "Supervision del Proyecto Ejecutivo, Construccion, Equipamiento, Mobiliario e Instalaciones Complementarias para el Campamento del Grupo Aeropuertariode la Ciudad de Mexico (GACM) en el sitio del Nuevo Aeropuerto Internacional de la Ciudad de Mexico",
        "description": "Supervision del Proyecto Ejecutivo, Construccion, Equipamiento, Mobiliario e Instalaciones Complementarias para el Campamento del Grupo Aeropuertariode la Ciudad de Mexico (GACM) en el sitio del Nuevo Aeropuerto Internacional de la Ciudad de Mexico",
        "status": "active",
        "items": [
          {
            "id": "item-fbdcf15c-107c-4c55-8d0a-53897f446f60",
            "description": "Supervision del Proyecto Ejecutivo, Construccion, Equipamiento, Mobiliario e Instalaciones Complementarias para elCampamento del Grupo Aeropuertario de la Ciudad de Mexico (GACM) en el sitio del Nuevo Aeropuerto Internacional de la Ciudad de Mexico",
            "classification": {
              "scheme": "EDIFICACION NO HABITACIONAL",
              "id": "6220"
            },
            "quantity": 1,
            "unit": {
              "name": "obr",
              "value": {
                "amount": 3695222.82,
                "currency": "MXN"
              }
            }
          }
        ],
        "value": {
          "amount": 5100000,
          "currency": "MXN"
        },
        "procurementMethod": "selective",
        "procurementMethodRationale": "Nacional",
        "metodoDeAdquisicion": "Invitación a tres",
        "awardCriteria": "bestValueToGoverment",
        "awardCriteriaDetails": "Presencial",
        "submissionMethod": [
          "Presencial"
        ],
        "tenderPeriod": {
          "startDate": "2016-03-17T06:00:00.000Z",
          "endDate": "2016-01-20T06:00:00.000Z"
        },
        "enquiryPeriod": {
          "startDate": "2015-09-29T05:00:00.000Z",
          "endDate": "2015-09-30T05:00:00.000Z"
        },
        "eligibilityCriteria": "Ver documento adjunto",
        "awardPeriod": {
          "startDate": "2016-03-17T06:00:00.000Z",
          "endDate": "2016-01-20T06:00:00.000Z"
        },
        "documents": [
          {
            "id": "doc-e250909e-0e14-4635-a943-98d9c4c85b56",
            "documentType": "Clarifications",
            "title": "Actas de la junta de aclaraciones",
            "description": "Actas de la junta de aclaraciones",
            "url": "http://189.211.120.220:8880/files/opendata/16002-AD-SRO-DCAGI-SC-002-16/9.-%20AJ/9.pdf",
            "datePublished": "2016-01-14T06:00:00.000Z",
            "dateModified": "2016-01-14T06:00:00.000Z",
            "format": "html",
            "language": "es"
          },
          {
            "id": "doc-f47fe9a2-2388-49cd-ae91-2c0d8bdf5120",
            "documentType": "Tender Notice",
            "title": "Documento que describe los criterios de evaluaci?n",
            "description": "Convocatoria al procedimiento de contratacion",
            "url": "http://189.211.120.220:8880/files/opendata/16002-AD-SRO-DCAGI-SC-002-16/8.-%20CC/8.pdf",
            "datePublished": "2016-01-14T06:00:00.000Z",
            "dateModified": "2016-01-14T06:00:00.000Z",
            "format": "html",
            "language": "es"
          },
          {
            "id": "doc-1116a799-706f-4878-a76a-ca287a76a745",
            "documentType": "Tender Notice",
            "title": "Documento que contiene los objetivos y caracter?sticas del contrato y proceso de licitaci?n",
            "description": "Convocatoria al procedimiento de contratacion",
            "url": "http://189.211.120.220:8880/files/opendata/16002-AD-SRO-DCAGI-SC-002-16/8.-%20CC/8.pdf",
            "datePublished": "2016-01-14T06:00:00.000Z",
            "dateModified": "2016-01-14T06:00:00.000Z",
            "format": "html",
            "language": "es"
          },
          {
            "id": "doc-8d927049-14d0-4455-a737-bae22467cf1c",
            "documentType": "Tender Notice",
            "title": "Documento que contiene las especificaicones t?cnicas de la obra",
            "description": "Convocatoria al procedimiento de contratacion",
            "url": "http://189.211.120.220:8880/files/opendata/16002-AD-SRO-DCAGI-SC-002-16/8.-%20CC/8.pdf",
            "datePublished": "2016-01-14T06:00:00.000Z",
            "dateModified": "2016-01-14T06:00:00.000Z",
            "format": "html",
            "language": "es"
          },
          {
            "id": "doc-db2a6bdb-5a1d-49d3-bd64-aec97df7d6c5",
            "documentType": "Tender Notice",
            "title": "Convocatoria al procedimiento de contrataci?n",
            "description": "Convocatoria al procedimiento de contratacion",
            "url": "http://189.211.120.220:8880/files/opendata/16002-AD-SRO-DCAGI-SC-002-16/8.-%20CC/8.pdf",
            "datePublished": "2016-01-14T06:00:00.000Z",
            "dateModified": "2016-01-14T06:00:00.000Z",
            "format": "html",
            "language": "es"
          },
          {
            "id": "doc-8be25c20-70bd-4c0b-93cb-9b9e67dc43af",
            "documentType": "Tender Notice",
            "title": "Documento que describe los criterios que deben cumplir los licitantes",
            "description": "Convocatoria al procedimiento de contratacion",
            "url": "http://189.211.120.220:8880/files/opendata/16002-AD-SRO-DCAGI-SC-002-16/8.-%20CC/8.pdf",
            "datePublished": "2016-01-14T06:00:00.000Z",
            "dateModified": "2016-01-14T06:00:00.000Z",
            "format": "html",
            "language": "es"
          }
        ]
      },
      "buyer": {
        "identifier": {
          "scheme": "MK-009KDH999",
          "id": "GACM",
          "legalName": "Grupo Aeroportuario de la Ciudad de Mexico, S.A. de C.V.",
          "uri": "http://www.aeropuerto.gob.mx/"
        },
        "name": "Grupo Aeroportuario de la Ciudad de Mexico, S.A. de C.V.",
        "address": {
          "streetAddress": "AV. INSURGENTES SUR NO. 2453 PISO 2 OFICINA 203",
          "locality": "COL. TIZAPAN",
          "region": "DEL. ALVARO OBREGON",
          "postalCode": "01090",
          "countryName": "Mexico"
        },
        "contactPoint": {
          "name": "G05-DIRECCION CORPORATIVA DE ADMINISTRACION Y GESTION INMOBILIARIA",
          "url": "http://www.aeropuerto.gob.mx/"
        }
      },
      "awards": [
        {
          "id": "IO-009KDH999-N76-2015",
          "title": "Supervision del Proyecto Ejecutivo, Construccion, Equipamiento, Mobiliario e Instalaciones Complementarias para el Campamento del Grupo Aeropuertariode la Ciudad de Mexico (GACM) en el sitio del Nuevo Aeropuerto Internacional de la Ciudad de Mexico,",
          "description": "Ver documento adjunto",
          "status": "active",
          "date": "2015-11-05T06:00:00.000Z",
          "value": {
            "amount": 3695222.82,
            "currency": "MXN"
          },
          "suppliers": [
            {
              "identifier": {
                "id": "GCO950523JCD",
                "legalName": "GLM, Comunicaciones, S. A. de C. V."
              },
              "name": "GLM, Comunicaciones, S. A. de C. V.",
              "address": {
                "streetAddress": "Sombrerete numero 522, piso 1",
                "locality": "Hipodromo Condesa",
                "region": "Delegacion Cuauhtemoc",
                "postalCode": "6170",
                "countryName": "Mexico"
              }
            }
          ],
          "items": [
            {
              "id": "item-66e531c4-86e1-4c2d-a424-94483060fb66",
              "description": "Supervision del Proyecto Ejecutivo, Construccion, Equipamiento, Mobiliario e Instalaciones Complementarias para elCampamento del Grupo Aeropuertario de la Ciudad de Mexico (GACM) en el sitio del Nuevo Aeropuerto Internacional de la Ciudad de Mexico",
              "classification": {
                "scheme": "EDIFICACION NO HABITACIONAL",
                "id": "6220"
              },
              "quantity": 1,
              "unit": {
                "name": "obr",
                "value": {
                  "amount": 3695222.82,
                  "currency": "MXN"
                }
              }
            }
          ],
          "contractPeriod": {
            "startDate": "2016-01-14T06:00:00.000Z",
            "endDate": "2016-07-11T05:00:00.000Z"
          },
          "documents": [
            {
              "id": "doc-1a1ef987-7a4c-40ef-a5fa-ed3196bbe9f9",
              "documentType": "Award Notice",
              "title": "Fallo",
              "description": "Acta de Fallo",
              "url": "http://189.211.120.220:8880/files/opendata/16002-AD-SRO-DCAGI-SC-002-16/12.-%20AF/12.pdf",
              "datePublished": "2016-01-14T06:00:00.000Z",
              "dateModified": "2016-01-14T06:00:00.000Z",
              "format": "html",
              "language": "es"
            },
            {
              "id": "doc-89208b9a-6b34-4b23-b8c5-88fa199ca4ec",
              "documentType": "Award Notice",
              "title": "Fallo",
              "description": "Descripcion del acto de presentacion y apertura de proposiciones",
              "url": "http://189.211.120.220:8880/files/opendata/16002-AD-SRO-DCAGI-SC-002-16/10.-%20AP/10.pdf",
              "datePublished": "2016-01-14T06:00:00.000Z",
              "dateModified": "2016-01-14T06:00:00.000Z",
              "format": "html",
              "language": "es"
            }
          ]
        }
      ],
      "contracts": [
        {
          "id": "AD-SRO-DCAGI-SC-002/16",
          "awardID": "IO-009KDH999-N76-2015",
          "title": "Supervision del Proyecto Ejecutivo, Construccion, Equipamiento, Mobiliario e Instalaciones Complementarias para el Campamento del Grupo Aeropuertariode la Ciudad de Mexico (GACM) en el sitio del Nuevo Aeropuerto Internacional de la Ciudad de Mexico,",
          "description": "Ver documento adjunto",
          "status": "active",
          "period": {
            "startDate": "2016-01-14T06:00:00.000Z",
            "endDate": "2016-07-11T05:00:00.000Z"
          },
          "value": {
            "amount": 3695222.82,
            "currency": "MXN"
          },
          "items": [
            {
              "id": "item-fd859981-4baf-40d0-af31-4daad7dd9484",
              "description": "Supervision del Proyecto Ejecutivo, Construccion, Equipamiento, Mobiliario e Instalaciones Complementarias para elCampamento del Grupo Aeropuertario de la Ciudad de Mexico (GACM) en el sitio del Nuevo Aeropuerto Internacional de la Ciudad de Mexico",
              "classification": {
                "scheme": "EDIFICACION NO HABITACIONAL",
                "id": "6220"
              },
              "quantity": 1,
              "unit": {
                "name": "obr",
                "value": {
                  "amount": 3695222.82,
                  "currency": "MXN"
                }
              }
            }
          ],
          "dateSigned": "2016-01-14T06:00:00.000Z",
          "documents": [
            {
              "id": "doc-939f883d-9eec-4ff7-a67d-67e596365d8d",
              "documentType": "Contract Signed",
              "title": "Contrato firmado",
              "description": "Contrato firmado",
              "url": "http://189.211.120.220:8880/files/opendata/16002-AD-SRO-DCAGI-SC-002-16/15.-%20CF/15.pdf",
              "datePublished": "2016-01-14T06:00:00.000Z",
              "dateModified": "2016-01-14T06:00:00.000Z",
              "format": "html",
              "language": "es"
            },
            {
              "id": "doc-66a3023a-a360-4590-9a47-8b2128bfd858",
              "documentType": "Contract Signed",
              "title": "Cl?usula sobre las condiciones de entrega de la obra",
              "description": "Contrato firmado",
              "url": "http://189.211.120.220:8880/files/opendata/16002-AD-SRO-DCAGI-SC-002-16/15.-%20CF/15.pdf",
              "datePublished": "2016-01-14T06:00:00.000Z",
              "dateModified": "2016-01-14T06:00:00.000Z",
              "format": "html",
              "language": "es"
            },
            {
              "id": "doc-b5b5fc4b-21f6-472f-a474-21281c19a54a",
              "documentType": "Contract Guarantees",
              "title": "Fianza de anticipo",
              "description": "Garantia sobre el anticipo",
              "url": "http://189.211.120.220:8880/files/opendata/16002-AD-SRO-DCAGI-SC-002-16/17.-%20GA/17.pdf",
              "datePublished": "2016-01-14T06:00:00.000Z",
              "dateModified": "2016-01-14T06:00:00.000Z",
              "format": "html",
              "language": "es"
            },
            {
              "id": "doc-e231f815-c898-4947-9be6-1a5a7080c920",
              "documentType": "Contract Guarantees",
              "title": "Fianza de cumplimiento",
              "description": "Garantias de cumplimiento",
              "url": "http://189.211.120.220:8880/files/opendata/16002-AD-SRO-DCAGI-SC-002-16/18.-%20GC/18.pdf",
              "datePublished": "2016-01-14T06:00:00.000Z",
              "dateModified": "2016-01-14T06:00:00.000Z",
              "format": "html",
              "language": "es"
            }
          ]
        }
      ],
      "language": "es"
    }
  ],
  "publisher": {
    "name": "GACM",
    "scheme": "OBRA",
    "uid": "OP",
    "uri": "http://www.aeropuerto.gob.mx/"
  },
  "license": "https://datos.gob.mx/libreusomx/",
  "publicationPolicy": "https://datos.gob.mx/libreusomx/"
}
