{
  "uri": "https://datos.gob.mx/busca/dataset?organization=gacm",
  "publishedDate": "2017-02-15T16:48:24.942Z",
  "releases": [
    {
      "ocid": "282",
      "id": "RELEASE_282_2017-02-15T16:48:24.940Z",
      "date": "2017-02-07T06:00:00.000Z",
      "tag": [
        "contract"
      ],
      "initiationType": "tender",
      "planning": {
        "budget": {
          "source": "http://www.apartados.hacienda.gob.mx/presupuesto/temas/pef/2016/docs/09/r09_kdh_pie.pdf",
          "id": "APORTACIONES A FIDEICOMISOS PUBLICOS",
          "description": "RECURSOS FISCALES",
          "amount": {
            "amount": 122000000,
            "currency": "MXN"
          },
          "project": "Nuevo Aeropuerto Internacional de la Ciudad de Mexico",
          "projectID": "46101",
          "uri": "http://www.apartados.hacienda.gob.mx/presupuesto/temas/pef/2016/docs/09/r09_kdh_pie.pdf"
        },
        "rationale": "Servicio de integracion de la estrategia global y modelo de negocios para el Nuevo Aeropuerto Internacional de la Ciudad de Mexico",
        "documents": [
          {
            "id": "doc-a781a6b0-4b8f-40d2-a865-80ef59063cc2",
            "documentType": "projectPlan",
            "title": "Proyecto ejecutivo de la obra",
            "description": "Terminos de referencia",
            "url": "http://189.211.120.220:8880/files/opendata/16018-ITP-SRO-DCAGI-SC-018-16/4.-%20TR/4.1.pdf",
            "datePublished": "2016-03-11T06:00:00.000Z",
            "dateModified": "2016-03-11T06:00:00.000Z",
            "format": "html",
            "language": "es"
          },
          {
            "id": "doc-5b2a5f17-b912-401a-b5d2-606d2aecfbb1",
            "documentType": "projectPlan",
            "title": "Proyecto ejecutivo de la obra",
            "description": "Terminos de referencia",
            "url": "http://189.211.120.220:8880/files/opendata/16018-ITP-SRO-DCAGI-SC-018-16/4.-%20TR/4.pdf",
            "datePublished": "2016-03-11T06:00:00.000Z",
            "dateModified": "2016-03-11T06:00:00.000Z",
            "format": "html",
            "language": "es"
          }
        ]
      },
      "tender": {
        "id": "971461",
        "title": "Servicio de integracion de la estrategia global y modelo de negocios para el Nuevo Aeropuerto Internacional de la Ciudad de Mexico",
        "description": "Servicio de integracion de la estrategia global y modelo de negocios para el Nuevo Aeropuerto Internacional de la Ciudad de Mexico",
        "status": "active",
        "items": [
          {
            "id": "item-7e901ab2-279a-48da-9361-fa35933139ba",
            "description": "Servicio de integracion de la estrategia global y modelo de negocios para el Nuevo Aeropuerto Internacional de la Ciudad de Mexico",
            "classification": {
              "scheme": "EDIFICACION NO HABITACIONAL",
              "id": "6220"
            },
            "quantity": 1,
            "unit": {
              "name": "srv",
              "value": {
                "amount": 79000000,
                "currency": "MXN"
              }
            }
          }
        ],
        "minValue": {
          "currency": "MXN"
        },
        "value": {
          "amount": 122000000,
          "currency": "MXN"
        },
        "procurementMethod": "selective",
        "procurementMethodRationale": "Internacional",
        "metodoDeAdquisicion": "Invitación a tres",
        "awardCriteria": "bestValueToGoverment",
        "awardCriteriaDetails": "Presencial",
        "submissionMethod": [
          "Presencial"
        ],
        "tenderPeriod": {
          "startDate": "2016-01-06T06:00:00.000Z",
          "endDate": "2016-01-22T06:00:00.000Z"
        },
        "hasEnquiries": true,
        "eligibilityCriteria": "Ver documento adjunto",
        "awardPeriod": {
          "startDate": "2016-01-06T06:00:00.000Z",
          "endDate": "2016-01-22T06:00:00.000Z"
        },
        "numberOfTenderers": 2,
        "documents": [
          {
            "id": "doc-dabfb725-b8b8-4965-9634-bb40249dd43d",
            "documentType": "Clarifications",
            "title": "Actas de la junta de aclaraciones",
            "description": "Actas de la junta de aclaraciones",
            "url": "http://189.211.120.220:8880/files/opendata/16018-ITP-SRO-DCAGI-SC-018-16/9.-%20AJ/9.pdf",
            "datePublished": "2016-03-11T06:00:00.000Z",
            "dateModified": "2016-03-11T06:00:00.000Z",
            "format": "html",
            "language": "es"
          },
          {
            "id": "doc-5b67cbe7-d919-4312-9fff-ca64c2530dec",
            "documentType": "Tender Notice",
            "title": "Documento que describe los criterios de evaluaci?n",
            "description": "Convocatoria al procedimiento de contratacion",
            "url": "http://189.211.120.220:8880/files/opendata/16018-ITP-SRO-DCAGI-SC-018-16/8.-%20CC/8.pdf",
            "datePublished": "2016-03-11T06:00:00.000Z",
            "dateModified": "2016-03-11T06:00:00.000Z",
            "format": "html",
            "language": "es"
          },
          {
            "id": "doc-be4da563-bd2f-4a3a-bccb-22d58527f6df",
            "documentType": "Tender Notice",
            "title": "Documento que contiene los objetivos y caracter?sticas del contrato y proceso de licitaci?n",
            "description": "Convocatoria al procedimiento de contratacion",
            "url": "http://189.211.120.220:8880/files/opendata/16018-ITP-SRO-DCAGI-SC-018-16/8.-%20CC/8.pdf",
            "datePublished": "2016-03-11T06:00:00.000Z",
            "dateModified": "2016-03-11T06:00:00.000Z",
            "format": "html",
            "language": "es"
          },
          {
            "id": "doc-9e415481-5983-4449-aeb2-3873fdf15452",
            "documentType": "Tender Notice",
            "title": "Documento que contiene las especificaicones t?cnicas de la obra",
            "description": "Convocatoria al procedimiento de contratacion",
            "url": "http://189.211.120.220:8880/files/opendata/16018-ITP-SRO-DCAGI-SC-018-16/8.-%20CC/8.pdf",
            "datePublished": "2016-03-11T06:00:00.000Z",
            "dateModified": "2016-03-11T06:00:00.000Z",
            "format": "html",
            "language": "es"
          },
          {
            "id": "doc-f7f76278-980c-4b3c-ae0d-aafad3d9551b",
            "documentType": "Tender Notice",
            "title": "Convocatoria al procedimiento de contrataci?n",
            "description": "Convocatoria al procedimiento de contratacion",
            "url": "http://189.211.120.220:8880/files/opendata/16018-ITP-SRO-DCAGI-SC-018-16/8.-%20CC/8.pdf",
            "datePublished": "2016-03-11T06:00:00.000Z",
            "dateModified": "2016-03-11T06:00:00.000Z",
            "format": "html",
            "language": "es"
          },
          {
            "id": "doc-81b0e2e2-7e1f-4626-b7fa-785ee9959974",
            "documentType": "Tender Notice",
            "title": "Documento que describe los criterios que deben cumplir los licitantes",
            "description": "Convocatoria al procedimiento de contratacion",
            "url": "http://189.211.120.220:8880/files/opendata/16018-ITP-SRO-DCAGI-SC-018-16/8.-%20CC/8.pdf",
            "datePublished": "2016-03-11T06:00:00.000Z",
            "dateModified": "2016-03-11T06:00:00.000Z",
            "format": "html",
            "language": "es"
          }
        ]
      },
      "buyer": {
        "identifier": {
          "scheme": "MK-009KDH999",
          "id": "GACM",
          "legalName": "Grupo Aeroportuario de la Ciudad de Mexico, S.A. de C.V.",
          "uri": "http://www.aeropuerto.gob.mx/"
        },
        "name": "Grupo Aeroportuario de la Ciudad de Mexico, S.A. de C.V.",
        "address": {
          "streetAddress": "AV. INSURGENTES SUR NO. 2453 PISO 2 OFICINA 203",
          "locality": "COL. TIZAPAN",
          "region": "DEL. ALVARO OBREGON",
          "postalCode": "01090",
          "countryName": "Mexico"
        },
        "contactPoint": {
          "name": "G05-DIRECCION CORPORATIVA DE ADMINISTRACION Y GESTION INMOBILIARIA",
          "url": "http://www.aeropuerto.gob.mx/"
        }
      },
      "awards": [
        {
          "id": "IO-009KDH999-E96-2015",
          "title": "Servicio de integracion de la estrategia global y modelo de negocios para el Nuevo Aeropuerto Internacional de la Ciudad de Mexico",
          "description": "Ver documento adjunto",
          "status": "active",
          "date": "2011-03-20T22:00:00.000Z",
          "value": {
            "amount": 79000000,
            "currency": "MXN"
          },
          "suppliers": [
            {
              "identifier": {
                "id": "BBC970130F3",
                "legalName": "BCG- The Boston Conslting Group S. C."
              },
              "name": "BCG- The Boston Conslting Group S. C.",
              "address": {
                "streetAddress": "Calle Real San Agustin 304 Edificio B",
                "locality": "Residencia San Agustin",
                "region": "San Pedro Garza Garcia",
                "postalCode": "66260",
                "countryName": "Mexico"
              }
            }
          ],
          "items": [
            {
              "id": "item-9b924deb-ceae-4f0e-bba3-c89e0ba7287a",
              "description": "Servicio de integracion de la estrategia global y modelo de negocios para el Nuevo Aeropuerto Internacional de la Ciudad de Mexico",
              "classification": {
                "scheme": "EDIFICACION NO HABITACIONAL",
                "id": "6220"
              },
              "quantity": 1,
              "unit": {
                "name": "srv",
                "value": {
                  "amount": 79000000,
                  "currency": "MXN"
                }
              }
            }
          ],
          "contractPeriod": {
            "startDate": "2016-04-01T06:00:00.000Z",
            "endDate": "2016-11-26T06:00:00.000Z"
          },
          "documents": [
            {
              "id": "doc-fd2ae435-b9d7-4a17-856c-dad18aaded75",
              "documentType": "Award Notice",
              "title": "Fallo",
              "description": "Acta de Fallo",
              "url": "http://189.211.120.220:8880/files/opendata/16018-ITP-SRO-DCAGI-SC-018-16/12.-%20AF/12.pdf",
              "datePublished": "2016-03-11T06:00:00.000Z",
              "dateModified": "2016-03-11T06:00:00.000Z",
              "format": "html",
              "language": "es"
            },
            {
              "id": "doc-e7c406a6-b99a-4812-bec5-d97a6884c6ea",
              "documentType": "Award Notice",
              "title": "Fallo",
              "description": "Descripcion del acto de presentacion y apertura de proposiciones",
              "url": "http://189.211.120.220:8880/files/opendata/16018-ITP-SRO-DCAGI-SC-018-16/10.-%20AP/10.pdf",
              "datePublished": "2016-03-11T06:00:00.000Z",
              "dateModified": "2016-03-11T06:00:00.000Z",
              "format": "html",
              "language": "es"
            }
          ]
        }
      ],
      "contracts": [
        {
          "id": "ITP-SRO-DCAGI-SC-018/16",
          "awardID": "IO-009KDH999-E96-2015",
          "title": "Servicio de integracion de la estrategia global y modelo de negocios para el Nuevo Aeropuerto Internacional de la Ciudad de Mexico",
          "description": "Ver documento adjunto",
          "status": "active",
          "period": {
            "startDate": "2016-04-01T06:00:00.000Z",
            "endDate": "2016-11-26T06:00:00.000Z"
          },
          "value": {
            "amount": 79000000,
            "currency": "MXN"
          },
          "items": [
            {
              "id": "item-c5e380b6-b384-419a-b2ba-0e5b9271a710",
              "description": "Servicio de integracion de la estrategia global y modelo de negocios para el Nuevo Aeropuerto Internacional de la Ciudad de Mexico",
              "classification": {
                "scheme": "EDIFICACION NO HABITACIONAL",
                "id": "6220"
              },
              "quantity": 1,
              "unit": {
                "name": "srv",
                "value": {
                  "amount": 79000000,
                  "currency": "MXN"
                }
              }
            }
          ],
          "dateSigned": "2016-03-23T06:00:00.000Z",
          "documents": [
            {
              "id": "doc-b2e9049f-3a61-44f2-b0e1-081b3a88f842",
              "documentType": "Contract Signed",
              "title": "Contrato firmado",
              "description": "Contrato firmado",
              "url": "http://189.211.120.220:8880/files/opendata/16018-ITP-SRO-DCAGI-SC-018-16/15.-%20CF/15.pdf",
              "datePublished": "2016-03-11T06:00:00.000Z",
              "dateModified": "2016-03-11T06:00:00.000Z",
              "format": "html",
              "language": "es"
            },
            {
              "id": "doc-88b5d6a4-c74f-4e6d-a7a1-e0af795ea182",
              "documentType": "Contract Signed",
              "title": "Cl?usula sobre las condiciones de entrega de la obra",
              "description": "Contrato firmado",
              "url": "http://189.211.120.220:8880/files/opendata/16018-ITP-SRO-DCAGI-SC-018-16/15.-%20CF/15.pdf",
              "datePublished": "2016-03-11T06:00:00.000Z",
              "dateModified": "2016-03-11T06:00:00.000Z",
              "format": "html",
              "language": "es"
            },
            {
              "id": "doc-4354e656-1201-4589-b44e-4e059705a222",
              "documentType": "Contract Guarantees",
              "title": "Fianza de anticipo",
              "description": "Garantia sobre el anticipo",
              "url": "http://189.211.120.220:8880/files/opendata/16018-ITP-SRO-DCAGI-SC-018-16/17.-%20GA/17.pdf",
              "datePublished": "2016-03-11T06:00:00.000Z",
              "dateModified": "2016-03-11T06:00:00.000Z",
              "format": "html",
              "language": "es"
            },
            {
              "id": "doc-99a95a98-1749-49ba-8887-da0ee57bf534",
              "documentType": "Contract Guarantees",
              "title": "Fianza de cumplimiento",
              "description": "Garantias de cumplimiento",
              "url": "http://189.211.120.220:8880/files/opendata/16018-ITP-SRO-DCAGI-SC-018-16/18.-%20GC/18.pdf",
              "datePublished": "2016-03-11T06:00:00.000Z",
              "dateModified": "2016-03-11T06:00:00.000Z",
              "format": "html",
              "language": "es"
            }
          ]
        }
      ],
      "language": "es"
    }
  ],
  "publisher": {
    "name": "GACM",
    "scheme": "OBRA",
    "uid": "OP",
    "uri": "http://www.aeropuerto.gob.mx/"
  },
  "license": "https://datos.gob.mx/libreusomx/",
  "publicationPolicy": "https://datos.gob.mx/libreusomx/"
}
