{
  "uri": "https://datos.gob.mx/busca/dataset?organization=gacm",
  "publishedDate": "2017-02-15T16:48:25.647Z",
  "releases": [
    {
      "ocid": "284",
      "id": "RELEASE_284_2017-02-15T16:48:25.646Z",
      "date": "2017-02-08T06:00:00.000Z",
      "tag": [
        "contract"
      ],
      "initiationType": "tender",
      "planning": {
        "budget": {
          "source": "http://www.apartados.hacienda.gob.mx/presupuesto/temas/pef/2015/docs/09/r09_kdh_pie.pdf",
          "id": "Carga, acarreo y descarga fuera del poligono del material existente producto de depositos de demoliciones, desperdicios y desazolve.",
          "description": "Presupuesto de Egresos de la Fedracion 2015 y 2016",
          "amount": {
            "amount": 770000,
            "currency": "MXN"
          },
          "project": "Nuevo Aeropuerto Internacional de la Ciudad de Mexico",
          "projectID": "46101",
          "uri": "http://www.apartados.hacienda.gob.mx/presupuesto/temas/pef/2015/docs/09/r09_kdh_pie.pdf"
        },
        "rationale": "Carga, acarreo y descarga fuera del poligono del material existente producto de depositos de demoliciones, desperdicios y desazolve.",
        "documents": [
          {
            "id": "doc-a7990cff-d990-4991-8e01-887f23525cde",
            "documentType": "projectPlan",
            "title": "Proyecto ejecutivo de la obra",
            "description": "Terminos de referencia",
            "url": "http://189.211.120.220:8880/files/opendata/15115-LPN-OP-DCAGI-SC-115-15/4.-%20TR/4.pdf",
            "datePublished": "2015-12-16T06:00:00.000Z",
            "dateModified": "2015-12-16T06:00:00.000Z",
            "format": "html",
            "language": "es"
          }
        ]
      },
      "tender": {
        "id": "17",
        "title": "Carga, acarreo y descarga fuera del poligono del material existente producto de depositos de demoliciones, desperdicios y desazolve.",
        "description": "Carga, acarreo y descarga fuera del poligono del material existente producto de depositos de demoliciones, desperdicios y desazolve.",
        "status": "active",
        "items": [
          {
            "id": "item-b5093ef3-c2ae-4841-83b4-0fe105592622",
            "description": "Carga, acarreo y descarga fuera del poligono del material existente producto de depositos de demoliciones, desperdicios y desazolve.",
            "classification": {
              "scheme": "EDIFICACION NO HABITACIONAL",
              "id": "6220"
            },
            "quantity": 1,
            "unit": {
              "name": "sop",
              "value": {
                "amount": 493916475,
                "currency": "MXN"
              }
            }
          }
        ],
        "value": {
          "amount": 770000,
          "currency": "MXN"
        },
        "procurementMethod": "open",
        "procurementMethodRationale": "Nacional",
        "metodoDeAdquisicion": "Licitación pública",
        "awardCriteria": "bestValueToGoverment",
        "awardCriteriaDetails": "Presencial",
        "submissionMethod": [
          "Presencial"
        ],
        "tenderPeriod": {
          "startDate": "2010-09-20T20:00:00.000Z",
          "endDate": "2015-11-09T06:00:00.000Z"
        },
        "enquiryPeriod": {
          "startDate": "2015-10-07T05:00:00.000Z",
          "endDate": "2015-10-27T06:00:00.000Z"
        },
        "eligibilityCriteria": "Ver documento adjunto",
        "awardPeriod": {
          "startDate": "2010-09-20T20:00:00.000Z",
          "endDate": "2015-11-09T06:00:00.000Z"
        },
        "documents": [
          {
            "id": "doc-197a5cf4-ce1d-468e-8d71-4d2186dfa845",
            "documentType": "Clarifications",
            "title": "Actas de la junta de aclaraciones",
            "description": "Actas de la junta de aclaraciones",
            "url": "http://189.211.120.220:8880/files/opendata/15115-LPN-OP-DCAGI-SC-115-15/9.-%20AJ/9.1.pdf",
            "datePublished": "2015-12-16T06:00:00.000Z",
            "dateModified": "2015-12-16T06:00:00.000Z",
            "format": "html",
            "language": "es"
          },
          {
            "id": "doc-2f2b9381-b2ee-4312-9a9a-21b1fce6096a",
            "documentType": "Clarifications",
            "title": "Actas de la junta de aclaraciones",
            "description": "Actas de la junta de aclaraciones",
            "url": "http://189.211.120.220:8880/files/opendata/15115-LPN-OP-DCAGI-SC-115-15/9.-%20AJ/9.pdf",
            "datePublished": "2015-12-16T06:00:00.000Z",
            "dateModified": "2015-12-16T06:00:00.000Z",
            "format": "html",
            "language": "es"
          },
          {
            "id": "doc-baca033f-4ffb-4e58-ae45-a7a57f0665fa",
            "documentType": "Tender Notice",
            "title": "Documento que describe los criterios que deben cumplir los licitantes",
            "description": "Convocatoria al procedimiento de contratacion",
            "url": "http://189.211.120.220:8880/files/opendata/15115-LPN-OP-DCAGI-SC-115-15/8.-%20CC/8.pdf",
            "datePublished": "2015-12-16T06:00:00.000Z",
            "dateModified": "2015-12-16T06:00:00.000Z",
            "format": "html",
            "language": "es"
          },
          {
            "id": "doc-8a6a1ccb-801f-4332-9b8f-bc7a5f83eeb3",
            "documentType": "Tender Notice",
            "title": "Documento que contiene las especificaciones t?cnicas de la obra",
            "description": "Convocatoria al procedimiento de contratacion",
            "url": "http://189.211.120.220:8880/files/opendata/15115-LPN-OP-DCAGI-SC-115-15/8.-%20CC/8.pdf",
            "datePublished": "2015-12-16T06:00:00.000Z",
            "dateModified": "2015-12-16T06:00:00.000Z",
            "format": "html",
            "language": "es"
          },
          {
            "id": "doc-9054e86a-5c5c-46fa-a2a0-6f7c1bfcc6b1",
            "documentType": "Tender Notice",
            "title": "Documento que contiene los objetivos y caracter?sticas del contrato y proceso de licitaci?n",
            "description": "Convocatoria al procedimiento de contratacion",
            "url": "http://189.211.120.220:8880/files/opendata/15115-LPN-OP-DCAGI-SC-115-15/8.-%20CC/8.pdf",
            "datePublished": "2015-12-16T06:00:00.000Z",
            "dateModified": "2015-12-16T06:00:00.000Z",
            "format": "html",
            "language": "es"
          },
          {
            "id": "doc-d6da706d-ec62-4948-bbda-11f6e281677c",
            "documentType": "Tender Notice",
            "title": "Convocatoria al procedimiento de contrataci?n",
            "description": "Convocatoria al procedimiento de contratacion",
            "url": "http://189.211.120.220:8880/files/opendata/15115-LPN-OP-DCAGI-SC-115-15/8.-%20CC/8.pdf",
            "datePublished": "2015-12-16T06:00:00.000Z",
            "dateModified": "2015-12-16T06:00:00.000Z",
            "format": "html",
            "language": "es"
          },
          {
            "id": "doc-29785a27-1d3d-4e5f-9f52-e9c1447c7cc8",
            "documentType": "Tender Notice",
            "title": "Documento que describe los criterios de evaluaci?n",
            "description": "Convocatoria al procedimiento de contratacion",
            "url": "http://189.211.120.220:8880/files/opendata/15115-LPN-OP-DCAGI-SC-115-15/8.-%20CC/8.pdf",
            "datePublished": "2015-12-16T06:00:00.000Z",
            "dateModified": "2015-12-16T06:00:00.000Z",
            "format": "html",
            "language": "es"
          }
        ]
      },
      "buyer": {
        "identifier": {
          "scheme": "MK-009KDH999",
          "id": "GACM",
          "legalName": "Grupo Aeroportuario de la Ciudad de Mexico, S.A. de C.V.",
          "uri": "http://www.aeropuerto.gob.mx/"
        },
        "name": "Grupo Aeroportuario de la Ciudad de Mexico, S.A. de C.V.",
        "address": {
          "streetAddress": "AV. INSURGENTES SUR NO. 2453 PISO 2 OFICINA 203",
          "locality": "COL. TIZAPAN",
          "region": "DEL. ALVARO OBREGON",
          "postalCode": "01090",
          "countryName": "Mexico"
        },
        "contactPoint": {
          "name": "G05-DIRECCION CORPORATIVA DE ADMINISTRACION Y GESTION INMOBILIARIA",
          "url": "http://www.aeropuerto.gob.mx/"
        }
      },
      "awards": [
        {
          "id": "LO-009KDH999-N78-2015",
          "title": "Carga, Acarreo y Descarga fuera del poligono del material existente producto de depositos de demoliciones, desperdicios y desazolve.",
          "description": "Ver documento adjunto",
          "status": "active",
          "date": "2015-12-16T06:00:00.000Z",
          "value": {
            "amount": 493916475,
            "currency": "MXN"
          },
          "suppliers": [
            {
              "identifier": {
                "id": "OCI820920II7 / CCO980814BU4 / CDS970212MV3",
                "legalName": "Omega Construcciones Industriales, S. A. de C. V. / CALZADA CONSTRUCCIONES, S.A. DE C.V. / CONSTRUCCIONES Y DRAGADOS DEL SURESTE, S.A. DE C.V."
              },
              "name": "Omega Construcciones Industriales, S. A. de C. V. / CALZADA CONSTRUCCIONES, S.A. DE C.V. / CONSTRUCCIONES Y DRAGADOS DEL SURESTE, S.A. DE C.V.",
              "address": {
                "streetAddress": "Cordillera de los Andes numero 310",
                "locality": "Lomas de Chapultepec",
                "region": "Delegacion Miguel Hidalgo",
                "postalCode": "11000",
                "countryName": "Mexico"
              }
            }
          ],
          "items": [
            {
              "id": "item-55d9ef2e-b634-4b39-aec5-2f9379afc6b8",
              "description": "Carga, acarreo y descarga fuera del poligono del material existente producto de depositos de demoliciones, desperdicios y desazolve.",
              "classification": {
                "scheme": "EDIFICACION NO HABITACIONAL",
                "id": "6220"
              },
              "quantity": 1,
              "unit": {
                "name": "sop",
                "value": {
                  "amount": 493916475,
                  "currency": "MXN"
                }
              }
            }
          ],
          "contractPeriod": {
            "startDate": "2015-12-31T06:00:00.000Z",
            "endDate": "2016-08-26T05:00:00.000Z"
          },
          "documents": [
            {
              "id": "doc-3eed60ab-d48c-46c4-b650-d2a46d2dc0cd",
              "documentType": "Award Notice",
              "title": "Fallo",
              "description": "Acta de Fallo",
              "url": "http://189.211.120.220:8880/files/opendata/15115-LPN-OP-DCAGI-SC-115-15/12.-%20AF/12.pdf",
              "datePublished": "2015-12-16T06:00:00.000Z",
              "dateModified": "2015-12-16T06:00:00.000Z",
              "format": "html",
              "language": "es"
            },
            {
              "id": "doc-adf62134-dbd1-42f9-a17e-d86c6839f75b",
              "documentType": "Award Notice",
              "title": "Fallo",
              "description": "Descripcion del acto de presentacion y apertura de proposiciones",
              "url": "http://189.211.120.220:8880/files/opendata/15115-LPN-OP-DCAGI-SC-115-15/10.-%20AP/10.pdf",
              "datePublished": "2015-12-16T06:00:00.000Z",
              "dateModified": "2015-12-16T06:00:00.000Z",
              "format": "html",
              "language": "es"
            }
          ]
        }
      ],
      "contracts": [
        {
          "id": "LPN-OP-DCAGI-SC-115/15",
          "awardID": "LO-009KDH999-N78-2015",
          "title": "Carga, Acarreo y Descarga fuera del poligono del material existente producto de depositos de demoliciones, desperdicios y desazolve.",
          "description": "Ver documento adjunto",
          "status": "active",
          "period": {
            "startDate": "2015-12-31T06:00:00.000Z",
            "endDate": "2016-08-26T05:00:00.000Z"
          },
          "value": {
            "amount": 493916475,
            "currency": "MXN"
          },
          "items": [
            {
              "id": "item-f6e1c9cc-103c-40d8-91a9-5c969c2a9122",
              "description": "Carga, acarreo y descarga fuera del poligono del material existente producto de depositos de demoliciones, desperdicios y desazolve.",
              "classification": {
                "scheme": "EDIFICACION NO HABITACIONAL",
                "id": "6220"
              },
              "quantity": 1,
              "unit": {
                "name": "sop",
                "value": {
                  "amount": 493916475,
                  "currency": "MXN"
                }
              }
            }
          ],
          "dateSigned": "2015-12-31T06:00:00.000Z",
          "documents": [
            {
              "id": "doc-9d731aa9-70c9-43cc-8414-b52da57d5a50",
              "documentType": "Contract Signed",
              "title": "Contrato firmado",
              "description": "Contrato firmado",
              "url": "http://189.211.120.220:8880/files/opendata/15115-LPN-OP-DCAGI-SC-115-15/15.-%20CF/15.pdf",
              "datePublished": "2015-12-16T06:00:00.000Z",
              "dateModified": "2015-12-16T06:00:00.000Z",
              "format": "html",
              "language": "es"
            },
            {
              "id": "doc-f37d8c30-6cc9-454e-a331-7e21d7fdd66b",
              "documentType": "Contract Signed",
              "title": "Cl?usula sobre las condiciones de entrega de la obra",
              "description": "Contrato firmado",
              "url": "http://189.211.120.220:8880/files/opendata/15115-LPN-OP-DCAGI-SC-115-15/15.-%20CF/15.pdf",
              "datePublished": "2015-12-16T06:00:00.000Z",
              "dateModified": "2015-12-16T06:00:00.000Z",
              "format": "html",
              "language": "es"
            },
            {
              "id": "doc-cb90c970-2f86-405a-813d-6c0ea4adc00a",
              "documentType": "Contract Guarantees",
              "title": "Fianza de anticipo",
              "description": "Garantia sobre el anticipo",
              "url": "http://189.211.120.220:8880/files/opendata/15115-LPN-OP-DCAGI-SC-115-15/17.-%20GA/17.pdf",
              "datePublished": "2015-12-16T06:00:00.000Z",
              "dateModified": "2015-12-16T06:00:00.000Z",
              "format": "html",
              "language": "es"
            },
            {
              "id": "doc-62878fb9-8f03-4278-8e69-d093af384d5b",
              "documentType": "Contract Guarantees",
              "title": "Fianza de cumplimiento",
              "description": "Garantias de cumplimiento",
              "url": "http://189.211.120.220:8880/files/opendata/15115-LPN-OP-DCAGI-SC-115-15/18.-%20GC/18.pdf",
              "datePublished": "2015-12-16T06:00:00.000Z",
              "dateModified": "2015-12-16T06:00:00.000Z",
              "format": "html",
              "language": "es"
            }
          ]
        }
      ],
      "language": "es"
    }
  ],
  "publisher": {
    "name": "GACM",
    "scheme": "OBRA",
    "uid": "OP",
    "uri": "http://www.aeropuerto.gob.mx/"
  },
  "license": "https://datos.gob.mx/libreusomx/",
  "publicationPolicy": "https://datos.gob.mx/libreusomx/"
}
