{
  "uri": "https://datos.gob.mx/busca/dataset?organization=gacm",
  "publishedDate": "2017-02-15T16:48:24.938Z",
  "releases": [
    {
      "ocid": "285",
      "id": "RELEASE_285_2017-02-15T16:48:24.936Z",
      "date": "2017-02-07T06:00:00.000Z",
      "tag": [
        "contract"
      ],
      "initiationType": "tender",
      "planning": {
        "budget": {
          "source": "http://www.apartados.hacienda.gob.mx/presupuesto/temas/pef/2016/docs/09/r09_kdh_pie.pdf",
          "id": "APORTACIONES A FIDEICOMISOS PUBLICOS",
          "description": "RECURSOS FISCALES",
          "amount": {
            "amount": 12765000,
            "currency": "MXN"
          },
          "project": "Nuevo Aeropuerto Internacional de la Ciudad de Mexico",
          "projectID": "46101",
          "uri": "http://www.apartados.hacienda.gob.mx/presupuesto/temas/pef/2016/docs/09/r09_kdh_pie.pdf"
        },
        "rationale": "Construccion de accesos y plataformas para exploracion geotecnica, rehabilitacion de tramos de prueba y bacheo somero de caminos existentes dentro delterreno par el Nuevo Aeropuerto Internacional de la Ciudad de Mexico",
        "documents": [
          {
            "id": "doc-4f620b6a-27bc-4724-ace8-6b251b6ee3ec",
            "documentType": "projectPlan",
            "title": "Proyecto ejecutivo de la obra",
            "description": "Terminos de referencia",
            "url": "http://189.211.120.220:8880/files/opendata/16012-ITP-OP-DCAGI-SC-012-16/4.-%20TR/4.1pdf",
            "datePublished": "2016-03-07T06:00:00.000Z",
            "dateModified": "2016-03-07T06:00:00.000Z",
            "format": "html",
            "language": "es"
          },
          {
            "id": "doc-42f093ba-d5ce-443a-bb85-b3e60f4fdb69",
            "documentType": "projectPlan",
            "title": "Proyecto ejecutivo de la obra",
            "description": "Terminos de referencia",
            "url": "http://189.211.120.220:8880/files/opendata/16012-ITP-OP-DCAGI-SC-012-16/4.-%20TR/4.pdf",
            "datePublished": "2016-03-07T06:00:00.000Z",
            "dateModified": "2016-03-07T06:00:00.000Z",
            "format": "html",
            "language": "es"
          }
        ]
      },
      "tender": {
        "id": "996706",
        "title": "Construccion de accesos y plataformas para exploracion geotecnica, rehabilitacion de tramos de prueba y bacheo somero de caminos existentes dentro delterreno par el Nuevo Aeropuerto Internacional de la Ciudad de Mexico",
        "description": "Construccion de accesos y plataformas para exploracion geotecnica, rehabilitacion de tramos de prueba y bacheo somero de caminos existentes dentro delterreno par el Nuevo Aeropuerto Internacional de la Ciudad de Mexico",
        "status": "active",
        "items": [
          {
            "id": "item-4279e5fc-22e2-4a17-9151-ff6fbbff4eae",
            "description": "Construccion de accesos y plataformas para exploracion geotecnica, rehabilitacion de tramos de prueba y bacheo somero de caminos existentes dentro delterreno par el Nuevo Aeropuerto Internacional de la Ciudad de Mexico.",
            "classification": {
              "scheme": "EDIFICACION NO HABITACIONAL",
              "id": "6220"
            },
            "quantity": 1,
            "unit": {
              "name": "obr",
              "value": {
                "amount": 10961673.55,
                "currency": "MXN"
              }
            }
          }
        ],
        "value": {
          "amount": 12765000,
          "currency": "MXN"
        },
        "procurementMethod": "selective",
        "procurementMethodRationale": "Nacional",
        "metodoDeAdquisicion": "Invitación a tres",
        "awardCriteria": "bestValueToGoverment",
        "awardCriteriaDetails": "Presencial",
        "submissionMethod": [
          "Presencial"
        ],
        "tenderPeriod": {
          "startDate": "2016-02-09T06:00:00.000Z",
          "endDate": "2016-02-25T06:00:00.000Z"
        },
        "enquiryPeriod": {
          "startDate": "2016-02-16T06:00:00.000Z",
          "endDate": "2016-02-16T06:00:00.000Z"
        },
        "hasEnquiries": true,
        "eligibilityCriteria": "Ver documento adjunto",
        "awardPeriod": {
          "startDate": "2016-02-09T06:00:00.000Z",
          "endDate": "2016-02-25T06:00:00.000Z"
        },
        "documents": [
          {
            "id": "doc-0aebbea9-7432-4836-bd93-031826eb215f",
            "documentType": "Clarifications",
            "title": "Actas de la junta de aclaraciones",
            "description": "Actas de la junta de aclaraciones",
            "url": "http://189.211.120.220:8880/files/opendata/16012-ITP-OP-DCAGI-SC-012-16/9.-%20AJ/9.pdf",
            "datePublished": "2016-03-07T06:00:00.000Z",
            "dateModified": "2016-03-07T06:00:00.000Z",
            "format": "html",
            "language": "es"
          },
          {
            "id": "doc-38862d3f-c4e8-4dac-aa26-d6263b9e4a79",
            "documentType": "Tender Notice",
            "title": "Documento que describe los criterios de evaluaci?n",
            "description": "Convocatoria al procedimiento de contratacion",
            "url": "http://189.211.120.220:8880/files/opendata/16012-ITP-OP-DCAGI-SC-012-16/8.-%20CC/8.pdf",
            "datePublished": "2016-03-07T06:00:00.000Z",
            "dateModified": "2016-03-07T06:00:00.000Z",
            "format": "html",
            "language": "es"
          },
          {
            "id": "doc-aef3a3a7-c41c-4e97-8957-0d2a869f584f",
            "documentType": "Tender Notice",
            "title": "Documento que describe los criterios que deben cumplir los licitantes",
            "description": "Convocatoria al procedimiento de contratacion",
            "url": "http://189.211.120.220:8880/files/opendata/16012-ITP-OP-DCAGI-SC-012-16/8.-%20CC/8.pdf",
            "datePublished": "2016-03-07T06:00:00.000Z",
            "dateModified": "2016-03-07T06:00:00.000Z",
            "format": "html",
            "language": "es"
          },
          {
            "id": "doc-f820e330-5832-4402-971e-89168de39543",
            "documentType": "Tender Notice",
            "title": "Documento que contiene las especificaicones t?cnicas de la obra",
            "description": "Convocatoria al procedimiento de contratacion",
            "url": "http://189.211.120.220:8880/files/opendata/16012-ITP-OP-DCAGI-SC-012-16/8.-%20CC/8.pdf",
            "datePublished": "2016-03-07T06:00:00.000Z",
            "dateModified": "2016-03-07T06:00:00.000Z",
            "format": "html",
            "language": "es"
          },
          {
            "id": "doc-a50a1561-2a4a-416c-84ca-5de00a37a0cc",
            "documentType": "Tender Notice",
            "title": "Convocatoria al procedimiento de contrataci?n",
            "description": "Convocatoria al procedimiento de contratacion",
            "url": "http://189.211.120.220:8880/files/opendata/16012-ITP-OP-DCAGI-SC-012-16/8.-%20CC/8.pdf",
            "datePublished": "2016-03-07T06:00:00.000Z",
            "dateModified": "2016-03-07T06:00:00.000Z",
            "format": "html",
            "language": "es"
          },
          {
            "id": "doc-e889f205-56f6-4ec5-8b47-06a33db403ec",
            "documentType": "Tender Notice",
            "title": "Documento que contiene los objetivos y caracter?sticas del contrato y proceso de licitaci?n",
            "description": "Convocatoria al procedimiento de contratacion",
            "url": "http://189.211.120.220:8880/files/opendata/16012-ITP-OP-DCAGI-SC-012-16/8.-%20CC/8.pdf",
            "datePublished": "2016-03-07T06:00:00.000Z",
            "dateModified": "2016-03-07T06:00:00.000Z",
            "format": "html",
            "language": "es"
          }
        ]
      },
      "buyer": {
        "identifier": {
          "scheme": "MK-009KDH999",
          "id": "GACM",
          "legalName": "Grupo Aeroportuario de la Ciudad de Mexico, S.A. de C.V.",
          "uri": "http://www.aeropuerto.gob.mx/"
        },
        "name": "Grupo Aeroportuario de la Ciudad de Mexico, S.A. de C.V.",
        "address": {
          "streetAddress": "AV. INSURGENTES SUR NO. 2453 PISO 2 OFICINA 203",
          "locality": "COL. TIZAPAN",
          "region": "DEL. ALVARO OBREGON",
          "postalCode": "01090",
          "countryName": "Mexico"
        },
        "contactPoint": {
          "name": "G05-DIRECCION CORPORATIVA DE ADMINISTRACION Y GESTION INMOBILIARIA",
          "url": "http://www.aeropuerto.gob.mx/"
        }
      },
      "awards": [
        {
          "id": "IO-009KDH999-E15-2016",
          "title": "Construccion de accesos y plataformas para exploracion geotecnica, rehabilitacion de tramos de prueba y bacheo somero de caminos existentes dentro delterreno par el Nuevo Aeropuerto Internacional de la Ciudad de Mexico.",
          "description": "Ver documento adjunto",
          "status": "active",
          "date": "2016-03-07T06:00:00.000Z",
          "value": {
            "amount": 10961673.55,
            "currency": "MXN"
          },
          "suppliers": [
            {
              "identifier": {
                "id": "CAL070605NA9",
                "legalName": "Construcciones Aldesem S. A. de C. V."
              },
              "name": "Construcciones Aldesem S. A. de C. V.",
              "address": {
                "streetAddress": "Calle Mississippi no. 49 piso 7",
                "locality": "Cuauhtemoc",
                "region": "Cuauhtemoc",
                "postalCode": "06500",
                "countryName": "Mexico"
              }
            }
          ],
          "items": [
            {
              "id": "item-5b69a39b-e603-485c-9d2a-20c8c6f2a601",
              "description": "Construccion de accesos y plataformas para exploracion geotecnica, rehabilitacion de tramos de prueba y bacheo somero de caminos existentes dentro delterreno par el Nuevo Aeropuerto Internacional de la Ciudad de Mexico.",
              "classification": {
                "scheme": "EDIFICACION NO HABITACIONAL",
                "id": "6220"
              },
              "quantity": 1,
              "unit": {
                "name": "obr",
                "value": {
                  "amount": 10961673.55,
                  "currency": "MXN"
                }
              }
            }
          ],
          "contractPeriod": {
            "startDate": "2016-03-10T06:00:00.000Z",
            "endDate": "2016-06-07T05:00:00.000Z"
          },
          "documents": [
            {
              "id": "doc-1152d77f-8fe7-4cc6-8662-476c8a390018",
              "documentType": "Award Notice",
              "title": "Fallo",
              "description": "Acta de Fallo",
              "url": "http://189.211.120.220:8880/files/opendata/16012-ITP-OP-DCAGI-SC-012-16/12.-%20AF/12.1pdf",
              "datePublished": "2016-03-07T06:00:00.000Z",
              "dateModified": "2016-03-07T06:00:00.000Z",
              "format": "html",
              "language": "es"
            },
            {
              "id": "doc-9f8e47c0-fa66-4e1a-8fd3-171c42268abc",
              "documentType": "Award Notice",
              "title": "Fallo",
              "description": "Acta de Fallo",
              "url": "http://189.211.120.220:8880/files/opendata/16012-ITP-OP-DCAGI-SC-012-16/12.-%20AF/12.pdf",
              "datePublished": "2016-03-07T06:00:00.000Z",
              "dateModified": "2016-03-07T06:00:00.000Z",
              "format": "html",
              "language": "es"
            },
            {
              "id": "doc-aa0757c5-6ad1-4f99-a917-78c5028ff6bb",
              "documentType": "Award Notice",
              "title": "Fallo",
              "description": "Descripcion del acto de presentacion y apertura de proposiciones",
              "url": "http://189.211.120.220:8880/files/opendata/16012-ITP-OP-DCAGI-SC-012-16/10.-%20AP/10.pdf",
              "datePublished": "2016-03-07T06:00:00.000Z",
              "dateModified": "2016-03-07T06:00:00.000Z",
              "format": "html",
              "language": "es"
            }
          ]
        }
      ],
      "contracts": [
        {
          "id": "ITP-OP-DCAGI-SC-012/16",
          "awardID": "IO-009KDH999-E15-2016",
          "title": "Construccion de accesos y plataformas para exploracion geotecnica, rehabilitacion de tramos de prueba y bacheo somero de caminos existentes dentro delterreno par el Nuevo Aeropuerto Internacional de la Ciudad de Mexico.",
          "description": "Ver documento adjunto",
          "status": "active",
          "period": {
            "startDate": "2016-03-10T06:00:00.000Z",
            "endDate": "2016-06-07T05:00:00.000Z"
          },
          "value": {
            "amount": 10961673.55,
            "currency": "MXN"
          },
          "items": [
            {
              "id": "item-51277946-8146-4d57-af32-d7f8274f9493",
              "description": "Construccion de accesos y plataformas para exploracion geotecnica, rehabilitacion de tramos de prueba y bacheo somero de caminos existentes dentro delterreno par el Nuevo Aeropuerto Internacional de la Ciudad de Mexico.",
              "classification": {
                "scheme": "EDIFICACION NO HABITACIONAL",
                "id": "6220"
              },
              "quantity": 1,
              "unit": {
                "name": "obr",
                "value": {
                  "amount": 10961673.55,
                  "currency": "MXN"
                }
              }
            }
          ],
          "dateSigned": "2016-03-10T06:00:00.000Z",
          "documents": [
            {
              "id": "doc-a8aa492d-a84c-4df9-8c22-3f333af9ce92",
              "documentType": "Contract Signed",
              "title": "Contrato firmado",
              "description": "Contrato firmado",
              "url": "http://189.211.120.220:8880/files/opendata/16012-ITP-OP-DCAGI-SC-012-16/15.-%20CF/15.pdf",
              "datePublished": "2016-03-07T06:00:00.000Z",
              "dateModified": "2016-03-07T06:00:00.000Z",
              "format": "html",
              "language": "es"
            },
            {
              "id": "doc-5e15f293-ecac-47ba-bc69-475a21944140",
              "documentType": "Contract Signed",
              "title": "Cl?usula sobre las condiciones de entrega de la obra",
              "description": "Contrato firmado",
              "url": "http://189.211.120.220:8880/files/opendata/16012-ITP-OP-DCAGI-SC-012-16/15.-%20CF/15.pdf",
              "datePublished": "2016-03-07T06:00:00.000Z",
              "dateModified": "2016-03-07T06:00:00.000Z",
              "format": "html",
              "language": "es"
            },
            {
              "id": "doc-13c9733d-d0fc-4fc6-9298-552b9129d423",
              "documentType": "Contract Guarantees",
              "title": "Fianza de anticipo",
              "description": "Garantia sobre el anticipo",
              "url": "http://189.211.120.220:8880/files/opendata/16012-ITP-OP-DCAGI-SC-012-16/17.-%20GA/17.pdf",
              "datePublished": "2016-03-07T06:00:00.000Z",
              "dateModified": "2016-03-07T06:00:00.000Z",
              "format": "html",
              "language": "es"
            },
            {
              "id": "doc-96b72e8a-2af0-4ba2-bd16-8a1ac72c9ba6",
              "documentType": "Contract Guarantees",
              "title": "Fianza de cumplimiento",
              "description": "Garantias de cumplimiento",
              "url": "http://189.211.120.220:8880/files/opendata/16012-ITP-OP-DCAGI-SC-012-16/18.-%20GC/18.pdf",
              "datePublished": "2016-03-07T06:00:00.000Z",
              "dateModified": "2016-03-07T06:00:00.000Z",
              "format": "html",
              "language": "es"
            }
          ]
        }
      ],
      "language": "es"
    }
  ],
  "publisher": {
    "name": "GACM",
    "scheme": "OBRA",
    "uid": "OP",
    "uri": "http://www.aeropuerto.gob.mx/"
  },
  "license": "https://datos.gob.mx/libreusomx/",
  "publicationPolicy": "https://datos.gob.mx/libreusomx/"
}
