{
  "uri": "https://datos.gob.mx/busca/dataset?organization=gacm",
  "publishedDate": "2017-02-15T16:48:25.759Z",
  "releases": [
    {
      "ocid": "286",
      "id": "RELEASE_286_2017-02-15T16:48:25.758Z",
      "date": "2017-02-08T06:00:00.000Z",
      "tag": [
        "contract"
      ],
      "initiationType": "tender",
      "planning": {
        "budget": {
          "source": "http://www.apartados.hacienda.gob.mx/presupuesto/temas/pef/2016/docs/09/r09_kdh_pie.pdf",
          "id": "APORTACIONES A FIDEICOMISOS PUBLICOS",
          "description": "RECURSOS FISCALES",
          "amount": {
            "amount": 227520000,
            "currency": "MXN"
          },
          "project": "Nuevo Aeropuerto Internacional de la Ciudad de Mexico",
          "projectID": "46101",
          "uri": "http://www.apartados.hacienda.gob.mx/presupuesto/temas/pef/2016/docs/09/r09_kdh_pie.pdf"
        },
        "rationale": "Etapa 2; seguimiento para el cumplimiento ambiental del proyecto del Nuevo Aeropuerto Internacional de la Ciudad de Mexico (NAICM) a traves de la entidad de supervision ambiental (Condicionante 10, resolutivo MIA-R",
        "documents": [
          {
            "id": "doc-821fd945-b3bc-485d-99be-0e9313b600f7",
            "documentType": "projectPlan",
            "title": "Proyecto ejecutivo de la obra",
            "description": "Terminos de referencia",
            "url": "http://189.211.120.220:8880/files/opendata/16002-AD-SRO-CONV-DCAGI-SC-002-16/4.-%20TR/4.pdf",
            "datePublished": "2016-03-01T06:00:00.000Z",
            "dateModified": "2016-03-01T06:00:00.000Z",
            "format": "html",
            "language": "es"
          }
        ]
      },
      "tender": {
        "id": "No aplica",
        "title": "Etapa 2; seguimiento para el cumplimiento ambiental del proyecto del Nuevo Aeropuerto Internacional de la Ciudad de Mexico (NAICM) a traves de la entidad de supervision ambiental (Condicionante 10, resolutivo MIA-R",
        "description": "Etapa 2; seguimiento para el cumplimiento ambiental del proyecto del Nuevo Aeropuerto Internacional de la Ciudad de Mexico (NAICM) a traves de la entidad de supervision ambiental (Condicionante 10, resolutivo MIA-R",
        "status": "active",
        "items": [
          {
            "id": "item-6b1c4d18-845a-485d-826d-33626e54e9b2",
            "description": "Etapa 2; seguimiento para el cumplimiento ambiental del proyecto Nuevo Aeropuerto Internacional de la ciudad de Mexico (NAICM), a traves de laentidad de supervision ambiental (condicionante 10, resolutivo MIA-R)",
            "classification": {
              "scheme": "EDIFICACION NO HABITACIONAL",
              "id": "6220"
            },
            "quantity": 1,
            "unit": {
              "name": "sop",
              "value": {
                "amount": 227520000,
                "currency": "MXN"
              }
            }
          }
        ],
        "value": {
          "amount": 227520000,
          "currency": "MXN"
        },
        "procurementMethod": "limited",
        "procurementMethodRationale": "Nacional",
        "metodoDeAdquisicion": "Adjudicación directa",
        "awardCriteria": "bestValueToGoverment",
        "awardCriteriaDetails": "No aplica",
        "submissionMethod": [
          "Presencial"
        ],
        "tenderPeriod": {
          "endDate": "2016-03-01T06:00:00.000Z"
        },
        "eligibilityCriteria": "Ver documento adjunto",
        "awardPeriod": {
          "endDate": "2016-03-01T06:00:00.000Z"
        },
        "documents": [
          {
            "id": "doc-bedf50eb-e22f-40f6-accc-25d93ffdf2ce",
            "documentType": "Clarifications",
            "title": "Actas de la junta de aclaraciones",
            "description": "Actas de la junta de aclaraciones",
            "url": "http://189.211.120.220:8880/files/opendata/16002-AD-SRO-CONV-DCAGI-SC-002-16/9.-%20AJ/9.pdf",
            "datePublished": "2016-03-01T06:00:00.000Z",
            "dateModified": "2016-03-01T06:00:00.000Z",
            "format": "html",
            "language": "es"
          },
          {
            "id": "doc-a4fe0836-cf07-47ce-b671-ca720fa88122",
            "documentType": "Tender Notice",
            "title": "Documento que contiene las especificaciones t?cnicas de la obra",
            "description": "Convocatoria al procedimiento de contratacion",
            "url": "http://189.211.120.220:8880/files/opendata/16002-AD-SRO-CONV-DCAGI-SC-002-16/8.-%20CC/8.pdf",
            "datePublished": "2016-03-01T06:00:00.000Z",
            "dateModified": "2016-03-01T06:00:00.000Z",
            "format": "html",
            "language": "es"
          },
          {
            "id": "doc-b782254c-1842-48dd-b591-e87e07f3577f",
            "documentType": "Tender Notice",
            "title": "Documento que describe los criterios de evaluaci?n",
            "description": "Convocatoria al procedimiento de contratacion",
            "url": "http://189.211.120.220:8880/files/opendata/16002-AD-SRO-CONV-DCAGI-SC-002-16/8.-%20CC/8.pdf",
            "datePublished": "2016-03-01T06:00:00.000Z",
            "dateModified": "2016-03-01T06:00:00.000Z",
            "format": "html",
            "language": "es"
          },
          {
            "id": "doc-b30cdc1a-44fd-4ace-94d7-de387f35b209",
            "documentType": "Tender Notice",
            "title": "Documento que contiene los objetivos y caracter?sticas del contrato y proceso de licitaci?n",
            "description": "Convocatoria al procedimiento de contratacion",
            "url": "http://189.211.120.220:8880/files/opendata/16002-AD-SRO-CONV-DCAGI-SC-002-16/8.-%20CC/8.pdf",
            "datePublished": "2016-03-01T06:00:00.000Z",
            "dateModified": "2016-03-01T06:00:00.000Z",
            "format": "html",
            "language": "es"
          },
          {
            "id": "doc-13b9ceee-744b-4f06-91d2-5d4b903aa6b2",
            "documentType": "Tender Notice",
            "title": "Convocatoria al procedimiento de contrataci?n",
            "description": "Convocatoria al procedimiento de contratacion",
            "url": "http://189.211.120.220:8880/files/opendata/16002-AD-SRO-CONV-DCAGI-SC-002-16/8.-%20CC/8.pdf",
            "datePublished": "2016-03-01T06:00:00.000Z",
            "dateModified": "2016-03-01T06:00:00.000Z",
            "format": "html",
            "language": "es"
          },
          {
            "id": "doc-2c9b45b1-b253-47a2-ae55-5b64cd9661f3",
            "documentType": "Tender Notice",
            "title": "Documento que describe los criterios que deben cumplir los licitantes",
            "description": "Convocatoria al procedimiento de contratacion",
            "url": "http://189.211.120.220:8880/files/opendata/16002-AD-SRO-CONV-DCAGI-SC-002-16/8.-%20CC/8.pdf",
            "datePublished": "2016-03-01T06:00:00.000Z",
            "dateModified": "2016-03-01T06:00:00.000Z",
            "format": "html",
            "language": "es"
          }
        ]
      },
      "buyer": {
        "identifier": {
          "scheme": "MK-009KDH999",
          "id": "GACM",
          "legalName": "Grupo Aeroportuario de la Ciudad de Mexico, S.A. de C.V.",
          "uri": "http://www.aeropuerto.gob.mx/"
        },
        "name": "Grupo Aeroportuario de la Ciudad de Mexico, S.A. de C.V.",
        "address": {
          "streetAddress": "AV. INSURGENTES SUR NO. 2453 PISO 2 OFICINA 203",
          "locality": "COL. TIZAPAN",
          "region": "DEL. ALVARO OBREGON",
          "postalCode": "01090",
          "countryName": "Mexico"
        },
        "contactPoint": {
          "name": "G05-DIRECCION CORPORATIVA DE ADMINISTRACION Y GESTION INMOBILIARIA",
          "url": "http://www.aeropuerto.gob.mx/"
        }
      },
      "awards": [
        {
          "id": "No aplica",
          "title": "Etapa 2; seguimiento para el cumplimiento ambiental del proyecto del Nuevo Aeropuerto Internacional de la Ciudad de Mexico (NAICM) a traves de la entidad de supervision ambiental (Condicionante 10, resolutivo MIA-R .",
          "description": "Ver documento adjunto",
          "status": "active",
          "value": {
            "amount": 227520000,
            "currency": "MXN"
          },
          "suppliers": [
            {
              "identifier": {
                "id": "FIC000330LK9",
                "legalName": "Instituto Politecnico Nacional"
              },
              "name": "Instituto Politecnico Nacional",
              "address": {
                "streetAddress": "Edificio de la Direccion General, Avenida Luis Enrique Erro sin numero, Unidad Profesional Adolfo Lopez Mateos",
                "locality": "Zacatenco",
                "region": "Gustavo A. Madero",
                "postalCode": "7738",
                "countryName": "Mexico"
              }
            }
          ],
          "items": [
            {
              "id": "item-6aef7c20-4fb8-451a-9481-805c5546c93a",
              "description": "Etapa 2; seguimiento para el cumplimiento ambiental del proyecto Nuevo Aeropuerto Internacional de la ciudad de Mexico (NAICM), a traves de laentidad de supervision ambiental (condicionante 10, resolutivo MIA-R)",
              "classification": {
                "scheme": "EDIFICACION NO HABITACIONAL",
                "id": "6220"
              },
              "quantity": 1,
              "unit": {
                "name": "sop",
                "value": {
                  "amount": 227520000,
                  "currency": "MXN"
                }
              }
            }
          ],
          "contractPeriod": {
            "startDate": "2016-03-01T06:00:00.000Z",
            "endDate": "2018-10-26T05:00:00.000Z"
          },
          "documents": [
            {
              "id": "doc-77b7469c-201d-4ce9-8ec1-af6608318f3a",
              "documentType": "Award Notice",
              "title": "Fallo",
              "description": "Acta de fallo",
              "url": "http://189.211.120.220:8880/files/opendata/16002-AD-SRO-CONV-DCAGI-SC-002-16/12.-%20AF/12.pdf",
              "datePublished": "2016-03-01T06:00:00.000Z",
              "dateModified": "2016-03-01T06:00:00.000Z",
              "format": "html",
              "language": "es"
            },
            {
              "id": "doc-15015a36-8f29-4792-9616-da715f0ff9bf",
              "documentType": "Award Notice",
              "title": "Fallo",
              "description": "Descripcion del acto de presentacion y apertura de proposiciones",
              "url": "http://189.211.120.220:8880/files/opendata/16002-AD-SRO-CONV-DCAGI-SC-002-16/10.-%20AP/10.pdf",
              "datePublished": "2016-03-01T06:00:00.000Z",
              "dateModified": "2016-03-01T06:00:00.000Z",
              "format": "html",
              "language": "es"
            }
          ]
        }
      ],
      "contracts": [
        {
          "id": "AD-SRO-CONV-DCAGI-SC-002/16",
          "awardID": "No aplica",
          "title": "Etapa 2; seguimiento para el cumplimiento ambiental del proyecto del Nuevo Aeropuerto Internacional de la Ciudad de Mexico (NAICM) a traves de la entidad de supervision ambiental (Condicionante 10, resolutivo MIA-R .",
          "description": "Ver documento adjunto",
          "status": "active",
          "period": {
            "startDate": "2016-03-01T06:00:00.000Z",
            "endDate": "2018-10-26T05:00:00.000Z"
          },
          "value": {
            "amount": 227520000,
            "currency": "MXN"
          },
          "items": [
            {
              "id": "item-6cfa3b9d-88b3-48dd-aac6-80b47918d781",
              "description": "Etapa 2; seguimiento para el cumplimiento ambiental del proyecto Nuevo Aeropuerto Internacional de la ciudad de Mexico (NAICM), a traves de laentidad de supervision ambiental (condicionante 10, resolutivo MIA-R)",
              "classification": {
                "scheme": "EDIFICACION NO HABITACIONAL",
                "id": "6220"
              },
              "quantity": 1,
              "unit": {
                "name": "sop",
                "value": {
                  "amount": 227520000,
                  "currency": "MXN"
                }
              }
            }
          ],
          "dateSigned": "2016-03-01T06:00:00.000Z",
          "documents": [
            {
              "id": "doc-795de9d2-1556-4107-8789-aa87a4938940",
              "documentType": "Contract Signed",
              "title": "Cl?usula sobre las condiciones de entrega de la obra",
              "description": "Contrato firmado",
              "url": "http://189.211.120.220:8880/files/opendata/16002-AD-SRO-CONV-DCAGI-SC-002-16/15.-%20CF/15.pdf",
              "datePublished": "2016-03-01T06:00:00.000Z",
              "dateModified": "2016-03-01T06:00:00.000Z",
              "format": "html",
              "language": "es"
            },
            {
              "id": "doc-d6b84258-7536-4ca6-a0c0-dcbaf637c96f",
              "documentType": "Contract Signed",
              "title": "Contrato firmado",
              "description": "Contrato firmado",
              "url": "http://189.211.120.220:8880/files/opendata/16002-AD-SRO-CONV-DCAGI-SC-002-16/15.-%20CF/15.pdf",
              "datePublished": "2016-03-01T06:00:00.000Z",
              "dateModified": "2016-03-01T06:00:00.000Z",
              "format": "html",
              "language": "es"
            },
            {
              "id": "doc-9bf10faa-9f89-42d4-a3ae-6f8114d30bcb",
              "documentType": "Contract Guarantees",
              "title": "Fianza de anticipo",
              "description": "Garantia sobre el anticipo",
              "url": "http://189.211.120.220:8880/files/opendata/16002-AD-SRO-CONV-DCAGI-SC-002-16/17.-%20GA/17.pdf",
              "datePublished": "2016-03-01T06:00:00.000Z",
              "dateModified": "2016-03-01T06:00:00.000Z",
              "format": "html",
              "language": "es"
            },
            {
              "id": "doc-7184974b-8795-4e73-b44f-bbe47974442f",
              "documentType": "Contract Guarantees",
              "title": "Fianza de cumplimiento",
              "description": "Garantias de cumplimiento",
              "url": "http://189.211.120.220:8880/files/opendata/16002-AD-SRO-CONV-DCAGI-SC-002-16/18.-%20GC/18.pdf",
              "datePublished": "2016-03-01T06:00:00.000Z",
              "dateModified": "2016-03-01T06:00:00.000Z",
              "format": "html",
              "language": "es"
            }
          ]
        }
      ],
      "language": "es"
    }
  ],
  "publisher": {
    "name": "GACM",
    "scheme": "SERVICIO",
    "uid": "AS",
    "uri": "http://www.aeropuerto.gob.mx/"
  },
  "license": "https://datos.gob.mx/libreusomx/",
  "publicationPolicy": "https://datos.gob.mx/libreusomx/"
}
