{
  "uri": "https://datos.gob.mx/busca/dataset?organization=gacm",
  "publishedDate": "2017-02-15T16:48:25.176Z",
  "releases": [
    {
      "ocid": "288",
      "id": "RELEASE_288_2017-02-15T16:48:25.176Z",
      "date": "2017-02-08T06:00:00.000Z",
      "tag": [
        "contract"
      ],
      "initiationType": "tender",
      "planning": {
        "budget": {
          "source": "http://www.apartados.hacienda.gob.mx/presupuesto/temas/pef/2016/docs/09/r09_kdh_pie.pdf",
          "id": "APORTACIONES A FIDEICOMISOS PUBLICOS",
          "description": "RECURSOS FISCALES",
          "amount": {
            "amount": 15600000,
            "currency": "MXN"
          },
          "project": "Nuevo Aeropuerto Internacional de la Ciudad de Mexico",
          "projectID": "46101",
          "uri": "http://www.apartados.hacienda.gob.mx/presupuesto/temas/pef/2016/docs/09/r09_kdh_pie.pdf"
        },
        "rationale": "Supervision  de la Construccion de la Barda y Camino Perimetral, Alumbrado, Servicios Inducidos y Casetas de Acceso  para el Nuevo Aeropuerto Internacional de la Ciudad de Mexico. Publicados en la pagina de Compranet el 29 de febrero de 2016",
        "documents": [
          {
            "id": "doc-a682cba5-364e-4883-b25f-bbc6221dc2d9",
            "documentType": "projectPlan",
            "title": "Proyecto ejecutivo de la obra",
            "description": "Terminos de referencia",
            "url": "http://189.211.120.220:8880/files/opendata/16028-LPN-SRO-DCAGI-SC-028-16/4.-%20TR/4.pdf",
            "datePublished": "2016-04-12T05:00:00.000Z",
            "dateModified": "2016-04-12T05:00:00.000Z",
            "format": "html",
            "language": "es"
          }
        ]
      },
      "tender": {
        "id": "1010627",
        "title": "Supervision  de la Construccion de la Barda y Camino Perimetral, Alumbrado, Servicios Inducidos y Casetas de Acceso  para el Nuevo Aeropuerto Internacional de la Ciudad de Mexico.?",
        "description": "Supervision  de la Construccion de la Barda y Camino Perimetral, Alumbrado, Servicios Inducidos y Casetas de Acceso  para el Nuevo Aeropuerto Internacional de la Ciudad de Mexico. Publicados en la pagina de Compranet el 29 de febrero de 2016",
        "status": "active",
        "items": [
          {
            "id": "item-5dcfe562-c69b-403c-bd34-47219e3c10c1",
            "description": "Supervision  de la Construccion de la Barda y Camino Perimetral, Alumbrado, Servicios Inducidos y Casetas de Acceso  para el Nuevo Aeropuerto Internacional de la Ciudad de Mexico",
            "classification": {
              "scheme": "EDIFICACION NO HABITACIONAL",
              "id": "6220"
            },
            "quantity": 1,
            "unit": {
              "name": "sop",
              "value": {
                "amount": 12999262.5,
                "currency": "MXN"
              }
            }
          }
        ],
        "value": {
          "amount": 15600000,
          "currency": "MXN"
        },
        "procurementMethod": "open",
        "procurementMethodRationale": "Nacional",
        "metodoDeAdquisicion": "Licitación pública",
        "awardCriteria": "bestValueToGoverment",
        "awardCriteriaDetails": "Presencial",
        "submissionMethod": [
          "Presencial"
        ],
        "tenderPeriod": {
          "startDate": "2016-02-29T06:00:00.000Z",
          "endDate": "2016-06-21T05:00:00.000Z"
        },
        "enquiryPeriod": {
          "startDate": "2016-03-09T06:00:00.000Z",
          "endDate": "2016-03-15T06:00:00.000Z"
        },
        "hasEnquiries": true,
        "eligibilityCriteria": "Ver documento adjunto",
        "awardPeriod": {
          "startDate": "2016-02-29T06:00:00.000Z",
          "endDate": "2016-06-21T05:00:00.000Z"
        },
        "documents": [
          {
            "id": "doc-d40e2cf8-cc6b-432d-ad99-795900bed835",
            "documentType": "Clarifications",
            "title": "Actas de la junta de aclaraciones",
            "description": "Actas de la junta de aclaraciones",
            "url": "http://189.211.120.220:8880/files/opendata/16028-LPN-SRO-DCAGI-SC-028-16/9.-%20AJ/9.1.pdf",
            "datePublished": "2016-04-12T05:00:00.000Z",
            "dateModified": "2016-04-12T05:00:00.000Z",
            "format": "html",
            "language": "es"
          },
          {
            "id": "doc-bc2aac5b-3739-489b-8f85-ee8ceb69dfcc",
            "documentType": "Clarifications",
            "title": "Actas de la junta de aclaraciones",
            "description": "Actas de la junta de aclaraciones",
            "url": "http://189.211.120.220:8880/files/opendata/16028-LPN-SRO-DCAGI-SC-028-16/9.-%20AJ/9.pdf",
            "datePublished": "2016-04-12T05:00:00.000Z",
            "dateModified": "2016-04-12T05:00:00.000Z",
            "format": "html",
            "language": "es"
          },
          {
            "id": "doc-e58db2bc-4b4f-44ee-bfad-f9a56bce56af",
            "documentType": "Tender Notice",
            "title": "Documento que describe los criterios de evaluaci?n",
            "description": "Convocatoria al procedimiento de contratacion",
            "url": "http://189.211.120.220:8880/files/opendata/16028-LPN-SRO-DCAGI-SC-028-16/8.-%20CC/8.pdf",
            "datePublished": "2016-04-12T05:00:00.000Z",
            "dateModified": "2016-04-12T05:00:00.000Z",
            "format": "html",
            "language": "es"
          },
          {
            "id": "doc-5c6a415f-9172-48ca-9e39-bf6c6eb6e47b",
            "documentType": "Tender Notice",
            "title": "Documento que contiene los objetivos y caracter?sticas del contrato y proceso de licitaci?n",
            "description": "Convocatoria al procedimiento de contratacion",
            "url": "http://189.211.120.220:8880/files/opendata/16028-LPN-SRO-DCAGI-SC-028-16/8.-%20CC/8.pdf",
            "datePublished": "2016-04-12T05:00:00.000Z",
            "dateModified": "2016-04-12T05:00:00.000Z",
            "format": "html",
            "language": "es"
          },
          {
            "id": "doc-c616562f-4ca4-404e-984b-35a49f983992",
            "documentType": "Tender Notice",
            "title": "Documento que contiene las especificaicones t?cnicas de la obra",
            "description": "Convocatoria al procedimiento de contratacion",
            "url": "http://189.211.120.220:8880/files/opendata/16028-LPN-SRO-DCAGI-SC-028-16/8.-%20CC/8.pdf",
            "datePublished": "2016-04-12T05:00:00.000Z",
            "dateModified": "2016-04-12T05:00:00.000Z",
            "format": "html",
            "language": "es"
          },
          {
            "id": "doc-3d61a6a5-dbc1-4063-a3b7-7fb796f3fa26",
            "documentType": "Tender Notice",
            "title": "Convocatoria al procedimiento de contrataci?n",
            "description": "Convocatoria al procedimiento de contratacion",
            "url": "http://189.211.120.220:8880/files/opendata/16028-LPN-SRO-DCAGI-SC-028-16/8.-%20CC/8.pdf",
            "datePublished": "2016-04-12T05:00:00.000Z",
            "dateModified": "2016-04-12T05:00:00.000Z",
            "format": "html",
            "language": "es"
          },
          {
            "id": "doc-d1e359d1-caa0-4b62-9aa0-0c5df487afac",
            "documentType": "Tender Notice",
            "title": "Documento que describe los criterios que deben cumplir los licitantes",
            "description": "Convocatoria al procedimiento de contratacion",
            "url": "http://189.211.120.220:8880/files/opendata/16028-LPN-SRO-DCAGI-SC-028-16/8.-%20CC/8.pdf",
            "datePublished": "2016-04-12T05:00:00.000Z",
            "dateModified": "2016-04-12T05:00:00.000Z",
            "format": "html",
            "language": "es"
          }
        ]
      },
      "buyer": {
        "identifier": {
          "scheme": "MK-009KDH999",
          "id": "GACM",
          "legalName": "Grupo Aeroportuario de la Ciudad de Mexico, S.A. de C.V.",
          "uri": "http://www.aeropuerto.gob.mx/"
        },
        "name": "Grupo Aeroportuario de la Ciudad de Mexico, S.A. de C.V.",
        "address": {
          "streetAddress": "AV. INSURGENTES SUR NO. 2453 PISO 2 OFICINA 203",
          "locality": "COL. TIZAPAN",
          "region": "DEL. ALVARO OBREGON",
          "postalCode": "01090",
          "countryName": "Mexico"
        },
        "contactPoint": {
          "name": "G05-DIRECCION CORPORATIVA DE ADMINISTRACION Y GESTION INMOBILIARIA",
          "url": "http://www.aeropuerto.gob.mx/"
        }
      },
      "awards": [
        {
          "id": "LO-009KDH999-E22-2016",
          "title": "Supervision  de la Construccion de la Barda y Camino Perimetral, Alumbrado, Servicios Inducidos y Casetas de Acceso  para el Nuevo Aeropuerto Internacional de la Ciudad de Mexico",
          "description": "Ver documento adjunto",
          "status": "active",
          "date": "2012-04-20T21:00:00.000Z",
          "value": {
            "amount": 12999262.5,
            "currency": "MXN"
          },
          "suppliers": [
            {
              "identifier": {
                "id": "SAS8710124M8",
                "legalName": "SIFRA y Asociados, S.A. de C.V."
              },
              "name": "SIFRA y Asociados, S.A. de C.V.",
              "address": {
                "streetAddress": "Boulevar Adolfo Lopez Mateos Numero 1630",
                "locality": "Mixcoac",
                "region": "Benito Juarez",
                "postalCode": "03910",
                "countryName": "Mexico"
              }
            }
          ],
          "items": [
            {
              "id": "item-88305fbc-4122-4e7f-9888-6c5db18e1e94",
              "description": "Supervision  de la Construccion de la Barda y Camino Perimetral, Alumbrado, Servicios Inducidos y Casetas de Acceso  para el Nuevo Aeropuerto Internacional de la Ciudad de Mexico",
              "classification": {
                "scheme": "EDIFICACION NO HABITACIONAL",
                "id": "6220"
              },
              "quantity": 1,
              "unit": {
                "name": "sop",
                "value": {
                  "amount": 12999262.5,
                  "currency": "MXN"
                }
              }
            }
          ],
          "contractPeriod": {
            "startDate": "2016-04-13T05:00:00.000Z",
            "endDate": "2017-01-12T06:00:00.000Z"
          },
          "documents": [
            {
              "id": "doc-c5aa637e-db14-47a4-a8bb-c879020a6e65",
              "documentType": "Award Notice",
              "title": "Fallo",
              "description": "Acta de Fallo",
              "url": "http://189.211.120.220:8880/files/opendata/16028-LPN-SRO-DCAGI-SC-028-16/12.-%20AF/12.pdf",
              "datePublished": "2016-04-12T05:00:00.000Z",
              "dateModified": "2016-04-12T05:00:00.000Z",
              "format": "html",
              "language": "es"
            },
            {
              "id": "doc-88f8bf31-1124-48e4-8548-bda847acea79",
              "documentType": "Award Notice",
              "title": "Fallo",
              "description": "Descripcion del acto de presentacion y apertura de proposiciones",
              "url": "http://189.211.120.220:8880/files/opendata/16028-LPN-SRO-DCAGI-SC-028-16/10.-%20AP/10.pdf",
              "datePublished": "2016-04-12T05:00:00.000Z",
              "dateModified": "2016-04-12T05:00:00.000Z",
              "format": "html",
              "language": "es"
            }
          ]
        }
      ],
      "contracts": [
        {
          "id": "LPN-SRO-DCAGI-SC-028-2016",
          "awardID": "LO-009KDH999-E22-2016",
          "title": "Supervision  de la Construccion de la Barda y Camino Perimetral, Alumbrado, Servicios Inducidos y Casetas de Acceso  para el Nuevo Aeropuerto Internacional de la Ciudad de Mexico",
          "description": "Ver documento adjunto",
          "status": "active",
          "period": {
            "startDate": "2016-04-13T05:00:00.000Z",
            "endDate": "2017-01-12T06:00:00.000Z"
          },
          "value": {
            "amount": 12999262.5,
            "currency": "MXN"
          },
          "items": [
            {
              "id": "item-e291c5b9-9f6e-4b19-99ea-c2c9fe2853c9",
              "description": "Supervision  de la Construccion de la Barda y Camino Perimetral, Alumbrado, Servicios Inducidos y Casetas de Acceso  para el Nuevo Aeropuerto Internacional de la Ciudad de Mexico",
              "classification": {
                "scheme": "EDIFICACION NO HABITACIONAL",
                "id": "6220"
              },
              "quantity": 1,
              "unit": {
                "name": "sop",
                "value": {
                  "amount": 12999262.5,
                  "currency": "MXN"
                }
              }
            }
          ],
          "dateSigned": "2016-04-13T05:00:00.000Z",
          "documents": [
            {
              "id": "doc-4e246dd0-4066-4f92-8142-7f1ca0ca79fd",
              "documentType": "Contract Signed",
              "title": "Contrato firmado",
              "description": "Contrato firmado",
              "url": "http://189.211.120.220:8880/files/opendata/16028-LPN-SRO-DCAGI-SC-028-16/15.-%20CF/15.pdf",
              "datePublished": "2016-04-12T05:00:00.000Z",
              "dateModified": "2016-04-12T05:00:00.000Z",
              "format": "html",
              "language": "es"
            },
            {
              "id": "doc-89446d21-14d9-4ae9-8753-9a3e53a32f2c",
              "documentType": "Contract Signed",
              "title": "Cl?usula sobre las condiciones de entrega de la obra",
              "description": "Contrato firmado",
              "url": "http://189.211.120.220:8880/files/opendata/16028-LPN-SRO-DCAGI-SC-028-16/15.-%20CF/15.pdf",
              "datePublished": "2016-04-12T05:00:00.000Z",
              "dateModified": "2016-04-12T05:00:00.000Z",
              "format": "html",
              "language": "es"
            },
            {
              "id": "doc-af52a4d4-48ca-48fb-8fd2-fd37722d894c",
              "documentType": "Contract Guarantees",
              "title": "Fianza de anticipo",
              "description": "Garantia sobre el anticipo",
              "url": "http://189.211.120.220:8880/files/opendata/16028-LPN-SRO-DCAGI-SC-028-16/17.-%20GA/17.pdf",
              "datePublished": "2016-04-12T05:00:00.000Z",
              "dateModified": "2016-04-12T05:00:00.000Z",
              "format": "html",
              "language": "es"
            },
            {
              "id": "doc-9ac3bde2-992f-459a-ba15-832cf4573441",
              "documentType": "Contract Guarantees",
              "title": "Fianza de cumplimiento",
              "description": "Garantias de cumplimiento",
              "url": "http://189.211.120.220:8880/files/opendata/16028-LPN-SRO-DCAGI-SC-028-16/18.-%20GC/18.pdf",
              "datePublished": "2016-04-12T05:00:00.000Z",
              "dateModified": "2016-04-12T05:00:00.000Z",
              "format": "html",
              "language": "es"
            }
          ]
        }
      ],
      "language": "es"
    }
  ],
  "publisher": {
    "name": "GACM",
    "scheme": "SERVICIO",
    "uid": "AS",
    "uri": "http://www.aeropuerto.gob.mx/"
  },
  "license": "https://datos.gob.mx/libreusomx/",
  "publicationPolicy": "https://datos.gob.mx/libreusomx/"
}
