{
  "uri": "https://datos.gob.mx/busca/dataset?organization=gacm",
  "publishedDate": "2017-02-15T16:48:25.242Z",
  "releases": [
    {
      "ocid": "29",
      "id": "RELEASE_29_2017-02-15T16:48:25.241Z",
      "date": "2017-02-08T06:00:00.000Z",
      "tag": [
        "contract"
      ],
      "initiationType": "tender",
      "planning": {
        "budget": {
          "source": "http://www.apartados.hacienda.gob.mx/presupuesto/temas/pef/2015/docs/09/r09_kdh_pie.pdf",
          "id": "Servicio de transporte con camionetas de redilas para los trabajos que conforman el programa de empleo temporal (PET), en el predio del Nuevo Aeropuerto Internacional de la Ciudad de Mexico",
          "description": "Presupuesto de Egresos de la Federacion 2015",
          "amount": {
            "amount": 8500000,
            "currency": "MXN"
          },
          "project": "Nuevo Aeropuerto Internacional de la Ciudad de Mexico",
          "projectID": "46101",
          "uri": "http://www.apartados.hacienda.gob.mx/presupuesto/temas/pef/2015/docs/09/r09_kdh_pie.pdf"
        },
        "rationale": "Servicio de transporte con camionetas de redilas para los trabajos que conforman el programa de empleo temporal (PET), en el predio del Nuevo Aeropuerto Internacional de la Ciudad de Mexico",
        "documents": [
          {
            "id": "doc-831ba238-0064-4b6a-9aa7-70141d4df85e",
            "documentType": "projectPlan",
            "title": "Proyecto ejecutivo de la obra",
            "description": "Terminos de referencia",
            "url": "http://189.211.120.220:8880/files/opendata/15082-ITP-SRO-DCAGI-SC-082-15/4.-%20TR/4.pdf",
            "datePublished": "2015-10-21T05:00:00.000Z",
            "dateModified": "2015-10-21T05:00:00.000Z",
            "format": "html",
            "language": "es"
          }
        ]
      },
      "tender": {
        "id": "914874",
        "title": "Servicio de transporte con camionetas de redilas para los trabajos que conforman el programa de empleo temporal (PET), en el predio del Nuevo Aeropuerto Internacional de la Ciudad de Mexico",
        "description": "Servicio de transporte con camionetas de redilas para los trabajos que conforman el programa de empleo temporal (PET), en el predio del Nuevo Aeropuerto Internacional de la Ciudad de Mexico",
        "status": "active",
        "items": [
          {
            "id": "item-ff9ba55e-83b5-4b3a-98cb-63b8536a9b6f",
            "description": "Servicio de transporte con camionetas de redilas para los trabajos que conforman el programa de empleo temporal (PET), en el predio del Nuevo Aeropuerto Internacional de la Ciudad de Mexico",
            "classification": {
              "scheme": "EDIFICACION NO HABITACIONAL",
              "id": "6220"
            },
            "quantity": 1,
            "unit": {
              "name": "srv",
              "value": {
                "amount": 1176000,
                "currency": "MXN"
              }
            }
          }
        ],
        "value": {
          "amount": 8500000,
          "currency": "MXN"
        },
        "procurementMethod": "selective",
        "procurementMethodRationale": "Nacional",
        "metodoDeAdquisicion": "Invitación a tres",
        "awardCriteria": "bestValueToGoverment",
        "awardCriteriaDetails": "Presencial",
        "submissionMethod": [
          "Presencial"
        ],
        "tenderPeriod": {
          "endDate": "2015-10-13T05:00:00.000Z"
        },
        "enquiryPeriod": {
          "startDate": "2015-10-08T05:00:00.000Z",
          "endDate": "2015-10-08T05:00:00.000Z"
        },
        "eligibilityCriteria": "Ver documento adjunto",
        "awardPeriod": {
          "endDate": "2015-10-13T05:00:00.000Z"
        },
        "documents": [
          {
            "id": "doc-cd5f8902-817b-4411-b195-cfd2f5b520da",
            "documentType": "Clarifications",
            "title": "Actas de la junta de aclaraciones",
            "description": "Actas de la junta de aclaraciones",
            "url": "http://189.211.120.220:8880/files/opendata/15082-ITP-SRO-DCAGI-SC-082-15/9.-%20AJ/9.pdf",
            "datePublished": "2015-10-21T05:00:00.000Z",
            "dateModified": "2015-10-21T05:00:00.000Z",
            "format": "html",
            "language": "es"
          },
          {
            "id": "doc-a10623b0-b815-428c-ab43-497e814b59ea",
            "documentType": "Tender Notice",
            "title": "Documento que describe los criterios de evaluaci?n",
            "description": "Convocatoria al procedimiento de contratacion",
            "url": "http://189.211.120.220:8880/files/opendata/15082-ITP-SRO-DCAGI-SC-082-15/8.-%20CC/8.pdf",
            "datePublished": "2015-10-21T05:00:00.000Z",
            "dateModified": "2015-10-21T05:00:00.000Z",
            "format": "html",
            "language": "es"
          },
          {
            "id": "doc-edf95fb9-975f-4202-9346-56fc718ee8ec",
            "documentType": "Tender Notice",
            "title": "Documento que contiene los objetivos y caracter?sticas del contrato y proceso de licitaci?n",
            "description": "Convocatoria al procedimiento de contratacion",
            "url": "http://189.211.120.220:8880/files/opendata/15082-ITP-SRO-DCAGI-SC-082-15/8.-%20CC/8.pdf",
            "datePublished": "2015-10-21T05:00:00.000Z",
            "dateModified": "2015-10-21T05:00:00.000Z",
            "format": "html",
            "language": "es"
          },
          {
            "id": "doc-119d5514-73cb-4357-84b6-305e8d85c8c3",
            "documentType": "Tender Notice",
            "title": "Documento que contiene las especificaicones t?cnicas de la obra",
            "description": "Convocatoria al procedimiento de contratacion",
            "url": "http://189.211.120.220:8880/files/opendata/15082-ITP-SRO-DCAGI-SC-082-15/8.-%20CC/8.pdf",
            "datePublished": "2015-10-21T05:00:00.000Z",
            "dateModified": "2015-10-21T05:00:00.000Z",
            "format": "html",
            "language": "es"
          },
          {
            "id": "doc-e5610400-847e-49ce-82ea-bac220ef2236",
            "documentType": "Tender Notice",
            "title": "Convocatoria al procedimiento de contrataci?n",
            "description": "Convocatoria al procedimiento de contratacion",
            "url": "http://189.211.120.220:8880/files/opendata/15082-ITP-SRO-DCAGI-SC-082-15/8.-%20CC/8.pdf",
            "datePublished": "2015-10-21T05:00:00.000Z",
            "dateModified": "2015-10-21T05:00:00.000Z",
            "format": "html",
            "language": "es"
          },
          {
            "id": "doc-f53e5b86-61db-49b2-b516-dcf12cc6ab56",
            "documentType": "Tender Notice",
            "title": "Documento que describe los criterios que deben cumplir los licitantes",
            "description": "Convocatoria al procedimiento de contratacion",
            "url": "http://189.211.120.220:8880/files/opendata/15082-ITP-SRO-DCAGI-SC-082-15/8.-%20CC/8.pdf",
            "datePublished": "2015-10-21T05:00:00.000Z",
            "dateModified": "2015-10-21T05:00:00.000Z",
            "format": "html",
            "language": "es"
          }
        ]
      },
      "buyer": {
        "identifier": {
          "scheme": "MK-009KDH999",
          "id": "GACM",
          "legalName": "Grupo Aeroportuario de la Ciudad de Mexico, S.A. de C.V.",
          "uri": "http://www.aeropuerto.gob.mx/"
        },
        "name": "Grupo Aeroportuario de la Ciudad de Mexico, S.A. de C.V.",
        "address": {
          "streetAddress": "AV. INSURGENTES SUR NO. 2453 PISO 2 OFICINA 203",
          "locality": "COL. TIZAPAN",
          "region": "DEL. ALVARO OBREGON",
          "postalCode": "01090",
          "countryName": "Mexico"
        },
        "contactPoint": {
          "name": "G05-DIRECCION CORPORATIVA DE ADMINISTRACION Y GESTION INMOBILIARIA",
          "url": "http://www.aeropuerto.gob.mx/"
        }
      },
      "awards": [
        {
          "id": "IO-009KDH999-N81-2015",
          "title": "?Servicio de transporte con camionetas de redilas para los trabajos que conforman el programa de empleo temporal (PET), en el predio del Nuevo Aeropuerto Internacional de la Ciudad de Mexico",
          "description": "Ver documento adjunto",
          "status": "active",
          "date": "2015-10-21T05:00:00.000Z",
          "value": {
            "amount": 1176000,
            "currency": "MXN"
          },
          "suppliers": [
            {
              "identifier": {
                "id": "OTT9504062X7",
                "legalName": "OMNIBUS Y TRANSPORTES Y TRANSPORTES TERRESTRES EJECUTIVOS, S.A. DE C.V."
              },
              "name": "OMNIBUS Y TRANSPORTES Y TRANSPORTES TERRESTRES EJECUTIVOS, S.A. DE C.V.",
              "address": {
                "streetAddress": "Calzada Vallejo 705",
                "locality": "Nueva Vallejo",
                "region": "Gustavo A. Madero",
                "postalCode": "07750",
                "countryName": "Mexico"
              }
            }
          ],
          "items": [
            {
              "id": "item-a9398151-eeb7-4aa3-9e21-2e0c8cdd27d7",
              "description": "Servicio de transporte con camionetas de redilas para los trabajos que conforman el programa de empleo temporal (PET), en el predio del Nuevo Aeropuerto Internacional de la Ciudad de Mexico",
              "classification": {
                "scheme": "EDIFICACION NO HABITACIONAL",
                "id": "6220"
              },
              "quantity": 1,
              "unit": {
                "name": "srv",
                "value": {
                  "amount": 1176000,
                  "currency": "MXN"
                }
              }
            }
          ],
          "contractPeriod": {
            "startDate": "2015-10-22T05:00:00.000Z",
            "endDate": "2015-12-31T06:00:00.000Z"
          },
          "documents": [
            {
              "id": "doc-f16fd8d6-91f9-4625-b24f-1f124a53c3ff",
              "documentType": "Award Notice",
              "title": "Fallo",
              "description": "Acta de Fallo",
              "url": "http://189.211.120.220:8880/files/opendata/15082-ITP-SRO-DCAGI-SC-082-15/12.-%20AF/12.pdf",
              "datePublished": "2015-10-21T05:00:00.000Z",
              "dateModified": "2015-10-21T05:00:00.000Z",
              "format": "html",
              "language": "es"
            },
            {
              "id": "doc-6eb60cd0-01b4-48c6-ade7-396ced9e6f76",
              "documentType": "Award Notice",
              "title": "Fallo",
              "description": "Descripcion del acto de presentacion y apertura de proposiciones",
              "url": "http://189.211.120.220:8880/files/opendata/15082-ITP-SRO-DCAGI-SC-082-15/10.-%20AP/10.pdf",
              "datePublished": "2015-10-21T05:00:00.000Z",
              "dateModified": "2015-10-21T05:00:00.000Z",
              "format": "html",
              "language": "es"
            }
          ]
        }
      ],
      "contracts": [
        {
          "id": "ITP-SRO-DCAGI-SC-082/15",
          "awardID": "IO-009KDH999-N81-2015",
          "title": "?Servicio de transporte con camionetas de redilas para los trabajos que conforman el programa de empleo temporal (PET), en el predio del Nuevo Aeropuerto Internacional de la Ciudad de Mexico",
          "description": "Ver documento adjunto",
          "status": "active",
          "period": {
            "startDate": "2015-10-22T05:00:00.000Z",
            "endDate": "2015-12-31T06:00:00.000Z"
          },
          "value": {
            "amount": 1176000,
            "currency": "MXN"
          },
          "items": [
            {
              "id": "item-a8128720-a15e-42ed-847b-112ee787bb5c",
              "description": "Servicio de transporte con camionetas de redilas para los trabajos que conforman el programa de empleo temporal (PET), en el predio del Nuevo Aeropuerto Internacional de la Ciudad de Mexico",
              "classification": {
                "scheme": "EDIFICACION NO HABITACIONAL",
                "id": "6220"
              },
              "quantity": 1,
              "unit": {
                "name": "srv",
                "value": {
                  "amount": 1176000,
                  "currency": "MXN"
                }
              }
            }
          ],
          "dateSigned": "2015-10-22T05:00:00.000Z",
          "documents": [
            {
              "id": "doc-d83cbddd-950a-49f3-8aa4-f28152167c11",
              "documentType": "Contract Signed",
              "title": "Contrato firmado",
              "description": "Contrato firmado",
              "url": "http://189.211.120.220:8880/files/opendata/15082-ITP-SRO-DCAGI-SC-082-15/15.-%20CF/15.pdf",
              "datePublished": "2015-10-21T05:00:00.000Z",
              "dateModified": "2015-10-21T05:00:00.000Z",
              "format": "html",
              "language": "es"
            },
            {
              "id": "doc-64c1aa5e-b239-48e7-b07b-756ff9a44eee",
              "documentType": "Contract Signed",
              "title": "Cl?usula sobre las condiciones de entrega de la obra",
              "description": "Contrato firmado",
              "url": "http://189.211.120.220:8880/files/opendata/15082-ITP-SRO-DCAGI-SC-082-15/15.-%20CF/15.pdf",
              "datePublished": "2015-10-21T05:00:00.000Z",
              "dateModified": "2015-10-21T05:00:00.000Z",
              "format": "html",
              "language": "es"
            },
            {
              "id": "doc-aa47ca08-50fa-4cdb-a4df-c28b7ce3f13d",
              "documentType": "Contract Guarantees",
              "title": "Fianza de anticipo",
              "description": "Garantia sobre el anticipo",
              "url": "http://189.211.120.220:8880/files/opendata/15082-ITP-SRO-DCAGI-SC-082-15/17.-%20GA/17.pdf",
              "datePublished": "2015-10-21T05:00:00.000Z",
              "dateModified": "2015-10-21T05:00:00.000Z",
              "format": "html",
              "language": "es"
            },
            {
              "id": "doc-fed95571-a0f5-4b94-ac05-250c39c129f4",
              "documentType": "Contract Guarantees",
              "title": "Fianza de cumplimiento",
              "description": "Garantias de cumplimiento",
              "url": "http://189.211.120.220:8880/files/opendata/15082-ITP-SRO-DCAGI-SC-082-15/18.-%20GC/18.pdf",
              "datePublished": "2015-10-21T05:00:00.000Z",
              "dateModified": "2015-10-21T05:00:00.000Z",
              "format": "html",
              "language": "es"
            }
          ]
        }
      ],
      "language": "es"
    }
  ],
  "publisher": {
    "name": "GACM",
    "scheme": "SERVICIO",
    "uid": "AS",
    "uri": "http://www.aeropuerto.gob.mx/"
  },
  "license": "https://datos.gob.mx/libreusomx/",
  "publicationPolicy": "https://datos.gob.mx/libreusomx/"
}
