{
  "uri": "https://datos.gob.mx/busca/dataset?organization=gacm",
  "publishedDate": "2017-02-15T16:48:25.811Z",
  "releases": [
    {
      "ocid": "30",
      "id": "RELEASE_30_2017-02-15T16:48:25.810Z",
      "date": "2017-02-08T06:00:00.000Z",
      "tag": [
        "contract"
      ],
      "initiationType": "tender",
      "planning": {
        "budget": {
          "source": "http://www.apartados.hacienda.gob.mx/presupuesto/temas/pef/2015/docs/09/r09_kdh_pie.pdf",
          "id": "OBRAS DE CONSTRUCCION PARA EDIFICIOS NO HABITACIONALES",
          "description": "RECURSOS FISCALES",
          "amount": {
            "amount": 241720000,
            "currency": "MXN"
          },
          "project": "Nuevo Aeropuerto Internacional de la Ciudad de Mexico",
          "projectID": "46101",
          "uri": "http://www.apartados.hacienda.gob.mx/presupuesto/temas/pef/2015/docs/09/r09_kdh_pie.pdf"
        },
        "rationale": "Investigaciones y Estudios Especiales, Relacionados con Aspectos Estructurales del Nuevo Aeropuerto de la Ciudad de Mexico (NAICM) en el Vaso del Ex-Lago de Texcoco, Zona Federal",
        "documents": [
          {
            "id": "doc-bcf62c15-9544-479c-a278-b9e5b4f42f68",
            "documentType": "projectPlan",
            "title": "Proyecto ejecutivo de la obra",
            "description": "Terminos de referencia",
            "url": "http://189.211.120.220:8880/files/opendata/15012-GACM-DCI-SJ-CI-012-2015/4.-%20TR/4.pdf",
            "datePublished": "2015-06-01T05:00:00.000Z",
            "dateModified": "2015-06-01T05:00:00.000Z",
            "format": "html",
            "language": "es"
          }
        ]
      },
      "tender": {
        "id": "No aplica",
        "title": "Investigaciones y Estudios Especiales, Relacionados con Aspectos Estructurales del Nuevo Aeropuerto de la Ciudad de Mexico (NAICM) en el Vaso del Ex-Lago de Texcoco, Zona Federal",
        "description": "Investigaciones y Estudios Especiales, Relacionados con Aspectos Estructurales del Nuevo Aeropuerto de la Ciudad de Mexico (NAICM) en el Vaso del Ex-Lago de Texcoco, Zona Federal",
        "status": "active",
        "items": [
          {
            "id": "item-92499c49-d1c3-4ba0-822d-8848632ff720",
            "description": "Investigaciones y Estudios Especiales, Relacionados con Aspectos Estructurales del Nuevo Aeropuerto de la Ciudad de Mexico (NAICM) en el Vaso del Ex-Lago de Texcoco, Zona Federal",
            "classification": {
              "scheme": "EDIFICACION NO HABITACIONAL",
              "id": "6220"
            },
            "quantity": 1,
            "unit": {
              "name": "sop",
              "value": {
                "amount": 55525000,
                "currency": "MXN"
              }
            }
          }
        ],
        "value": {
          "amount": 241720000,
          "currency": "MXN"
        },
        "procurementMethod": "open",
        "procurementMethodRationale": "No aplica",
        "metodoDeAdquisicion": "Convenio de colaboración",
        "awardCriteria": "bestValueToGoverment",
        "awardCriteriaDetails": "Presencial",
        "submissionMethod": [
          "No aplica"
        ],
        "eligibilityCriteria": "Ver documento adjunto",
        "documents": [
          {
            "id": "doc-c53b61f8-fc45-4874-8522-ed5bd9a6a4a8",
            "documentType": "Clarifications",
            "title": "Actas de la junta de aclaraciones",
            "description": "Actas de la junta de aclaraciones",
            "url": "http://189.211.120.220:8880/files/opendata/15012-GACM-DCI-SJ-CI-012-2015/9.-%20AJ/9.pdf",
            "datePublished": "2015-06-01T05:00:00.000Z",
            "dateModified": "2015-06-01T05:00:00.000Z",
            "format": "html",
            "language": "es"
          },
          {
            "id": "doc-fd06c298-2c95-4209-a4e4-b8952ff22ca5",
            "documentType": "Tender Notice",
            "title": "Documento que contiene las especificaciones t?cnicas de la obra",
            "description": "Convocatoria al procedimiento de contratacion",
            "url": "http://189.211.120.220:8880/files/opendata/15012-GACM-DCI-SJ-CI-012-2015/8.-%20CC/8.pdf",
            "datePublished": "2015-06-01T05:00:00.000Z",
            "dateModified": "2015-06-01T05:00:00.000Z",
            "format": "html",
            "language": "es"
          },
          {
            "id": "doc-ebb975fe-dc0c-4207-b3fe-8a10313757d9",
            "documentType": "Tender Notice",
            "title": "Documento que describe los criterios de evaluaci?n",
            "description": "Convocatoria al procedimiento de contratacion",
            "url": "http://189.211.120.220:8880/files/opendata/15012-GACM-DCI-SJ-CI-012-2015/8.-%20CC/8.pdf",
            "datePublished": "2015-06-01T05:00:00.000Z",
            "dateModified": "2015-06-01T05:00:00.000Z",
            "format": "html",
            "language": "es"
          },
          {
            "id": "doc-7a3aed31-4862-453b-96a1-ebb58a530201",
            "documentType": "Tender Notice",
            "title": "Documento que contiene los objetivos y caracter?sticas del contrato y proceso de licitaci?n",
            "description": "Convocatoria al procedimiento de contratacion",
            "url": "http://189.211.120.220:8880/files/opendata/15012-GACM-DCI-SJ-CI-012-2015/8.-%20CC/8.pdf",
            "datePublished": "2015-06-01T05:00:00.000Z",
            "dateModified": "2015-06-01T05:00:00.000Z",
            "format": "html",
            "language": "es"
          },
          {
            "id": "doc-8298a53c-a2cc-4426-bc8a-cbe0762a7aec",
            "documentType": "Tender Notice",
            "title": "Convocatoria al procedimiento de contrataci?n",
            "description": "Convocatoria al procedimiento de contratacion",
            "url": "http://189.211.120.220:8880/files/opendata/15012-GACM-DCI-SJ-CI-012-2015/8.-%20CC/8.pdf",
            "datePublished": "2015-06-01T05:00:00.000Z",
            "dateModified": "2015-06-01T05:00:00.000Z",
            "format": "html",
            "language": "es"
          },
          {
            "id": "doc-21ae40a1-63a0-4999-9ca6-47c412b90f51",
            "documentType": "Tender Notice",
            "title": "Documento que describe los criterios que deben cumplir los licitantes",
            "description": "Convocatoria al procedimiento de contratacion",
            "url": "http://189.211.120.220:8880/files/opendata/15012-GACM-DCI-SJ-CI-012-2015/8.-%20CC/8.pdf",
            "datePublished": "2015-06-01T05:00:00.000Z",
            "dateModified": "2015-06-01T05:00:00.000Z",
            "format": "html",
            "language": "es"
          }
        ]
      },
      "buyer": {
        "identifier": {
          "scheme": "MK-009KDH999",
          "id": "GACM",
          "legalName": "Grupo Aeroportuario de la Ciudad de Mexico, S.A. de C.V.",
          "uri": "http://www.aeropuerto.gob.mx/"
        },
        "name": "Grupo Aeroportuario de la Ciudad de Mexico, S.A. de C.V.",
        "address": {
          "streetAddress": "AV. INSURGENTES SUR NO. 2453 PISO 2 OFICINA 203",
          "locality": "COL. TIZAPAN",
          "region": "DEL. ALVARO OBREGON",
          "postalCode": "01090",
          "countryName": "Mexico"
        },
        "contactPoint": {
          "name": "G05-DIRECCION CORPORATIVA DE ADMINISTRACION Y GESTION INMOBILIARIA",
          "url": "http://www.aeropuerto.gob.mx/"
        }
      },
      "awards": [
        {
          "id": "No aplica",
          "title": "Investigaciones y Estudios Especiales, Relacionados con Aspectos Estructurales del Nuevo Aeropuerto de la Ciudad de Mexico (NAICM) en el Vaso del Ex-Lago de Texcoco, Zona Federal",
          "description": "Ver documento adjunto",
          "status": "active",
          "value": {
            "amount": 55525000,
            "currency": "MXN"
          },
          "suppliers": [
            {
              "identifier": {
                "id": "UNA2907227Y5",
                "legalName": "Universidad Nacional Autonoma de Mexico."
              },
              "name": "Universidad Nacional Autonoma de Mexico.",
              "address": {
                "streetAddress": "Torre de Rectoria, piso 9",
                "locality": "Ciudad Universitaria",
                "region": "Coyoacan",
                "postalCode": "04510",
                "countryName": "Mexico"
              }
            }
          ],
          "items": [
            {
              "id": "item-78a9bf6c-0ad4-4da6-8f9c-fc3fd94a1a8a",
              "description": "Investigaciones y Estudios Especiales, Relacionados con Aspectos Estructurales del Nuevo Aeropuerto de la Ciudad de Mexico (NAICM) en el Vaso del Ex-Lago de Texcoco, Zona Federal",
              "classification": {
                "scheme": "EDIFICACION NO HABITACIONAL",
                "id": "6220"
              },
              "quantity": 1,
              "unit": {
                "name": "sop",
                "value": {
                  "amount": 55525000,
                  "currency": "MXN"
                }
              }
            }
          ],
          "contractPeriod": {
            "startDate": "2015-06-01T05:00:00.000Z",
            "endDate": "2016-12-31T06:00:00.000Z"
          },
          "documents": [
            {
              "id": "doc-a6519cc9-7eba-4fe0-9608-0cb00bb0cad0",
              "documentType": "Award Notice",
              "title": "Fallo",
              "description": "Acta de fallo",
              "url": "http://189.211.120.220:8880/files/opendata/15012-GACM-DCI-SJ-CI-012-2015/12.-%20AF/12.pdf",
              "datePublished": "2015-06-01T05:00:00.000Z",
              "dateModified": "2015-06-01T05:00:00.000Z",
              "format": "html",
              "language": "es"
            },
            {
              "id": "doc-284213ae-7139-4d18-b501-0694ce7d1349",
              "documentType": "Award Notice",
              "title": "Fallo",
              "description": "Descripcion del acto de presentacion y apertura de proposiciones",
              "url": "http://189.211.120.220:8880/files/opendata/15012-GACM-DCI-SJ-CI-012-2015/10.-%20AP/10.pdf",
              "datePublished": "2015-06-01T05:00:00.000Z",
              "dateModified": "2015-06-01T05:00:00.000Z",
              "format": "html",
              "language": "es"
            }
          ]
        }
      ],
      "contracts": [
        {
          "id": "GACM/DCI/SJ/CI/012-2015",
          "awardID": "No aplica",
          "title": "Investigaciones y Estudios Especiales, Relacionados con Aspectos Estructurales del Nuevo Aeropuerto de la Ciudad de Mexico (NAICM) en el Vaso del Ex-Lago de Texcoco, Zona Federal",
          "description": "Ver documento adjunto",
          "status": "active",
          "period": {
            "startDate": "2015-06-01T05:00:00.000Z",
            "endDate": "2016-12-31T06:00:00.000Z"
          },
          "value": {
            "amount": 55525000,
            "currency": "MXN"
          },
          "items": [
            {
              "id": "item-904b2113-a069-4f48-b729-4419e1c00923",
              "description": "Investigaciones y Estudios Especiales, Relacionados con Aspectos Estructurales del Nuevo Aeropuerto de la Ciudad de Mexico (NAICM) en el Vaso del Ex-Lago de Texcoco, Zona Federal",
              "classification": {
                "scheme": "EDIFICACION NO HABITACIONAL",
                "id": "6220"
              },
              "quantity": 1,
              "unit": {
                "name": "sop",
                "value": {
                  "amount": 55525000,
                  "currency": "MXN"
                }
              }
            }
          ],
          "dateSigned": "2015-06-01T05:00:00.000Z",
          "documents": [
            {
              "id": "doc-b5ee0c5d-ff64-454a-a195-e32522dd1765",
              "documentType": "Contract Signed",
              "title": "Cl?usula sobre las condiciones de entrega de la obra",
              "description": "Contrato firmado",
              "url": "http://189.211.120.220:8880/files/opendata/15012-GACM-DCI-SJ-CI-012-2015/15.-%20CF/15.pdf",
              "datePublished": "2015-06-01T05:00:00.000Z",
              "dateModified": "2015-06-01T05:00:00.000Z",
              "format": "html",
              "language": "es"
            },
            {
              "id": "doc-707bf8c1-b17d-4afc-a493-67bb1441eac3",
              "documentType": "Contract Signed",
              "title": "Contrato firmado",
              "description": "Contrato firmado",
              "url": "http://189.211.120.220:8880/files/opendata/15012-GACM-DCI-SJ-CI-012-2015/15.-%20CF/15.pdf",
              "datePublished": "2015-06-01T05:00:00.000Z",
              "dateModified": "2015-06-01T05:00:00.000Z",
              "format": "html",
              "language": "es"
            },
            {
              "id": "doc-58f4b05e-1ef4-4e4c-8d57-b9048ac20c6c",
              "documentType": "Contract Guarantees",
              "title": "Fianza de anticipo",
              "description": "Garantia sobre el anticipo",
              "url": "http://189.211.120.220:8880/files/opendata/15012-GACM-DCI-SJ-CI-012-2015/17.-%20GA/17.pdf",
              "datePublished": "2015-06-01T05:00:00.000Z",
              "dateModified": "2015-06-01T05:00:00.000Z",
              "format": "html",
              "language": "es"
            },
            {
              "id": "doc-2677bc56-1dab-493b-9be6-23feb6ffc709",
              "documentType": "Contract Guarantees",
              "title": "Fianza de cumplimiento",
              "description": "Garantias de cumplimiento",
              "url": "http://189.211.120.220:8880/files/opendata/15012-GACM-DCI-SJ-CI-012-2015/18.-%20GC/18.pdf",
              "datePublished": "2015-06-01T05:00:00.000Z",
              "dateModified": "2015-06-01T05:00:00.000Z",
              "format": "html",
              "language": "es"
            }
          ]
        }
      ],
      "language": "es"
    }
  ],
  "publisher": {
    "name": "GACM",
    "scheme": "SERVICIO",
    "uid": "AS",
    "uri": "http://www.aeropuerto.gob.mx/"
  },
  "license": "https://datos.gob.mx/libreusomx/",
  "publicationPolicy": "https://datos.gob.mx/libreusomx/"
}
