{
  "uri": "https://datos.gob.mx/busca/dataset?organization=gacm",
  "publishedDate": "2017-02-15T16:48:25.927Z",
  "releases": [
    {
      "ocid": "301",
      "id": "RELEASE_301_2017-02-15T16:48:25.926Z",
      "date": "2017-02-09T06:00:00.000Z",
      "tag": [
        "contract"
      ],
      "initiationType": "tender",
      "planning": {
        "budget": {
          "source": "http://www.apartados.hacienda.gob.mx/presupuesto/temas/pef/2016/docs/09/r09_kdh_pie.pdf",
          "id": "APORTACIONES A FIDEICOMISOS PUBLICOS",
          "description": "RECURSOS FISCALES",
          "amount": {
            "amount": 37931034.48,
            "currency": "MXN"
          },
          "project": "Nuevo Aeropuerto Internacional de la Ciudad de Mexico",
          "projectID": "46101",
          "uri": "http://www.apartados.hacienda.gob.mx/presupuesto/temas/pef/2016/docs/09/r09_kdh_pie.pdf"
        },
        "rationale": "Estudio de prueba para estabilizacion de suelos con tecnologia al vacio en el Nuevo Aeropuerto Internacional de la Ciudad de Mexico",
        "documents": [
          {
            "id": "doc-47a3e748-b178-4e1b-91ae-aea291aab8ce",
            "documentType": "projectPlan",
            "title": "Proyecto ejecutivo de la obra",
            "description": "Terminos de referencia",
            "url": "http://189.211.120.220:8880/files/opendata/16038-ITP-SRO-DCAGI-SC-038-16/4.-%20TR/4.pdf",
            "datePublished": "2016-06-07T05:00:00.000Z",
            "dateModified": "2016-06-07T05:00:00.000Z",
            "format": "html",
            "language": "es"
          },
          {
            "id": "doc-dc5c4f6b-b43d-433d-90f9-9b2a18a4ca96",
            "documentType": "projectPlan",
            "title": "Proyecto ejecutivo de la obra",
            "description": "Terminos de referencia",
            "url": "http://189.211.120.220:8880/files/opendata/16038-ITP-SRO-DCAGI-SC-038-16/4.-%20TR/4.4.pdf",
            "datePublished": "2016-06-07T05:00:00.000Z",
            "dateModified": "2016-06-07T05:00:00.000Z",
            "format": "html",
            "language": "es"
          },
          {
            "id": "doc-f329e133-fd34-436e-bbba-56495f61e941",
            "documentType": "projectPlan",
            "title": "Proyecto ejecutivo de la obra",
            "description": "Terminos de referencia",
            "url": "http://189.211.120.220:8880/files/opendata/16038-ITP-SRO-DCAGI-SC-038-16/4.-%20TR/4.3.pdf",
            "datePublished": "2016-06-07T05:00:00.000Z",
            "dateModified": "2016-06-07T05:00:00.000Z",
            "format": "html",
            "language": "es"
          },
          {
            "id": "doc-776f5884-8343-48ca-9b4a-ff9cec53d300",
            "documentType": "projectPlan",
            "title": "Proyecto ejecutivo de la obra",
            "description": "Terminos de referencia",
            "url": "http://189.211.120.220:8880/files/opendata/16038-ITP-SRO-DCAGI-SC-038-16/4.-%20TR/4.2.pdf",
            "datePublished": "2016-06-07T05:00:00.000Z",
            "dateModified": "2016-06-07T05:00:00.000Z",
            "format": "html",
            "language": "es"
          },
          {
            "id": "doc-d6aae933-f140-49ec-b620-8ad17fea9f7c",
            "documentType": "projectPlan",
            "title": "Proyecto ejecutivo de la obra",
            "description": "Terminos de referencia",
            "url": "http://189.211.120.220:8880/files/opendata/16038-ITP-SRO-DCAGI-SC-038-16/4.-%20TR/4.1.pdf",
            "datePublished": "2016-06-07T05:00:00.000Z",
            "dateModified": "2016-06-07T05:00:00.000Z",
            "format": "html",
            "language": "es"
          }
        ]
      },
      "tender": {
        "id": "1063459",
        "title": "Estudio de prueba para estabilizacion de suelos con tecnologia al vacio en el Nuevo Aeropuerto Internacional de la Ciudad de Mexico",
        "description": "Estudio de prueba para estabilizacion de suelos con tecnologia al vacio en el Nuevo Aeropuerto Internacional de la Ciudad de Mexico",
        "status": "active",
        "items": [
          {
            "id": "item-a8a53264-5f39-4882-97e1-12c149da5f22",
            "description": "Estudio de prueba para estabilizacion de suelos con tecnologia al vacio en el Nuevo Aeropuerto Internacional de la Ciudad de Mexico",
            "classification": {
              "scheme": "EDIFICACION NO HABITACIONAL",
              "id": "6220"
            },
            "quantity": 1,
            "unit": {
              "name": "srv",
              "value": {
                "amount": 44150068.04,
                "currency": "MXN"
              }
            }
          }
        ],
        "value": {
          "amount": 37931034.48,
          "currency": "MXN"
        },
        "procurementMethod": "selective",
        "procurementMethodRationale": "Nacional",
        "metodoDeAdquisicion": "Invitación a tres",
        "awardCriteria": "bestValueToGoverment",
        "awardCriteriaDetails": "Presencial",
        "submissionMethod": [
          "Presencial"
        ],
        "tenderPeriod": {
          "startDate": "2016-07-16T05:00:00.000Z",
          "endDate": "2016-05-31T05:00:00.000Z"
        },
        "enquiryPeriod": {
          "startDate": "2016-05-24T05:00:00.000Z",
          "endDate": "2016-05-24T05:00:00.000Z"
        },
        "hasEnquiries": true,
        "eligibilityCriteria": "Ver documento adjunto",
        "awardPeriod": {
          "startDate": "2016-07-16T05:00:00.000Z",
          "endDate": "2016-05-31T05:00:00.000Z"
        },
        "documents": [
          {
            "id": "doc-c1fa7c24-ac7f-4658-9d64-a2501fed8032",
            "documentType": "Clarifications",
            "title": "Actas de la junta de aclaraciones",
            "description": "Actas de la junta de aclaraciones",
            "url": "http://189.211.120.220:8880/files/opendata/16038-ITP-SRO-DCAGI-SC-038-16/9.-%20AJ/9.pdf",
            "datePublished": "2016-06-07T05:00:00.000Z",
            "dateModified": "2016-06-07T05:00:00.000Z",
            "format": "html",
            "language": "es"
          },
          {
            "id": "doc-8a3ca34d-5387-406d-856f-6bdbb4be5e16",
            "documentType": "Tender Notice",
            "title": "Documento que describe los criterios de evaluaci?n",
            "description": "Convocatoria al procedimiento de contratacion",
            "url": "http://189.211.120.220:8880/files/opendata/16038-ITP-SRO-DCAGI-SC-038-16/8.-%20CC/8.pdf",
            "datePublished": "2016-06-07T05:00:00.000Z",
            "dateModified": "2016-06-07T05:00:00.000Z",
            "format": "html",
            "language": "es"
          },
          {
            "id": "doc-20bb5d9a-db63-4b2d-91f7-404883193610",
            "documentType": "Tender Notice",
            "title": "Convocatoria al procedimiento de contrataci?n",
            "description": "Convocatoria al procedimiento de contratacion",
            "url": "http://189.211.120.220:8880/files/opendata/16038-ITP-SRO-DCAGI-SC-038-16/8.-%20CC/8.pdf",
            "datePublished": "2016-06-07T05:00:00.000Z",
            "dateModified": "2016-06-07T05:00:00.000Z",
            "format": "html",
            "language": "es"
          },
          {
            "id": "doc-df5aa424-f30d-42d2-9449-d150a42502e8",
            "documentType": "Tender Notice",
            "title": "Documento que contiene los objetivos y caracter?sticas del contrato y proceso de licitaci?n",
            "description": "Convocatoria al procedimiento de contratacion",
            "url": "http://189.211.120.220:8880/files/opendata/16038-ITP-SRO-DCAGI-SC-038-16/8.-%20CC/8.pdf",
            "datePublished": "2016-06-07T05:00:00.000Z",
            "dateModified": "2016-06-07T05:00:00.000Z",
            "format": "html",
            "language": "es"
          },
          {
            "id": "doc-6f1cea03-d6b9-419b-b903-7539c8fe2ffe",
            "documentType": "Tender Notice",
            "title": "Documento que contiene las especificaciones t?cnicas de la obra",
            "description": "Convocatoria al procedimiento de contratacion",
            "url": "http://189.211.120.220:8880/files/opendata/16038-ITP-SRO-DCAGI-SC-038-16/8.-%20CC/8.pdf",
            "datePublished": "2016-06-07T05:00:00.000Z",
            "dateModified": "2016-06-07T05:00:00.000Z",
            "format": "html",
            "language": "es"
          },
          {
            "id": "doc-4c3f91de-2642-4fef-8736-76591f05bcc3",
            "documentType": "Tender Notice",
            "title": "Documento que describe los criterios que deben cumplir los licitantes",
            "description": "Convocatoria al procedimiento de contratacion",
            "url": "http://189.211.120.220:8880/files/opendata/16038-ITP-SRO-DCAGI-SC-038-16/8.-%20CC/8.pdf",
            "datePublished": "2016-06-07T05:00:00.000Z",
            "dateModified": "2016-06-07T05:00:00.000Z",
            "format": "html",
            "language": "es"
          }
        ]
      },
      "buyer": {
        "identifier": {
          "scheme": "MK-009KDH999",
          "id": "GACM",
          "legalName": "Grupo Aeroportuario de la Ciudad de Mexico, S.A. de C.V.",
          "uri": "http://www.aeropuerto.gob.mx/"
        },
        "name": "Grupo Aeroportuario de la Ciudad de Mexico, S.A. de C.V.",
        "address": {
          "streetAddress": "AV. INSURGENTES SUR NO. 2453 PISO 2 OFICINA 203",
          "locality": "COL. TIZAPAN",
          "region": "DEL. ALVARO OBREGON",
          "postalCode": "01090",
          "countryName": "Mexico"
        },
        "contactPoint": {
          "name": "G05-DIRECCION CORPORATIVA DE ADMINISTRACION Y GESTION INMOBILIARIA",
          "url": "http://www.aeropuerto.gob.mx/"
        }
      },
      "awards": [
        {
          "id": "009-KDH999-E71-2016",
          "title": "Estudio de prueba para estabilizacion de suelos con tecnologia al vacio en el Nuevo Aeropuerto Internacional de la Ciudad de Mexico",
          "description": "Ver documento adjunto",
          "status": "active",
          "date": "2016-06-07T05:00:00.000Z",
          "value": {
            "amount": 44150068.04,
            "currency": "MXN"
          },
          "suppliers": [
            {
              "identifier": {
                "id": "PIM821215QH5",
                "legalName": "PIMOSA, S.A. de C.V."
              },
              "name": "PIMOSA, S.A. de C.V.",
              "address": {
                "streetAddress": "Avenida San Jeronimo 390, piso 2",
                "locality": "Jardines del Pedregal",
                "region": "Alvaro Obregon",
                "postalCode": "01900",
                "countryName": "Mexico"
              }
            }
          ],
          "items": [
            {
              "id": "item-315e31ff-a56f-4f73-82f1-ecdad3aa827e",
              "description": "Estudio de prueba para estabilizacion de suelos con tecnologia al vacio en el Nuevo Aeropuerto Internacional de la Ciudad de Mexico",
              "classification": {
                "scheme": "EDIFICACION NO HABITACIONAL",
                "id": "6220"
              },
              "quantity": 1,
              "unit": {
                "name": "srv",
                "value": {
                  "amount": 44150068.04,
                  "currency": "MXN"
                }
              }
            }
          ],
          "contractPeriod": {
            "startDate": "2016-06-22T05:00:00.000Z",
            "endDate": "2017-05-22T05:00:00.000Z"
          },
          "documents": [
            {
              "id": "doc-1f56f258-8a1b-4180-8622-d33cd6475d9e",
              "documentType": "Award Notice",
              "title": "Fallo",
              "description": "Acta de Fallo",
              "url": "http://189.211.120.220:8880/files/opendata/16038-ITP-SRO-DCAGI-SC-038-16/12.-%20AF/12.pdf",
              "datePublished": "2016-06-07T05:00:00.000Z",
              "dateModified": "2016-06-07T05:00:00.000Z",
              "format": "html",
              "language": "es"
            },
            {
              "id": "doc-8073fd25-04fb-4f03-a6b0-e624ed451feb",
              "documentType": "Award Notice",
              "title": "Fallo",
              "description": "Descripcion del acto de presentacion y apertura de proposiciones",
              "url": "http://189.211.120.220:8880/files/opendata/16038-ITP-SRO-DCAGI-SC-038-16/10.-%20AP/10.pdf",
              "datePublished": "2016-06-07T05:00:00.000Z",
              "dateModified": "2016-06-07T05:00:00.000Z",
              "format": "html",
              "language": "es"
            }
          ]
        }
      ],
      "contracts": [
        {
          "id": "ITP-SRO-DCAGI-SC-038-16",
          "awardID": "009-KDH999-E71-2016",
          "title": "Estudio de prueba para estabilizacion de suelos con tecnologia al vacio en el Nuevo Aeropuerto Internacional de la Ciudad de Mexico",
          "description": "Ver documento adjunto",
          "status": "active",
          "period": {
            "startDate": "2016-06-22T05:00:00.000Z",
            "endDate": "2017-05-22T05:00:00.000Z"
          },
          "value": {
            "amount": 44150068.04,
            "currency": "MXN"
          },
          "items": [
            {
              "id": "item-f0ba4ef6-960b-42c0-ac68-7daf9fe609e2",
              "description": "Estudio de prueba para estabilizacion de suelos con tecnologia al vacio en el Nuevo Aeropuerto Internacional de la Ciudad de Mexico",
              "classification": {
                "scheme": "EDIFICACION NO HABITACIONAL",
                "id": "6220"
              },
              "quantity": 1,
              "unit": {
                "name": "srv",
                "value": {
                  "amount": 44150068.04,
                  "currency": "MXN"
                }
              }
            }
          ],
          "dateSigned": "2016-06-22T05:00:00.000Z",
          "documents": [
            {
              "id": "doc-b96f65e3-d5dc-4f2e-b5c3-17d1b2fb046b",
              "documentType": "Contract Signed",
              "title": "Contrato firmado",
              "description": "Contrato firmado",
              "url": "http://189.211.120.220:8880/files/opendata/16038-ITP-SRO-DCAGI-SC-038-16/15.-%20CF/15.pdf",
              "datePublished": "2016-06-07T05:00:00.000Z",
              "dateModified": "2016-06-07T05:00:00.000Z",
              "format": "html",
              "language": "es"
            },
            {
              "id": "doc-37e9df97-4e2c-47c2-bd83-af09282c8d5b",
              "documentType": "Contract Signed",
              "title": "Cl?usula sobre las condiciones de entrega de la obra",
              "description": "Contrato firmado",
              "url": "http://189.211.120.220:8880/files/opendata/16038-ITP-SRO-DCAGI-SC-038-16/15.-%20CF/15.pdf",
              "datePublished": "2016-06-07T05:00:00.000Z",
              "dateModified": "2016-06-07T05:00:00.000Z",
              "format": "html",
              "language": "es"
            },
            {
              "id": "doc-7034884f-2cd2-4079-888e-35aedb3a7d60",
              "documentType": "Contract Guarantees",
              "title": "Fianza de anticipo",
              "description": "Garantia sobre el anticipo",
              "url": "http://189.211.120.220:8880/files/opendata/16038-ITP-SRO-DCAGI-SC-038-16/17.-%20GA/17.pdf",
              "datePublished": "2016-06-07T05:00:00.000Z",
              "dateModified": "2016-06-07T05:00:00.000Z",
              "format": "html",
              "language": "es"
            },
            {
              "id": "doc-8b0bc7ce-efdd-41ca-b68b-e6c1f0032b33",
              "documentType": "Contract Guarantees",
              "title": "Fianza de cumplimiento",
              "description": "Garantias de cumplimiento",
              "url": "http://189.211.120.220:8880/files/opendata/16038-ITP-SRO-DCAGI-SC-038-16/18.-%20GC/18.pdf",
              "datePublished": "2016-06-07T05:00:00.000Z",
              "dateModified": "2016-06-07T05:00:00.000Z",
              "format": "html",
              "language": "es"
            }
          ]
        }
      ],
      "language": "es"
    }
  ],
  "publisher": {
    "name": "GACM",
    "scheme": "SERVICIO",
    "uid": "AS",
    "uri": "http://www.aeropuerto.gob.mx/"
  },
  "license": "https://datos.gob.mx/libreusomx/",
  "publicationPolicy": "https://datos.gob.mx/libreusomx/"
}
