{
  "uri": "https://datos.gob.mx/busca/dataset?organization=gacm",
  "publishedDate": "2017-02-15T16:48:26.311Z",
  "releases": [
    {
      "ocid": "304",
      "id": "RELEASE_304_2017-02-15T16:48:26.310Z",
      "date": "2017-02-09T06:00:00.000Z",
      "tag": [
        "contract"
      ],
      "initiationType": "tender",
      "planning": {
        "budget": {
          "source": "http://www.apartados.hacienda.gob.mx/presupuesto/temas/pef/2016/docs/09/r09_kdh_pie.pdf",
          "id": "APORTACIONES A FIDEICOMISOS PUBLICOS",
          "description": "RECURSOS FISCALES",
          "amount": {
            "amount": 8465517.24,
            "currency": "MXN"
          },
          "project": "Nuevo Aeropuerto Internacional de la Ciudad de M?xico",
          "projectID": "46101",
          "uri": "http://www.apartados.hacienda.gob.mx/presupuesto/temas/pef/2016/docs/09/r09_kdh_pie.pdf"
        },
        "rationale": "ELABORACI?N DEL PROGRAMA AMBIENTAL SOBRE LA DISPOSICI?N FINAL DE AGUAS SERVIDAS EN EL NUEVO AEROPUERTO INTERNACIONAL DE LA CIUDAD DE M?XICO.",
        "documents": [
          {
            "id": "doc-3a3cb9a7-474b-4b54-b84c-65c16164c965",
            "documentType": "projectPlan",
            "title": "Proyecto ejecutivo de la obra",
            "description": "Terminos de referencia",
            "url": "http://189.211.120.220:8880/files/opendata/odata/16057-ITP-SRO-DCAGI-SC-057-16/4.-%20TR/4.pdf",
            "datePublished": "2016-07-06T05:00:00.000Z",
            "dateModified": "2016-07-06T05:00:00.000Z",
            "format": "html",
            "language": "es"
          }
        ]
      },
      "tender": {
        "id": "1088729",
        "title": "Nuevo Aeropuerto Internacional de la Ciudad de M?xico",
        "description": "ELABORACI?N DEL PROGRAMA AMBIENTAL SOBRE LA DISPOSICI?N FINAL DE AGUAS SERVIDAS EN EL NUEVO AEROPUERTO INTERNACIONAL DE LA CIUDAD DE M?XICO",
        "status": "active",
        "items": [
          {
            "id": "item-ca13041c-d77a-4c4b-aee2-faa08c24ca9b",
            "description": "ELABORACI?N DEL PROGRAMA AMBIENTAL SOBRE LA DISPOSICI?N FINAL DE AGUAS SERVIDAS EN EL NUEVO AEROPUERTO INTERNACIONAL DE LA CIUDAD DE M?XICO.",
            "classification": {
              "scheme": "EDIFICACION NO HABITACIONAL",
              "id": "6220"
            },
            "quantity": 1,
            "unit": {
              "name": "sop",
              "value": {
                "amount": 8171431.88,
                "currency": "MXN"
              }
            }
          }
        ],
        "value": {
          "amount": 8465517.24,
          "currency": "MXN"
        },
        "procurementMethod": "selective",
        "procurementMethodRationale": "19 INVITACION A CUANDO MENOS TRES NACIONAL LOPSRM",
        "metodoDeAdquisicion": "Invitación a tres",
        "awardCriteria": "bestValueToGoverment",
        "awardCriteriaDetails": "BINARIO",
        "submissionMethod": [
          "P?blico"
        ],
        "tenderPeriod": {
          "startDate": "2016-06-17T05:00:00.000Z",
          "endDate": "2016-06-29T05:00:00.000Z"
        },
        "enquiryPeriod": {
          "startDate": "2016-06-23T05:00:00.000Z",
          "endDate": "2016-06-29T05:00:00.000Z"
        },
        "hasEnquiries": true,
        "eligibilityCriteria": "Ver documento adjunto",
        "awardPeriod": {
          "startDate": "2016-06-17T05:00:00.000Z",
          "endDate": "2016-06-29T05:00:00.000Z"
        },
        "documents": [
          {
            "id": "doc-170a98ed-a24f-47e5-91c8-fc6bece8d77d",
            "documentType": "Clarifications",
            "title": "Actas de la junta de aclaraciones",
            "description": "Actas de la junta de aclaraciones",
            "url": "http://189.211.120.220:8880/files/opendata/odata/16057-ITP-SRO-DCAGI-SC-057-16/9.-%20AJ/9.pdf",
            "datePublished": "2016-07-06T05:00:00.000Z",
            "dateModified": "2016-07-06T05:00:00.000Z",
            "format": "html",
            "language": "es"
          },
          {
            "id": "doc-37716cea-2d63-48e6-a189-b69406c4e925",
            "documentType": "Tender Notice",
            "title": "Documento que contiene las especificaciones t?cnicas de la obra",
            "description": "Convocatoria al procedimiento de contratacion",
            "url": "http://189.211.120.220:8880/files/opendata/odata/16057-ITP-SRO-DCAGI-SC-057-16/8.-%20CC/8.pdf",
            "datePublished": "2016-07-06T05:00:00.000Z",
            "dateModified": "2016-07-06T05:00:00.000Z",
            "format": "html",
            "language": "es"
          },
          {
            "id": "doc-0b33f65d-e317-403f-bbc0-55e8ea176d7d",
            "documentType": "Tender Notice",
            "title": "Documento que describe los criterios de evaluaci?n",
            "description": "Convocatoria al procedimiento de contratacion",
            "url": "http://189.211.120.220:8880/files/opendata/odata/16057-ITP-SRO-DCAGI-SC-057-16/8.-%20CC/8.pdf",
            "datePublished": "2016-07-06T05:00:00.000Z",
            "dateModified": "2016-07-06T05:00:00.000Z",
            "format": "html",
            "language": "es"
          },
          {
            "id": "doc-9cd18a03-94c8-4425-883b-7f5dd8caee8a",
            "documentType": "Tender Notice",
            "title": "Documento que contiene los objetivos y caracter?sticas del contrato y proceso de licitaci?n",
            "description": "Convocatoria al procedimiento de contratacion",
            "url": "http://189.211.120.220:8880/files/opendata/odata/16057-ITP-SRO-DCAGI-SC-057-16/8.-%20CC/8.pdf",
            "datePublished": "2016-07-06T05:00:00.000Z",
            "dateModified": "2016-07-06T05:00:00.000Z",
            "format": "html",
            "language": "es"
          },
          {
            "id": "doc-bb437947-7b02-4aa1-97f1-da4f9164b8ec",
            "documentType": "Tender Notice",
            "title": "Convocatoria al procedimiento de contrataci?n",
            "description": "Convocatoria al procedimiento de contratacion",
            "url": "http://189.211.120.220:8880/files/opendata/odata/16057-ITP-SRO-DCAGI-SC-057-16/8.-%20CC/8.pdf",
            "datePublished": "2016-07-06T05:00:00.000Z",
            "dateModified": "2016-07-06T05:00:00.000Z",
            "format": "html",
            "language": "es"
          },
          {
            "id": "doc-15186ee6-442c-489b-ac22-13dd17132f8a",
            "documentType": "Tender Notice",
            "title": "Documento que describe los criterios que deben cumplir los licitantes",
            "description": "Convocatoria al procedimiento de contratacion",
            "url": "http://189.211.120.220:8880/files/opendata/odata/16057-ITP-SRO-DCAGI-SC-057-16/8.-%20CC/8.pdf",
            "datePublished": "2016-07-06T05:00:00.000Z",
            "dateModified": "2016-07-06T05:00:00.000Z",
            "format": "html",
            "language": "es"
          }
        ]
      },
      "buyer": {
        "identifier": {
          "scheme": "MK-009KDH999",
          "id": "GACM",
          "legalName": "GRUPO AEROPORTUARIO DE LA CIUDAD DE M?XICO S.A DE C.V",
          "uri": "http://www.aeropuerto.gob.mx/"
        },
        "name": "GRUPO AEROPORTUARIO DE LA CIUDAD DE M?XICO",
        "address": {
          "streetAddress": "AV. INSURGENTES SUR NO. 2453 PISO 2 OFICINA 203",
          "locality": "COL. TIZAPAN",
          "region": "DEL. ALVARO OBREGON",
          "postalCode": "01090",
          "countryName": "Mexico"
        },
        "contactPoint": {
          "name": "G05-DIRECCION CORPORATIVA DE ADMINISTRACION Y GESTION INMOBILIARIA",
          "url": "http://www.aeropuerto.gob.mx/"
        }
      },
      "awards": [
        {
          "id": "IO-009KDH999-E84-2016",
          "title": "ELABORACI?N DEL PROGRAMA AMBIENTAL SOBRE LA DISPOSICI?N FINAL DE AGUAS SERVIDAS EN EL NUEVO AEROPUERTO INTERNACIONAL DE LA CIUDAD DE M?XICO.",
          "description": "Ver documento adjunto",
          "status": "active",
          "date": "2016-07-06T05:00:00.000Z",
          "value": {
            "amount": 8171431.88,
            "currency": "MXN"
          },
          "suppliers": [
            {
              "identifier": {
                "id": "F GLEZ CONSULTORES",
                "legalName": "F GLEZ CONSULTORES Y ASOCIADOS, S.A. DE C.V."
              },
              "name": "F GLEZ CONSULTORES Y ASOCIADOS, S.A. DE C.V.",
              "address": {
                "streetAddress": "ALFONSO ESPARZA OTEO INT 408 EXT 144",
                "locality": "GUADALUPE INN",
                "region": "ALVARO OBREGON",
                "postalCode": "01020",
                "countryName": "MEXICO"
              },
              "contactPoint": {
                "name": "CARLOS REYES ZAZUETA",
                "email": "noproporcionado@noproporcionado.com"
              }
            }
          ],
          "items": [
            {
              "id": "item-788cad71-5062-4cb6-963e-4d162d5a7c0e",
              "description": "ELABORACI?N DEL PROGRAMA AMBIENTAL SOBRE LA DISPOSICI?N FINAL DE AGUAS SERVIDAS EN EL NUEVO AEROPUERTO INTERNACIONAL DE LA CIUDAD DE M?XICO.",
              "classification": {
                "scheme": "EDIFICACION NO HABITACIONAL",
                "id": "6220"
              },
              "quantity": 1,
              "unit": {
                "name": "sop",
                "value": {
                  "amount": 8171431.88,
                  "currency": "MXN"
                }
              }
            }
          ],
          "contractPeriod": {
            "startDate": "2016-07-11T05:00:00.000Z",
            "endDate": "2016-12-31T06:00:00.000Z"
          },
          "documents": [
            {
              "id": "doc-18688136-a626-4d03-ad9b-251d01b6a339",
              "documentType": "Award Notice",
              "title": "Fallo",
              "description": "Acta de fallo",
              "url": "http://189.211.120.220:8880/files/opendata/odata/16057-ITP-SRO-DCAGI-SC-057-16/12.-%20AF/12.pdf",
              "datePublished": "2016-07-06T05:00:00.000Z",
              "dateModified": "2016-07-06T05:00:00.000Z",
              "format": "html",
              "language": "es"
            },
            {
              "id": "doc-0705060a-11da-413c-8a89-28ea565b5f3f",
              "documentType": "Award Notice",
              "title": "Fallo",
              "description": "Descripcion del acto de presentacion y apertura de proposiciones",
              "url": "http://189.211.120.220:8880/files/opendata/odata/16057-ITP-SRO-DCAGI-SC-057-16/10.-%20AP/10.pdf",
              "datePublished": "2016-07-06T05:00:00.000Z",
              "dateModified": "2016-07-06T05:00:00.000Z",
              "format": "html",
              "language": "es"
            }
          ]
        }
      ],
      "contracts": [
        {
          "id": "ITP-SRO-DCAGI-SC-057-16",
          "awardID": "IO-009KDH999-E84-2016",
          "title": "ELABORACION DEL PROGRAMA AMBIENTAL SOBRE LA DISPOSICION FINAL DE AGUAS SERVIDAS EN EL NUEVO AEROPUERTO INTERNACIONAL DE LA CIUDAD DE MEXICO.",
          "description": "Ver documento adjunto",
          "status": "active",
          "period": {
            "startDate": "2016-07-11T05:00:00.000Z",
            "endDate": "2016-12-31T06:00:00.000Z"
          },
          "value": {
            "amount": 8171431.88,
            "currency": "MXN"
          },
          "items": [
            {
              "id": "item-903e3d87-ccd7-4d6c-ba9c-fbc85493f645",
              "description": "ELABORACI?N DEL PROGRAMA AMBIENTAL SOBRE LA DISPOSICI?N FINAL DE AGUAS SERVIDAS EN EL NUEVO AEROPUERTO INTERNACIONAL DE LA CIUDAD DE M?XICO.",
              "classification": {
                "scheme": "EDIFICACION NO HABITACIONAL",
                "id": "6220"
              },
              "quantity": 1,
              "unit": {
                "name": "sop",
                "value": {
                  "amount": 8171431.88,
                  "currency": "MXN"
                }
              }
            }
          ],
          "dateSigned": "2016-07-11T05:00:00.000Z",
          "documents": [
            {
              "id": "doc-4fa72fa7-22d3-48ad-a4bc-853c1d1f39e1",
              "documentType": "Contract Signed",
              "title": "Cl?usula sobre las condiciones de entrega de la obra",
              "description": "Contrato firmado",
              "url": "http://189.211.120.220:8880/files/opendata/odata/16057-ITP-SRO-DCAGI-SC-057-16/15.-%20CF/15.pdf",
              "datePublished": "2016-07-06T05:00:00.000Z",
              "dateModified": "2016-07-06T05:00:00.000Z",
              "format": "html",
              "language": "es"
            },
            {
              "id": "doc-16a91912-2053-426c-8bcf-5baa39f3b326",
              "documentType": "Contract Signed",
              "title": "Contrato firmado",
              "description": "Contrato firmado",
              "url": "http://189.211.120.220:8880/files/opendata/odata/16057-ITP-SRO-DCAGI-SC-057-16/15.-%20CF/15.pdf",
              "datePublished": "2016-07-06T05:00:00.000Z",
              "dateModified": "2016-07-06T05:00:00.000Z",
              "format": "html",
              "language": "es"
            },
            {
              "id": "doc-68f712c7-6d5c-435d-a9b9-a85d5c16992c",
              "documentType": "Contract Guarantees",
              "title": "Fianza de anticipo",
              "description": "Garantia sobre el anticipo",
              "url": "http://189.211.120.220:8880/files/opendata/odata/16057-ITP-SRO-DCAGI-SC-057-16/17.-%20GA/17.pdf",
              "datePublished": "2016-07-06T05:00:00.000Z",
              "dateModified": "2016-07-06T05:00:00.000Z",
              "format": "html",
              "language": "es"
            },
            {
              "id": "doc-04573a44-f137-4df2-9f5b-b9b0869254dc",
              "documentType": "Contract Guarantees",
              "title": "Fianza de cumplimiento",
              "description": "Garantias de cumplimiento",
              "url": "http://189.211.120.220:8880/files/opendata/odata/16057-ITP-SRO-DCAGI-SC-057-16/18.-%20GC/18.pdf",
              "datePublished": "2016-07-06T05:00:00.000Z",
              "dateModified": "2016-07-06T05:00:00.000Z",
              "format": "html",
              "language": "es"
            }
          ]
        }
      ],
      "language": "es"
    }
  ],
  "publisher": {
    "name": "GACM",
    "scheme": "SERVICIO",
    "uid": "AS",
    "uri": "http://www.aeropuerto.gob.mx/"
  },
  "license": "https://datos.gob.mx/libreusomx/",
  "publicationPolicy": "https://datos.gob.mx/libreusomx/"
}
