{
  "uri": "https://datos.gob.mx/busca/dataset?organization=gacm",
  "publishedDate": "2017-02-15T16:48:25.950Z",
  "releases": [
    {
      "ocid": "308",
      "id": "RELEASE_308_2017-02-15T16:48:25.949Z",
      "date": "2017-02-09T06:00:00.000Z",
      "tag": [
        "contract"
      ],
      "initiationType": "tender",
      "planning": {
        "budget": {
          "source": "http://www.apartados.hacienda.gob.mx/presupuesto/temas/pef/2016/docs/09/r09_kdh_pie.pdf",
          "id": "IMPRESION Y ELABORACION DE MATERIAL INFORMATIVO DERIVADO DE LA OPERACION Y ADMON DE LAS DEPENDENCIAS Y ENTIDADES",
          "description": "RECURSOS FISCALES",
          "amount": {
            "amount": 180000,
            "currency": "MXN"
          },
          "project": "Nuevo Aeropuerto Internacional de la Ciudad de Mexico",
          "projectID": "46101",
          "uri": "http://www.apartados.hacienda.gob.mx/presupuesto/temas/pef/2016/docs/09/r09_kdh_pie.pdf"
        },
        "rationale": "Servicios de elaboracion del Manual para situaciones de riesgo, desastre, casos fortuitos y de fuerza mayor en la construccion del NAICM",
        "documents": [
          {
            "id": "doc-e77761c7-e738-4a73-8a6c-82b961b4f107",
            "documentType": "projectPlan",
            "title": "Proyecto ejecutivo de la obra",
            "description": "Terminos de referencia",
            "url": "http://189.211.120.220:8880/files/opendata/16044-AD-AS-DCAGI-SC-044-16/4.-%20TR/4.pdf",
            "datePublished": "2016-06-15T05:00:00.000Z",
            "dateModified": "2016-06-15T05:00:00.000Z",
            "format": "html",
            "language": "es"
          }
        ]
      },
      "tender": {
        "id": "1138271?",
        "title": "Servicios de elaboracion del Manual para situaciones de riesgo, desastre, casos fortuitos y de fuerza mayor en la construccion del NAICM",
        "description": "Servicios de elaboracion del Manual para situaciones de riesgo, desastre, casos fortuitos y de fuerza mayor en la construccion del NAICM",
        "status": "active",
        "items": [
          {
            "id": "item-bc0645a2-3985-438c-a031-3ca7022a3652",
            "description": "Servicios de elaboracion del Manual para situaciones de riesgo, desastre, casos fortuitos y de fuerza mayor en la construccion del NAICM",
            "classification": {
              "scheme": "SERVICIOS DE APOYO ADMINISTRATIVO, TRADUCCION, FOTOCOPIADO E IMPRESION",
              "id": "3360"
            },
            "quantity": 1,
            "unit": {
              "name": "srv",
              "value": {
                "amount": 180000,
                "currency": "MXN"
              }
            }
          }
        ],
        "value": {
          "amount": 180000,
          "currency": "MXN"
        },
        "procurementMethod": "limited",
        "procurementMethodRationale": "Nacional",
        "metodoDeAdquisicion": "Adjudicación directa",
        "awardCriteria": "bestValueToGoverment",
        "awardCriteriaDetails": "No aplica",
        "submissionMethod": [
          "No aplica"
        ],
        "eligibilityCriteria": "Ver documento adjunto",
        "documents": [
          {
            "id": "doc-e8ce0cda-875a-4af8-b3af-de7bf1b78b9f",
            "documentType": "Clarifications",
            "title": "Actas de la junta de aclaraciones",
            "description": "Actas de la junta de aclaraciones",
            "url": "http://189.211.120.220:8880/files/opendata/16044-AD-AS-DCAGI-SC-044-16/9.-%20AJ/9.pdf",
            "datePublished": "2016-06-15T05:00:00.000Z",
            "dateModified": "2016-06-15T05:00:00.000Z",
            "format": "html",
            "language": "es"
          },
          {
            "id": "doc-5074efad-1ded-4d62-85bb-8ea54b2e0737",
            "documentType": "Tender Notice",
            "title": "Documento que contiene las especificaciones t?cnicas de la obra",
            "description": "Convocatoria al procedimiento de contratacion",
            "url": "http://189.211.120.220:8880/files/opendata/16044-AD-AS-DCAGI-SC-044-16/8.-%20CC/8.pdf",
            "datePublished": "2016-06-15T05:00:00.000Z",
            "dateModified": "2016-06-15T05:00:00.000Z",
            "format": "html",
            "language": "es"
          },
          {
            "id": "doc-4a7813c5-dea8-4f15-8b0c-8898c16b9d36",
            "documentType": "Tender Notice",
            "title": "Documento que describe los criterios de evaluaci?n",
            "description": "Convocatoria al procedimiento de contratacion",
            "url": "http://189.211.120.220:8880/files/opendata/16044-AD-AS-DCAGI-SC-044-16/8.-%20CC/8.pdf",
            "datePublished": "2016-06-15T05:00:00.000Z",
            "dateModified": "2016-06-15T05:00:00.000Z",
            "format": "html",
            "language": "es"
          },
          {
            "id": "doc-6d53f577-8647-4436-b7ac-5de93a376fb7",
            "documentType": "Tender Notice",
            "title": "Documento que contiene los objetivos y caracter?sticas del contrato y proceso de licitaci?n",
            "description": "Convocatoria al procedimiento de contratacion",
            "url": "http://189.211.120.220:8880/files/opendata/16044-AD-AS-DCAGI-SC-044-16/8.-%20CC/8.pdf",
            "datePublished": "2016-06-15T05:00:00.000Z",
            "dateModified": "2016-06-15T05:00:00.000Z",
            "format": "html",
            "language": "es"
          },
          {
            "id": "doc-c3b534bc-190b-4e1a-a0ff-1810d8788dee",
            "documentType": "Tender Notice",
            "title": "Convocatoria al procedimiento de contrataci?n",
            "description": "Convocatoria al procedimiento de contratacion",
            "url": "http://189.211.120.220:8880/files/opendata/16044-AD-AS-DCAGI-SC-044-16/8.-%20CC/8.pdf",
            "datePublished": "2016-06-15T05:00:00.000Z",
            "dateModified": "2016-06-15T05:00:00.000Z",
            "format": "html",
            "language": "es"
          },
          {
            "id": "doc-060032a7-7474-4d40-b12e-feea67ff4d21",
            "documentType": "Tender Notice",
            "title": "Documento que describe los criterios que deben cumplir los licitantes",
            "description": "Convocatoria al procedimiento de contratacion",
            "url": "http://189.211.120.220:8880/files/opendata/16044-AD-AS-DCAGI-SC-044-16/8.-%20CC/8.pdf",
            "datePublished": "2016-06-15T05:00:00.000Z",
            "dateModified": "2016-06-15T05:00:00.000Z",
            "format": "html",
            "language": "es"
          }
        ]
      },
      "buyer": {
        "identifier": {
          "scheme": "MK-009KDH999",
          "id": "GACM",
          "legalName": "Grupo Aeroportuario de la Ciudad de Mexico, S.A. de C.V.",
          "uri": "http://www.aeropuerto.gob.mx/"
        },
        "name": "Grupo Aeroportuario de la Ciudad de Mexico, S.A. de C.V.",
        "address": {
          "streetAddress": "AV. INSURGENTES SUR NO. 2453 PISO 2 OFICINA 203",
          "locality": "COL. TIZAPAN",
          "region": "DEL. ALVARO OBREGON",
          "postalCode": "01090",
          "countryName": "Mexico"
        },
        "contactPoint": {
          "name": "G05-DIRECCION CORPORATIVA DE ADMINISTRACION Y GESTION INMOBILIARIA",
          "url": "http://www.aeropuerto.gob.mx/"
        }
      },
      "awards": [
        {
          "id": "AA-009KDH999-E116-2016",
          "title": "Servicios de elaboracion del Manual para situaciones de riesgo, desastre, casos fortuitos y de fuerza mayor en la construccion del NAICM",
          "description": "Ver documento adjunto",
          "status": "active",
          "value": {
            "amount": 180000,
            "currency": "MXN"
          },
          "suppliers": [
            {
              "identifier": {
                "id": "CCI050609TK9",
                "legalName": "Comunicacion y Capacitacion e Investigacion Interdisciplinaria, S.C."
              },
              "name": "Comunicacion y Capacitacion e Investigacion Interdisciplinaria, S.C.",
              "address": {
                "streetAddress": "Oriente 259 seccion E no. 59",
                "locality": "Agricola Oriental",
                "region": "Iztacalco",
                "postalCode": "08500",
                "countryName": "Mexico"
              }
            }
          ],
          "items": [
            {
              "id": "item-679c7142-ea3f-4022-b916-f76552a5a7e3",
              "description": "Servicios de elaboracion del Manual para situaciones de riesgo, desastre, casos fortuitos y de fuerza mayor en la construccion del NAICM",
              "classification": {
                "scheme": "SERVICIOS DE APOYO ADMINISTRATIVO, TRADUCCION, FOTOCOPIADO E IMPRESION",
                "id": "3360"
              },
              "quantity": 1,
              "unit": {
                "name": "srv",
                "value": {
                  "amount": 180000,
                  "currency": "MXN"
                }
              }
            }
          ],
          "contractPeriod": {
            "startDate": "2016-07-08T05:00:00.000Z",
            "endDate": "2016-09-05T05:00:00.000Z"
          },
          "documents": [
            {
              "id": "doc-b90bcde3-b626-4602-8a90-c57f8c24e946",
              "documentType": "Award Notice",
              "title": "Fallo",
              "description": "Acta de fallo",
              "url": "http://189.211.120.220:8880/files/opendata/16044-AD-AS-DCAGI-SC-044-16/12.-%20AF/12.pdf",
              "datePublished": "2016-06-15T05:00:00.000Z",
              "dateModified": "2016-06-15T05:00:00.000Z",
              "format": "html",
              "language": "es"
            },
            {
              "id": "doc-09fac7ee-2598-4af6-823e-d017c998ff99",
              "documentType": "Award Notice",
              "title": "Fallo",
              "description": "Descripcion del acto de presentacion y apertura de proposiciones",
              "url": "http://189.211.120.220:8880/files/opendata/16044-AD-AS-DCAGI-SC-044-16/10.-%20AP/10.pdf",
              "datePublished": "2016-06-15T05:00:00.000Z",
              "dateModified": "2016-06-15T05:00:00.000Z",
              "format": "html",
              "language": "es"
            }
          ]
        }
      ],
      "contracts": [
        {
          "id": "AD-AS-DCAGI-SC-044-2016",
          "awardID": "AA-009KDH999-E116-2016",
          "title": "Servicios de elaboracion del Manual para situaciones de riesgo, desastre, casos fortuitos y de fuerza mayor en la construccion del NAICM",
          "description": "Ver documento adjunto",
          "status": "active",
          "period": {
            "startDate": "2016-07-08T05:00:00.000Z",
            "endDate": "2016-09-05T05:00:00.000Z"
          },
          "value": {
            "amount": 180000,
            "currency": "MXN"
          },
          "items": [
            {
              "id": "item-58882910-515f-499d-bb18-5a80a48cc188",
              "description": "Servicios de elaboracion del Manual para situaciones de riesgo, desastre, casos fortuitos y de fuerza mayor en la construccion del NAICM",
              "classification": {
                "scheme": "SERVICIOS DE APOYO ADMINISTRATIVO, TRADUCCION, FOTOCOPIADO E IMPRESION",
                "id": "3360"
              },
              "quantity": 1,
              "unit": {
                "name": "srv",
                "value": {
                  "amount": 180000,
                  "currency": "MXN"
                }
              }
            }
          ],
          "dateSigned": "2016-07-08T05:00:00.000Z",
          "documents": [
            {
              "id": "doc-bd5cf92d-a9be-4e26-9cc5-a3d5bbb8e150",
              "documentType": "Contract Signed",
              "title": "Cl?usula sobre las condiciones de entrega de la obra",
              "description": "Contrato firmado",
              "url": "http://189.211.120.220:8880/files/opendata/16044-AD-AS-DCAGI-SC-044-16/15.-%20CF/15.pdf",
              "datePublished": "2016-06-15T05:00:00.000Z",
              "dateModified": "2016-06-15T05:00:00.000Z",
              "format": "html",
              "language": "es"
            },
            {
              "id": "doc-adb8ecd3-e459-4785-8ef4-8adbba2ffe71",
              "documentType": "Contract Signed",
              "title": "Contrato firmado",
              "description": "Contrato firmado",
              "url": "http://189.211.120.220:8880/files/opendata/16044-AD-AS-DCAGI-SC-044-16/15.-%20CF/15.pdf",
              "datePublished": "2016-06-15T05:00:00.000Z",
              "dateModified": "2016-06-15T05:00:00.000Z",
              "format": "html",
              "language": "es"
            },
            {
              "id": "doc-ce3795db-80c0-4ff2-a89a-81f979145193",
              "documentType": "Contract Guarantees",
              "title": "Fianza de anticipo",
              "description": "Garantia sobre el anticipo",
              "url": "http://189.211.120.220:8880/files/opendata/16044-AD-AS-DCAGI-SC-044-16/17.-%20GA/17.pdf",
              "datePublished": "2016-06-15T05:00:00.000Z",
              "dateModified": "2016-06-15T05:00:00.000Z",
              "format": "html",
              "language": "es"
            },
            {
              "id": "doc-4228697d-bf9d-414b-9bc5-1e567ba4f5f5",
              "documentType": "Contract Guarantees",
              "title": "Fianza de cumplimiento",
              "description": "Garantias de cumplimiento",
              "url": "http://189.211.120.220:8880/files/opendata/16044-AD-AS-DCAGI-SC-044-16/18.-%20GC/18.pdf",
              "datePublished": "2016-06-15T05:00:00.000Z",
              "dateModified": "2016-06-15T05:00:00.000Z",
              "format": "html",
              "language": "es"
            }
          ]
        }
      ],
      "language": "es"
    }
  ],
  "publisher": {
    "name": "GACM",
    "scheme": "SERVICIO",
    "uid": "AS",
    "uri": "http://www.aeropuerto.gob.mx/"
  },
  "license": "https://datos.gob.mx/libreusomx/",
  "publicationPolicy": "https://datos.gob.mx/libreusomx/"
}
