{
  "uri": "https://datos.gob.mx/busca/dataset?organization=gacm",
  "publishedDate": "2017-02-15T16:48:25.547Z",
  "releases": [
    {
      "ocid": "309",
      "id": "RELEASE_309_2017-02-15T16:48:25.547Z",
      "date": "2017-02-08T06:00:00.000Z",
      "tag": [
        "contract"
      ],
      "initiationType": "tender",
      "planning": {
        "budget": {
          "source": "http://www.apartados.hacienda.gob.mx/presupuesto/temas/pef/2016/docs/09/r09_kdh_pie.pdf",
          "id": "Supervision de las obras de excavacion de prueba, losa experimental y prueba de pilotes para el edificio terminal y torre de control del Nuevo Aeropuerto Internacional de la Ciudad de Mexico",
          "description": "Presupuesto de Egresos de la Federacion 2016",
          "amount": {
            "amount": 5172413.79,
            "currency": "MXN"
          },
          "project": "Nuevo Aeropuerto Internacional de la Ciudad de Mexico",
          "projectID": "46101",
          "uri": "http://www.apartados.hacienda.gob.mx/presupuesto/temas/pef/2016/docs/09/r09_kdh_pie.pdf"
        },
        "rationale": "Supervision de las obras de excavacion de prueba, losa experimental y prueba de pilotes para el edificio terminal y torre de control del Nuevo Aeropuerto Internacional de la Ciudad de Mexico",
        "documents": [
          {
            "id": "doc-8e6cc74c-c143-4e5d-9832-fe1bb5f959fc",
            "documentType": "projectPlan",
            "title": "Proyecto ejecutivo de la obra",
            "description": "Terminos de referencia",
            "url": "http://189.211.120.220:8880/files/opendata/16043-ITP-SRO-DCAGI-SC-043-16/4.-%20TR/4.pdf",
            "datePublished": "2016-06-07T05:00:00.000Z",
            "dateModified": "2016-06-07T05:00:00.000Z",
            "format": "html",
            "language": "es"
          }
        ]
      },
      "tender": {
        "id": "1063883",
        "title": "Supervision de las obras de excavacion de prueba, losa experimental y prueba de pilotes para el edificio terminal y torre de control del Nuevo Aeropuerto Internacional de la Ciudad de Mexico",
        "description": "Supervision de las obras de excavacion de prueba, losa experimental y prueba de pilotes para el edificio terminal y torre de control del Nuevo Aeropuerto Internacional de la Ciudad de Mexico",
        "status": "active",
        "items": [
          {
            "id": "item-ade40772-5e85-48de-af08-64481d30e251",
            "description": "Supervision de las obras de excavacion de prueba, losa experimental y prueba de pilotes para el edificio terminal y torre de control del Nuevo Aeropuerto Internacional de la Ciudad de Mexico",
            "classification": {
              "scheme": "EDIFICACION NO HABITACIONAL",
              "id": "6220"
            },
            "quantity": 1,
            "unit": {
              "name": "sop",
              "value": {
                "amount": 3599010.2,
                "currency": "MXN"
              }
            }
          }
        ],
        "value": {
          "amount": 5172413.79,
          "currency": "MXN"
        },
        "procurementMethod": "selective",
        "procurementMethodRationale": "Nacional",
        "metodoDeAdquisicion": "Invitación a tres",
        "awardCriteria": "bestValueToGoverment",
        "awardCriteriaDetails": "Presencial",
        "submissionMethod": [
          "Presencial"
        ],
        "tenderPeriod": {
          "endDate": "2016-05-31T05:00:00.000Z"
        },
        "enquiryPeriod": {
          "startDate": "2016-05-24T05:00:00.000Z",
          "endDate": "2016-05-24T05:00:00.000Z"
        },
        "eligibilityCriteria": "Ver documento adjunto",
        "awardPeriod": {
          "endDate": "2016-05-31T05:00:00.000Z"
        },
        "documents": [
          {
            "id": "doc-44f43e38-f012-4137-8fd2-c58cfaeffb80",
            "documentType": "Clarifications",
            "title": "Actas de la junta de aclaraciones",
            "description": "Actas de la junta de aclaraciones",
            "url": "http://189.211.120.220:8880/files/opendata/16043-ITP-SRO-DCAGI-SC-043-16/9.-%20AJ/9.pdf",
            "datePublished": "2016-06-07T05:00:00.000Z",
            "dateModified": "2016-06-07T05:00:00.000Z",
            "format": "html",
            "language": "es"
          },
          {
            "id": "doc-ff8f3fe3-858f-4084-9821-9a04f1240082",
            "documentType": "Tender Notice",
            "title": "Documento que describe los criterios que deben cumplir los licitantes",
            "description": "Convocatoria al procedimiento de contratacion",
            "url": "http://189.211.120.220:8880/files/opendata/16043-ITP-SRO-DCAGI-SC-043-16/8.-%20CC/8.pdf",
            "datePublished": "2016-06-07T05:00:00.000Z",
            "dateModified": "2016-06-07T05:00:00.000Z",
            "format": "html",
            "language": "es"
          },
          {
            "id": "doc-e73ec576-0e57-4251-ae97-61e291dd48d9",
            "documentType": "Tender Notice",
            "title": "Documento que contiene los objetivos y caracter?sticas del contrato y proceso de licitaci?n",
            "description": "Convocatoria al procedimiento de contratacion",
            "url": "http://189.211.120.220:8880/files/opendata/16043-ITP-SRO-DCAGI-SC-043-16/8.-%20CC/8.pdf",
            "datePublished": "2016-06-07T05:00:00.000Z",
            "dateModified": "2016-06-07T05:00:00.000Z",
            "format": "html",
            "language": "es"
          },
          {
            "id": "doc-abeda15a-bae6-47e7-83f7-897d75f9289a",
            "documentType": "Tender Notice",
            "title": "Documento que contiene las especificaicones t?cnicas de la obra",
            "description": "Convocatoria al procedimiento de contratacion",
            "url": "http://189.211.120.220:8880/files/opendata/16043-ITP-SRO-DCAGI-SC-043-16/8.-%20CC/8.pdf",
            "datePublished": "2016-06-07T05:00:00.000Z",
            "dateModified": "2016-06-07T05:00:00.000Z",
            "format": "html",
            "language": "es"
          },
          {
            "id": "doc-d7268497-7c4e-4ff6-91f9-ef9e04f21d4f",
            "documentType": "Tender Notice",
            "title": "Convocatoria al procedimiento de contrataci?n",
            "description": "Convocatoria al procedimiento de contratacion",
            "url": "http://189.211.120.220:8880/files/opendata/16043-ITP-SRO-DCAGI-SC-043-16/8.-%20CC/8.pdf",
            "datePublished": "2016-06-07T05:00:00.000Z",
            "dateModified": "2016-06-07T05:00:00.000Z",
            "format": "html",
            "language": "es"
          },
          {
            "id": "doc-66c74afb-dbc3-4ed2-9c08-a98aab678fbd",
            "documentType": "Tender Notice",
            "title": "Documento que describe los criterios de evaluaci?n",
            "description": "Convocatoria al procedimiento de contratacion",
            "url": "http://189.211.120.220:8880/files/opendata/16043-ITP-SRO-DCAGI-SC-043-16/8.-%20CC/8.pdf",
            "datePublished": "2016-06-07T05:00:00.000Z",
            "dateModified": "2016-06-07T05:00:00.000Z",
            "format": "html",
            "language": "es"
          }
        ]
      },
      "buyer": {
        "identifier": {
          "scheme": "MK-009KDH999",
          "id": "GACM",
          "legalName": "Grupo Aeroportuario de la Ciudad de Mexico, S.A. de C.V.",
          "uri": "http://www.aeropuerto.gob.mx/"
        },
        "name": "Grupo Aeroportuario de la Ciudad de Mexico, S.A. de C.V.",
        "address": {
          "streetAddress": "AV. INSURGENTES SUR NO. 2453 PISO 2 OFICINA 203",
          "locality": "COL. TIZAPAN",
          "region": "DEL. ALVARO OBREGON",
          "postalCode": "01090",
          "countryName": "Mexico"
        },
        "contactPoint": {
          "name": "G05-DIRECCION CORPORATIVA DE ADMINISTRACION Y GESTION INMOBILIARIA",
          "url": "http://www.aeropuerto.gob.mx/"
        }
      },
      "awards": [
        {
          "id": "IO-009KDH999-E72-2016",
          "title": "Supervision de las obras de excavacion de prueba, losa experimental y prueba de pilotes para el edificio terminal y torre de control del Nuevo Aeropuerto Internacional de la Ciudad de Mexico",
          "description": "Ver documento adjunto",
          "status": "active",
          "date": "2016-06-07T05:00:00.000Z",
          "value": {
            "amount": 3599010.2,
            "currency": "MXN"
          },
          "suppliers": [
            {
              "identifier": {
                "id": "TGE841107VBA",
                "legalName": "TGC GEOTECNIA S.A. DE C.V."
              },
              "name": "TGC GEOTECNIA S.A. DE C.V.",
              "address": {
                "streetAddress": "Adolfo Prieto 1238",
                "locality": "Del Valle",
                "region": "Benito Juarez",
                "postalCode": "03100",
                "countryName": "Mexico"
              }
            }
          ],
          "items": [
            {
              "id": "item-149a764d-639a-4d11-8dc9-1a5ae7154c7a",
              "description": "Supervision de las obras de excavacion de prueba, losa experimental y prueba de pilotes para el edificio terminal y torre de control del Nuevo Aeropuerto Internacional de la Ciudad de Mexico",
              "classification": {
                "scheme": "EDIFICACION NO HABITACIONAL",
                "id": "6220"
              },
              "quantity": 1,
              "unit": {
                "name": "sop",
                "value": {
                  "amount": 3599010.2,
                  "currency": "MXN"
                }
              }
            }
          ],
          "contractPeriod": {
            "startDate": "2016-06-17T05:00:00.000Z",
            "endDate": "2016-11-28T06:00:00.000Z"
          },
          "documents": [
            {
              "id": "doc-eb044b3f-570a-4f1e-a24d-d9d0e37bcef6",
              "documentType": "Award Notice",
              "title": "Fallo",
              "description": "Acta de Fallo",
              "url": "http://189.211.120.220:8880/files/opendata/16043-ITP-SRO-DCAGI-SC-043-16/12.-%20AF/12.pdf",
              "datePublished": "2016-06-07T05:00:00.000Z",
              "dateModified": "2016-06-07T05:00:00.000Z",
              "format": "html",
              "language": "es"
            },
            {
              "id": "doc-f18763f5-d586-4af7-84f1-36bc031c2b1b",
              "documentType": "Award Notice",
              "title": "Fallo",
              "description": "Descripcion del acto de presentacion y apertura de proposiciones",
              "url": "http://189.211.120.220:8880/files/opendata/16043-ITP-SRO-DCAGI-SC-043-16/10.-%20AP/10.pdf",
              "datePublished": "2016-06-07T05:00:00.000Z",
              "dateModified": "2016-06-07T05:00:00.000Z",
              "format": "html",
              "language": "es"
            }
          ]
        }
      ],
      "contracts": [
        {
          "id": "ITP-SRO-DCAGI-SC-043-16",
          "awardID": "IO-009KDH999-E72-2016",
          "title": "Supervision de las obras de excavacion de prueba, losa experimental y prueba de pilotes para el edificio terminal y torre de control del Nuevo Aeropuerto Internacional de la Ciudad de Mexico",
          "description": "Ver documento adjunto",
          "status": "active",
          "period": {
            "startDate": "2016-06-17T05:00:00.000Z",
            "endDate": "2016-11-28T06:00:00.000Z"
          },
          "value": {
            "amount": 3599010.2,
            "currency": "MXN"
          },
          "items": [
            {
              "id": "item-15106c2c-0be6-4608-bf3c-3eb347d0dbc5",
              "description": "Supervision de las obras de excavacion de prueba, losa experimental y prueba de pilotes para el edificio terminal y torre de control del Nuevo Aeropuerto Internacional de la Ciudad de Mexico",
              "classification": {
                "scheme": "EDIFICACION NO HABITACIONAL",
                "id": "6220"
              },
              "quantity": 1,
              "unit": {
                "name": "sop",
                "value": {
                  "amount": 3599010.2,
                  "currency": "MXN"
                }
              }
            }
          ],
          "dateSigned": "2016-06-17T05:00:00.000Z",
          "documents": [
            {
              "id": "doc-72ab365f-1ad5-47a1-9bcd-337f2363aeaa",
              "documentType": "Contract Signed",
              "title": "Cl?usula sobre las condiciones de entrega de la obra",
              "description": "Contrato firmado",
              "url": "http://189.211.120.220:8880/files/opendata/16043-ITP-SRO-DCAGI-SC-043-16/15.-%20CF/15.pdf",
              "datePublished": "2016-06-07T05:00:00.000Z",
              "dateModified": "2016-06-07T05:00:00.000Z",
              "format": "html",
              "language": "es"
            },
            {
              "id": "doc-3d03cbcf-7cd6-4c3f-8a15-07dc3d789281",
              "documentType": "Contract Signed",
              "title": "Contrato firmado",
              "description": "Contrato firmado",
              "url": "http://189.211.120.220:8880/files/opendata/16043-ITP-SRO-DCAGI-SC-043-16/15.-%20CF/15.pdf",
              "datePublished": "2016-06-07T05:00:00.000Z",
              "dateModified": "2016-06-07T05:00:00.000Z",
              "format": "html",
              "language": "es"
            },
            {
              "id": "doc-dca7f612-08ab-4392-be7e-9d8a09b727dd",
              "documentType": "Contract Guarantees",
              "title": "Fianza de anticipo",
              "description": "Garantia sobre el anticipo",
              "url": "http://189.211.120.220:8880/files/opendata/16043-ITP-SRO-DCAGI-SC-043-16/17.-%20GA/17.pdf",
              "datePublished": "2016-06-07T05:00:00.000Z",
              "dateModified": "2016-06-07T05:00:00.000Z",
              "format": "html",
              "language": "es"
            },
            {
              "id": "doc-80c0f22e-86c5-40d4-9a13-0d7fc5248d30",
              "documentType": "Contract Guarantees",
              "title": "Fianza de cumplimiento",
              "description": "Garantias de cumplimiento",
              "url": "http://189.211.120.220:8880/files/opendata/16043-ITP-SRO-DCAGI-SC-043-16/18.-%20GC/18.pdf",
              "datePublished": "2016-06-07T05:00:00.000Z",
              "dateModified": "2016-06-07T05:00:00.000Z",
              "format": "html",
              "language": "es"
            }
          ]
        }
      ],
      "language": "es"
    }
  ],
  "publisher": {
    "name": "GACM",
    "scheme": "SERVICIO",
    "uid": "AS",
    "uri": "http://www.aeropuerto.gob.mx/"
  },
  "license": "https://datos.gob.mx/libreusomx/",
  "publicationPolicy": "https://datos.gob.mx/libreusomx/"
}
