{
  "uri": "https://datos.gob.mx/busca/dataset?organization=gacm",
  "publishedDate": "2017-02-15T16:48:25.098Z",
  "releases": [
    {
      "ocid": "31",
      "id": "RELEASE_31_2017-02-15T16:48:25.097Z",
      "date": "2017-02-07T06:00:00.000Z",
      "tag": [
        "contract"
      ],
      "initiationType": "tender",
      "planning": {
        "budget": {
          "source": "http://www.apartados.hacienda.gob.mx/presupuesto/temas/pef/2015/docs/09/r09_kdh_pie.pdf",
          "id": "OBRAS DE CONSTRUCCION PARA EDIFICIOS NO HABITACIONALES",
          "description": "RECURSOS FISCALES",
          "amount": {
            "amount": 2355000,
            "currency": "MXN"
          },
          "project": "Nuevo Aeropuerto Internacional de la Ciudad de Mexico",
          "projectID": "46101",
          "uri": "http://www.apartados.hacienda.gob.mx/presupuesto/temas/pef/2015/docs/09/r09_kdh_pie.pdf"
        },
        "rationale": "Servicio relacionado con el programa de empleo temporal (PET) correspondiente a las acciones preparatorias para la construccion del Nuevo Aeropuerto Internacional de la Ciudad de Mexico (servicio de traslado de personas)",
        "documents": [
          {
            "id": "doc-122c606b-8ad1-4d44-9a5a-627e65cfbfe6",
            "documentType": "projectPlan",
            "title": "Proyecto ejecutivo de la obra",
            "description": "Terminos de referencia",
            "url": "http://189.211.120.220:8880/files/opendata/15031-AD-AS-DCAGI-SC-031-15/4.-%20TR/4.pdf",
            "datePublished": "2015-05-18T05:00:00.000Z",
            "dateModified": "2015-05-18T05:00:00.000Z",
            "format": "html",
            "language": "es"
          }
        ]
      },
      "tender": {
        "id": "982035",
        "title": "Servicio relacionado con el programa de empleo temporal (PET) correspondiente a las acciones preparatorias para la construccion del Nuevo Aeropuerto Internacional de la Ciudad de Mexico (servicio de traslado de personas)",
        "description": "Servicio relacionado con el programa de empleo temporal (PET) correspondiente a las acciones preparatorias para la construccion del Nuevo Aeropuerto Internacional de la Ciudad de Mexico (servicio de traslado de personas)",
        "status": "active",
        "items": [
          {
            "id": "item-90427285-c730-4e0f-a3b7-e0c8361df761",
            "description": "Servicio relacionado con el programa de empleo temporal (PET) correspondiente a las acciones preparatorias para la construccion del Nuevo Aeropuerto Internacional de la Ciudad de Mexico (servicio de traslado de personas)",
            "classification": {
              "scheme": "EDIFICACION NO HABITACIONAL",
              "id": "6220"
            },
            "quantity": 1,
            "unit": {
              "name": "sop",
              "value": {
                "amount": 800000,
                "currency": "MXN"
              }
            }
          }
        ],
        "value": {
          "amount": 2355000,
          "currency": "MXN"
        },
        "procurementMethod": "limited",
        "procurementMethodRationale": "Nacional",
        "metodoDeAdquisicion": "Adjudicación directa",
        "awardCriteria": "bestValueToGoverment",
        "awardCriteriaDetails": "No aplica",
        "submissionMethod": [
          "Presencial"
        ],
        "eligibilityCriteria": "Ver documento adjunto",
        "documents": [
          {
            "id": "doc-bfa7b03c-89a0-4231-83ff-41a8cca73743",
            "documentType": "Clarifications",
            "title": "Actas de la junta de aclaraciones",
            "description": "Actas de la junta de aclaraciones",
            "url": "http://189.211.120.220:8880/files/opendata/15031-AD-AS-DCAGI-SC-031-15/9.-%20AJ/9.pdf",
            "datePublished": "2015-05-18T05:00:00.000Z",
            "dateModified": "2015-05-18T05:00:00.000Z",
            "format": "html",
            "language": "es"
          },
          {
            "id": "doc-98a2db80-a1fc-44ba-9320-61bdf6a2dd9c",
            "documentType": "Tender Notice",
            "title": "Documento que describe los criterios de evaluaci?n",
            "description": "Convocatoria al procedimiento de contratacion",
            "url": "http://189.211.120.220:8880/files/opendata/15031-AD-AS-DCAGI-SC-031-15/8.-%20CC/8.pdf",
            "datePublished": "2015-05-18T05:00:00.000Z",
            "dateModified": "2015-05-18T05:00:00.000Z",
            "format": "html",
            "language": "es"
          },
          {
            "id": "doc-cc070c7b-4cd7-4a6f-817f-ee9444edf69e",
            "documentType": "Tender Notice",
            "title": "Documento que contiene los objetivos y caracter?sticas del contrato y proceso de licitaci?n",
            "description": "Convocatoria al procedimiento de contratacion",
            "url": "http://189.211.120.220:8880/files/opendata/15031-AD-AS-DCAGI-SC-031-15/8.-%20CC/8.pdf",
            "datePublished": "2015-05-18T05:00:00.000Z",
            "dateModified": "2015-05-18T05:00:00.000Z",
            "format": "html",
            "language": "es"
          },
          {
            "id": "doc-0e3a6b2e-ce74-4d8a-82df-ff533d6d7745",
            "documentType": "Tender Notice",
            "title": "Documento que contiene las especificaicones t?cnicas de la obra",
            "description": "Convocatoria al procedimiento de contratacion",
            "url": "http://189.211.120.220:8880/files/opendata/15031-AD-AS-DCAGI-SC-031-15/8.-%20CC/8.pdf",
            "datePublished": "2015-05-18T05:00:00.000Z",
            "dateModified": "2015-05-18T05:00:00.000Z",
            "format": "html",
            "language": "es"
          },
          {
            "id": "doc-3a504d9e-2077-4753-872d-55e624abb433",
            "documentType": "Tender Notice",
            "title": "Convocatoria al procedimiento de contrataci?n",
            "description": "Convocatoria al procedimiento de contratacion",
            "url": "http://189.211.120.220:8880/files/opendata/15031-AD-AS-DCAGI-SC-031-15/8.-%20CC/8.pdf",
            "datePublished": "2015-05-18T05:00:00.000Z",
            "dateModified": "2015-05-18T05:00:00.000Z",
            "format": "html",
            "language": "es"
          },
          {
            "id": "doc-ece9190b-8f47-4269-8939-84cad1361530",
            "documentType": "Tender Notice",
            "title": "Documento que describe los criterios que deben cumplir los licitantes",
            "description": "Convocatoria al procedimiento de contratacion",
            "url": "http://189.211.120.220:8880/files/opendata/15031-AD-AS-DCAGI-SC-031-15/8.-%20CC/8.pdf",
            "datePublished": "2015-05-18T05:00:00.000Z",
            "dateModified": "2015-05-18T05:00:00.000Z",
            "format": "html",
            "language": "es"
          }
        ]
      },
      "buyer": {
        "identifier": {
          "scheme": "MK-009KDH999",
          "id": "GACM",
          "legalName": "Grupo Aeroportuario de la Ciudad de Mexico, S.A. de C.V.",
          "uri": "http://www.aeropuerto.gob.mx/"
        },
        "name": "Grupo Aeroportuario de la Ciudad de Mexico, S.A. de C.V.",
        "address": {
          "streetAddress": "AV. INSURGENTES SUR NO. 2453 PISO 2 OFICINA 203",
          "locality": "COL. TIZAPAN",
          "region": "DEL. ALVARO OBREGON",
          "postalCode": "01090",
          "countryName": "Mexico"
        },
        "contactPoint": {
          "name": "G05-DIRECCION CORPORATIVA DE ADMINISTRACION Y GESTION INMOBILIARIA",
          "url": "http://www.aeropuerto.gob.mx/"
        }
      },
      "awards": [
        {
          "id": "AA-009KDH999-E2-2016",
          "title": "Prestacion de los Servicios consistentes en la elaboracion del: ?Plan de Acciones de Monitoreo y Conservacion de Aves para el Nuevo Aeropuerto Internacional de la Ciudad de Mexico?.",
          "description": "Ver documento adjunto",
          "status": "active",
          "value": {
            "amount": 800000,
            "currency": "MXN"
          },
          "suppliers": [
            {
              "identifier": {
                "id": "MAVL480712ID7",
                "legalName": "Ingeniero Lino Marquez Vite"
              },
              "name": "Ingeniero Lino Marquez Vite",
              "address": {
                "streetAddress": "Bravo, numero 49",
                "locality": "Morelos",
                "region": "Venustiano Carranza",
                "postalCode": "15100",
                "countryName": "Mexico"
              }
            }
          ],
          "items": [
            {
              "id": "item-96abaf10-e5cc-4cee-931b-288fd171f5b8",
              "description": "Servicio relacionado con el programa de empleo temporal (PET) correspondiente a las acciones preparatorias para la construccion del Nuevo Aeropuerto Internacional de la Ciudad de Mexico (servicio de traslado de personas)",
              "classification": {
                "scheme": "EDIFICACION NO HABITACIONAL",
                "id": "6220"
              },
              "quantity": 1,
              "unit": {
                "name": "sop",
                "value": {
                  "amount": 800000,
                  "currency": "MXN"
                }
              }
            }
          ],
          "contractPeriod": {
            "startDate": "2015-05-18T05:00:00.000Z",
            "endDate": "2015-06-26T05:00:00.000Z"
          },
          "documents": [
            {
              "id": "doc-d99a18d9-106c-4ec2-ae4d-1b75b267de34",
              "documentType": "Award Notice",
              "title": "Fallo",
              "description": "Acta de Fallo",
              "url": "http://189.211.120.220:8880/files/opendata/15031-AD-AS-DCAGI-SC-031-15/12.-%20AF/12.pdf",
              "datePublished": "2015-05-18T05:00:00.000Z",
              "dateModified": "2015-05-18T05:00:00.000Z",
              "format": "html",
              "language": "es"
            },
            {
              "id": "doc-da601568-b35c-41c8-9c73-0be094420950",
              "documentType": "Award Notice",
              "title": "Fallo",
              "description": "Descripcion del acto de presentacion y apertura de proposiciones",
              "url": "http://189.211.120.220:8880/files/opendata/15031-AD-AS-DCAGI-SC-031-15/10.-%20AP/10.pdf",
              "datePublished": "2015-05-18T05:00:00.000Z",
              "dateModified": "2015-05-18T05:00:00.000Z",
              "format": "html",
              "language": "es"
            }
          ]
        }
      ],
      "contracts": [
        {
          "id": "AD-AS-DCAGI-SC-031/15",
          "awardID": "AA-009KDH999-E2-2016",
          "title": "Prestacion de los Servicios consistentes en la elaboracion del: ?Plan de Acciones de Monitoreo y Conservacion de Aves para el Nuevo Aeropuerto Internacional de la Ciudad de Mexico?.",
          "description": "Ver documento adjunto",
          "status": "active",
          "period": {
            "startDate": "2015-05-18T05:00:00.000Z",
            "endDate": "2015-06-26T05:00:00.000Z"
          },
          "value": {
            "amount": 800000,
            "currency": "MXN"
          },
          "items": [
            {
              "id": "item-4ada0186-2a8d-415e-8ffe-113d0d050d9b",
              "description": "Servicio relacionado con el programa de empleo temporal (PET) correspondiente a las acciones preparatorias para la construccion del Nuevo Aeropuerto Internacional de la Ciudad de Mexico (servicio de traslado de personas)",
              "classification": {
                "scheme": "EDIFICACION NO HABITACIONAL",
                "id": "6220"
              },
              "quantity": 1,
              "unit": {
                "name": "sop",
                "value": {
                  "amount": 800000,
                  "currency": "MXN"
                }
              }
            }
          ],
          "dateSigned": "2015-05-18T05:00:00.000Z",
          "documents": [
            {
              "id": "doc-7c411273-72fc-4103-bd27-4727b2345375",
              "documentType": "Contract Signed",
              "title": "Contrato firmado",
              "description": "Contrato firmado",
              "url": "http://189.211.120.220:8880/files/opendata/15031-AD-AS-DCAGI-SC-031-15/15.-%20CF/15.pdf",
              "datePublished": "2015-05-18T05:00:00.000Z",
              "dateModified": "2015-05-18T05:00:00.000Z",
              "format": "html",
              "language": "es"
            },
            {
              "id": "doc-1ff634fb-8f3d-4808-8f9d-95066a60eaa7",
              "documentType": "Contract Signed",
              "title": "Cl?usula sobre las condiciones de entrega de la obra",
              "description": "Contrato firmado",
              "url": "http://189.211.120.220:8880/files/opendata/15031-AD-AS-DCAGI-SC-031-15/15.-%20CF/15.pdf",
              "datePublished": "2015-05-18T05:00:00.000Z",
              "dateModified": "2015-05-18T05:00:00.000Z",
              "format": "html",
              "language": "es"
            },
            {
              "id": "doc-5355379f-3261-4979-ab71-8d40d8e24340",
              "documentType": "Contract Guarantees",
              "title": "Fianza de anticipo",
              "description": "Garantia sobre el anticipo",
              "url": "http://189.211.120.220:8880/files/opendata/15031-AD-AS-DCAGI-SC-031-15/17.-%20GA/17.pdf",
              "datePublished": "2015-05-18T05:00:00.000Z",
              "dateModified": "2015-05-18T05:00:00.000Z",
              "format": "html",
              "language": "es"
            },
            {
              "id": "doc-5653028f-2fc2-4909-8131-288ec98ef884",
              "documentType": "Contract Guarantees",
              "title": "Fianza de cumplimiento",
              "description": "Garantias de cumplimiento",
              "url": "http://189.211.120.220:8880/files/opendata/15031-AD-AS-DCAGI-SC-031-15/18.-%20GC/18.pdf",
              "datePublished": "2015-05-18T05:00:00.000Z",
              "dateModified": "2015-05-18T05:00:00.000Z",
              "format": "html",
              "language": "es"
            }
          ]
        }
      ],
      "language": "es"
    }
  ],
  "publisher": {
    "name": "GACM",
    "scheme": "SERVICIO",
    "uid": "AS",
    "uri": "http://www.aeropuerto.gob.mx/"
  },
  "license": "https://datos.gob.mx/libreusomx/",
  "publicationPolicy": "https://datos.gob.mx/libreusomx/"
}
