{
  "uri": "https://datos.gob.mx/busca/dataset?organization=gacm",
  "publishedDate": "2017-02-15T16:48:25.923Z",
  "releases": [
    {
      "ocid": "310",
      "id": "RELEASE_310_2017-02-15T16:48:25.922Z",
      "date": "2017-02-09T06:00:00.000Z",
      "tag": [
        "contract"
      ],
      "initiationType": "tender",
      "planning": {
        "budget": {
          "source": "http://www.apartados.hacienda.gob.mx/presupuesto/temas/pef/2016/docs/09/r09_kdh_pie.pdf",
          "id": "SERVICIOS PARA CAPACITACION A SERVIDORES PUBLICOS",
          "description": "RECURSOS FISCALES",
          "amount": {
            "amount": 150000,
            "currency": "MXN"
          },
          "project": "Nuevo Aeropuerto Internacional de la Ciudad de Mexico",
          "projectID": "46101",
          "uri": "http://www.apartados.hacienda.gob.mx/presupuesto/temas/pef/2016/docs/09/r09_kdh_pie.pdf"
        },
        "rationale": "Servicio de taller de preparacion a los funcionarios de GACM para manejo de informacion",
        "documents": [
          {
            "id": "doc-0cd0f433-ea25-46b1-acbf-0fee532c6340",
            "documentType": "projectPlan",
            "title": "Proyecto ejecutivo de la obra",
            "description": "Terminos de referencia",
            "url": "http://189.211.120.220:8880/files/opendata/16045-AD-AS-DCAGI-SC-045-16/4.-%20TR/4.pdf",
            "datePublished": "2016-06-15T05:00:00.000Z",
            "dateModified": "2016-06-15T05:00:00.000Z",
            "format": "html",
            "language": "es"
          }
        ]
      },
      "tender": {
        "id": "1131499",
        "title": "Servicio de taller de preparacion a los funcionarios de GACM para manejo de informacion",
        "description": "Servicio de taller de preparacion a los funcionarios de GACM para manejo de informacion",
        "status": "active",
        "items": [
          {
            "id": "item-b4beb826-f56a-4a2a-a10c-d0e4945dca5c",
            "description": "Servicio de taller de preparacion a los funcionarios de GACM para manejo de informacion",
            "classification": {
              "scheme": "SERVICIOS PARA CAPACITACION A SERVIDORES PUBLICOS",
              "id": "3340"
            },
            "quantity": 1,
            "unit": {
              "name": "srv",
              "value": {
                "amount": 150000,
                "currency": "MXN"
              }
            }
          }
        ],
        "value": {
          "amount": 150000,
          "currency": "MXN"
        },
        "procurementMethod": "limited",
        "procurementMethodRationale": "Nacional",
        "metodoDeAdquisicion": "Adjudicación directa",
        "awardCriteria": "bestValueToGoverment",
        "awardCriteriaDetails": "No aplica",
        "submissionMethod": [
          "No aplica"
        ],
        "eligibilityCriteria": "Ver documento adjunto",
        "documents": [
          {
            "id": "doc-2ba1d042-d5b0-41f2-be97-e1c5a499d100",
            "documentType": "Clarifications",
            "title": "Actas de la junta de aclaraciones",
            "description": "Actas de la junta de aclaraciones",
            "url": "http://189.211.120.220:8880/files/opendata/16045-AD-AS-DCAGI-SC-045-16/9.-%20AJ/9.pdf",
            "datePublished": "2016-06-15T05:00:00.000Z",
            "dateModified": "2016-06-15T05:00:00.000Z",
            "format": "html",
            "language": "es"
          },
          {
            "id": "doc-b8775e45-2b60-407f-be24-35fa4d666d07",
            "documentType": "Tender Notice",
            "title": "Documento que contiene las especificaciones t?cnicas de la obra",
            "description": "Convocatoria al procedimiento de contratacion",
            "url": "http://189.211.120.220:8880/files/opendata/16045-AD-AS-DCAGI-SC-045-16/8.-%20CC/8.pdf",
            "datePublished": "2016-06-15T05:00:00.000Z",
            "dateModified": "2016-06-15T05:00:00.000Z",
            "format": "html",
            "language": "es"
          },
          {
            "id": "doc-152071fb-7eeb-4296-8f89-dd4f13456e35",
            "documentType": "Tender Notice",
            "title": "Documento que describe los criterios de evaluaci?n",
            "description": "Convocatoria al procedimiento de contratacion",
            "url": "http://189.211.120.220:8880/files/opendata/16045-AD-AS-DCAGI-SC-045-16/8.-%20CC/8.pdf",
            "datePublished": "2016-06-15T05:00:00.000Z",
            "dateModified": "2016-06-15T05:00:00.000Z",
            "format": "html",
            "language": "es"
          },
          {
            "id": "doc-f53eeaac-c4c4-4f12-905c-93d26ac3d4f5",
            "documentType": "Tender Notice",
            "title": "Documento que contiene los objetivos y caracter?sticas del contrato y proceso de licitaci?n",
            "description": "Convocatoria al procedimiento de contratacion",
            "url": "http://189.211.120.220:8880/files/opendata/16045-AD-AS-DCAGI-SC-045-16/8.-%20CC/8.pdf",
            "datePublished": "2016-06-15T05:00:00.000Z",
            "dateModified": "2016-06-15T05:00:00.000Z",
            "format": "html",
            "language": "es"
          },
          {
            "id": "doc-64171cbd-aec5-40d4-847d-da6b0730e52a",
            "documentType": "Tender Notice",
            "title": "Convocatoria al procedimiento de contrataci?n",
            "description": "Convocatoria al procedimiento de contratacion",
            "url": "http://189.211.120.220:8880/files/opendata/16045-AD-AS-DCAGI-SC-045-16/8.-%20CC/8.pdf",
            "datePublished": "2016-06-15T05:00:00.000Z",
            "dateModified": "2016-06-15T05:00:00.000Z",
            "format": "html",
            "language": "es"
          },
          {
            "id": "doc-647792b7-e6e1-446e-9d69-76cd6dff445b",
            "documentType": "Tender Notice",
            "title": "Documento que describe los criterios que deben cumplir los licitantes",
            "description": "Convocatoria al procedimiento de contratacion",
            "url": "http://189.211.120.220:8880/files/opendata/16045-AD-AS-DCAGI-SC-045-16/8.-%20CC/8.pdf",
            "datePublished": "2016-06-15T05:00:00.000Z",
            "dateModified": "2016-06-15T05:00:00.000Z",
            "format": "html",
            "language": "es"
          }
        ]
      },
      "buyer": {
        "identifier": {
          "scheme": "MK-009KDH999",
          "id": "GACM",
          "legalName": "Grupo Aeroportuario de la Ciudad de Mexico, S.A. de C.V.",
          "uri": "http://www.aeropuerto.gob.mx/"
        },
        "name": "Grupo Aeroportuario de la Ciudad de Mexico, S.A. de C.V.",
        "address": {
          "streetAddress": "AV. INSURGENTES SUR NO. 2453 PISO 2 OFICINA 203",
          "locality": "COL. TIZAPAN",
          "region": "DEL. ALVARO OBREGON",
          "postalCode": "01090",
          "countryName": "Mexico"
        },
        "contactPoint": {
          "name": "G05-DIRECCION CORPORATIVA DE ADMINISTRACION Y GESTION INMOBILIARIA",
          "url": "http://www.aeropuerto.gob.mx/"
        }
      },
      "awards": [
        {
          "id": "AA-009KDH999-E111-2016",
          "title": "SERVICIO DE TALLER DE PREPARACION A LOS FUNCIONARIOS DE GACM PARA MANEJO DE INFORMACION",
          "description": "Ver documento adjunto",
          "status": "active",
          "date": "2016-06-15T05:00:00.000Z",
          "value": {
            "amount": 150000,
            "currency": "MXN"
          },
          "suppliers": [
            {
              "identifier": {
                "id": "CME030219M56",
                "legalName": "CIRCULO Y MEDIO S.A."
              },
              "name": "CIRCULO Y MEDIO S.A.",
              "address": {
                "streetAddress": "Campeche piso 6",
                "locality": "Hipodromo Condesa",
                "region": "Cuauhtemoc",
                "postalCode": "03170",
                "countryName": "Mexico"
              }
            }
          ],
          "items": [
            {
              "id": "item-bbfb516f-deaa-4c5b-9f64-31c2df62074e",
              "description": "Servicio de taller de preparacion a los funcionarios de GACM para manejo de informacion",
              "classification": {
                "scheme": "SERVICIOS PARA CAPACITACION A SERVIDORES PUBLICOS",
                "id": "3340"
              },
              "quantity": 1,
              "unit": {
                "name": "srv",
                "value": {
                  "amount": 150000,
                  "currency": "MXN"
                }
              }
            }
          ],
          "contractPeriod": {
            "startDate": "2016-07-07T05:00:00.000Z",
            "endDate": "2016-08-05T05:00:00.000Z"
          },
          "documents": [
            {
              "id": "doc-1c1acec6-513d-4e9b-afe7-cb04012d20a8",
              "documentType": "Award Notice",
              "title": "Fallo",
              "description": "Acta de fallo",
              "url": "http://189.211.120.220:8880/files/opendata/16045-AD-AS-DCAGI-SC-045-16/12.-%20AF/12.pdf",
              "datePublished": "2016-06-15T05:00:00.000Z",
              "dateModified": "2016-06-15T05:00:00.000Z",
              "format": "html",
              "language": "es"
            },
            {
              "id": "doc-8a2c0fb4-061b-4d88-8f0a-3e8e483566a4",
              "documentType": "Award Notice",
              "title": "Fallo",
              "description": "Descripcion del acto de presentacion y apertura de proposiciones",
              "url": "http://189.211.120.220:8880/files/opendata/16045-AD-AS-DCAGI-SC-045-16/10.-%20AP/10.pdf",
              "datePublished": "2016-06-15T05:00:00.000Z",
              "dateModified": "2016-06-15T05:00:00.000Z",
              "format": "html",
              "language": "es"
            }
          ]
        }
      ],
      "contracts": [
        {
          "id": "AD-AS-DCAGI-SC-045-2016",
          "awardID": "AA-009KDH999-E111-2016",
          "title": "SERVICIO DE TALLER DE PREPARACION A LOS FUNCIONARIOS DE GACM PARA MANEJO DE INFORMACION",
          "description": "Ver documento adjunto",
          "status": "active",
          "period": {
            "startDate": "2016-07-07T05:00:00.000Z",
            "endDate": "2016-08-05T05:00:00.000Z"
          },
          "value": {
            "amount": 150000,
            "currency": "MXN"
          },
          "items": [
            {
              "id": "item-0999d5e3-092a-45f6-a9f1-fa92092eb3e4",
              "description": "Servicio de taller de preparacion a los funcionarios de GACM para manejo de informacion",
              "classification": {
                "scheme": "SERVICIOS PARA CAPACITACION A SERVIDORES PUBLICOS",
                "id": "3340"
              },
              "quantity": 1,
              "unit": {
                "name": "srv",
                "value": {
                  "amount": 150000,
                  "currency": "MXN"
                }
              }
            }
          ],
          "dateSigned": "2016-07-07T05:00:00.000Z",
          "documents": [
            {
              "id": "doc-525a4395-15fe-4b2c-8b81-e7a8b3182f79",
              "documentType": "Contract Signed",
              "title": "Cl?usula sobre las condiciones de entrega de la obra",
              "description": "Contrato firmado",
              "url": "http://189.211.120.220:8880/files/opendata/16045-AD-AS-DCAGI-SC-045-16/15.-%20CF/15.pdf",
              "datePublished": "2016-06-15T05:00:00.000Z",
              "dateModified": "2016-06-15T05:00:00.000Z",
              "format": "html",
              "language": "es"
            },
            {
              "id": "doc-db7ee4f4-905e-4468-97a7-63b9eec3c16b",
              "documentType": "Contract Signed",
              "title": "Contrato firmado",
              "description": "Contrato firmado",
              "url": "http://189.211.120.220:8880/files/opendata/16045-AD-AS-DCAGI-SC-045-16/15.-%20CF/15.pdf",
              "datePublished": "2016-06-15T05:00:00.000Z",
              "dateModified": "2016-06-15T05:00:00.000Z",
              "format": "html",
              "language": "es"
            },
            {
              "id": "doc-7f0275b6-8e64-455b-a42b-5fbad0848b92",
              "documentType": "Contract Guarantees",
              "title": "Fianza de anticipo",
              "description": "Garantia sobre el anticipo",
              "url": "http://189.211.120.220:8880/files/opendata/16045-AD-AS-DCAGI-SC-045-16/17.-%20GA/17.pdf",
              "datePublished": "2016-06-15T05:00:00.000Z",
              "dateModified": "2016-06-15T05:00:00.000Z",
              "format": "html",
              "language": "es"
            },
            {
              "id": "doc-3d73b7a9-eac3-4995-b06f-7f07d37314f4",
              "documentType": "Contract Guarantees",
              "title": "Fianza de cumplimiento",
              "description": "Garantias de cumplimiento",
              "url": "http://189.211.120.220:8880/files/opendata/16045-AD-AS-DCAGI-SC-045-16/18.-%20GC/18.pdf",
              "datePublished": "2016-06-15T05:00:00.000Z",
              "dateModified": "2016-06-15T05:00:00.000Z",
              "format": "html",
              "language": "es"
            }
          ]
        }
      ],
      "language": "es"
    }
  ],
  "publisher": {
    "name": "GACM",
    "scheme": "SERVICIO",
    "uid": "AS",
    "uri": "http://www.aeropuerto.gob.mx/"
  },
  "license": "https://datos.gob.mx/libreusomx/",
  "publicationPolicy": "https://datos.gob.mx/libreusomx/"
}
