{
  "uri": "https://datos.gob.mx/busca/dataset?organization=gacm",
  "publishedDate": "2017-02-15T16:48:25.593Z",
  "releases": [
    {
      "ocid": "311",
      "id": "RELEASE_311_2017-02-15T16:48:25.591Z",
      "date": "2017-02-08T06:00:00.000Z",
      "tag": [
        "contract"
      ],
      "initiationType": "tender",
      "planning": {
        "budget": {
          "source": "http://www.apartados.hacienda.gob.mx/presupuesto/temas/pef/2016/docs/09/r09_kdh_pie.pdf",
          "id": "APORTACIONES A FIDEICOMISOS PUBLICOS",
          "description": "RECURSOS FISCALES",
          "amount": {
            "amount": 8448275.87,
            "currency": "MXN"
          },
          "project": "Nuevo Aeropuerto Internacional de la Ciudad de Mexico",
          "projectID": "46101",
          "uri": "http://www.apartados.hacienda.gob.mx/presupuesto/temas/pef/2016/docs/09/r09_kdh_pie.pdf"
        },
        "rationale": "Estudio de factibilidad de energia solar fotovoltaica para el NAICM",
        "documents": [
          {
            "id": "doc-f5704a9f-23b1-4b17-85df-796e26d49166",
            "documentType": "projectPlan",
            "title": "Proyecto ejecutivo de la obra",
            "description": "Terminos de referencia",
            "url": "http://189.211.120.220:8880/files/opendata/16046-ITP-SRO-DCAGI-SC-046-16/4.-%20TR/4.2.pdf",
            "datePublished": "2016-06-15T05:00:00.000Z",
            "dateModified": "2016-06-15T05:00:00.000Z",
            "format": "html",
            "language": "es"
          },
          {
            "id": "doc-a3d945e3-2bad-436d-8aba-f8ce68a00024",
            "documentType": "projectPlan",
            "title": "Proyecto ejecutivo de la obra",
            "description": "Terminos de referencia",
            "url": "http://189.211.120.220:8880/files/opendata/16046-ITP-SRO-DCAGI-SC-046-16/4.-%20TR/4.3.pdf",
            "datePublished": "2016-06-15T05:00:00.000Z",
            "dateModified": "2016-06-15T05:00:00.000Z",
            "format": "html",
            "language": "es"
          },
          {
            "id": "doc-c91b5224-78ad-420e-9e19-0d0dbdd73754",
            "documentType": "projectPlan",
            "title": "Proyecto ejecutivo de la obra",
            "description": "Terminos de referencia",
            "url": "http://189.211.120.220:8880/files/opendata/16046-ITP-SRO-DCAGI-SC-046-16/4.-%20TR/4.1.pdf",
            "datePublished": "2016-06-15T05:00:00.000Z",
            "dateModified": "2016-06-15T05:00:00.000Z",
            "format": "html",
            "language": "es"
          },
          {
            "id": "doc-baf71e1f-a3fd-4d0c-a4f6-ef1ac067e1e8",
            "documentType": "projectPlan",
            "title": "Proyecto ejecutivo de la obra",
            "description": "Terminos de referencia",
            "url": "http://189.211.120.220:8880/files/opendata/16046-ITP-SRO-DCAGI-SC-046-16/4.-%20TR/4.pdf",
            "datePublished": "2016-06-15T05:00:00.000Z",
            "dateModified": "2016-06-15T05:00:00.000Z",
            "format": "html",
            "language": "es"
          }
        ]
      },
      "tender": {
        "id": "1066252?",
        "title": "Estudio de factibilidad de energia solar fotovoltaica para el NAICM",
        "description": "Estudio de factibilidad de energia solar fotovoltaica para el NAICM",
        "status": "active",
        "items": [
          {
            "id": "item-64ae6ef4-0eae-43b2-b769-f327eb0a7a97",
            "description": "Estudio de factibilidad de energia solar fotovoltaica para el NAICM",
            "classification": {
              "scheme": "EDIFICACION NO HABITACIONAL",
              "id": "6220"
            },
            "quantity": 1,
            "unit": {
              "name": "srv",
              "value": {
                "amount": 8413461.44,
                "currency": "MXN"
              }
            }
          }
        ],
        "value": {
          "amount": 8448275.87,
          "currency": "MXN"
        },
        "procurementMethod": "selective",
        "procurementMethodRationale": "Nacional",
        "metodoDeAdquisicion": "Invitación a tres",
        "awardCriteria": "bestValueToGoverment",
        "awardCriteriaDetails": "Presencial",
        "submissionMethod": [
          "Presencial"
        ],
        "tenderPeriod": {
          "startDate": "2016-05-19T05:00:00.000Z",
          "endDate": "2016-06-08T05:00:00.000Z"
        },
        "enquiryPeriod": {
          "startDate": "2016-05-25T05:00:00.000Z",
          "endDate": "2016-05-25T05:00:00.000Z"
        },
        "hasEnquiries": true,
        "eligibilityCriteria": "Ver documento adjunto",
        "awardPeriod": {
          "startDate": "2016-05-19T05:00:00.000Z",
          "endDate": "2016-06-08T05:00:00.000Z"
        },
        "documents": [
          {
            "id": "doc-43e42bb2-99a9-45e8-af8d-ae6f08d2d7f4",
            "documentType": "Clarifications",
            "title": "Actas de la junta de aclaraciones",
            "description": "Actas de la junta de aclaraciones",
            "url": "http://189.211.120.220:8880/files/opendata/16046-ITP-SRO-DCAGI-SC-046-16/9.-%20AJ/9.pdf",
            "datePublished": "2016-06-15T05:00:00.000Z",
            "dateModified": "2016-06-15T05:00:00.000Z",
            "format": "html",
            "language": "es"
          },
          {
            "id": "doc-9d8754a5-7687-40c4-b9fd-43072bb3983d",
            "documentType": "Tender Notice",
            "title": "Documento que describe los criterios que deben cumplir los licitantes",
            "description": "Convocatoria al procedimiento de contratacion",
            "url": "http://189.211.120.220:8880/files/opendata/16046-ITP-SRO-DCAGI-SC-046-16/8.-%20CC/8.pdf",
            "datePublished": "2016-06-15T05:00:00.000Z",
            "dateModified": "2016-06-15T05:00:00.000Z",
            "format": "html",
            "language": "es"
          },
          {
            "id": "doc-2be16223-ed77-448f-a0b6-c5e0fe94beaa",
            "documentType": "Tender Notice",
            "title": "Documento que describe los criterios que deben cumplir los licitantes",
            "description": "Convocatoria al procedimiento de contratacion",
            "url": "http://189.211.120.220:8880/files/opendata/16046-ITP-SRO-DCAGI-SC-046-16/8.-%20CC/8.1.pdf",
            "datePublished": "2016-06-15T05:00:00.000Z",
            "dateModified": "2016-06-15T05:00:00.000Z",
            "format": "html",
            "language": "es"
          },
          {
            "id": "doc-68ec4303-22f1-46c2-b9d7-02a50277c91f",
            "documentType": "Tender Notice",
            "title": "Documento que contiene las especificaicones t?cnicas de la obra",
            "description": "Convocatoria al procedimiento de contratacion",
            "url": "http://189.211.120.220:8880/files/opendata/16046-ITP-SRO-DCAGI-SC-046-16/8.-%20CC/8.pdf",
            "datePublished": "2016-06-15T05:00:00.000Z",
            "dateModified": "2016-06-15T05:00:00.000Z",
            "format": "html",
            "language": "es"
          },
          {
            "id": "doc-7fa874ef-08f4-47cc-8d06-7ef3a69770b1",
            "documentType": "Tender Notice",
            "title": "Convocatoria al procedimiento de contrataci?n",
            "description": "Convocatoria al procedimiento de contratacion",
            "url": "http://189.211.120.220:8880/files/opendata/16046-ITP-SRO-DCAGI-SC-046-16/8.-%20CC/8.1.pdf",
            "datePublished": "2016-06-15T05:00:00.000Z",
            "dateModified": "2016-06-15T05:00:00.000Z",
            "format": "html",
            "language": "es"
          },
          {
            "id": "doc-3b5d1e10-6e3c-4ab6-9993-43ea1553a0a8",
            "documentType": "Tender Notice",
            "title": "Documento que contiene las especificaicones t?cnicas de la obra",
            "description": "Convocatoria al procedimiento de contratacion",
            "url": "http://189.211.120.220:8880/files/opendata/16046-ITP-SRO-DCAGI-SC-046-16/8.-%20CC/8.1.pdf",
            "datePublished": "2016-06-15T05:00:00.000Z",
            "dateModified": "2016-06-15T05:00:00.000Z",
            "format": "html",
            "language": "es"
          },
          {
            "id": "doc-63c6b8b4-ec02-48f5-bc46-3fda55f8f26d",
            "documentType": "Tender Notice",
            "title": "Documento que describe los criterios de evaluaci?n",
            "description": "Convocatoria al procedimiento de contratacion",
            "url": "http://189.211.120.220:8880/files/opendata/16046-ITP-SRO-DCAGI-SC-046-16/8.-%20CC/8.pdf",
            "datePublished": "2016-06-15T05:00:00.000Z",
            "dateModified": "2016-06-15T05:00:00.000Z",
            "format": "html",
            "language": "es"
          },
          {
            "id": "doc-4fed045e-cb7d-47a7-8bbb-97807368b58c",
            "documentType": "Tender Notice",
            "title": "Documento que contiene los objetivos y caracter?sticas del contrato y proceso de licitaci?n",
            "description": "Convocatoria al procedimiento de contratacion",
            "url": "http://189.211.120.220:8880/files/opendata/16046-ITP-SRO-DCAGI-SC-046-16/8.-%20CC/8.1.pdf",
            "datePublished": "2016-06-15T05:00:00.000Z",
            "dateModified": "2016-06-15T05:00:00.000Z",
            "format": "html",
            "language": "es"
          },
          {
            "id": "doc-f0301517-2072-4622-b300-36e053455c65",
            "documentType": "Tender Notice",
            "title": "Documento que contiene los objetivos y caracter?sticas del contrato y proceso de licitaci?n",
            "description": "Convocatoria al procedimiento de contratacion",
            "url": "http://189.211.120.220:8880/files/opendata/16046-ITP-SRO-DCAGI-SC-046-16/8.-%20CC/8.pdf",
            "datePublished": "2016-06-15T05:00:00.000Z",
            "dateModified": "2016-06-15T05:00:00.000Z",
            "format": "html",
            "language": "es"
          },
          {
            "id": "doc-26584a43-6722-47cd-ae80-d573e8b8fcf9",
            "documentType": "Tender Notice",
            "title": "Documento que describe los criterios de evaluaci?n",
            "description": "Convocatoria al procedimiento de contratacion",
            "url": "http://189.211.120.220:8880/files/opendata/16046-ITP-SRO-DCAGI-SC-046-16/8.-%20CC/8.1.pdf",
            "datePublished": "2016-06-15T05:00:00.000Z",
            "dateModified": "2016-06-15T05:00:00.000Z",
            "format": "html",
            "language": "es"
          },
          {
            "id": "doc-69773b2e-8b88-454f-9d44-ce8afa95c832",
            "documentType": "Tender Notice",
            "title": "Convocatoria al procedimiento de contrataci?n",
            "description": "Convocatoria al procedimiento de contratacion",
            "url": "http://189.211.120.220:8880/files/opendata/16046-ITP-SRO-DCAGI-SC-046-16/8.-%20CC/8.pdf",
            "datePublished": "2016-06-15T05:00:00.000Z",
            "dateModified": "2016-06-15T05:00:00.000Z",
            "format": "html",
            "language": "es"
          }
        ]
      },
      "buyer": {
        "identifier": {
          "scheme": "MK-009KDH999",
          "id": "GACM",
          "legalName": "Grupo Aeroportuario de la Ciudad de Mexico, S.A. de C.V.",
          "uri": "http://www.aeropuerto.gob.mx/"
        },
        "name": "Grupo Aeroportuario de la Ciudad de Mexico, S.A. de C.V.",
        "address": {
          "streetAddress": "AV. INSURGENTES SUR NO. 2453 PISO 2 OFICINA 203",
          "locality": "COL. TIZAPAN",
          "region": "DEL. ALVARO OBREGON",
          "postalCode": "01090",
          "countryName": "Mexico"
        },
        "contactPoint": {
          "name": "G05-DIRECCION CORPORATIVA DE ADMINISTRACION Y GESTION INMOBILIARIA",
          "url": "http://www.aeropuerto.gob.mx/"
        }
      },
      "awards": [
        {
          "id": "No. IO-009KDH999-E73-2016",
          "title": "Estudio de factibilidad de energia solar fotovoltaica para el NAICM",
          "description": "Ver documento adjunto",
          "status": "active",
          "date": "2016-06-15T05:00:00.000Z",
          "value": {
            "amount": 8413461.44,
            "currency": "MXN"
          },
          "suppliers": [
            {
              "identifier": {
                "id": "C&#38;B050317SU4",
                "legalName": "Currie &#38; Brown Mexico, S.A. de C.V."
              },
              "name": "Currie &#38; Brown Mexico, S.A. de C.V.",
              "address": {
                "streetAddress": "Aristoteles No. 77 Interior 602",
                "locality": "Polanco Chapultepec",
                "region": "Miguel Hidalgo",
                "postalCode": "11560",
                "countryName": "Mexico"
              }
            }
          ],
          "items": [
            {
              "id": "item-c6b3c009-e58d-4ed1-b5a9-a8bde7963f16",
              "description": "Estudio de factibilidad de energia solar fotovoltaica para el NAICM",
              "classification": {
                "scheme": "EDIFICACION NO HABITACIONAL",
                "id": "6220"
              },
              "quantity": 1,
              "unit": {
                "name": "srv",
                "value": {
                  "amount": 8413461.44,
                  "currency": "MXN"
                }
              }
            }
          ],
          "contractPeriod": {
            "startDate": "2016-06-25T05:00:00.000Z",
            "endDate": "2016-09-22T05:00:00.000Z"
          },
          "documents": [
            {
              "id": "doc-5303ce91-1486-4d8b-bde0-b6a589789d65",
              "documentType": "Award Notice",
              "title": "Fallo",
              "description": "Acta de Fallo",
              "url": "http://189.211.120.220:8880/files/opendata/16046-ITP-SRO-DCAGI-SC-046-16/12.-%20AF/12.pdf",
              "datePublished": "2016-06-15T05:00:00.000Z",
              "dateModified": "2016-06-15T05:00:00.000Z",
              "format": "html",
              "language": "es"
            },
            {
              "id": "doc-93333c08-7b81-4c5a-a761-0ff5bbd82658",
              "documentType": "Award Notice",
              "title": "Fallo",
              "description": "Descripcion del acto de presentacion y apertura de proposiciones",
              "url": "http://189.211.120.220:8880/files/opendata/16046-ITP-SRO-DCAGI-SC-046-16/10.-%20AP/10.pdf",
              "datePublished": "2016-06-15T05:00:00.000Z",
              "dateModified": "2016-06-15T05:00:00.000Z",
              "format": "html",
              "language": "es"
            }
          ]
        }
      ],
      "contracts": [
        {
          "id": "ITP-SRO-DCAGI-SC-046-2016",
          "awardID": "No. IO-009KDH999-E73-2016",
          "title": "Estudio de factibilidad de energia solar fotovoltaica para el NAICM",
          "description": "Ver documento adjunto",
          "status": "active",
          "period": {
            "startDate": "2016-06-25T05:00:00.000Z",
            "endDate": "2016-09-22T05:00:00.000Z"
          },
          "value": {
            "amount": 8413461.44,
            "currency": "MXN"
          },
          "items": [
            {
              "id": "item-53a54f9c-e31a-48fe-9c82-fb53fbc8da93",
              "description": "Estudio de factibilidad de energia solar fotovoltaica para el NAICM",
              "classification": {
                "scheme": "EDIFICACION NO HABITACIONAL",
                "id": "6220"
              },
              "quantity": 1,
              "unit": {
                "name": "srv",
                "value": {
                  "amount": 8413461.44,
                  "currency": "MXN"
                }
              }
            }
          ],
          "dateSigned": "2016-06-25T05:00:00.000Z",
          "documents": [
            {
              "id": "doc-440ecd99-8ba0-4189-ae47-b85c4dc656bc",
              "documentType": "Contract Signed",
              "title": "Cl?usula sobre las condiciones de entrega de la obra",
              "description": "Contrato firmado",
              "url": "http://189.211.120.220:8880/files/opendata/16046-ITP-SRO-DCAGI-SC-046-16/15.-%20CF/15.pdf",
              "datePublished": "2016-06-15T05:00:00.000Z",
              "dateModified": "2016-06-15T05:00:00.000Z",
              "format": "html",
              "language": "es"
            },
            {
              "id": "doc-842aa47d-6d5c-478b-b0f5-42bdf1c9f133",
              "documentType": "Contract Signed",
              "title": "Contrato firmado",
              "description": "Contrato firmado",
              "url": "http://189.211.120.220:8880/files/opendata/16046-ITP-SRO-DCAGI-SC-046-16/15.-%20CF/15.pdf",
              "datePublished": "2016-06-15T05:00:00.000Z",
              "dateModified": "2016-06-15T05:00:00.000Z",
              "format": "html",
              "language": "es"
            },
            {
              "id": "doc-dc395764-00f6-483e-ada4-eeb33567fa67",
              "documentType": "Contract Guarantees",
              "title": "Fianza de anticipo",
              "description": "Garantia sobre el anticipo",
              "url": "http://189.211.120.220:8880/files/opendata/16046-ITP-SRO-DCAGI-SC-046-16/17.-%20GA/17.pdf",
              "datePublished": "2016-06-15T05:00:00.000Z",
              "dateModified": "2016-06-15T05:00:00.000Z",
              "format": "html",
              "language": "es"
            },
            {
              "id": "doc-084eff5b-daae-4a35-9dd0-8cf31345fea1",
              "documentType": "Contract Guarantees",
              "title": "Fianza de cumplimiento",
              "description": "Garantias de cumplimiento",
              "url": "http://189.211.120.220:8880/files/opendata/16046-ITP-SRO-DCAGI-SC-046-16/18.-%20GC/18.pdf",
              "datePublished": "2016-06-15T05:00:00.000Z",
              "dateModified": "2016-06-15T05:00:00.000Z",
              "format": "html",
              "language": "es"
            }
          ]
        }
      ],
      "language": "es"
    }
  ],
  "publisher": {
    "name": "GACM",
    "scheme": "SERVICIO",
    "uid": "AS",
    "uri": "http://www.aeropuerto.gob.mx/"
  },
  "license": "https://datos.gob.mx/libreusomx/",
  "publicationPolicy": "https://datos.gob.mx/libreusomx/"
}
