{
  "uri": "https://datos.gob.mx/busca/dataset?organization=gacm",
  "publishedDate": "2017-02-15T16:48:25.706Z",
  "releases": [
    {
      "ocid": "314",
      "id": "RELEASE_314_2017-02-15T16:48:25.705Z",
      "date": "2017-02-08T06:00:00.000Z",
      "tag": [
        "contract"
      ],
      "initiationType": "tender",
      "planning": {
        "budget": {
          "source": "http://www.apartados.hacienda.gob.mx/presupuesto/temas/pef/2016/docs/09/r09_kdh_pie.pdf",
          "id": "APORTACIONES A FIDEICOMISOS PUBLICOS",
          "description": "RECURSOS FISCALES",
          "amount": {
            "amount": 8500000,
            "currency": "MXN"
          },
          "project": "Nuevo Aeropuerto Internacional de la Ciudad de Mexico",
          "projectID": "46101",
          "uri": "http://www.apartados.hacienda.gob.mx/presupuesto/temas/pef/2016/docs/09/r09_kdh_pie.pdf"
        },
        "rationale": "Nivelacion diferencial de presicion para la determinacion de hundimientos de los bancos de nivel instrumentados dentro del poligono del NAICM",
        "documents": [
          {
            "id": "doc-0f1b0655-52bc-44b7-a983-0b2b2757ec00",
            "documentType": "projectPlan",
            "title": "Proyecto ejecutivo de la obra",
            "description": "Terminos de referencia",
            "url": "http://189.211.120.220:8880/files/opendata/16048-ITP-SRO-DCAGI-SC-048-16/4.-%20TR/4.pdf",
            "datePublished": "2016-06-17T05:00:00.000Z",
            "dateModified": "2016-06-17T05:00:00.000Z",
            "format": "html",
            "language": "es"
          }
        ]
      },
      "tender": {
        "id": "1071364?",
        "title": "Nivelacion diferencial de presicion para la determinacion de hundimientos de los bancos de nivel instrumentados dentro del poligono del NAICM",
        "description": "Nivelacion diferencial de presicion para la determinacion de hundimientos de los bancos de nivel instrumentados dentro del poligono del NAICM",
        "status": "active",
        "items": [
          {
            "id": "item-ee7930c2-2d90-4d7f-a032-857d9609114f",
            "description": "Nivelacion diferencial de presicion para la determinacion de hundimientos de los bancos de nivel instrumentados dentro del poligono del NAICM",
            "classification": {
              "scheme": "EDIFICACION NO HABITACIONAL",
              "id": "6220"
            },
            "quantity": 1,
            "unit": {
              "name": "sop",
              "value": {
                "amount": 8440929.63,
                "currency": "MXN"
              }
            }
          }
        ],
        "value": {
          "amount": 8500000,
          "currency": "MXN"
        },
        "procurementMethod": "selective",
        "procurementMethodRationale": "Nacional",
        "metodoDeAdquisicion": "Invitación a tres",
        "awardCriteria": "bestValueToGoverment",
        "awardCriteriaDetails": "Presencial",
        "submissionMethod": [
          "Presencial"
        ],
        "tenderPeriod": {
          "startDate": "2016-05-26T05:00:00.000Z",
          "endDate": "2016-06-10T05:00:00.000Z"
        },
        "enquiryPeriod": {
          "startDate": "2016-06-02T05:00:00.000Z",
          "endDate": "2016-06-02T05:00:00.000Z"
        },
        "hasEnquiries": true,
        "eligibilityCriteria": "Ver documento adjunto",
        "awardPeriod": {
          "startDate": "2016-05-26T05:00:00.000Z",
          "endDate": "2016-06-10T05:00:00.000Z"
        },
        "documents": [
          {
            "id": "doc-c8445827-2fa2-4f6a-8982-fea0684055e9",
            "documentType": "Clarifications",
            "title": "Actas de la junta de aclaraciones",
            "description": "Actas de la junta de aclaraciones",
            "url": "http://189.211.120.220:8880/files/opendata/16048-ITP-SRO-DCAGI-SC-048-16/9.-%20AJ/9.pdf",
            "datePublished": "2016-06-17T05:00:00.000Z",
            "dateModified": "2016-06-17T05:00:00.000Z",
            "format": "html",
            "language": "es"
          },
          {
            "id": "doc-71a9539d-a50b-4ee8-b872-01b60426f2fe",
            "documentType": "Tender Notice",
            "title": "Documento que contiene las especificaciones t?cnicas de la obra",
            "description": "Convocatoria al procedimiento de contratacion",
            "url": "http://189.211.120.220:8880/files/opendata/16048-ITP-SRO-DCAGI-SC-048-16/8.-%20CC/8.pdf",
            "datePublished": "2016-06-17T05:00:00.000Z",
            "dateModified": "2016-06-17T05:00:00.000Z",
            "format": "html",
            "language": "es"
          },
          {
            "id": "doc-54711e6d-7e8f-45d8-a115-f9e3fe4a8106",
            "documentType": "Tender Notice",
            "title": "Documento que describe los criterios de evaluaci?n",
            "description": "Convocatoria al procedimiento de contratacion",
            "url": "http://189.211.120.220:8880/files/opendata/16048-ITP-SRO-DCAGI-SC-048-16/8.-%20CC/8.pdf",
            "datePublished": "2016-06-17T05:00:00.000Z",
            "dateModified": "2016-06-17T05:00:00.000Z",
            "format": "html",
            "language": "es"
          },
          {
            "id": "doc-6e119e01-ddef-492f-9f06-7260c21c0d63",
            "documentType": "Tender Notice",
            "title": "Documento que contiene los objetivos y caracter?sticas del contrato y proceso de licitaci?n",
            "description": "Convocatoria al procedimiento de contratacion",
            "url": "http://189.211.120.220:8880/files/opendata/16048-ITP-SRO-DCAGI-SC-048-16/8.-%20CC/8.pdf",
            "datePublished": "2016-06-17T05:00:00.000Z",
            "dateModified": "2016-06-17T05:00:00.000Z",
            "format": "html",
            "language": "es"
          },
          {
            "id": "doc-501f2850-92e0-45ff-934a-f0591ad25c56",
            "documentType": "Tender Notice",
            "title": "Convocatoria al procedimiento de contrataci?n",
            "description": "Convocatoria al procedimiento de contratacion",
            "url": "http://189.211.120.220:8880/files/opendata/16048-ITP-SRO-DCAGI-SC-048-16/8.-%20CC/8.pdf",
            "datePublished": "2016-06-17T05:00:00.000Z",
            "dateModified": "2016-06-17T05:00:00.000Z",
            "format": "html",
            "language": "es"
          },
          {
            "id": "doc-2052d6b3-dc37-49c3-a3e6-4e78851ad5df",
            "documentType": "Tender Notice",
            "title": "Documento que describe los criterios que deben cumplir los licitantes",
            "description": "Convocatoria al procedimiento de contratacion",
            "url": "http://189.211.120.220:8880/files/opendata/16048-ITP-SRO-DCAGI-SC-048-16/8.-%20CC/8.pdf",
            "datePublished": "2016-06-17T05:00:00.000Z",
            "dateModified": "2016-06-17T05:00:00.000Z",
            "format": "html",
            "language": "es"
          }
        ]
      },
      "buyer": {
        "identifier": {
          "scheme": "MK-009KDH999",
          "id": "GACM",
          "legalName": "Grupo Aeroportuario de la Ciudad de Mexico, S.A. de C.V.",
          "uri": "http://www.aeropuerto.gob.mx/"
        },
        "name": "Grupo Aeroportuario de la Ciudad de Mexico, S.A. de C.V.",
        "address": {
          "streetAddress": "AV. INSURGENTES SUR NO. 2453 PISO 2 OFICINA 203",
          "locality": "COL. TIZAPAN",
          "region": "DEL. ALVARO OBREGON",
          "postalCode": "01090",
          "countryName": "Mexico"
        },
        "contactPoint": {
          "name": "G05-DIRECCION CORPORATIVA DE ADMINISTRACION Y GESTION INMOBILIARIA",
          "url": "http://www.aeropuerto.gob.mx/"
        }
      },
      "awards": [
        {
          "id": "IO-009KDH999-E76-2016",
          "title": "Nivelacion diferencial de presicion para la determinacion de hundimientos de los bancos de nivel instrumentados dentro del poligono del NAICM",
          "description": "Ver documento adjunto",
          "status": "active",
          "date": "2016-06-17T05:00:00.000Z",
          "value": {
            "amount": 8440929.63,
            "currency": "MXN"
          },
          "suppliers": [
            {
              "identifier": {
                "id": "CSE1207135EA",
                "legalName": "Construcciones Sustentables e Inteligentes, S.A. de C.V."
              },
              "name": "Construcciones Sustentables e Inteligentes, S.A. de C.V.",
              "address": {
                "streetAddress": "Navarra No. 187",
                "locality": "Alamos",
                "region": "0",
                "postalCode": "03400",
                "countryName": "Mexico"
              }
            }
          ],
          "items": [
            {
              "id": "item-3be46319-ff42-4e12-95a7-cd567bc61bba",
              "description": "Nivelacion diferencial de presicion para la determinacion de hundimientos de los bancos de nivel instrumentados dentro del poligono del NAICM",
              "classification": {
                "scheme": "EDIFICACION NO HABITACIONAL",
                "id": "6220"
              },
              "quantity": 1,
              "unit": {
                "name": "sop",
                "value": {
                  "amount": 8440929.63,
                  "currency": "MXN"
                }
              }
            }
          ],
          "contractPeriod": {
            "startDate": "2016-06-26T05:00:00.000Z",
            "endDate": "2016-12-31T06:00:00.000Z"
          },
          "documents": [
            {
              "id": "doc-cd0fab77-0f1a-4de9-89ce-051803d0e673",
              "documentType": "Award Notice",
              "title": "Fallo",
              "description": "Acta de fallo",
              "url": "http://189.211.120.220:8880/files/opendata/16048-ITP-SRO-DCAGI-SC-048-16/12.-%20AF/12.pdf",
              "datePublished": "2016-06-17T05:00:00.000Z",
              "dateModified": "2016-06-17T05:00:00.000Z",
              "format": "html",
              "language": "es"
            },
            {
              "id": "doc-7320fe86-fc8f-42bd-a068-1fa035d12a94",
              "documentType": "Award Notice",
              "title": "Fallo",
              "description": "Descripcion del acto de presentacion y apertura de proposiciones",
              "url": "http://189.211.120.220:8880/files/opendata/16048-ITP-SRO-DCAGI-SC-048-16/10.-%20AP/10.pdf",
              "datePublished": "2016-06-17T05:00:00.000Z",
              "dateModified": "2016-06-17T05:00:00.000Z",
              "format": "html",
              "language": "es"
            }
          ]
        }
      ],
      "contracts": [
        {
          "id": "ITP-SRO-DCAGI-SC-048-16",
          "awardID": "IO-009KDH999-E76-2016",
          "title": "Nivelacion diferencial de presicion para la determinacion de hundimientos de los bancos de nivel instrumentados dentro del poligono del NAICM",
          "description": "Ver documento adjunto",
          "status": "active",
          "period": {
            "startDate": "2016-06-26T05:00:00.000Z",
            "endDate": "2016-12-31T06:00:00.000Z"
          },
          "value": {
            "amount": 8440929.63,
            "currency": "MXN"
          },
          "items": [
            {
              "id": "item-d726d99f-1514-4c87-aca0-c09b18f2f244",
              "description": "Nivelacion diferencial de presicion para la determinacion de hundimientos de los bancos de nivel instrumentados dentro del poligono del NAICM",
              "classification": {
                "scheme": "EDIFICACION NO HABITACIONAL",
                "id": "6220"
              },
              "quantity": 1,
              "unit": {
                "name": "sop",
                "value": {
                  "amount": 8440929.63,
                  "currency": "MXN"
                }
              }
            }
          ],
          "dateSigned": "2016-06-20T05:00:00.000Z",
          "documents": [
            {
              "id": "doc-f622a66e-cd86-4b86-a47a-dc332341eb96",
              "documentType": "Contract Signed",
              "title": "Cl?usula sobre las condiciones de entrega de la obra",
              "description": "Contrato firmado",
              "url": "http://189.211.120.220:8880/files/opendata/16048-ITP-SRO-DCAGI-SC-048-16/15.-%20CF/15.pdf",
              "datePublished": "2016-06-17T05:00:00.000Z",
              "dateModified": "2016-06-17T05:00:00.000Z",
              "format": "html",
              "language": "es"
            },
            {
              "id": "doc-2a082a94-45db-4932-8721-4241ee93fb7e",
              "documentType": "Contract Signed",
              "title": "Contrato firmado",
              "description": "Contrato firmado",
              "url": "http://189.211.120.220:8880/files/opendata/16048-ITP-SRO-DCAGI-SC-048-16/15.-%20CF/15.pdf",
              "datePublished": "2016-06-17T05:00:00.000Z",
              "dateModified": "2016-06-17T05:00:00.000Z",
              "format": "html",
              "language": "es"
            },
            {
              "id": "doc-23422855-26a6-4b0d-9684-d7b7487b8339",
              "documentType": "Contract Guarantees",
              "title": "Fianza de anticipo",
              "description": "Garantia sobre el anticipo",
              "url": "http://189.211.120.220:8880/files/opendata/16048-ITP-SRO-DCAGI-SC-048-16/17.-%20GA/17.pdf",
              "datePublished": "2016-06-17T05:00:00.000Z",
              "dateModified": "2016-06-17T05:00:00.000Z",
              "format": "html",
              "language": "es"
            },
            {
              "id": "doc-bbd69044-4ded-454f-a13b-dae55870349d",
              "documentType": "Contract Guarantees",
              "title": "Fianza de cumplimiento",
              "description": "Garantias de cumplimiento",
              "url": "http://189.211.120.220:8880/files/opendata/16048-ITP-SRO-DCAGI-SC-048-16/18.-%20GC/18.pdf",
              "datePublished": "2016-06-17T05:00:00.000Z",
              "dateModified": "2016-06-17T05:00:00.000Z",
              "format": "html",
              "language": "es"
            }
          ]
        }
      ],
      "language": "es"
    }
  ],
  "publisher": {
    "name": "GACM",
    "scheme": "SERVICIO",
    "uid": "AS",
    "uri": "http://www.aeropuerto.gob.mx/"
  },
  "license": "https://datos.gob.mx/libreusomx/",
  "publicationPolicy": "https://datos.gob.mx/libreusomx/"
}
