{
  "uri": "https://datos.gob.mx/busca/dataset?organization=gacm",
  "publishedDate": "2017-02-15T16:48:25.616Z",
  "releases": [
    {
      "ocid": "316",
      "id": "RELEASE_316_2017-02-15T16:48:25.615Z",
      "date": "2017-02-08T06:00:00.000Z",
      "tag": [
        "contract"
      ],
      "initiationType": "tender",
      "planning": {
        "budget": {
          "source": "http://www.apartados.hacienda.gob.mx/presupuesto/temas/pef/2016/docs/09/r09_kdh_pie.pdf",
          "id": "APORTACIONES A FIDEICOMISOS PUBLICOS",
          "description": "RECURSOS FISCALES",
          "amount": {
            "amount": 18000000,
            "currency": "MXN"
          },
          "project": "Nuevo Aeropuerto Internacional de la Ciudad de Mexico",
          "projectID": "46101",
          "uri": "http://www.apartados.hacienda.gob.mx/presupuesto/temas/pef/2016/docs/09/r09_kdh_pie.pdf"
        },
        "rationale": "Servicios profesionales de levantamiento de imagen y video del nuevo aeropuerto internacional de la ciudad de Mexico",
        "documents": [
          {
            "id": "doc-98a4f455-bceb-47c8-b86a-fc2cfa107b26",
            "documentType": "projectPlan",
            "title": "Proyecto ejecutivo de la obra",
            "description": "Terminos de referencia",
            "url": "http://189.211.120.220:8880/files/opendata/16049-LPN-AS-DCAGI-SC-049-16/4.-%20TR/4.pdf",
            "datePublished": "2016-06-28T05:00:00.000Z",
            "dateModified": "2016-06-28T05:00:00.000Z",
            "format": "html",
            "language": "es"
          }
        ]
      },
      "tender": {
        "id": "1078677?",
        "title": "Servicios profesionales de levantamiento de imagen y video del nuevo aeropuerto internacional de la ciudad de Mexico",
        "description": "Servicios profesionales de levantamiento de imagen y video del nuevo aeropuerto internacional de la ciudad de Mexico",
        "status": "active",
        "items": [
          {
            "id": "item-a805531f-88bb-4459-a1fe-844156e94892",
            "description": "Servicios profesionales de levantamiento de imagen y video del nuevo aeropuerto internacional de la ciudad de Mexico",
            "classification": {
              "scheme": "EDIFICACION NO HABITACIONAL",
              "id": "6220"
            },
            "quantity": 1,
            "unit": {
              "name": "srv",
              "value": {
                "amount": 12000000,
                "currency": "MXN"
              }
            }
          }
        ],
        "value": {
          "amount": 18000000,
          "currency": "MXN"
        },
        "procurementMethod": "open",
        "procurementMethodRationale": "Nacional",
        "metodoDeAdquisicion": "Licitación pública",
        "awardCriteria": "bestValueToGoverment",
        "awardCriteriaDetails": "Presencial",
        "submissionMethod": [
          "Presencial"
        ],
        "tenderPeriod": {
          "startDate": "2016-06-08T05:00:00.000Z",
          "endDate": "2016-06-24T05:00:00.000Z"
        },
        "enquiryPeriod": {
          "startDate": "2016-06-16T05:00:00.000Z",
          "endDate": "2016-06-16T05:00:00.000Z"
        },
        "hasEnquiries": true,
        "eligibilityCriteria": "Ver documento adjunto",
        "awardPeriod": {
          "startDate": "2016-06-08T05:00:00.000Z",
          "endDate": "2016-06-24T05:00:00.000Z"
        },
        "documents": [
          {
            "id": "doc-fa3d1c3f-71e3-4b4d-87e1-5c31c1f93dd0",
            "documentType": "Clarifications",
            "title": "Actas de la junta de aclaraciones",
            "description": "Actas de la junta de aclaraciones",
            "url": "http://189.211.120.220:8880/files/opendata/16049-LPN-AS-DCAGI-SC-049-16/9.-%20AJ/9.pdf",
            "datePublished": "2016-06-28T05:00:00.000Z",
            "dateModified": "2016-06-28T05:00:00.000Z",
            "format": "html",
            "language": "es"
          },
          {
            "id": "doc-81d0005e-a7ac-4811-8e03-2fd618602a90",
            "documentType": "Tender Notice",
            "title": "Documento que describe los criterios que deben cumplir los licitantes",
            "description": "Convocatoria al procedimiento de contratacion",
            "url": "http://189.211.120.220:8880/files/opendata/16049-LPN-AS-DCAGI-SC-049-16/8.-%20CC/8.pdf",
            "datePublished": "2016-06-28T05:00:00.000Z",
            "dateModified": "2016-06-28T05:00:00.000Z",
            "format": "html",
            "language": "es"
          },
          {
            "id": "doc-b1bc29ee-df13-4666-8d50-af45386501c0",
            "documentType": "Tender Notice",
            "title": "Documento que contiene los objetivos y caracter?sticas del contrato y proceso de licitaci?n",
            "description": "Convocatoria al procedimiento de contratacion",
            "url": "http://189.211.120.220:8880/files/opendata/16049-LPN-AS-DCAGI-SC-049-16/8.-%20CC/8.pdf",
            "datePublished": "2016-06-28T05:00:00.000Z",
            "dateModified": "2016-06-28T05:00:00.000Z",
            "format": "html",
            "language": "es"
          },
          {
            "id": "doc-ded0714e-eb53-49bd-9408-af8fbcc524ee",
            "documentType": "Tender Notice",
            "title": "Documento que contiene las especificaicones t?cnicas de la obra",
            "description": "Convocatoria al procedimiento de contratacion",
            "url": "http://189.211.120.220:8880/files/opendata/16049-LPN-AS-DCAGI-SC-049-16/8.-%20CC/8.pdf",
            "datePublished": "2016-06-28T05:00:00.000Z",
            "dateModified": "2016-06-28T05:00:00.000Z",
            "format": "html",
            "language": "es"
          },
          {
            "id": "doc-df6f2916-9ee9-4b68-b296-2fec4c28eea7",
            "documentType": "Tender Notice",
            "title": "Convocatoria al procedimiento de contrataci?n",
            "description": "Convocatoria al procedimiento de contratacion",
            "url": "http://189.211.120.220:8880/files/opendata/16049-LPN-AS-DCAGI-SC-049-16/8.-%20CC/8.pdf",
            "datePublished": "2016-06-28T05:00:00.000Z",
            "dateModified": "2016-06-28T05:00:00.000Z",
            "format": "html",
            "language": "es"
          },
          {
            "id": "doc-64e60bd3-1d8b-49ed-b76c-4d24dd4ac458",
            "documentType": "Tender Notice",
            "title": "Documento que describe los criterios de evaluaci?n",
            "description": "Convocatoria al procedimiento de contratacion",
            "url": "http://189.211.120.220:8880/files/opendata/16049-LPN-AS-DCAGI-SC-049-16/8.-%20CC/8.pdf",
            "datePublished": "2016-06-28T05:00:00.000Z",
            "dateModified": "2016-06-28T05:00:00.000Z",
            "format": "html",
            "language": "es"
          }
        ]
      },
      "buyer": {
        "identifier": {
          "scheme": "MK-009KDH999",
          "id": "GACM",
          "legalName": "Grupo Aeroportuario de la Ciudad de Mexico, S.A. de C.V.",
          "uri": "http://www.aeropuerto.gob.mx/"
        },
        "name": "Grupo Aeroportuario de la Ciudad de Mexico, S.A. de C.V.",
        "address": {
          "streetAddress": "AV. INSURGENTES SUR NO. 2453 PISO 2 OFICINA 203",
          "locality": "COL. TIZAPAN",
          "region": "DEL. ALVARO OBREGON",
          "postalCode": "01090",
          "countryName": "Mexico"
        },
        "contactPoint": {
          "name": "G05-DIRECCION CORPORATIVA DE ADMINISTRACION Y GESTION INMOBILIARIA",
          "url": "http://www.aeropuerto.gob.mx/"
        }
      },
      "awards": [
        {
          "id": "LA-009KDH999-E78-2016",
          "title": "Servicios profesionales de levantamiento de imagen y video del nuevo aeropuerto internacional de la ciudad de Mexico",
          "description": "Ver documento adjunto",
          "status": "active",
          "date": "2016-06-28T05:00:00.000Z",
          "value": {
            "amount": 12000000,
            "currency": "MXN"
          },
          "suppliers": [
            {
              "identifier": {
                "id": "SAR980126MU8",
                "legalName": "Servicios, Audio, Representaciones y Artistas, S.A. de C.V."
              },
              "name": "Servicios, Audio, Representaciones y Artistas, S.A. de C.V.",
              "address": {
                "streetAddress": "Providencia No. 4",
                "locality": "Del Valle",
                "region": "Benito Juarez",
                "postalCode": "03100",
                "countryName": "Mexico"
              }
            }
          ],
          "items": [
            {
              "id": "item-a78a5e91-d5cf-4b82-aaae-74659080bf06",
              "description": "Servicios profesionales de levantamiento de imagen y video del nuevo aeropuerto internacional de la ciudad de Mexico",
              "classification": {
                "scheme": "EDIFICACION NO HABITACIONAL",
                "id": "6220"
              },
              "quantity": 1,
              "unit": {
                "name": "srv",
                "value": {
                  "amount": 12000000,
                  "currency": "MXN"
                }
              }
            }
          ],
          "contractPeriod": {
            "startDate": "2016-07-01T05:00:00.000Z",
            "endDate": "2016-12-31T06:00:00.000Z"
          },
          "documents": [
            {
              "id": "doc-e38a8d6d-010a-4b42-a8a7-ade160e44ed5",
              "documentType": "Award Notice",
              "title": "Fallo",
              "description": "Acta de fallo",
              "url": "http://189.211.120.220:8880/files/opendata/16049-LPN-AS-DCAGI-SC-049-16/12.-%20AF/12.pdf",
              "datePublished": "2016-06-28T05:00:00.000Z",
              "dateModified": "2016-06-28T05:00:00.000Z",
              "format": "html",
              "language": "es"
            },
            {
              "id": "doc-55064af1-65f3-4fa1-8d97-2c7fe791df80",
              "documentType": "Award Notice",
              "title": "Fallo",
              "description": "Descripcion del acto de presentacion y apertura de proposiciones",
              "url": "http://189.211.120.220:8880/files/opendata/16049-LPN-AS-DCAGI-SC-049-16/10.-%20AP/10.pdf",
              "datePublished": "2016-06-28T05:00:00.000Z",
              "dateModified": "2016-06-28T05:00:00.000Z",
              "format": "html",
              "language": "es"
            }
          ]
        }
      ],
      "contracts": [
        {
          "id": "LPN-AS-DCAGI-SC-049-16",
          "awardID": "LA-009KDH999-E78-2016",
          "title": "Servicios profesionales de levantamiento de imagen y video del nuevo aeropuerto internacional de la ciudad de Mexico",
          "description": "Ver documento adjunto",
          "status": "active",
          "period": {
            "startDate": "2016-07-01T05:00:00.000Z",
            "endDate": "2016-12-31T06:00:00.000Z"
          },
          "value": {
            "amount": 12000000,
            "currency": "MXN"
          },
          "items": [
            {
              "id": "item-572cd8da-840c-4733-a81e-23550315d0b9",
              "description": "Servicios profesionales de levantamiento de imagen y video del nuevo aeropuerto internacional de la ciudad de Mexico",
              "classification": {
                "scheme": "EDIFICACION NO HABITACIONAL",
                "id": "6220"
              },
              "quantity": 1,
              "unit": {
                "name": "srv",
                "value": {
                  "amount": 12000000,
                  "currency": "MXN"
                }
              }
            }
          ],
          "dateSigned": "2016-07-01T05:00:00.000Z",
          "documents": [
            {
              "id": "doc-0a39b219-90d9-44f4-9d05-2904e1e7d40e",
              "documentType": "Contract Signed",
              "title": "Cl?usula sobre las condiciones de entrega de la obra",
              "description": "Contrato firmado",
              "url": "http://189.211.120.220:8880/files/opendata/16049-LPN-AS-DCAGI-SC-049-16/15.-%20CF/15.pdf",
              "datePublished": "2016-06-28T05:00:00.000Z",
              "dateModified": "2016-06-28T05:00:00.000Z",
              "format": "html",
              "language": "es"
            },
            {
              "id": "doc-64c98a7e-60d3-4cd2-83a1-0ca22466dbe0",
              "documentType": "Contract Signed",
              "title": "Contrato firmado",
              "description": "Contrato firmado",
              "url": "http://189.211.120.220:8880/files/opendata/16049-LPN-AS-DCAGI-SC-049-16/15.-%20CF/15.pdf",
              "datePublished": "2016-06-28T05:00:00.000Z",
              "dateModified": "2016-06-28T05:00:00.000Z",
              "format": "html",
              "language": "es"
            },
            {
              "id": "doc-2215d09b-72f8-4aa8-8ee6-6042a6e1bf05",
              "documentType": "Contract Guarantees",
              "title": "Fianza de anticipo",
              "description": "Garantia sobre el anticipo",
              "url": "http://189.211.120.220:8880/files/opendata/16049-LPN-AS-DCAGI-SC-049-16/17.-%20GA/17.pdf",
              "datePublished": "2016-06-28T05:00:00.000Z",
              "dateModified": "2016-06-28T05:00:00.000Z",
              "format": "html",
              "language": "es"
            },
            {
              "id": "doc-64329c82-5def-418d-8947-fc3bc62e9d29",
              "documentType": "Contract Guarantees",
              "title": "Fianza de cumplimiento",
              "description": "Garantias de cumplimiento",
              "url": "http://189.211.120.220:8880/files/opendata/16049-LPN-AS-DCAGI-SC-049-16/18.-%20GC/18.pdf",
              "datePublished": "2016-06-28T05:00:00.000Z",
              "dateModified": "2016-06-28T05:00:00.000Z",
              "format": "html",
              "language": "es"
            }
          ]
        }
      ],
      "language": "es"
    }
  ],
  "publisher": {
    "name": "GACM",
    "scheme": "SERVICIO",
    "uid": "AS",
    "uri": "http://www.aeropuerto.gob.mx/"
  },
  "license": "https://datos.gob.mx/libreusomx/",
  "publicationPolicy": "https://datos.gob.mx/libreusomx/"
}
