{
  "uri": "https://datos.gob.mx/busca/dataset?organization=gacm",
  "publishedDate": "2017-02-15T16:48:26.162Z",
  "releases": [
    {
      "ocid": "321",
      "id": "RELEASE_321_2017-02-15T16:48:26.161Z",
      "date": "2017-02-09T06:00:00.000Z",
      "tag": [
        "contract"
      ],
      "initiationType": "tender",
      "planning": {
        "budget": {
          "source": "http://www.apartados.hacienda.gob.mx/presupuesto/temas/pef/2016/docs/09/r09_kdh_pie.pdf",
          "id": "APORTACIONES A FIDEICOMISOS PUBLICOS",
          "description": "RECURSOS FISCALES",
          "amount": {
            "currency": "MXN"
          },
          "project": "Nuevo Aeropuerto Internacional de la Ciudad de Mexico",
          "projectID": "46101",
          "uri": "http://www.apartados.hacienda.gob.mx/presupuesto/temas/pef/2016/docs/09/r09_kdh_pie.pdf"
        },
        "rationale": "Sillas apilables acojinadas y mesas paea eventos licitatorios",
        "documents": [
          {
            "id": "doc-1e7159c1-8874-4d20-af3c-6c8163246fd6",
            "documentType": "projectPlan",
            "title": "Proyecto ejecutivo de la obra",
            "description": "Terminos de referencia",
            "url": "http://189.211.120.220:8880/files/opendata/16039-AD-AS-DCAGI-SC-039-16/4.-%20TR/4.pdf",
            "datePublished": "2016-06-15T05:00:00.000Z",
            "dateModified": "2016-06-15T05:00:00.000Z",
            "format": "html",
            "language": "es"
          }
        ]
      },
      "tender": {
        "id": "1159843",
        "title": "Sillas apilables acojinadas y mesas paea eventos licitatorios",
        "description": "Sillas apilables acojinadas y mesas paea eventos licitatorios",
        "status": "active",
        "items": [
          {
            "id": "item-916e4848-01df-41d9-9aff-7d448aee3114",
            "description": "Sillas apilables acojinadas y mesas paea eventos licitatorios",
            "classification": {
              "scheme": "EDIFICACION NO HABITACIONAL",
              "id": "6220"
            },
            "quantity": 1,
            "unit": {
              "name": "srv",
              "value": {
                "amount": 62900,
                "currency": "MXN"
              }
            }
          }
        ],
        "value": {
          "currency": "MXN"
        },
        "procurementMethod": "limited",
        "procurementMethodRationale": "Nacional",
        "metodoDeAdquisicion": "Adjudicación directa",
        "awardCriteria": "bestValueToGoverment",
        "awardCriteriaDetails": "No aplica",
        "submissionMethod": [
          "No aplica"
        ],
        "tenderPeriod": {
          "endDate": "2016-06-15T05:00:00.000Z"
        },
        "eligibilityCriteria": "Ver documento adjunto",
        "awardPeriod": {
          "endDate": "2016-06-15T05:00:00.000Z"
        },
        "documents": [
          {
            "id": "doc-929f250f-2545-4191-a196-56669107f27c",
            "documentType": "Clarifications",
            "title": "Actas de la junta de aclaraciones",
            "description": "Actas de la junta de aclaraciones",
            "url": "http://189.211.120.220:8880/files/opendata/16039-AD-AS-DCAGI-SC-039-16/9.-%20AJ/9.pdf",
            "datePublished": "2016-06-15T05:00:00.000Z",
            "dateModified": "2016-06-15T05:00:00.000Z",
            "format": "html",
            "language": "es"
          },
          {
            "id": "doc-4736ce93-0e31-45a2-87d8-208a5e0b227d",
            "documentType": "Tender Notice",
            "title": "Documento que contiene las especificaciones t?cnicas de la obra",
            "description": "Convocatoria al procedimiento de contratacion",
            "url": "http://189.211.120.220:8880/files/opendata/16039-AD-AS-DCAGI-SC-039-16/8.-%20CC/8.pdf",
            "datePublished": "2016-06-15T05:00:00.000Z",
            "dateModified": "2016-06-15T05:00:00.000Z",
            "format": "html",
            "language": "es"
          },
          {
            "id": "doc-4e8cfae3-dd86-4779-87c6-3ff03f49c35b",
            "documentType": "Tender Notice",
            "title": "Documento que describe los criterios de evaluaci?n",
            "description": "Convocatoria al procedimiento de contratacion",
            "url": "http://189.211.120.220:8880/files/opendata/16039-AD-AS-DCAGI-SC-039-16/8.-%20CC/8.pdf",
            "datePublished": "2016-06-15T05:00:00.000Z",
            "dateModified": "2016-06-15T05:00:00.000Z",
            "format": "html",
            "language": "es"
          },
          {
            "id": "doc-e235f8e5-425f-4110-9257-eeb2491ac62d",
            "documentType": "Tender Notice",
            "title": "Documento que contiene los objetivos y caracter?sticas del contrato y proceso de licitaci?n",
            "description": "Convocatoria al procedimiento de contratacion",
            "url": "http://189.211.120.220:8880/files/opendata/16039-AD-AS-DCAGI-SC-039-16/8.-%20CC/8.pdf",
            "datePublished": "2016-06-15T05:00:00.000Z",
            "dateModified": "2016-06-15T05:00:00.000Z",
            "format": "html",
            "language": "es"
          },
          {
            "id": "doc-67492f63-ed3f-420f-a650-f1d7291c384c",
            "documentType": "Tender Notice",
            "title": "Convocatoria al procedimiento de contrataci?n",
            "description": "Convocatoria al procedimiento de contratacion",
            "url": "http://189.211.120.220:8880/files/opendata/16039-AD-AS-DCAGI-SC-039-16/8.-%20CC/8.pdf",
            "datePublished": "2016-06-15T05:00:00.000Z",
            "dateModified": "2016-06-15T05:00:00.000Z",
            "format": "html",
            "language": "es"
          },
          {
            "id": "doc-8d195dcf-9209-4a97-b094-e93b34071e3b",
            "documentType": "Tender Notice",
            "title": "Documento que describe los criterios que deben cumplir los licitantes",
            "description": "Convocatoria al procedimiento de contratacion",
            "url": "http://189.211.120.220:8880/files/opendata/16039-AD-AS-DCAGI-SC-039-16/8.-%20CC/8.pdf",
            "datePublished": "2016-06-15T05:00:00.000Z",
            "dateModified": "2016-06-15T05:00:00.000Z",
            "format": "html",
            "language": "es"
          }
        ]
      },
      "buyer": {
        "identifier": {
          "scheme": "MK-009KDH999",
          "id": "GACM",
          "legalName": "Grupo Aeroportuario de la Ciudad de Mexico, S.A. de C.V.",
          "uri": "http://www.aeropuerto.gob.mx/"
        },
        "name": "Grupo Aeroportuario de la Ciudad de Mexico, S.A. de C.V.",
        "address": {
          "streetAddress": "AV. INSURGENTES SUR NO. 2453 PISO 2 OFICINA 203",
          "locality": "COL. TIZAPAN",
          "region": "DEL. ALVARO OBREGON",
          "postalCode": "01090",
          "countryName": "Mexico"
        },
        "contactPoint": {
          "name": "G05-DIRECCION CORPORATIVA DE ADMINISTRACION Y GESTION INMOBILIARIA",
          "url": "http://www.aeropuerto.gob.mx/"
        }
      },
      "awards": [
        {
          "id": "0",
          "title": "Sillas apilables acojinadas y mesas paea eventos licitatorios",
          "description": "Ver documento adjunto",
          "status": "active",
          "value": {
            "amount": 62900,
            "currency": "MXN"
          },
          "suppliers": [
            {
              "identifier": {
                "id": "SLA940208720",
                "legalName": "SUMINISTRO LARY S.A DE C.V."
              },
              "name": "SUMINISTRO LARY S.A DE C.V.",
              "address": {
                "streetAddress": "Av. Insurgentes Sur, 1971,Torre IV,Piso 6",
                "locality": "Guadalupe Inn",
                "region": "Alvaro Obregon",
                "postalCode": "01020",
                "countryName": "Mexico"
              }
            }
          ],
          "items": [
            {
              "id": "item-c26ac819-dbb2-4f2e-a6c5-bd562d50f019",
              "description": "Sillas apilables acojinadas y mesas paea eventos licitatorios",
              "classification": {
                "scheme": "EDIFICACION NO HABITACIONAL",
                "id": "6220"
              },
              "quantity": 1,
              "unit": {
                "name": "srv",
                "value": {
                  "amount": 62900,
                  "currency": "MXN"
                }
              }
            }
          ],
          "contractPeriod": {
            "startDate": "2016-06-16T05:00:00.000Z",
            "endDate": "2016-10-15T05:00:00.000Z"
          },
          "documents": [
            {
              "id": "doc-c506d58f-2d2b-4489-bef0-b084536acd54",
              "documentType": "Award Notice",
              "title": "Fallo",
              "description": "Acta de fallo",
              "url": "http://189.211.120.220:8880/files/opendata/16039-AD-AS-DCAGI-SC-039-16/12.-%20AF/12.pdf",
              "datePublished": "2016-06-15T05:00:00.000Z",
              "dateModified": "2016-06-15T05:00:00.000Z",
              "format": "html",
              "language": "es"
            },
            {
              "id": "doc-f67b321e-899f-421e-98d9-ceb4bf442425",
              "documentType": "Award Notice",
              "title": "Fallo",
              "description": "Descripcion del acto de presentacion y apertura de proposiciones",
              "url": "http://189.211.120.220:8880/files/opendata/16039-AD-AS-DCAGI-SC-039-16/10.-%20AP/10.pdf",
              "datePublished": "2016-06-15T05:00:00.000Z",
              "dateModified": "2016-06-15T05:00:00.000Z",
              "format": "html",
              "language": "es"
            }
          ]
        }
      ],
      "contracts": [
        {
          "id": "AD-AS-DCAGI-SC-039-16",
          "awardID": "0",
          "title": "Sillas apilables acojinadas y mesas paea eventos licitatorios",
          "description": "Ver documento adjunto",
          "status": "active",
          "period": {
            "startDate": "2016-06-16T05:00:00.000Z",
            "endDate": "2016-10-15T05:00:00.000Z"
          },
          "value": {
            "amount": 62900,
            "currency": "MXN"
          },
          "items": [
            {
              "id": "item-ad1a6a5c-d0a9-4f30-9532-f0a05a3c1395",
              "description": "Sillas apilables acojinadas y mesas paea eventos licitatorios",
              "classification": {
                "scheme": "EDIFICACION NO HABITACIONAL",
                "id": "6220"
              },
              "quantity": 1,
              "unit": {
                "name": "srv",
                "value": {
                  "amount": 62900,
                  "currency": "MXN"
                }
              }
            }
          ],
          "dateSigned": "2016-06-16T05:00:00.000Z",
          "documents": [
            {
              "id": "doc-04dcefc7-c3cd-469e-ad90-e76e52e6a5a7",
              "documentType": "Contract Signed",
              "title": "Cl?usula sobre las condiciones de entrega de la obra",
              "description": "Contrato firmado",
              "url": "http://189.211.120.220:8880/files/opendata/16039-AD-AS-DCAGI-SC-039-16/15.-%20CF/15.pdf",
              "datePublished": "2016-06-15T05:00:00.000Z",
              "dateModified": "2016-06-15T05:00:00.000Z",
              "format": "html",
              "language": "es"
            },
            {
              "id": "doc-af421417-c308-4345-a46c-b0c9ac8b7101",
              "documentType": "Contract Signed",
              "title": "Contrato firmado",
              "description": "Contrato firmado",
              "url": "http://189.211.120.220:8880/files/opendata/16039-AD-AS-DCAGI-SC-039-16/15.-%20CF/15.pdf",
              "datePublished": "2016-06-15T05:00:00.000Z",
              "dateModified": "2016-06-15T05:00:00.000Z",
              "format": "html",
              "language": "es"
            },
            {
              "id": "doc-487b3d4b-82d1-47a5-ac33-eb69bb5b9390",
              "documentType": "Contract Guarantees",
              "title": "Fianza de anticipo",
              "description": "Garantia sobre el anticipo",
              "url": "http://189.211.120.220:8880/files/opendata/16039-AD-AS-DCAGI-SC-039-16/17.-%20GA/17.pdf",
              "datePublished": "2016-06-15T05:00:00.000Z",
              "dateModified": "2016-06-15T05:00:00.000Z",
              "format": "html",
              "language": "es"
            },
            {
              "id": "doc-e53d4ae4-6db7-4dd1-b3ab-d9ee473a849b",
              "documentType": "Contract Guarantees",
              "title": "Fianza de cumplimiento",
              "description": "Garantias de cumplimiento",
              "url": "http://189.211.120.220:8880/files/opendata/16039-AD-AS-DCAGI-SC-039-16/18.-%20GC/18.pdf",
              "datePublished": "2016-06-15T05:00:00.000Z",
              "dateModified": "2016-06-15T05:00:00.000Z",
              "format": "html",
              "language": "es"
            }
          ]
        }
      ],
      "language": "es"
    }
  ],
  "publisher": {
    "name": "GACM",
    "scheme": "SERVICIO",
    "uid": "AS",
    "uri": "http://www.aeropuerto.gob.mx/"
  },
  "license": "https://datos.gob.mx/libreusomx/",
  "publicationPolicy": "https://datos.gob.mx/libreusomx/"
}
