{
  "uri": "https://datos.gob.mx/busca/dataset?organization=gacm",
  "publishedDate": "2017-02-15T16:48:25.892Z",
  "releases": [
    {
      "ocid": "325",
      "id": "RELEASE_325_2017-02-15T16:48:25.891Z",
      "date": "2017-02-09T06:00:00.000Z",
      "tag": [
        "contract"
      ],
      "initiationType": "tender",
      "planning": {
        "budget": {
          "id": "El arrendamiento de equipo de computo, de impresion, de telefonia IP y equipos de red al GACM",
          "description": "Presupuesto de Egresos de la Federacion",
          "amount": {
            "amount": 1200000,
            "currency": "MXN"
          },
          "project": "Nuevo Aeropuerto Internacional de la Ciudad de Mexico",
          "projectID": "46101"
        },
        "rationale": "El arrendamiento de equipo de computo, de impresion, de telefonia IP y equipos de red al GACM",
        "documents": [
          {
            "id": "doc-cc6b5636-6276-411f-955e-e23670f98177",
            "documentType": "projectPlan",
            "title": "Proyecto ejecutivo de la obra",
            "description": "Terminos de referencia",
            "url": "http://189.211.120.220:8880/files/opendata/14001-GACM-SEC-01-2014/4.-%20TR/4.pdf",
            "datePublished": "2014-11-01T06:00:00.000Z",
            "dateModified": "2014-11-01T06:00:00.000Z",
            "format": "html",
            "language": "es"
          }
        ]
      },
      "tender": {
        "id": "NO APLICA",
        "title": "Arrendamiento de equipo de computo de impresion, de telefonia IP y equipos de red al GACM",
        "description": "El arrendamiento de equipo de computo, de impresion, de telefonia IP y equipos de red al GACM",
        "status": "active",
        "items": [
          {
            "id": "item-7d7aec45-71c7-49d2-89ee-faac774ef000",
            "description": "Arrendamiento de equipo de computo de impresion, de telefonia IP y equipos de red al GACM",
            "classification": {
              "scheme": "ARRENDAMIENTO DE MOBILIARIO Y EQUIPO DE ADMINISTRACION, EDUCACIONAL Y RECREATIVO",
              "id": "3230"
            },
            "quantity": 1,
            "unit": {
              "name": "srv",
              "value": {
                "amount": 1008000,
                "currency": "MXN"
              }
            }
          }
        ],
        "value": {
          "amount": 1200000,
          "currency": "MXN"
        },
        "procurementMethod": "limited",
        "procurementMethodRationale": "No aplica",
        "metodoDeAdquisicion": "Adjudicación directa",
        "awardCriteria": "bestValueToGoverment",
        "awardCriteriaDetails": "No aplica",
        "submissionMethod": [
          "No aplica"
        ],
        "eligibilityCriteria": "Ver documento adjunto",
        "documents": [
          {
            "id": "doc-df7438f3-ac35-42aa-a8c5-c158b062f4da",
            "documentType": "Clarifications",
            "title": "Actas de la junta de aclaraciones",
            "description": "Actas de la junta de aclaraciones",
            "url": "http://189.211.120.220:8880/files/opendata/14001-GACM-SEC-01-2014/9.-%20AJ/9.pdf",
            "datePublished": "2014-11-01T06:00:00.000Z",
            "dateModified": "2014-11-01T06:00:00.000Z",
            "format": "html",
            "language": "es"
          },
          {
            "id": "doc-bb9de5ae-f286-4826-8d96-493f434c5a33",
            "documentType": "Tender Notice",
            "title": "Documento que contiene las especificaciones t?cnicas de la obra",
            "description": "Convocatoria al procedimiento de contratacion",
            "url": "http://189.211.120.220:8880/files/opendata/14001-GACM-SEC-01-2014/8.-%20CC/8.pdf",
            "datePublished": "2014-11-01T06:00:00.000Z",
            "dateModified": "2014-11-01T06:00:00.000Z",
            "format": "html",
            "language": "es"
          },
          {
            "id": "doc-ca01ede1-31c7-4796-9920-5327dc660418",
            "documentType": "Tender Notice",
            "title": "Documento que describe los criterios de evaluaci?n",
            "description": "Convocatoria al procedimiento de contratacion",
            "url": "http://189.211.120.220:8880/files/opendata/14001-GACM-SEC-01-2014/8.-%20CC/8.pdf",
            "datePublished": "2014-11-01T06:00:00.000Z",
            "dateModified": "2014-11-01T06:00:00.000Z",
            "format": "html",
            "language": "es"
          },
          {
            "id": "doc-24027706-4efc-470b-bbf5-ac9fb44bd105",
            "documentType": "Tender Notice",
            "title": "Documento que contiene los objetivos y caracter?sticas del contrato y proceso de licitaci?n",
            "description": "Convocatoria al procedimiento de contratacion",
            "url": "http://189.211.120.220:8880/files/opendata/14001-GACM-SEC-01-2014/8.-%20CC/8.pdf",
            "datePublished": "2014-11-01T06:00:00.000Z",
            "dateModified": "2014-11-01T06:00:00.000Z",
            "format": "html",
            "language": "es"
          },
          {
            "id": "doc-04180912-9774-41ef-a243-b013089a8846",
            "documentType": "Tender Notice",
            "title": "Convocatoria al procedimiento de contrataci?n",
            "description": "Convocatoria al procedimiento de contratacion",
            "url": "http://189.211.120.220:8880/files/opendata/14001-GACM-SEC-01-2014/8.-%20CC/8.pdf",
            "datePublished": "2014-11-01T06:00:00.000Z",
            "dateModified": "2014-11-01T06:00:00.000Z",
            "format": "html",
            "language": "es"
          },
          {
            "id": "doc-369d262d-2caf-4ed2-a47b-8a35ba1ff029",
            "documentType": "Tender Notice",
            "title": "Documento que describe los criterios que deben cumplir los licitantes",
            "description": "Convocatoria al procedimiento de contratacion",
            "url": "http://189.211.120.220:8880/files/opendata/14001-GACM-SEC-01-2014/8.-%20CC/8.pdf",
            "datePublished": "2014-11-01T06:00:00.000Z",
            "dateModified": "2014-11-01T06:00:00.000Z",
            "format": "html",
            "language": "es"
          }
        ]
      },
      "buyer": {
        "identifier": {
          "scheme": "MK-009KDH999",
          "id": "GACM",
          "legalName": "Grupo Aeroportuario de la Ciudad de Mexico, S.A. de C.V.",
          "uri": "http://www.aeropuerto.gob.mx/"
        },
        "name": "Grupo Aeroportuario de la Ciudad de Mexico, S.A. de C.V.",
        "address": {
          "streetAddress": "AV. INSURGENTES SUR NO. 2453 PISO 2 OFICINA 203",
          "locality": "COL. TIZAPAN",
          "region": "DEL. ALVARO OBREGON",
          "postalCode": "01090",
          "countryName": "Mexico"
        },
        "contactPoint": {
          "name": "G05-DIRECCION CORPORATIVA DE ADMINISTRACION Y GESTION INMOBILIARIA",
          "url": "http://www.aeropuerto.gob.mx/"
        }
      },
      "awards": [
        {
          "id": "No aplica",
          "title": "Arrendamiento de equipo de computo de impresion, de telefonia IP y equipos de red al GACM",
          "description": "Ver documento adjunto",
          "status": "active",
          "value": {
            "amount": 1008000,
            "currency": "MXN"
          },
          "suppliers": [
            {
              "identifier": {
                "id": "SCA000222H7A",
                "legalName": "SOPORTE Y CAPACITACION S.A. DE C.V."
              },
              "name": "SOPORTE Y CAPACITACION S.A. DE C.V.",
              "address": {
                "streetAddress": "CARRETERA MEXICO TOLUCA 1725 B01",
                "locality": "PALO ALTO",
                "region": "CUAJIMALPA DE MORELOS",
                "postalCode": "05110",
                "countryName": "MEXICO"
              }
            }
          ],
          "items": [
            {
              "id": "item-a0491f9a-826e-488a-8c43-42fb6b6d121d",
              "description": "Arrendamiento de equipo de computo de impresion, de telefonia IP y equipos de red al GACM",
              "classification": {
                "scheme": "ARRENDAMIENTO DE MOBILIARIO Y EQUIPO DE ADMINISTRACION, EDUCACIONAL Y RECREATIVO",
                "id": "3230"
              },
              "quantity": 1,
              "unit": {
                "name": "srv",
                "value": {
                  "amount": 1008000,
                  "currency": "MXN"
                }
              }
            }
          ],
          "contractPeriod": {
            "startDate": "2014-11-01T06:00:00.000Z",
            "endDate": "2014-12-31T06:00:00.000Z"
          },
          "documents": [
            {
              "id": "doc-c0c36330-1e0b-472b-8894-918bce1e559d",
              "documentType": "Award Notice",
              "title": "Fallo",
              "description": "Acta de fallo",
              "url": "http://189.211.120.220:8880/files/opendata/14001-GACM-SEC-01-2014/12.-%20AF/12.pdf",
              "datePublished": "2014-11-01T06:00:00.000Z",
              "dateModified": "2014-11-01T06:00:00.000Z",
              "format": "html",
              "language": "es"
            },
            {
              "id": "doc-a7e41315-ab12-483d-9226-3f0d9d9a437a",
              "documentType": "Award Notice",
              "title": "Fallo",
              "description": "Descripcion del acto de presentacion y apertura de proposiciones",
              "url": "http://189.211.120.220:8880/files/opendata/14001-GACM-SEC-01-2014/10.-%20AP/10.pdf",
              "datePublished": "2014-11-01T06:00:00.000Z",
              "dateModified": "2014-11-01T06:00:00.000Z",
              "format": "html",
              "language": "es"
            }
          ]
        }
      ],
      "contracts": [
        {
          "id": "GACM-SEC/01/2014",
          "awardID": "No aplica",
          "title": "Arrendamiento de equipo de computo de impresion, de telefonia IP y equipos de red al GACM",
          "description": "Ver documento adjunto",
          "status": "active",
          "period": {
            "startDate": "2014-11-01T06:00:00.000Z",
            "endDate": "2014-12-31T06:00:00.000Z"
          },
          "value": {
            "amount": 168000,
            "currency": "MXN"
          },
          "items": [
            {
              "id": "item-9f2716cd-d5e7-4d9d-82fe-0817129716b5",
              "description": "Arrendamiento de equipo de computo de impresion, de telefonia IP y equipos de red al GACM",
              "classification": {
                "scheme": "ARRENDAMIENTO DE MOBILIARIO Y EQUIPO DE ADMINISTRACION, EDUCACIONAL Y RECREATIVO",
                "id": "3230"
              },
              "quantity": 1,
              "unit": {
                "name": "srv",
                "value": {
                  "amount": 1008000,
                  "currency": "MXN"
                }
              }
            }
          ],
          "dateSigned": "2014-11-01T06:00:00.000Z",
          "documents": [
            {
              "id": "doc-80126876-f867-43a4-bb2c-5e1eb3027072",
              "documentType": "Contract Signed",
              "title": "Cl?usula sobre las condiciones de entrega de la obra",
              "description": "Contrato firmado",
              "url": "http://189.211.120.220:8880/files/opendata/14001-GACM-SEC-01-2014/15.-%20CF/15.pdf",
              "datePublished": "2014-11-01T06:00:00.000Z",
              "dateModified": "2014-11-01T06:00:00.000Z",
              "format": "html",
              "language": "es"
            },
            {
              "id": "doc-be24034b-b504-4860-a8e5-5ad4156e5c68",
              "documentType": "Contract Signed",
              "title": "Contrato firmado",
              "description": "Contrato firmado",
              "url": "http://189.211.120.220:8880/files/opendata/14001-GACM-SEC-01-2014/15.-%20CF/15.pdf",
              "datePublished": "2014-11-01T06:00:00.000Z",
              "dateModified": "2014-11-01T06:00:00.000Z",
              "format": "html",
              "language": "es"
            },
            {
              "id": "doc-290da7cf-ce96-4bce-b740-5abe8c00c2f0",
              "documentType": "Contract Guarantees",
              "title": "Fianza de anticipo",
              "description": "Garantia sobre el anticipo",
              "url": "http://189.211.120.220:8880/files/opendata/14001-GACM-SEC-01-2014/17.-%20GA/17.pdf",
              "datePublished": "2014-11-01T06:00:00.000Z",
              "dateModified": "2014-11-01T06:00:00.000Z",
              "format": "html",
              "language": "es"
            },
            {
              "id": "doc-3c510089-9a93-48ce-8893-1bb977163d59",
              "documentType": "Contract Guarantees",
              "title": "Fianza de cumplimiento",
              "description": "Garantias de cumplimiento",
              "url": "http://189.211.120.220:8880/files/opendata/14001-GACM-SEC-01-2014/18.-%20GC/18.pdf",
              "datePublished": "2014-11-01T06:00:00.000Z",
              "dateModified": "2014-11-01T06:00:00.000Z",
              "format": "html",
              "language": "es"
            }
          ]
        }
      ],
      "language": "es"
    }
  ],
  "publisher": {
    "name": "GACM",
    "scheme": "SERVICIO",
    "uid": "AS",
    "uri": "http://www.aeropuerto.gob.mx/"
  },
  "license": "https://datos.gob.mx/libreusomx/",
  "publicationPolicy": "https://datos.gob.mx/libreusomx/"
}
