{
  "uri": "https://datos.gob.mx/busca/dataset?organization=gacm",
  "publishedDate": "2017-02-15T16:48:25.497Z",
  "releases": [
    {
      "ocid": "337",
      "id": "RELEASE_337_2017-02-15T16:48:25.496Z",
      "date": "2017-02-08T06:00:00.000Z",
      "tag": [
        "contract"
      ],
      "initiationType": "tender",
      "planning": {
        "budget": {
          "source": "http://www.apartados.hacienda.gob.mx/presupuesto/temas/pef/2016/docs/09/r09_kdh_pie.pdf",
          "id": "APORTACIONES A FIDEICOMISOS PUBLICOS",
          "description": "RECURSOS FISCALES",
          "amount": {
            "amount": 928000000,
            "currency": "MXN"
          },
          "project": "Nuevo Aeropuerto Internacional de la Ciudad de Mexico",
          "projectID": "46101",
          "uri": "http://www.apartados.hacienda.gob.mx/presupuesto/temas/pef/2016/docs/09/r09_kdh_pie.pdf"
        },
        "rationale": "Trabajos relativos a los pilotes para la torre de control, edificio terminal y el centro de transporte terrestre intermodal del NAICM",
        "documents": [
          {
            "id": "doc-5cbb7257-58e5-40b7-9772-550fdf0f9b77",
            "documentType": "projectPlan",
            "title": "Proyecto ejecutivo de la obra",
            "description": "Terminos de referencia",
            "url": "http://189.211.120.220:8880/files/opendata/16070-LPI-OP-DCAGI-SC-070-16/4.-%20TR/4.pdf",
            "datePublished": "2016-09-01T05:00:00.000Z",
            "dateModified": "2016-09-01T05:00:00.000Z",
            "format": "html",
            "language": "es"
          }
        ]
      },
      "tender": {
        "id": "969267?",
        "title": "Trabajos relativos a los pilotes para la torre de control, edificio terminal y el centro de transporte terrestre intermodal del NAICM",
        "description": "Trabajos relativos a los pilotes para la torre de control, edificio terminal y el centro de transporte terrestre intermodal del NAICM",
        "status": "active",
        "items": [
          {
            "id": "item-48d46690-3753-460e-a132-f5a72ad31097",
            "description": "Trabajos relativos a los pilotes para la torre de control, edificio terminal y el centro de transporte terrestre intermodal del NAICM",
            "classification": {
              "scheme": "EDIFICACION NO HABITACIONAL",
              "id": "6220"
            },
            "quantity": 1,
            "unit": {
              "name": "sop",
              "value": {
                "amount": 664095825.49,
                "currency": "MXN"
              }
            }
          }
        ],
        "value": {
          "amount": 928000000,
          "currency": "MXN"
        },
        "procurementMethod": "open",
        "procurementMethodRationale": "Internacional",
        "metodoDeAdquisicion": "Licitación pública",
        "awardCriteria": "bestValueToGoverment",
        "awardCriteriaDetails": "Presencial",
        "submissionMethod": [
          "Presencial"
        ],
        "tenderPeriod": {
          "startDate": "2016-04-19T05:00:00.000Z",
          "endDate": "2016-08-01T05:00:00.000Z"
        },
        "enquiryPeriod": {
          "startDate": "2016-05-18T05:00:00.000Z",
          "endDate": "2016-07-12T05:00:00.000Z"
        },
        "hasEnquiries": true,
        "eligibilityCriteria": "Ver documento adjunto",
        "awardPeriod": {
          "startDate": "2016-04-19T05:00:00.000Z",
          "endDate": "2016-08-01T05:00:00.000Z"
        },
        "documents": [
          {
            "id": "doc-281ae596-16ab-4c22-9a7e-308bd7f43940",
            "documentType": "Clarifications",
            "title": "Actas de la junta de aclaraciones",
            "description": "Actas de la junta de aclaraciones",
            "url": "http://189.211.120.220:8880/files/opendata/16070-LPI-OP-DCAGI-SC-070-16/9.-%20AJ/9.4pdf",
            "datePublished": "2016-09-01T05:00:00.000Z",
            "dateModified": "2016-09-01T05:00:00.000Z",
            "format": "html",
            "language": "es"
          },
          {
            "id": "doc-b6481160-e3bc-433b-adc9-082d4ebf682f",
            "documentType": "Clarifications",
            "title": "Actas de la junta de aclaraciones",
            "description": "Actas de la junta de aclaraciones",
            "url": "http://189.211.120.220:8880/files/opendata/16070-LPI-OP-DCAGI-SC-070-16/9.-%20AJ/9.3pdf",
            "datePublished": "2016-09-01T05:00:00.000Z",
            "dateModified": "2016-09-01T05:00:00.000Z",
            "format": "html",
            "language": "es"
          },
          {
            "id": "doc-c2913160-c024-4559-9464-c1677a4a7ffe",
            "documentType": "Clarifications",
            "title": "Actas de la junta de aclaraciones",
            "description": "Actas de la junta de aclaraciones",
            "url": "http://189.211.120.220:8880/files/opendata/16070-LPI-OP-DCAGI-SC-070-16/9.-%20AJ/9.1pdf",
            "datePublished": "2016-09-01T05:00:00.000Z",
            "dateModified": "2016-09-01T05:00:00.000Z",
            "format": "html",
            "language": "es"
          },
          {
            "id": "doc-563086b5-2fa2-42f1-8036-49554ffb2d5f",
            "documentType": "Clarifications",
            "title": "Actas de la junta de aclaraciones",
            "description": "Actas de la junta de aclaraciones",
            "url": "http://189.211.120.220:8880/files/opendata/16070-LPI-OP-DCAGI-SC-070-16/9.-%20AJ/9.2pdf",
            "datePublished": "2016-09-01T05:00:00.000Z",
            "dateModified": "2016-09-01T05:00:00.000Z",
            "format": "html",
            "language": "es"
          },
          {
            "id": "doc-401a619c-3066-4769-9e1b-a80bcb54bc84",
            "documentType": "Tender Notice",
            "title": "Documento que describe los criterios de evaluaci?n",
            "description": "Convocatoria al procedimiento de contratacion",
            "url": "http://189.211.120.220:8880/files/opendata/16070-LPI-OP-DCAGI-SC-070-16/8.-%20CC/8.pdf",
            "datePublished": "2016-09-01T05:00:00.000Z",
            "dateModified": "2016-09-01T05:00:00.000Z",
            "format": "html",
            "language": "es"
          },
          {
            "id": "doc-b7795d61-fe8e-44a8-ac1c-0421b6efc2b8",
            "documentType": "Tender Notice",
            "title": "Documento que contiene los objetivos y caracter?sticas del contrato y proceso de licitaci?n",
            "description": "Convocatoria al procedimiento de contratacion",
            "url": "http://189.211.120.220:8880/files/opendata/16070-LPI-OP-DCAGI-SC-070-16/8.-%20CC/8.pdf",
            "datePublished": "2016-09-01T05:00:00.000Z",
            "dateModified": "2016-09-01T05:00:00.000Z",
            "format": "html",
            "language": "es"
          },
          {
            "id": "doc-ab5b3b1e-54d0-4c85-b246-a89bb9b98c1d",
            "documentType": "Tender Notice",
            "title": "Documento que contiene las especificaicones t?cnicas de la obra",
            "description": "Convocatoria al procedimiento de contratacion",
            "url": "http://189.211.120.220:8880/files/opendata/16070-LPI-OP-DCAGI-SC-070-16/8.-%20CC/8.pdf",
            "datePublished": "2016-09-01T05:00:00.000Z",
            "dateModified": "2016-09-01T05:00:00.000Z",
            "format": "html",
            "language": "es"
          },
          {
            "id": "doc-c3cad921-3909-41f3-a31b-ca613eff7afc",
            "documentType": "Tender Notice",
            "title": "Convocatoria al procedimiento de contrataci?n",
            "description": "Convocatoria al procedimiento de contratacion",
            "url": "http://189.211.120.220:8880/files/opendata/16070-LPI-OP-DCAGI-SC-070-16/8.-%20CC/8.pdf",
            "datePublished": "2016-09-01T05:00:00.000Z",
            "dateModified": "2016-09-01T05:00:00.000Z",
            "format": "html",
            "language": "es"
          },
          {
            "id": "doc-12839db4-46bf-401b-a2f6-3242cd5eff03",
            "documentType": "Tender Notice",
            "title": "Documento que describe los criterios que deben cumplir los licitantes",
            "description": "Convocatoria al procedimiento de contratacion",
            "url": "http://189.211.120.220:8880/files/opendata/16070-LPI-OP-DCAGI-SC-070-16/8.-%20CC/8.pdf",
            "datePublished": "2016-09-01T05:00:00.000Z",
            "dateModified": "2016-09-01T05:00:00.000Z",
            "format": "html",
            "language": "es"
          }
        ]
      },
      "buyer": {
        "identifier": {
          "scheme": "MK-009KDH999",
          "id": "GACM",
          "legalName": "Grupo Aeroportuario de la Ciudad de Mexico, S.A. de C.V.",
          "uri": "http://www.aeropuerto.gob.mx/"
        },
        "name": "Grupo Aeroportuario de la Ciudad de Mexico, S.A. de C.V.",
        "address": {
          "streetAddress": "AV. INSURGENTES SUR NO. 2453 PISO 2 OFICINA 203",
          "locality": "COL. TIZAPAN",
          "region": "DEL. ALVARO OBREGON",
          "postalCode": "01090",
          "countryName": "Mexico"
        },
        "contactPoint": {
          "name": "G05-DIRECCION CORPORATIVA DE ADMINISTRACION Y GESTION INMOBILIARIA",
          "url": "http://www.aeropuerto.gob.mx/"
        }
      },
      "awards": [
        {
          "id": "LO-009KDH999-E50-2016",
          "title": "Trabajos relativos a los pilotes para la torre de control, edificio terminal y el centro de transporte terrestre intermodal del NAICM",
          "description": "Ver documento adjunto",
          "status": "active",
          "date": "2016-09-01T05:00:00.000Z",
          "value": {
            "amount": 664095825.49,
            "currency": "MXN"
          },
          "suppliers": [
            {
              "identifier": {
                "id": "GII7706283VA",
                "legalName": "GAMI, Ingenieria e Instalaciones, S.A. DE C.V."
              },
              "name": "GAMI, Ingenieria e Instalaciones, S.A. DE C.V.",
              "address": {
                "streetAddress": "Zacatecas No. 17-PB",
                "locality": "Santa Cruz Acatlan",
                "region": "Naucalpan de Juarez",
                "postalCode": "53150",
                "countryName": "Mexico"
              }
            }
          ],
          "items": [
            {
              "id": "item-2bafa7f7-7b69-4116-bf46-2dcc32d86508",
              "description": "Trabajos relativos a los pilotes para la torre de control, edificio terminal y el centro de transporte terrestre intermodal del NAICM",
              "classification": {
                "scheme": "EDIFICACION NO HABITACIONAL",
                "id": "6220"
              },
              "quantity": 1,
              "unit": {
                "name": "sop",
                "value": {
                  "amount": 664095825.49,
                  "currency": "MXN"
                }
              }
            }
          ],
          "contractPeriod": {
            "endDate": "2017-12-02T06:00:00.000Z"
          },
          "documents": [
            {
              "id": "doc-be26fa25-9121-4181-9486-3fd2d09a439d",
              "documentType": "Award Notice",
              "title": "Fallo",
              "description": "Acta de fallo",
              "url": "http://189.211.120.220:8880/files/opendata/16070-LPI-OP-DCAGI-SC-070-16/12.-%20AF/12.pdf",
              "datePublished": "2016-09-01T05:00:00.000Z",
              "dateModified": "2016-09-01T05:00:00.000Z",
              "format": "html",
              "language": "es"
            },
            {
              "id": "doc-d8444e15-0e18-4c3a-b383-c3e0359072bc",
              "documentType": "Award Notice",
              "title": "Fallo",
              "description": "Descripcion del acto de presentacion y apertura de proposiciones",
              "url": "http://189.211.120.220:8880/files/opendata/16070-LPI-OP-DCAGI-SC-070-16/10.-%20AP/10.pdf",
              "datePublished": "2016-09-01T05:00:00.000Z",
              "dateModified": "2016-09-01T05:00:00.000Z",
              "format": "html",
              "language": "es"
            }
          ]
        }
      ],
      "contracts": [
        {
          "id": "LPI-OP-DCAGI-SC-070-16",
          "awardID": "LO-009KDH999-E50-2016",
          "title": "Trabajos relativos a los pilotes para la torre de control, edificio terminal y el centro de transporte terrestre intermodal del NAICM",
          "description": "Ver documento adjunto",
          "status": "active",
          "period": {
            "endDate": "2017-12-02T06:00:00.000Z"
          },
          "value": {
            "amount": 664095825.49,
            "currency": "MXN"
          },
          "items": [
            {
              "id": "item-4d1cfa05-7d94-4007-96ce-826bbb2829b3",
              "description": "Trabajos relativos a los pilotes para la torre de control, edificio terminal y el centro de transporte terrestre intermodal del NAICM",
              "classification": {
                "scheme": "EDIFICACION NO HABITACIONAL",
                "id": "6220"
              },
              "quantity": 1,
              "unit": {
                "name": "sop",
                "value": {
                  "amount": 664095825.49,
                  "currency": "MXN"
                }
              }
            }
          ],
          "dateSigned": "2016-09-16T05:00:00.000Z",
          "documents": [
            {
              "id": "doc-675116da-e2c2-4aab-add9-f9513f8fff9f",
              "documentType": "Contract Signed",
              "title": "Cl?usula sobre las condiciones de entrega de la obra",
              "description": "Contrato firmado",
              "url": "http://189.211.120.220:8880/files/opendata/16070-LPI-OP-DCAGI-SC-070-16/15.-%20CF/15.pdf",
              "datePublished": "2016-09-01T05:00:00.000Z",
              "dateModified": "2016-09-01T05:00:00.000Z",
              "format": "html",
              "language": "es"
            },
            {
              "id": "doc-7b701f1d-7267-4de8-bde2-7b64a17d7717",
              "documentType": "Contract Signed",
              "title": "Contrato firmado",
              "description": "Contrato firmado",
              "url": "http://189.211.120.220:8880/files/opendata/16070-LPI-OP-DCAGI-SC-070-16/15.-%20CF/15.pdf",
              "datePublished": "2016-09-01T05:00:00.000Z",
              "dateModified": "2016-09-01T05:00:00.000Z",
              "format": "html",
              "language": "es"
            },
            {
              "id": "doc-60696434-4d0f-4f06-89ca-6e3d0e07bf29",
              "documentType": "Contract Guarantees",
              "title": "Fianza de anticipo",
              "description": "Garantia sobre el anticipo",
              "url": "http://189.211.120.220:8880/files/opendata/16070-LPI-OP-DCAGI-SC-070-16/17.-%20GA/17.pdf",
              "datePublished": "2016-09-01T05:00:00.000Z",
              "dateModified": "2016-09-01T05:00:00.000Z",
              "format": "html",
              "language": "es"
            },
            {
              "id": "doc-61cd9ab1-59cd-4fc8-9a3c-be88be4324a0",
              "documentType": "Contract Guarantees",
              "title": "Fianza de cumplimiento",
              "description": "Garantias de cumplimiento",
              "url": "http://189.211.120.220:8880/files/opendata/16070-LPI-OP-DCAGI-SC-070-16/18.-%20GC/18.pdf",
              "datePublished": "2016-09-01T05:00:00.000Z",
              "dateModified": "2016-09-01T05:00:00.000Z",
              "format": "html",
              "language": "es"
            }
          ]
        }
      ],
      "language": "es"
    }
  ],
  "publisher": {
    "name": "GACM",
    "scheme": "SERVICIO",
    "uid": "AS",
    "uri": "http://www.aeropuerto.gob.mx/"
  },
  "license": "https://datos.gob.mx/libreusomx/",
  "publicationPolicy": "https://datos.gob.mx/libreusomx/"
}
