{
  "uri": "https://datos.gob.mx/busca/dataset?organization=gacm",
  "publishedDate": "2017-02-15T16:48:24.998Z",
  "releases": [
    {
      "ocid": "34",
      "id": "RELEASE_34_2017-02-15T16:48:24.996Z",
      "date": "2017-02-07T06:00:00.000Z",
      "tag": [
        "contract"
      ],
      "initiationType": "tender",
      "planning": {
        "budget": {
          "source": "http://www.apartados.hacienda.gob.mx/presupuesto/temas/pef/2015/docs/09/r09_kdh_pie.pdf",
          "id": "SERVICIOS DE CONDUCCION DE SENALES ANALOGICAS Y DIGITALES",
          "description": "RECURSOS FISCALES",
          "amount": {
            "amount": 39479421.55,
            "currency": "MXN"
          },
          "project": "Nuevo Aeropuerto Internacional de la Ciudad de Mexico",
          "projectID": "46101",
          "uri": "http://www.apartados.hacienda.gob.mx/presupuesto/temas/pef/2015/docs/09/r09_kdh_pie.pdf"
        },
        "rationale": "Servicio de Comunicaciones para el GACM para los ejercicios fiscales 2015 al 2018",
        "documents": [
          {
            "id": "doc-81519f41-a29f-4628-9c9f-bb48d59730d7",
            "documentType": "projectPlan",
            "title": "Proyecto ejecutivo de la obra",
            "description": "Terminos de referencia",
            "url": "http://189.211.120.220:8880/files/opendata/15068-AD-AS-DCAGI-SC-068-15/4.-%20TR/4.pdf",
            "datePublished": "2015-09-23T05:00:00.000Z",
            "dateModified": "2015-09-23T05:00:00.000Z",
            "format": "html",
            "language": "es"
          }
        ]
      },
      "tender": {
        "id": "984904",
        "title": "Servicio de Comunicaciones para el GACM para los ejercicios fiscales 2015 al 2018",
        "description": "Servicio de Comunicaciones para el GACM para los ejercicios fiscales 2015 al 2018",
        "status": "active",
        "items": [
          {
            "id": "item-4f393649-5e45-4ca5-b5e1-5c1cdbff79a0",
            "description": "Servicio de Comunicaciones para el GACM para los ejercicios fiscales 2015 al 2018",
            "classification": {
              "scheme": "SERVICIOS DE CONDUCCION DE SE?ALES ANALOGICAS Y DIGITALES",
              "id": "3170"
            },
            "quantity": 1,
            "unit": {
              "name": "srv",
              "value": {
                "amount": 34033984.09,
                "currency": "MXN"
              }
            }
          }
        ],
        "value": {
          "amount": 39479421.55,
          "currency": "MXN"
        },
        "procurementMethod": "limited",
        "procurementMethodRationale": "No aplica",
        "metodoDeAdquisicion": "Adjudicación directa",
        "awardCriteria": "bestValueToGoverment",
        "awardCriteriaDetails": "No aplica",
        "submissionMethod": [
          "No aplica"
        ],
        "eligibilityCriteria": "Ver documento adjunto",
        "documents": [
          {
            "id": "doc-01faf4f7-7e8d-490f-becf-91d77f4c7a72",
            "documentType": "Clarifications",
            "title": "Actas de la junta de aclaraciones",
            "description": "Actas de la junta de aclaraciones",
            "url": "http://189.211.120.220:8880/files/opendata/15068-AD-AS-DCAGI-SC-068-15/9.-%20AJ/9.pdf",
            "datePublished": "2015-09-23T05:00:00.000Z",
            "dateModified": "2015-09-23T05:00:00.000Z",
            "format": "html",
            "language": "es"
          },
          {
            "id": "doc-f0e6339c-dbed-43c2-bf86-799dbdf65d5d",
            "documentType": "Tender Notice",
            "title": "Documento que describe los criterios de evaluaci?n",
            "description": "Convocatoria al procedimiento de contratacion",
            "url": "http://189.211.120.220:8880/files/opendata/15068-AD-AS-DCAGI-SC-068-15/8.-%20CC/8.pdf",
            "datePublished": "2015-09-23T05:00:00.000Z",
            "dateModified": "2015-09-23T05:00:00.000Z",
            "format": "html",
            "language": "es"
          },
          {
            "id": "doc-04d97c5d-ae8d-44ca-bafb-4dcb51f4c606",
            "documentType": "Tender Notice",
            "title": "Documento que contiene los objetivos y caracter?sticas del contrato y proceso de licitaci?n",
            "description": "Convocatoria al procedimiento de contratacion",
            "url": "http://189.211.120.220:8880/files/opendata/15068-AD-AS-DCAGI-SC-068-15/8.-%20CC/8.pdf",
            "datePublished": "2015-09-23T05:00:00.000Z",
            "dateModified": "2015-09-23T05:00:00.000Z",
            "format": "html",
            "language": "es"
          },
          {
            "id": "doc-e62e356b-e58b-4cfe-9c4f-2af155bc84e4",
            "documentType": "Tender Notice",
            "title": "Documento que contiene las especificaicones t?cnicas de la obra",
            "description": "Convocatoria al procedimiento de contratacion",
            "url": "http://189.211.120.220:8880/files/opendata/15068-AD-AS-DCAGI-SC-068-15/8.-%20CC/8.pdf",
            "datePublished": "2015-09-23T05:00:00.000Z",
            "dateModified": "2015-09-23T05:00:00.000Z",
            "format": "html",
            "language": "es"
          },
          {
            "id": "doc-f396a2d4-ce7a-4102-9547-c0c57025bc4e",
            "documentType": "Tender Notice",
            "title": "Convocatoria al procedimiento de contrataci?n",
            "description": "Convocatoria al procedimiento de contratacion",
            "url": "http://189.211.120.220:8880/files/opendata/15068-AD-AS-DCAGI-SC-068-15/8.-%20CC/8.pdf",
            "datePublished": "2015-09-23T05:00:00.000Z",
            "dateModified": "2015-09-23T05:00:00.000Z",
            "format": "html",
            "language": "es"
          },
          {
            "id": "doc-6f3fefc2-d79e-47ba-9e8b-95182193878a",
            "documentType": "Tender Notice",
            "title": "Documento que describe los criterios que deben cumplir los licitantes",
            "description": "Convocatoria al procedimiento de contratacion",
            "url": "http://189.211.120.220:8880/files/opendata/15068-AD-AS-DCAGI-SC-068-15/8.-%20CC/8.pdf",
            "datePublished": "2015-09-23T05:00:00.000Z",
            "dateModified": "2015-09-23T05:00:00.000Z",
            "format": "html",
            "language": "es"
          }
        ]
      },
      "buyer": {
        "identifier": {
          "scheme": "MK-009KDH999",
          "id": "GACM",
          "legalName": "Grupo Aeroportuario de la Ciudad de Mexico, S.A. de C.V.",
          "uri": "http://www.aeropuerto.gob.mx/"
        },
        "name": "Grupo Aeroportuario de la Ciudad de Mexico, S.A. de C.V.",
        "address": {
          "streetAddress": "AV. INSURGENTES SUR NO. 2453 PISO 2 OFICINA 203",
          "locality": "COL. TIZAPAN",
          "region": "DEL. ALVARO OBREGON",
          "postalCode": "01090",
          "countryName": "Mexico"
        },
        "contactPoint": {
          "name": "G05-DIRECCION CORPORATIVA DE ADMINISTRACION Y GESTION INMOBILIARIA",
          "url": "http://www.aeropuerto.gob.mx/"
        }
      },
      "awards": [
        {
          "id": "AA-009KDH999-E7-2016",
          "title": "Servicio de Comunicaciones para el GACM para los ejercicios fiscales 2015 al 2018",
          "description": "Ver documento adjunto",
          "status": "active",
          "value": {
            "amount": 34033984.09,
            "currency": "MXN"
          },
          "suppliers": [
            {
              "identifier": {
                "id": "AXT940727FP8",
                "legalName": "Axtel, S.A.B. de C.V."
              },
              "name": "Axtel, S.A.B. de C.V.",
              "address": {
                "streetAddress": "BOULEVARD DIAZ ORDAZ KILOMETRO 3.33 L-1",
                "locality": "SAN PEDRO",
                "region": "SAN PEDRO GARZA GARCIA",
                "postalCode": "66215",
                "countryName": "Mexico"
              }
            }
          ],
          "items": [
            {
              "id": "item-5854a989-8082-4f9b-8ac2-5c24753cf16c",
              "description": "Servicio de Comunicaciones para el GACM para los ejercicios fiscales 2015 al 2018",
              "classification": {
                "scheme": "SERVICIOS DE CONDUCCION DE SE?ALES ANALOGICAS Y DIGITALES",
                "id": "3170"
              },
              "quantity": 1,
              "unit": {
                "name": "srv",
                "value": {
                  "amount": 34033984.09,
                  "currency": "MXN"
                }
              }
            }
          ],
          "contractPeriod": {
            "startDate": "2015-09-08T05:00:00.000Z",
            "endDate": "2018-12-31T06:00:00.000Z"
          },
          "documents": [
            {
              "id": "doc-e303a6c0-55bf-4359-a5be-5f74ef83489b",
              "documentType": "Award Notice",
              "title": "Fallo",
              "description": "Acta de Fallo",
              "url": "http://189.211.120.220:8880/files/opendata/15068-AD-AS-DCAGI-SC-068-15/12.-%20AF/12.pdf",
              "datePublished": "2015-09-23T05:00:00.000Z",
              "dateModified": "2015-09-23T05:00:00.000Z",
              "format": "html",
              "language": "es"
            },
            {
              "id": "doc-48d27677-49fe-4af5-b53d-3cd0f4ad8bc8",
              "documentType": "Award Notice",
              "title": "Fallo",
              "description": "Descripcion del acto de presentacion y apertura de proposiciones",
              "url": "http://189.211.120.220:8880/files/opendata/15068-AD-AS-DCAGI-SC-068-15/10.-%20AP/10.pdf",
              "datePublished": "2015-09-23T05:00:00.000Z",
              "dateModified": "2015-09-23T05:00:00.000Z",
              "format": "html",
              "language": "es"
            }
          ]
        }
      ],
      "contracts": [
        {
          "id": "AD-AS-DCAGI-SC-068/15",
          "awardID": "AA-009KDH999-E7-2016",
          "title": "Servicio de Comunicaciones para el GACM para los ejercicios fiscales 2015 al 2018",
          "description": "Ver documento adjunto",
          "status": "active",
          "period": {
            "startDate": "2015-09-08T05:00:00.000Z",
            "endDate": "2018-12-31T06:00:00.000Z"
          },
          "value": {
            "amount": 34033984.09,
            "currency": "MXN"
          },
          "items": [
            {
              "id": "item-18c28c40-2cf3-4301-adf8-6798b23e3da9",
              "description": "Servicio de Comunicaciones para el GACM para los ejercicios fiscales 2015 al 2018",
              "classification": {
                "scheme": "SERVICIOS DE CONDUCCION DE SE?ALES ANALOGICAS Y DIGITALES",
                "id": "3170"
              },
              "quantity": 1,
              "unit": {
                "name": "srv",
                "value": {
                  "amount": 34033984.09,
                  "currency": "MXN"
                }
              }
            }
          ],
          "dateSigned": "2015-09-23T05:00:00.000Z",
          "documents": [
            {
              "id": "doc-e15002d6-d368-4a6d-9ab0-e6634e657119",
              "documentType": "Contract Signed",
              "title": "Contrato firmado",
              "description": "Contrato firmado",
              "url": "http://189.211.120.220:8880/files/opendata/15068-AD-AS-DCAGI-SC-068-15/15.-%20CF/15.pdf",
              "datePublished": "2015-09-23T05:00:00.000Z",
              "dateModified": "2015-09-23T05:00:00.000Z",
              "format": "html",
              "language": "es"
            },
            {
              "id": "doc-7f22d8e2-6e1b-4445-b8e6-222e9d702c81",
              "documentType": "Contract Signed",
              "title": "Cl?usula sobre las condiciones de entrega de la obra",
              "description": "Contrato firmado",
              "url": "http://189.211.120.220:8880/files/opendata/15068-AD-AS-DCAGI-SC-068-15/15.-%20CF/15.pdf",
              "datePublished": "2015-09-23T05:00:00.000Z",
              "dateModified": "2015-09-23T05:00:00.000Z",
              "format": "html",
              "language": "es"
            },
            {
              "id": "doc-29bb3a99-e4c0-4d25-b0bf-1c8eb2a470b8",
              "documentType": "Contract Guarantees",
              "title": "Fianza de anticipo",
              "description": "Garantia sobre el anticipo",
              "url": "http://189.211.120.220:8880/files/opendata/15068-AD-AS-DCAGI-SC-068-15/17.-%20GA/17.pdf",
              "datePublished": "2015-09-23T05:00:00.000Z",
              "dateModified": "2015-09-23T05:00:00.000Z",
              "format": "html",
              "language": "es"
            },
            {
              "id": "doc-33c2481a-a5c4-4c7d-b181-2c8739b267d9",
              "documentType": "Contract Guarantees",
              "title": "Fianza de cumplimiento",
              "description": "Garantias de cumplimiento",
              "url": "http://189.211.120.220:8880/files/opendata/15068-AD-AS-DCAGI-SC-068-15/18.-%20GC/18.pdf",
              "datePublished": "2015-09-23T05:00:00.000Z",
              "dateModified": "2015-09-23T05:00:00.000Z",
              "format": "html",
              "language": "es"
            }
          ]
        }
      ],
      "language": "es"
    }
  ],
  "publisher": {
    "name": "GACM",
    "scheme": "SERVICIO",
    "uid": "AS",
    "uri": "http://www.aeropuerto.gob.mx/"
  },
  "license": "https://datos.gob.mx/libreusomx/",
  "publicationPolicy": "https://datos.gob.mx/libreusomx/"
}
