{
  "uri": "https://datos.gob.mx/busca/dataset?organization=gacm",
  "publishedDate": "2017-02-15T16:48:25.660Z",
  "releases": [
    {
      "ocid": "341",
      "id": "RELEASE_341_2017-02-15T16:48:25.659Z",
      "date": "2017-02-08T06:00:00.000Z",
      "tag": [
        "contract"
      ],
      "initiationType": "tender",
      "planning": {
        "budget": {
          "source": "http://www.apartados.hacienda.gob.mx/presupuesto/temas/pef/2016/docs/09/r09_kdh_pie.pdf",
          "id": "Los servicios de proteccion, custodia, vigilancia y seguridad de sus bienes e intalaciones, asi como el diseno e implementacion de sistemas de seguridad y su supervision permanente",
          "description": "No Aplica.",
          "amount": {
            "amount": 182500000,
            "currency": "MXN"
          },
          "project": "Nuevo Aeropuerto Internacional de la Ciudad de Mexico",
          "projectID": "46101",
          "uri": "http://www.apartados.hacienda.gob.mx/presupuesto/temas/pef/2016/docs/09/r09_kdh_pie.pdf"
        },
        "rationale": "Los servicios de proteccion, custodia, vigilancia y seguridad de sus bienes e intalaciones, asi como el diseno e implementacion de sistemas de seguridad y su supervision permanente",
        "documents": [
          {
            "id": "doc-8327c634-48c3-4894-b46e-b6ab105dcbad",
            "documentType": "projectPlan",
            "title": "Proyecto ejecutivo de la obra",
            "description": "Terminos de referencia",
            "url": "http://189.211.120.220:8880/files/opendata/16001-AD-CONV-DCAGI-SC-001-16/4.-%20TR/4.pdf",
            "datePublished": "2016-03-01T06:00:00.000Z",
            "dateModified": "2016-03-01T06:00:00.000Z",
            "format": "html",
            "language": "es"
          }
        ]
      },
      "tender": {
        "id": "No aplica",
        "title": "Los servicios de proteccion, custodia, vigilancia y seguridad de sus bienes e intalaciones, asi como el diseno e implementacion de sistemas de seguridad y su supervision permanente",
        "description": "Los servicios de proteccion, custodia, vigilancia y seguridad de sus bienes e intalaciones, asi como el diseno e implementacion de sistemas de seguridad y su supervision permanente",
        "status": "active",
        "items": [
          {
            "id": "item-a62248e5-3fd1-4a67-8cd1-d7bdbd28a2de",
            "description": "Los servicios de proteccion, custodia, vigilancia y seguridad de sus bienes e intalaciones, asi como el diseno e implementacion de sistemas de seguridad y su supervision permanente .",
            "classification": {
              "scheme": "EDIFICACION NO HABITACIONAL",
              "id": "6220"
            },
            "quantity": 1,
            "unit": {
              "name": "srv",
              "value": {
                "amount": 858330000,
                "currency": "MXN"
              }
            }
          }
        ],
        "minValue": {
          "currency": "MXN"
        },
        "value": {
          "amount": 182500000,
          "currency": "MXN"
        },
        "procurementMethod": "open",
        "procurementMethodRationale": "Nacional",
        "metodoDeAdquisicion": "Convenio de colaboración",
        "awardCriteria": "bestValueToGoverment",
        "awardCriteriaDetails": "Presencial",
        "submissionMethod": [
          "Presencial"
        ],
        "eligibilityCriteria": "Ver documento adjunto",
        "documents": [
          {
            "id": "doc-2c433f1d-07a9-4347-9ad2-ccb182ee4160",
            "documentType": "Clarifications",
            "title": "Actas de la junta de aclaraciones",
            "description": "Actas de la junta de aclaraciones",
            "url": "http://189.211.120.220:8880/files/opendata/16001-AD-CONV-DCAGI-SC-001-16/9.-%20AJ/9.pdf",
            "datePublished": "2016-03-01T06:00:00.000Z",
            "dateModified": "2016-03-01T06:00:00.000Z",
            "format": "html",
            "language": "es"
          },
          {
            "id": "doc-e4376280-980b-44f8-b21b-7a9358880f0f",
            "documentType": "Tender Notice",
            "title": "Documento que contiene las especificaciones t?cnicas de la obra",
            "description": "Convocatoria al procedimiento de contratacion",
            "url": "http://189.211.120.220:8880/files/opendata/16001-AD-CONV-DCAGI-SC-001-16/8.-%20CC/8.pdf",
            "datePublished": "2016-03-01T06:00:00.000Z",
            "dateModified": "2016-03-01T06:00:00.000Z",
            "format": "html",
            "language": "es"
          },
          {
            "id": "doc-0ee1ac77-8356-44a7-9275-a740ecf5d5b2",
            "documentType": "Tender Notice",
            "title": "Documento que describe los criterios de evaluaci?n",
            "description": "Convocatoria al procedimiento de contratacion",
            "url": "http://189.211.120.220:8880/files/opendata/16001-AD-CONV-DCAGI-SC-001-16/8.-%20CC/8.pdf",
            "datePublished": "2016-03-01T06:00:00.000Z",
            "dateModified": "2016-03-01T06:00:00.000Z",
            "format": "html",
            "language": "es"
          },
          {
            "id": "doc-267835d6-5111-4f81-864b-e5d3822f8bd9",
            "documentType": "Tender Notice",
            "title": "Documento que contiene los objetivos y caracter?sticas del contrato y proceso de licitaci?n",
            "description": "Convocatoria al procedimiento de contratacion",
            "url": "http://189.211.120.220:8880/files/opendata/16001-AD-CONV-DCAGI-SC-001-16/8.-%20CC/8.pdf",
            "datePublished": "2016-03-01T06:00:00.000Z",
            "dateModified": "2016-03-01T06:00:00.000Z",
            "format": "html",
            "language": "es"
          },
          {
            "id": "doc-ae22828a-b13d-4955-a67a-b9b3c7a842a5",
            "documentType": "Tender Notice",
            "title": "Convocatoria al procedimiento de contrataci?n",
            "description": "Convocatoria al procedimiento de contratacion",
            "url": "http://189.211.120.220:8880/files/opendata/16001-AD-CONV-DCAGI-SC-001-16/8.-%20CC/8.pdf",
            "datePublished": "2016-03-01T06:00:00.000Z",
            "dateModified": "2016-03-01T06:00:00.000Z",
            "format": "html",
            "language": "es"
          },
          {
            "id": "doc-cc849298-4565-4530-a2fa-f3389d4ad0c9",
            "documentType": "Tender Notice",
            "title": "Documento que describe los criterios que deben cumplir los licitantes",
            "description": "Convocatoria al procedimiento de contratacion",
            "url": "http://189.211.120.220:8880/files/opendata/16001-AD-CONV-DCAGI-SC-001-16/8.-%20CC/8.pdf",
            "datePublished": "2016-03-01T06:00:00.000Z",
            "dateModified": "2016-03-01T06:00:00.000Z",
            "format": "html",
            "language": "es"
          }
        ]
      },
      "buyer": {
        "identifier": {
          "scheme": "MK-009KDH999",
          "id": "GACM",
          "legalName": "Grupo Aeroportuario de la Ciudad de Mexico, S.A. de C.V.",
          "uri": "http://www.aeropuerto.gob.mx/"
        },
        "name": "Grupo Aeroportuario de la Ciudad de Mexico, S.A. de C.V.",
        "address": {
          "streetAddress": "AV. INSURGENTES SUR NO. 2453 PISO 2 OFICINA 203",
          "locality": "COL. TIZAPAN",
          "region": "DEL. ALVARO OBREGON",
          "postalCode": "01090",
          "countryName": "Mexico"
        },
        "contactPoint": {
          "name": "G05-DIRECCION CORPORATIVA DE ADMINISTRACION Y GESTION INMOBILIARIA",
          "url": "http://www.aeropuerto.gob.mx/"
        }
      },
      "awards": [
        {
          "id": "No aplica",
          "title": "Los servicios de proteccion, custodia, vigilancia y seguridad de sus bienes e intalaciones, asi como el diseno e implementacion de sistemas de seguridad y su supervision permanente .",
          "description": "Ver documento adjunto",
          "status": "active",
          "value": {
            "amount": 858330000,
            "currency": "MXN"
          },
          "suppliers": [
            {
              "identifier": {
                "id": "SPF130103BF7",
                "legalName": "Servicio de Proteccion Federal"
              },
              "name": "Servicio de Proteccion Federal",
              "address": {
                "streetAddress": "Miguel Angel de Quevedo numero 915",
                "locality": "El Rosedal",
                "region": "Coyoacan",
                "postalCode": "4330",
                "countryName": "Mexico"
              }
            }
          ],
          "items": [
            {
              "id": "item-e2056a69-89bb-4622-81c3-ec3ab385519e",
              "description": "Los servicios de proteccion, custodia, vigilancia y seguridad de sus bienes e intalaciones, asi como el diseno e implementacion de sistemas de seguridad y su supervision permanente .",
              "classification": {
                "scheme": "EDIFICACION NO HABITACIONAL",
                "id": "6220"
              },
              "quantity": 1,
              "unit": {
                "name": "srv",
                "value": {
                  "amount": 858330000,
                  "currency": "MXN"
                }
              }
            }
          ],
          "contractPeriod": {
            "startDate": "2016-03-01T06:00:00.000Z",
            "endDate": "2018-11-30T06:00:00.000Z"
          },
          "documents": [
            {
              "id": "doc-1f637e18-bcf3-45d1-bffc-41012f1a1192",
              "documentType": "Award Notice",
              "title": "Fallo",
              "description": "Acta de fallo",
              "url": "http://189.211.120.220:8880/files/opendata/16001-AD-CONV-DCAGI-SC-001-16/12.-%20AF/12.pdf",
              "datePublished": "2016-03-01T06:00:00.000Z",
              "dateModified": "2016-03-01T06:00:00.000Z",
              "format": "html",
              "language": "es"
            },
            {
              "id": "doc-e5c4d7c6-a95b-4bd6-93d8-cd4e4dbb9396",
              "documentType": "Award Notice",
              "title": "Fallo",
              "description": "Descripcion del acto de presentacion y apertura de proposiciones",
              "url": "http://189.211.120.220:8880/files/opendata/16001-AD-CONV-DCAGI-SC-001-16/10.-%20AP/10.pdf",
              "datePublished": "2016-03-01T06:00:00.000Z",
              "dateModified": "2016-03-01T06:00:00.000Z",
              "format": "html",
              "language": "es"
            }
          ]
        }
      ],
      "contracts": [
        {
          "id": "AD-CONV-DCAGI-SC-001/16",
          "awardID": "No aplica",
          "title": "Los servicios de proteccion, custodia, vigilancia y seguridad de sus bienes e intalaciones, asi como el diseno e implementacion de sistemas de seguridad y su supervision permanente .",
          "description": "Ver documento adjunto",
          "status": "active",
          "period": {
            "startDate": "2016-03-01T06:00:00.000Z",
            "endDate": "2018-11-30T06:00:00.000Z"
          },
          "value": {
            "amount": 858330000,
            "currency": "MXN"
          },
          "items": [
            {
              "id": "item-3bb71b17-4a17-4ee7-97ce-5a271dd7d2db",
              "description": "Los servicios de proteccion, custodia, vigilancia y seguridad de sus bienes e intalaciones, asi como el diseno e implementacion de sistemas de seguridad y su supervision permanente .",
              "classification": {
                "scheme": "EDIFICACION NO HABITACIONAL",
                "id": "6220"
              },
              "quantity": 1,
              "unit": {
                "name": "srv",
                "value": {
                  "amount": 858330000,
                  "currency": "MXN"
                }
              }
            }
          ],
          "dateSigned": "2016-03-01T06:00:00.000Z",
          "documents": [
            {
              "id": "doc-9d44d5d1-0731-40e3-a629-c46278936560",
              "documentType": "Contract Signed",
              "title": "Cl?usula sobre las condiciones de entrega de la obra",
              "description": "Contrato firmado",
              "url": "http://189.211.120.220:8880/files/opendata/16001-AD-CONV-DCAGI-SC-001-16/15.-%20CF/15.pdf",
              "datePublished": "2016-03-01T06:00:00.000Z",
              "dateModified": "2016-03-01T06:00:00.000Z",
              "format": "html",
              "language": "es"
            },
            {
              "id": "doc-eadb26aa-2c0d-4dae-a739-a7cb159d56ea",
              "documentType": "Contract Signed",
              "title": "Contrato firmado",
              "description": "Contrato firmado",
              "url": "http://189.211.120.220:8880/files/opendata/16001-AD-CONV-DCAGI-SC-001-16/15.-%20CF/15.pdf",
              "datePublished": "2016-03-01T06:00:00.000Z",
              "dateModified": "2016-03-01T06:00:00.000Z",
              "format": "html",
              "language": "es"
            },
            {
              "id": "doc-ed4c59e1-857d-4b1f-b3f6-37e812171a11",
              "documentType": "Contract Guarantees",
              "title": "Fianza de anticipo",
              "description": "Garantia sobre el anticipo",
              "url": "http://189.211.120.220:8880/files/opendata/16001-AD-CONV-DCAGI-SC-001-16/17.-%20GA/17.pdf",
              "datePublished": "2016-03-01T06:00:00.000Z",
              "dateModified": "2016-03-01T06:00:00.000Z",
              "format": "html",
              "language": "es"
            },
            {
              "id": "doc-02a6914c-2a2f-46b0-ba8d-b1b14ff91807",
              "documentType": "Contract Guarantees",
              "title": "Fianza de cumplimiento",
              "description": "Garantias de cumplimiento",
              "url": "http://189.211.120.220:8880/files/opendata/16001-AD-CONV-DCAGI-SC-001-16/18.-%20GC/18.pdf",
              "datePublished": "2016-03-01T06:00:00.000Z",
              "dateModified": "2016-03-01T06:00:00.000Z",
              "format": "html",
              "language": "es"
            }
          ]
        }
      ],
      "language": "es"
    }
  ],
  "publisher": {
    "name": "GACM",
    "scheme": "SERVICIO",
    "uid": "AS",
    "uri": "http://www.aeropuerto.gob.mx/"
  },
  "license": "https://datos.gob.mx/libreusomx/",
  "publicationPolicy": "https://datos.gob.mx/libreusomx/"
}
