{
  "uri": "https://datos.gob.mx/busca/dataset?organization=gacm",
  "publishedDate": "2017-02-15T16:48:26.307Z",
  "releases": [
    {
      "ocid": "344",
      "id": "RELEASE_344_2017-02-15T16:48:26.306Z",
      "date": "2017-02-09T06:00:00.000Z",
      "tag": [
        "contract"
      ],
      "initiationType": "tender",
      "planning": {
        "budget": {
          "source": "http://www.apartados.hacienda.gob.mx/presupuesto/temas/pef/2016/docs/09/r09_kdh_pie.pdf",
          "id": "APORTACIONES A FIDEICOMISOS PUBLICOS",
          "description": "RECURSOS FISCALES",
          "amount": {
            "amount": 688000,
            "currency": "MXN"
          },
          "project": "Nuevo Aeropuerto Internacional de la Ciudad de M?xico",
          "projectID": "46101",
          "uri": "http://www.apartados.hacienda.gob.mx/presupuesto/temas/pef/2016/docs/09/r09_kdh_pie.pdf"
        },
        "rationale": "ATESTIGUAMIENTO DEL PROCEDIMIENTO DE LICITACI?N P?BLICA INTERNACIONAL, RELATIVA AL SISTEMA DE PRECARGA E INSTRUMENTACI?N GEOT?CNICA, INFRAESTRUCTURA, ESTRUCTURA DE PAVIMENTOS Y OBRA CIVIL DE AYUDAS VISUALES PARA LA NAVEGACI?N DE LA PISTA 3",
        "documents": [
          {
            "id": "doc-87a9791b-eb33-4a58-b5d3-f4260a36a76c",
            "documentType": "projectPlan",
            "title": "Proyecto ejecutivo de la obra",
            "description": "Terminos de referencia",
            "url": "http://189.211.120.220:8880/files/opendata/odata/16054-AD-AS-DCAGI-SC-054-16/4.-%20TR/4.pdf",
            "datePublished": "2016-06-30T05:00:00.000Z",
            "dateModified": "2016-06-30T05:00:00.000Z",
            "format": "html",
            "language": "es"
          }
        ]
      },
      "tender": {
        "id": "1183863",
        "title": "Nuevo Aeropuerto Internacional de la Ciudad de M?xico",
        "description": "SERVICIO DE TESTIGO SOCIAL PARA EL PROCEDIMIENTO DE LICITACI?N P?BLICA INTERNACIONAL, RELATIVA AL SISTEMA DE PRECARGA E INSTRUMENTACI?N GEOTECNICA, INFRAESTRUCTURA, ESTRUCTURA DE PAVIMENTOS Y OBRA CIVIL DE AYUDAS VISUALES Y PARA LA NAVEGACI?N DE LA PISTA 3 Y AREA DE TUNELES DEL NUEVO AEROPUERTO INTERNACIONAL DE LA CIUDAD DE M?XICO (NAICM)",
        "status": "active",
        "items": [
          {
            "id": "item-33b1805e-7e19-41b5-8486-168dc2793f70",
            "description": "ATESTIGUAMIENTO DEL PROCEDIMIENTO DE LICITACI?N P?BLICA INTERNACIONAL, RELATIVA AL SISTEMA DE PRECARGA E INSTRUMENTACI?N GEOT?CNICA, INFRAESTRUCTURA, ESTRUCTURA DE PAVIMENTOS Y OBRA CIVIL DE AYUDAS VISUALES PARA LA NAVEGACI?N DE LA PISTA 3",
            "classification": {
              "scheme": "EDIFICACION NO HABITACIONAL",
              "id": "6220"
            },
            "quantity": 1,
            "unit": {
              "name": "srv",
              "value": {
                "amount": 687330.5,
                "currency": "MXN"
              }
            }
          }
        ],
        "value": {
          "amount": 688000,
          "currency": "MXN"
        },
        "procurementMethod": "limited",
        "procurementMethodRationale": "36 ADJUDICACION DIRECTA ART.41",
        "metodoDeAdquisicion": "Adjudicación directa",
        "awardCriteria": "bestValueToGoverment",
        "awardCriteriaDetails": "BINARIO",
        "submissionMethod": [
          "P?blico"
        ],
        "tenderPeriod": {
          "startDate": "2016-10-19T05:00:00.000Z"
        },
        "eligibilityCriteria": "Ver documento adjunto",
        "awardPeriod": {
          "startDate": "2016-10-19T05:00:00.000Z"
        },
        "documents": [
          {
            "id": "doc-f1da0645-fcf7-479a-8292-4aa4a7e08b0f",
            "documentType": "Clarifications",
            "title": "Actas de la junta de aclaraciones",
            "description": "Actas de la junta de aclaraciones",
            "url": "http://189.211.120.220:8880/files/opendata/odata/16054-AD-AS-DCAGI-SC-054-16/9.-%20AJ/9.pdf",
            "datePublished": "2016-06-30T05:00:00.000Z",
            "dateModified": "2016-06-30T05:00:00.000Z",
            "format": "html",
            "language": "es"
          },
          {
            "id": "doc-9be808f5-0f23-41b0-9085-81e84c90fb41",
            "documentType": "Tender Notice",
            "title": "Documento que contiene las especificaciones t?cnicas de la obra",
            "description": "Convocatoria al procedimiento de contratacion",
            "url": "http://189.211.120.220:8880/files/opendata/odata/16054-AD-AS-DCAGI-SC-054-16/8.-%20CC/8.pdf",
            "datePublished": "2016-06-30T05:00:00.000Z",
            "dateModified": "2016-06-30T05:00:00.000Z",
            "format": "html",
            "language": "es"
          },
          {
            "id": "doc-ee7e8b53-68b3-4161-b322-f2149f6fb749",
            "documentType": "Tender Notice",
            "title": "Documento que describe los criterios de evaluaci?n",
            "description": "Convocatoria al procedimiento de contratacion",
            "url": "http://189.211.120.220:8880/files/opendata/odata/16054-AD-AS-DCAGI-SC-054-16/8.-%20CC/8.pdf",
            "datePublished": "2016-06-30T05:00:00.000Z",
            "dateModified": "2016-06-30T05:00:00.000Z",
            "format": "html",
            "language": "es"
          },
          {
            "id": "doc-0dd194ef-1b6d-468c-a4b4-803fecb6b2b1",
            "documentType": "Tender Notice",
            "title": "Documento que contiene los objetivos y caracter?sticas del contrato y proceso de licitaci?n",
            "description": "Convocatoria al procedimiento de contratacion",
            "url": "http://189.211.120.220:8880/files/opendata/odata/16054-AD-AS-DCAGI-SC-054-16/8.-%20CC/8.pdf",
            "datePublished": "2016-06-30T05:00:00.000Z",
            "dateModified": "2016-06-30T05:00:00.000Z",
            "format": "html",
            "language": "es"
          },
          {
            "id": "doc-93d58ada-b285-4f5b-9539-8e31720ee1ca",
            "documentType": "Tender Notice",
            "title": "Convocatoria al procedimiento de contrataci?n",
            "description": "Convocatoria al procedimiento de contratacion",
            "url": "http://189.211.120.220:8880/files/opendata/odata/16054-AD-AS-DCAGI-SC-054-16/8.-%20CC/8.pdf",
            "datePublished": "2016-06-30T05:00:00.000Z",
            "dateModified": "2016-06-30T05:00:00.000Z",
            "format": "html",
            "language": "es"
          },
          {
            "id": "doc-f5863682-12ff-4fd2-a666-295052d7eb6a",
            "documentType": "Tender Notice",
            "title": "Documento que describe los criterios que deben cumplir los licitantes",
            "description": "Convocatoria al procedimiento de contratacion",
            "url": "http://189.211.120.220:8880/files/opendata/odata/16054-AD-AS-DCAGI-SC-054-16/8.-%20CC/8.pdf",
            "datePublished": "2016-06-30T05:00:00.000Z",
            "dateModified": "2016-06-30T05:00:00.000Z",
            "format": "html",
            "language": "es"
          }
        ]
      },
      "buyer": {
        "identifier": {
          "scheme": "MK-009KDH999",
          "id": "GACM",
          "legalName": "GRUPO AEROPORTUARIO DE LA CIUDAD DE M?XICO S.A DE C.V",
          "uri": "http://www.aeropuerto.gob.mx/"
        },
        "name": "GRUPO AEROPORTUARIO DE LA CIUDAD DE M?XICO",
        "address": {
          "streetAddress": "AV. INSURGENTES SUR NO. 2453 PISO 2 OFICINA 203",
          "locality": "COL. TIZAPAN",
          "region": "DEL. ALVARO OBREGON",
          "postalCode": "01090",
          "countryName": "Mexico"
        },
        "contactPoint": {
          "name": "G05-DIRECCION CORPORATIVA DE ADMINISTRACION Y GESTION INMOBILIARIA",
          "url": "http://www.aeropuerto.gob.mx/"
        }
      },
      "awards": [
        {
          "id": "AA-009KDH999-E135-2016",
          "title": "ATESTIGUAMIENTO DEL PROCEDIMIENTO DE LICITACI?N P?BLICA INTERNACIONAL, RELATIVA AL SISTEMA DE PRECARGA E INSTRUMENTACI?N GEOT?CNICA, INFRAESTRUCTURA, ESTRUCTURA DE PAVIMENTOS Y OBRA CIVIL DE AYUDAS VISUALES PARA LA NAVEGACI?N DE LA PISTA 3",
          "description": "Ver documento adjunto",
          "status": "active",
          "date": "2016-06-30T05:00:00.000Z",
          "value": {
            "amount": 687330.5,
            "currency": "MXN"
          },
          "suppliers": [
            {
              "identifier": {
                "id": "RUGG460126GF2",
                "legalName": "JOSE GENARO RUIZ GOMEZ"
              },
              "name": "JOSE GENARO RUIZ GOMEZ",
              "address": {
                "streetAddress": "RINCONADA COLONIAL ED LIMA 003",
                "locality": "PEDREGAL DE CARRASCO",
                "region": "COYOC?N",
                "postalCode": "04700",
                "countryName": "DISTRITO FEDERAL"
              },
              "contactPoint": {
                "name": "JOSE GENARO RUIZ GOMEZ",
                "email": "xx@yy.zz"
              }
            }
          ],
          "items": [
            {
              "id": "item-a440ed03-b45e-4ff9-bb94-60fbdbdc15e2",
              "description": "ATESTIGUAMIENTO DEL PROCEDIMIENTO DE LICITACI?N P?BLICA INTERNACIONAL, RELATIVA AL SISTEMA DE PRECARGA E INSTRUMENTACI?N GEOT?CNICA, INFRAESTRUCTURA, ESTRUCTURA DE PAVIMENTOS Y OBRA CIVIL DE AYUDAS VISUALES PARA LA NAVEGACI?N DE LA PISTA 3",
              "classification": {
                "scheme": "EDIFICACION NO HABITACIONAL",
                "id": "6220"
              },
              "quantity": 1,
              "unit": {
                "name": "srv",
                "value": {
                  "amount": 687330.5,
                  "currency": "MXN"
                }
              }
            }
          ],
          "contractPeriod": {
            "startDate": "2016-07-11T05:00:00.000Z",
            "endDate": "2016-12-31T06:00:00.000Z"
          },
          "documents": [
            {
              "id": "doc-93a9628c-138d-45a4-80e4-032c5c118e64",
              "documentType": "Award Notice",
              "title": "Fallo",
              "description": "Acta de fallo",
              "url": "http://189.211.120.220:8880/files/opendata/odata/16054-AD-AS-DCAGI-SC-054-16/12.-%20AF/12.pdf",
              "datePublished": "2016-06-30T05:00:00.000Z",
              "dateModified": "2016-06-30T05:00:00.000Z",
              "format": "html",
              "language": "es"
            },
            {
              "id": "doc-37c75ca6-87fd-4dc6-8645-26398a87e767",
              "documentType": "Award Notice",
              "title": "Fallo",
              "description": "Descripcion del acto de presentacion y apertura de proposiciones",
              "url": "http://189.211.120.220:8880/files/opendata/odata/16054-AD-AS-DCAGI-SC-054-16/10.-%20AP/10.pdf",
              "datePublished": "2016-06-30T05:00:00.000Z",
              "dateModified": "2016-06-30T05:00:00.000Z",
              "format": "html",
              "language": "es"
            }
          ]
        }
      ],
      "contracts": [
        {
          "id": "AD-AS-DCAGI-SC-054-16",
          "awardID": "AA-009KDH999-E135-2016",
          "title": "ATESTIGUAMIENTO DEL PROCEDIMIENTO DE LICITACION PUBLICA INTERNACIONAL, RELATIVA AL SISTEMA DE PRECARGA E INSTRUMENTACION GEOTECNICA, INFRAESTRUCTURA, ESTRUCTURA DE PAVIMENTOS Y OBRA CIVIL DE AYUDAS VISUALES PARA LA NAVEGACION DE LA PISTA 3",
          "description": "Ver documento adjunto",
          "status": "active",
          "period": {
            "startDate": "2016-07-11T05:00:00.000Z",
            "endDate": "2016-12-31T06:00:00.000Z"
          },
          "value": {
            "amount": 687330.5,
            "currency": "MXN"
          },
          "items": [
            {
              "id": "item-251c7cd1-9396-4345-b7a0-c41f55580f38",
              "description": "ATESTIGUAMIENTO DEL PROCEDIMIENTO DE LICITACI?N P?BLICA INTERNACIONAL, RELATIVA AL SISTEMA DE PRECARGA E INSTRUMENTACI?N GEOT?CNICA, INFRAESTRUCTURA, ESTRUCTURA DE PAVIMENTOS Y OBRA CIVIL DE AYUDAS VISUALES PARA LA NAVEGACI?N DE LA PISTA 3",
              "classification": {
                "scheme": "EDIFICACION NO HABITACIONAL",
                "id": "6220"
              },
              "quantity": 1,
              "unit": {
                "name": "srv",
                "value": {
                  "amount": 687330.5,
                  "currency": "MXN"
                }
              }
            }
          ],
          "dateSigned": "2016-07-11T05:00:00.000Z",
          "documents": [
            {
              "id": "doc-705e4b5e-423c-4ae7-b6ef-ef3334c1821d",
              "documentType": "Contract Signed",
              "title": "Cl?usula sobre las condiciones de entrega de la obra",
              "description": "Contrato firmado",
              "url": "http://189.211.120.220:8880/files/opendata/odata/16054-AD-AS-DCAGI-SC-054-16/15.-%20CF/15.pdf",
              "datePublished": "2016-06-30T05:00:00.000Z",
              "dateModified": "2016-06-30T05:00:00.000Z",
              "format": "html",
              "language": "es"
            },
            {
              "id": "doc-f0dd9571-31be-4f57-aa65-b12369b8a9e2",
              "documentType": "Contract Signed",
              "title": "Contrato firmado",
              "description": "Contrato firmado",
              "url": "http://189.211.120.220:8880/files/opendata/odata/16054-AD-AS-DCAGI-SC-054-16/15.-%20CF/15.pdf",
              "datePublished": "2016-06-30T05:00:00.000Z",
              "dateModified": "2016-06-30T05:00:00.000Z",
              "format": "html",
              "language": "es"
            },
            {
              "id": "doc-22a7d4d2-75f9-41da-b520-8e6bd5628edb",
              "documentType": "Contract Guarantees",
              "title": "Fianza de anticipo",
              "description": "Garantia sobre el anticipo",
              "url": "http://189.211.120.220:8880/files/opendata/odata/16054-AD-AS-DCAGI-SC-054-16/17.-%20GA/17.pdf",
              "datePublished": "2016-06-30T05:00:00.000Z",
              "dateModified": "2016-06-30T05:00:00.000Z",
              "format": "html",
              "language": "es"
            },
            {
              "id": "doc-f690fd54-92ad-4f32-927e-1994fed482f8",
              "documentType": "Contract Guarantees",
              "title": "Fianza de cumplimiento",
              "description": "Garantias de cumplimiento",
              "url": "http://189.211.120.220:8880/files/opendata/odata/16054-AD-AS-DCAGI-SC-054-16/18.-%20GC/18.pdf",
              "datePublished": "2016-06-30T05:00:00.000Z",
              "dateModified": "2016-06-30T05:00:00.000Z",
              "format": "html",
              "language": "es"
            }
          ]
        }
      ],
      "language": "es"
    }
  ],
  "publisher": {
    "name": "GACM",
    "scheme": "SERVICIO",
    "uid": "AS",
    "uri": "http://www.aeropuerto.gob.mx/"
  },
  "license": "https://datos.gob.mx/libreusomx/",
  "publicationPolicy": "https://datos.gob.mx/libreusomx/"
}
