{
  "uri": "https://datos.gob.mx/busca/dataset?organization=gacm",
  "publishedDate": "2017-02-15T16:48:26.087Z",
  "releases": [
    {
      "ocid": "348",
      "id": "RELEASE_348_2017-02-15T16:48:26.086Z",
      "date": "2017-02-09T06:00:00.000Z",
      "tag": [
        "contract"
      ],
      "initiationType": "tender",
      "planning": {
        "budget": {
          "source": "http://www.apartados.hacienda.gob.mx/presupuesto/temas/pef/2015/docs/09/r09_kdh_pie.pdf",
          "id": "Servicio para la Asistencia Tecnica Especializada en Materia de Geotecnia y Cimentacion Aplicada a la Infraestructura Aeroportuaria",
          "description": "Presupuesto de Egresos de la Federacion 2015 Y 2016",
          "amount": {
            "amount": 1953000,
            "currency": "MXN"
          },
          "project": "Nuevo Aeropuerto Internacional de la Ciudad de Mexico",
          "projectID": "46101",
          "uri": "http://www.apartados.hacienda.gob.mx/presupuesto/temas/pef/2015/docs/09/r09_kdh_pie.pdf"
        },
        "rationale": "Servicio para la Asistencia Tecnica Especializada en Materia de Geotecnia y Cimentacion Aplicada a la Infraestructura Aeroportuaria",
        "documents": [
          {
            "id": "doc-248b67f3-0ada-494e-b35b-58a1b353fc6b",
            "documentType": "projectPlan",
            "title": "Proyecto ejecutivo de la obra",
            "description": "Terminos de referencia",
            "url": "http://189.211.120.220:8880/files/opendata/15093-AD-SRO-DCAGI-SC-093-15/4.-%20TR/4.pdf",
            "datePublished": "2015-12-01T06:00:00.000Z",
            "dateModified": "2015-12-01T06:00:00.000Z",
            "format": "html",
            "language": "es"
          }
        ]
      },
      "tender": {
        "id": "1042111",
        "title": "Servicio para la Asistencia Tecnica Especializada en Materia de Geotecnia y Cimentacion Aplicada a la Infraestructura Aeroportuaria",
        "description": "Servicio para la Asistencia Tecnica Especializada en Materia de Geotecnia y Cimentacion Aplicada a la Infraestructura Aeroportuaria",
        "status": "active",
        "items": [
          {
            "id": "item-89a0c356-3049-4973-ac0e-39106be371ca",
            "description": "Servicio para la Asistencia Tecnica Especializada en Materia de Geotecnia y Cimentacion Aplicada a la Infraestructura Aeroportuaria",
            "classification": {
              "scheme": "CONSTRUCCION DE VIAS DE COMUNICACION",
              "id": "6250"
            },
            "quantity": 1,
            "unit": {
              "name": "sop",
              "value": {
                "amount": 1683620.69,
                "currency": "MXN"
              }
            }
          }
        ],
        "value": {
          "amount": 1953000,
          "currency": "MXN"
        },
        "procurementMethod": "limited",
        "procurementMethodRationale": "Nacional",
        "metodoDeAdquisicion": "Adjudicación directa",
        "awardCriteria": "bestValueToGoverment",
        "awardCriteriaDetails": "No aplica",
        "submissionMethod": [
          "Presencial"
        ],
        "eligibilityCriteria": "Ver documento adjunto",
        "documents": [
          {
            "id": "doc-02a4055d-eae0-427f-9472-4d689e0e17e7",
            "documentType": "Clarifications",
            "title": "Actas de la junta de aclaraciones",
            "description": "Actas de la junta de aclaraciones",
            "url": "http://189.211.120.220:8880/files/opendata/15093-AD-SRO-DCAGI-SC-093-15/9.-%20AJ/9.pdf",
            "datePublished": "2015-12-01T06:00:00.000Z",
            "dateModified": "2015-12-01T06:00:00.000Z",
            "format": "html",
            "language": "es"
          },
          {
            "id": "doc-93f045c2-9d48-4aae-868f-ab3a07a1136a",
            "documentType": "Tender Notice",
            "title": "Documento que contiene las especificaciones t?cnicas de la obra",
            "description": "Convocatoria al procedimiento de contratacion",
            "url": "http://189.211.120.220:8880/files/opendata/15093-AD-SRO-DCAGI-SC-093-15/8.-%20CC/8.pdf",
            "datePublished": "2015-12-01T06:00:00.000Z",
            "dateModified": "2015-12-01T06:00:00.000Z",
            "format": "html",
            "language": "es"
          },
          {
            "id": "doc-10f7f8ce-8dbb-4942-b12b-44ce5dd106c9",
            "documentType": "Tender Notice",
            "title": "Documento que describe los criterios de evaluaci?n",
            "description": "Convocatoria al procedimiento de contratacion",
            "url": "http://189.211.120.220:8880/files/opendata/15093-AD-SRO-DCAGI-SC-093-15/8.-%20CC/8.pdf",
            "datePublished": "2015-12-01T06:00:00.000Z",
            "dateModified": "2015-12-01T06:00:00.000Z",
            "format": "html",
            "language": "es"
          },
          {
            "id": "doc-20f24ea6-7e6a-4af4-b498-b4c5b4d16ff1",
            "documentType": "Tender Notice",
            "title": "Documento que contiene los objetivos y caracter?sticas del contrato y proceso de licitaci?n",
            "description": "Convocatoria al procedimiento de contratacion",
            "url": "http://189.211.120.220:8880/files/opendata/15093-AD-SRO-DCAGI-SC-093-15/8.-%20CC/8.pdf",
            "datePublished": "2015-12-01T06:00:00.000Z",
            "dateModified": "2015-12-01T06:00:00.000Z",
            "format": "html",
            "language": "es"
          },
          {
            "id": "doc-840a8733-b4af-4142-a23b-e80525429ffd",
            "documentType": "Tender Notice",
            "title": "Convocatoria al procedimiento de contrataci?n",
            "description": "Convocatoria al procedimiento de contratacion",
            "url": "http://189.211.120.220:8880/files/opendata/15093-AD-SRO-DCAGI-SC-093-15/8.-%20CC/8.pdf",
            "datePublished": "2015-12-01T06:00:00.000Z",
            "dateModified": "2015-12-01T06:00:00.000Z",
            "format": "html",
            "language": "es"
          },
          {
            "id": "doc-7e605fc1-54df-41dd-8c92-da39eab0624c",
            "documentType": "Tender Notice",
            "title": "Documento que describe los criterios que deben cumplir los licitantes",
            "description": "Convocatoria al procedimiento de contratacion",
            "url": "http://189.211.120.220:8880/files/opendata/15093-AD-SRO-DCAGI-SC-093-15/8.-%20CC/8.pdf",
            "datePublished": "2015-12-01T06:00:00.000Z",
            "dateModified": "2015-12-01T06:00:00.000Z",
            "format": "html",
            "language": "es"
          }
        ]
      },
      "buyer": {
        "identifier": {
          "scheme": "MK-009KDH999",
          "id": "GACM",
          "legalName": "Grupo Aeroportuario de la Ciudad de Mexico, S.A. de C.V.",
          "uri": "http://www.aeropuerto.gob.mx/"
        },
        "name": "Grupo Aeroportuario de la Ciudad de Mexico, S.A. de C.V.",
        "address": {
          "streetAddress": "AV. INSURGENTES SUR NO. 2453 PISO 2 OFICINA 203",
          "locality": "COL. TIZAPAN",
          "region": "DEL. ALVARO OBREGON",
          "postalCode": "01090",
          "countryName": "Mexico"
        },
        "contactPoint": {
          "name": "G05-DIRECCION CORPORATIVA DE ADMINISTRACION Y GESTION INMOBILIARIA",
          "url": "http://www.aeropuerto.gob.mx/"
        }
      },
      "awards": [
        {
          "id": "AO-009KDH999-E47-2016",
          "title": "Servicio para la Asistencia Tecnica Especializada en Materia de Geotecnia y Cimentacion Aplicada a la Infraestructura Aeroportuaria",
          "description": "Ver documento adjunto",
          "status": "active",
          "value": {
            "amount": 1683620.69,
            "currency": "MXN"
          },
          "suppliers": [
            {
              "identifier": {
                "id": "NO APLICA",
                "legalName": "Gholamreza Mesri"
              },
              "name": "Gholamreza Mesri",
              "address": {
                "streetAddress": "401 Yankee Ridge Ln Urbana",
                "locality": "NO APLICA",
                "region": "NO APLICA",
                "postalCode": "61802",
                "countryName": "Estados Unidos de Norteamerica"
              }
            }
          ],
          "items": [
            {
              "id": "item-c2b77d63-b2b2-4105-89ac-2bbb15ba91e5",
              "description": "Servicio para la Asistencia Tecnica Especializada en Materia de Geotecnia y Cimentacion Aplicada a la Infraestructura Aeroportuaria",
              "classification": {
                "scheme": "CONSTRUCCION DE VIAS DE COMUNICACION",
                "id": "6250"
              },
              "quantity": 1,
              "unit": {
                "name": "sop",
                "value": {
                  "amount": 1683620.69,
                  "currency": "MXN"
                }
              }
            }
          ],
          "contractPeriod": {
            "startDate": "2015-12-01T06:00:00.000Z",
            "endDate": "2016-05-31T05:00:00.000Z"
          },
          "documents": [
            {
              "id": "doc-af9a26b9-dc63-48a5-8d8c-38791399219f",
              "documentType": "Award Notice",
              "title": "Fallo",
              "description": "Acta de fallo",
              "url": "http://189.211.120.220:8880/files/opendata/15093-AD-SRO-DCAGI-SC-093-15/12.-%20AF/12.pdf",
              "datePublished": "2015-12-01T06:00:00.000Z",
              "dateModified": "2015-12-01T06:00:00.000Z",
              "format": "html",
              "language": "es"
            },
            {
              "id": "doc-f1bc51b8-1c93-4e2d-87aa-a9d21ab942d9",
              "documentType": "Award Notice",
              "title": "Fallo",
              "description": "Descripcion del acto de presentacion y apertura de proposiciones",
              "url": "http://189.211.120.220:8880/files/opendata/15093-AD-SRO-DCAGI-SC-093-15/10.-%20AP/10.pdf",
              "datePublished": "2015-12-01T06:00:00.000Z",
              "dateModified": "2015-12-01T06:00:00.000Z",
              "format": "html",
              "language": "es"
            }
          ]
        }
      ],
      "contracts": [
        {
          "id": "AD-SRO-DCAGI-SC-093/15",
          "awardID": "AO-009KDH999-E47-2016",
          "title": "Servicio para la Asistencia Tecnica Especializada en Materia de Geotecnia y Cimentacion Aplicada a la Infraestructura Aeroportuaria",
          "description": "Ver documento adjunto",
          "status": "active",
          "period": {
            "startDate": "2015-12-01T06:00:00.000Z",
            "endDate": "2016-05-31T05:00:00.000Z"
          },
          "value": {
            "amount": 1683620.69,
            "currency": "MXN"
          },
          "items": [
            {
              "id": "item-12666fcc-4efc-47c2-8524-c2d72e75f8f1",
              "description": "Servicio para la Asistencia Tecnica Especializada en Materia de Geotecnia y Cimentacion Aplicada a la Infraestructura Aeroportuaria",
              "classification": {
                "scheme": "CONSTRUCCION DE VIAS DE COMUNICACION",
                "id": "6250"
              },
              "quantity": 1,
              "unit": {
                "name": "sop",
                "value": {
                  "amount": 1683620.69,
                  "currency": "MXN"
                }
              }
            }
          ],
          "dateSigned": "2015-12-01T06:00:00.000Z",
          "documents": [
            {
              "id": "doc-9ddd0762-58ce-42d0-a62e-880398fa80ad",
              "documentType": "Contract Signed",
              "title": "Cl?usula sobre las condiciones de entrega de la obra",
              "description": "Contrato firmado",
              "url": "http://189.211.120.220:8880/files/opendata/15093-AD-SRO-DCAGI-SC-093-15/15.-%20CF/15.pdf",
              "datePublished": "2015-12-01T06:00:00.000Z",
              "dateModified": "2015-12-01T06:00:00.000Z",
              "format": "html",
              "language": "es"
            },
            {
              "id": "doc-b20029a6-9f0d-4512-af79-77118894adac",
              "documentType": "Contract Signed",
              "title": "Contrato firmado",
              "description": "Contrato firmado",
              "url": "http://189.211.120.220:8880/files/opendata/15093-AD-SRO-DCAGI-SC-093-15/15.-%20CF/15.pdf",
              "datePublished": "2015-12-01T06:00:00.000Z",
              "dateModified": "2015-12-01T06:00:00.000Z",
              "format": "html",
              "language": "es"
            },
            {
              "id": "doc-5d61d121-2ac6-4f98-b118-5fdce2697f18",
              "documentType": "Contract Guarantees",
              "title": "Fianza de anticipo",
              "description": "Garantia sobre el anticipo",
              "url": "http://189.211.120.220:8880/files/opendata/15093-AD-SRO-DCAGI-SC-093-15/17.-%20GA/17.pdf",
              "datePublished": "2015-12-01T06:00:00.000Z",
              "dateModified": "2015-12-01T06:00:00.000Z",
              "format": "html",
              "language": "es"
            },
            {
              "id": "doc-7c53aad7-87a5-4b5e-8a41-3a154ff82a88",
              "documentType": "Contract Guarantees",
              "title": "Fianza de cumplimiento",
              "description": "Garantias de cumplimiento",
              "url": "http://189.211.120.220:8880/files/opendata/15093-AD-SRO-DCAGI-SC-093-15/18.-%20GC/18.pdf",
              "datePublished": "2015-12-01T06:00:00.000Z",
              "dateModified": "2015-12-01T06:00:00.000Z",
              "format": "html",
              "language": "es"
            }
          ]
        }
      ],
      "language": "es"
    }
  ],
  "publisher": {
    "name": "GACM",
    "scheme": "SERVICIO",
    "uid": "AS",
    "uri": "http://www.aeropuerto.gob.mx/"
  },
  "license": "https://datos.gob.mx/libreusomx/",
  "publicationPolicy": "https://datos.gob.mx/libreusomx/"
}
