{
  "uri": "https://datos.gob.mx/busca/dataset?organization=gacm",
  "publishedDate": "2017-02-15T16:48:26.284Z",
  "releases": [
    {
      "ocid": "358",
      "id": "RELEASE_358_2017-02-15T16:48:26.283Z",
      "date": "2017-02-09T06:00:00.000Z",
      "tag": [
        "contract"
      ],
      "initiationType": "tender",
      "planning": {
        "budget": {
          "source": "http://www.apartados.hacienda.gob.mx/presupuesto/temas/pef/2016/docs/09/r09_kdh_pie.pdf",
          "id": "APORTACIONES A FIDEICOMISOS PUBLICOS",
          "description": "RECURSOS FISCALES",
          "amount": {
            "amount": 4532500,
            "currency": "MXN"
          },
          "project": "Nuevo Aeropuerto Internacional de la Ciudad de M?xico",
          "projectID": "46101",
          "uri": "http://www.apartados.hacienda.gob.mx/presupuesto/temas/pef/2016/docs/09/r09_kdh_pie.pdf"
        },
        "rationale": "SERVICIO DE ASISTENCIA T?CNICA ESPECIALIZADA EN MATERIA DE PROTECCI?N CONTRA INCENDIO APLICADA A LA INFRAESTRUCTURA AEROPORTUARIA DEL PROYECTO DEL NAICM.",
        "documents": [
          {
            "id": "doc-2453b3dc-74d6-4288-b10d-06462c2d0ed1",
            "documentType": "projectPlan",
            "title": "Proyecto ejecutivo de la obra",
            "description": "Terminos de referencia",
            "url": "http://189.211.120.220:8880/files/opendata/odata/16050-AD-SRO-DCAGI-SC-050-16/4.-%20TR/4.pdf",
            "datePublished": "2016-06-30T05:00:00.000Z",
            "dateModified": "2016-06-30T05:00:00.000Z",
            "format": "html",
            "language": "es"
          }
        ]
      },
      "tender": {
        "id": "1189550",
        "title": "Nuevo Aeropuerto Internacional de la Ciudad de M?xico",
        "description": "SERVICIO DE ASISTENCIA TECNICA ESPECIALIZADA EN MATERIA DE PROTECCI?N CONTRA INCENDIO APLICADA A LA INFRAESTRUCTURA AEROPORTUARIA DEL PROYECTO DEL (NAICM)",
        "status": "active",
        "items": [
          {
            "id": "item-ede91fad-73d8-4efb-8264-8011abb10e66",
            "description": "SERVICIO DE ASISTENCIA T?CNICA ESPECIALIZADA EN MATERIA DE PROTECCI?N CONTRA INCENDIO APLICADA A LA INFRAESTRUCTURA AEROPORTUARIA DEL PROYECTO DEL NAICM.",
            "classification": {
              "scheme": "EDIFICACION NO HABITACIONAL",
              "id": "6220"
            },
            "quantity": 1,
            "unit": {
              "name": "obr",
              "value": {
                "amount": 4532500,
                "currency": "MXN"
              }
            }
          }
        ],
        "value": {
          "amount": 4532500,
          "currency": "MXN"
        },
        "procurementMethod": "limited",
        "procurementMethodRationale": "39 ADJUDICACION DIRECTA ART. 42 DE LOPSRM",
        "metodoDeAdquisicion": "Adjudicación directa",
        "awardCriteria": "bestValueToGoverment",
        "awardCriteriaDetails": "BINARIO",
        "submissionMethod": [
          "P?blico"
        ],
        "tenderPeriod": {
          "startDate": "2016-10-26T05:00:00.000Z"
        },
        "eligibilityCriteria": "Ver documento adjunto",
        "awardPeriod": {
          "startDate": "2016-10-26T05:00:00.000Z"
        },
        "documents": [
          {
            "id": "doc-70ca81f9-d3bc-4e27-ab92-a92315f48fd5",
            "documentType": "Clarifications",
            "title": "Actas de la junta de aclaraciones",
            "description": "Actas de la junta de aclaraciones",
            "url": "http://189.211.120.220:8880/files/opendata/odata/16050-AD-SRO-DCAGI-SC-050-16/9.-%20AJ/9.pdf",
            "datePublished": "2016-06-30T05:00:00.000Z",
            "dateModified": "2016-06-30T05:00:00.000Z",
            "format": "html",
            "language": "es"
          },
          {
            "id": "doc-2082508e-0772-4e8c-904b-7f866ed2f9d3",
            "documentType": "Tender Notice",
            "title": "Documento que contiene las especificaciones t?cnicas de la obra",
            "description": "Convocatoria al procedimiento de contratacion",
            "url": "http://189.211.120.220:8880/files/opendata/odata/16050-AD-SRO-DCAGI-SC-050-16/8.-%20CC/8.pdf",
            "datePublished": "2016-06-30T05:00:00.000Z",
            "dateModified": "2016-06-30T05:00:00.000Z",
            "format": "html",
            "language": "es"
          },
          {
            "id": "doc-e9111831-0a6c-43c8-8458-040cdec58cb0",
            "documentType": "Tender Notice",
            "title": "Documento que describe los criterios de evaluaci?n",
            "description": "Convocatoria al procedimiento de contratacion",
            "url": "http://189.211.120.220:8880/files/opendata/odata/16050-AD-SRO-DCAGI-SC-050-16/8.-%20CC/8.pdf",
            "datePublished": "2016-06-30T05:00:00.000Z",
            "dateModified": "2016-06-30T05:00:00.000Z",
            "format": "html",
            "language": "es"
          },
          {
            "id": "doc-715dfe21-ea82-4fcb-8e1a-cf5956066d4e",
            "documentType": "Tender Notice",
            "title": "Documento que contiene los objetivos y caracter?sticas del contrato y proceso de licitaci?n",
            "description": "Convocatoria al procedimiento de contratacion",
            "url": "http://189.211.120.220:8880/files/opendata/odata/16050-AD-SRO-DCAGI-SC-050-16/8.-%20CC/8.pdf",
            "datePublished": "2016-06-30T05:00:00.000Z",
            "dateModified": "2016-06-30T05:00:00.000Z",
            "format": "html",
            "language": "es"
          },
          {
            "id": "doc-2547149c-0b8c-42d4-ac24-21080d13edea",
            "documentType": "Tender Notice",
            "title": "Convocatoria al procedimiento de contrataci?n",
            "description": "Convocatoria al procedimiento de contratacion",
            "url": "http://189.211.120.220:8880/files/opendata/odata/16050-AD-SRO-DCAGI-SC-050-16/8.-%20CC/8.pdf",
            "datePublished": "2016-06-30T05:00:00.000Z",
            "dateModified": "2016-06-30T05:00:00.000Z",
            "format": "html",
            "language": "es"
          },
          {
            "id": "doc-98bb5507-edb4-4307-b2a4-8ac04ad1bac8",
            "documentType": "Tender Notice",
            "title": "Documento que describe los criterios que deben cumplir los licitantes",
            "description": "Convocatoria al procedimiento de contratacion",
            "url": "http://189.211.120.220:8880/files/opendata/odata/16050-AD-SRO-DCAGI-SC-050-16/8.-%20CC/8.pdf",
            "datePublished": "2016-06-30T05:00:00.000Z",
            "dateModified": "2016-06-30T05:00:00.000Z",
            "format": "html",
            "language": "es"
          }
        ]
      },
      "buyer": {
        "identifier": {
          "scheme": "MK-009KDH999",
          "id": "GACM",
          "legalName": "GRUPO AEROPORTUARIO DE LA CIUDAD DE M?XICO S.A DE C.V",
          "uri": "http://www.aeropuerto.gob.mx/"
        },
        "name": "GRUPO AEROPORTUARIO DE LA CIUDAD DE M?XICO",
        "address": {
          "streetAddress": "AV. INSURGENTES SUR NO. 2453 PISO 2 OFICINA 203",
          "locality": "COL. TIZAPAN",
          "region": "DEL. ALVARO OBREGON",
          "postalCode": "01090",
          "countryName": "Mexico"
        },
        "contactPoint": {
          "name": "G05-DIRECCION CORPORATIVA DE ADMINISTRACION Y GESTION INMOBILIARIA",
          "url": "http://www.aeropuerto.gob.mx/"
        }
      },
      "awards": [
        {
          "id": "AO-009KDH999-E138-2016",
          "title": "SERVICIO DE ASISTENCIA T?CNICA ESPECIALIZADA EN MATERIA DE PROTECCI?N CONTRA INCENDIO APLICADA A LA INFRAESTRUCTURA AEROPORTUARIA DEL PROYECTO DEL NAICM.",
          "description": "Ver documento adjunto",
          "status": "active",
          "date": "2016-06-30T05:00:00.000Z",
          "value": {
            "amount": 4532500,
            "currency": "MXN"
          },
          "suppliers": [
            {
              "identifier": {
                "legalName": "TERRY E. SCHULTZ"
              },
              "name": "TERRY E. SCHULTZ",
              "address": {
                "streetAddress": "1151 WILDHORSE MEADOWS ",
                "locality": "DRIVE",
                "postalCode": "63005",
                "countryName": "CHERTERFIELD"
              },
              "contactPoint": {
                "name": "TERRY E. SCHULTZ",
                "email": "SCHULTS@USA.COM"
              }
            }
          ],
          "items": [
            {
              "id": "item-9d770bd8-d393-45d1-8fb6-76b457bb1758",
              "description": "SERVICIO DE ASISTENCIA T?CNICA ESPECIALIZADA EN MATERIA DE PROTECCI?N CONTRA INCENDIO APLICADA A LA INFRAESTRUCTURA AEROPORTUARIA DEL PROYECTO DEL NAICM.",
              "classification": {
                "scheme": "EDIFICACION NO HABITACIONAL",
                "id": "6220"
              },
              "quantity": 1,
              "unit": {
                "name": "obr",
                "value": {
                  "amount": 4532500,
                  "currency": "MXN"
                }
              }
            }
          ],
          "contractPeriod": {
            "startDate": "2016-08-03T05:00:00.000Z",
            "endDate": "2016-11-26T06:00:00.000Z"
          },
          "documents": [
            {
              "id": "doc-ce96e88e-28c1-42c7-91a0-66797606dcef",
              "documentType": "Award Notice",
              "title": "Fallo",
              "description": "Acta de fallo",
              "url": "http://189.211.120.220:8880/files/opendata/odata/16050-AD-SRO-DCAGI-SC-050-16/12.-%20AF/12.pdf",
              "datePublished": "2016-06-30T05:00:00.000Z",
              "dateModified": "2016-06-30T05:00:00.000Z",
              "format": "html",
              "language": "es"
            },
            {
              "id": "doc-a63167da-3f8a-465f-82aa-fa5b203c7af5",
              "documentType": "Award Notice",
              "title": "Fallo",
              "description": "Descripcion del acto de presentacion y apertura de proposiciones",
              "url": "http://189.211.120.220:8880/files/opendata/odata/16050-AD-SRO-DCAGI-SC-050-16/10.-%20AP/10.pdf",
              "datePublished": "2016-06-30T05:00:00.000Z",
              "dateModified": "2016-06-30T05:00:00.000Z",
              "format": "html",
              "language": "es"
            }
          ]
        }
      ],
      "contracts": [
        {
          "id": "AD-SRO-DCAGI-SC-050-16",
          "awardID": "AO-009KDH999-E138-2016",
          "title": "SERVICIO DE ASISTENCIA TECNICA ESPECIALIZADA EN MATERIA DE PROTECCION CONTRA INCENDIO APLICADA A LA INFRAESTRUCTURA AEROPORTUARIA DEL PROYECTO DEL NAICM.",
          "description": "Ver documento adjunto",
          "status": "active",
          "period": {
            "startDate": "2016-08-03T05:00:00.000Z",
            "endDate": "2016-11-26T06:00:00.000Z"
          },
          "value": {
            "amount": 4532500,
            "currency": "MXN"
          },
          "items": [
            {
              "id": "item-e1c3060e-c5a1-41b6-bd07-77efb7a495a8",
              "description": "SERVICIO DE ASISTENCIA T?CNICA ESPECIALIZADA EN MATERIA DE PROTECCI?N CONTRA INCENDIO APLICADA A LA INFRAESTRUCTURA AEROPORTUARIA DEL PROYECTO DEL NAICM.",
              "classification": {
                "scheme": "EDIFICACION NO HABITACIONAL",
                "id": "6220"
              },
              "quantity": 1,
              "unit": {
                "name": "obr",
                "value": {
                  "amount": 4532500,
                  "currency": "MXN"
                }
              }
            }
          ],
          "dateSigned": "2016-08-03T05:00:00.000Z",
          "documents": [
            {
              "id": "doc-358e864a-1cb7-4710-a97c-54e66fcbae26",
              "documentType": "Contract Signed",
              "title": "Cl?usula sobre las condiciones de entrega de la obra",
              "description": "Contrato firmado",
              "url": "http://189.211.120.220:8880/files/opendata/odata/16050-AD-SRO-DCAGI-SC-050-16/15.-%20CF/15.pdf",
              "datePublished": "2016-06-30T05:00:00.000Z",
              "dateModified": "2016-06-30T05:00:00.000Z",
              "format": "html",
              "language": "es"
            },
            {
              "id": "doc-ffd57237-43ac-491d-afdc-1d5764a0b147",
              "documentType": "Contract Signed",
              "title": "Contrato firmado",
              "description": "Contrato firmado",
              "url": "http://189.211.120.220:8880/files/opendata/odata/16050-AD-SRO-DCAGI-SC-050-16/15.-%20CF/15.pdf",
              "datePublished": "2016-06-30T05:00:00.000Z",
              "dateModified": "2016-06-30T05:00:00.000Z",
              "format": "html",
              "language": "es"
            },
            {
              "id": "doc-3fe0a3d1-45ea-4256-bc6b-5d8c3c2f9ec3",
              "documentType": "Contract Guarantees",
              "title": "Fianza de anticipo",
              "description": "Garantia sobre el anticipo",
              "url": "http://189.211.120.220:8880/files/opendata/odata/16050-AD-SRO-DCAGI-SC-050-16/17.-%20GA/17.pdf",
              "datePublished": "2016-06-30T05:00:00.000Z",
              "dateModified": "2016-06-30T05:00:00.000Z",
              "format": "html",
              "language": "es"
            },
            {
              "id": "doc-f9c376a4-6f50-4abb-82bb-9170f7dfaac8",
              "documentType": "Contract Guarantees",
              "title": "Fianza de cumplimiento",
              "description": "Garantias de cumplimiento",
              "url": "http://189.211.120.220:8880/files/opendata/odata/16050-AD-SRO-DCAGI-SC-050-16/18.-%20GC/18.pdf",
              "datePublished": "2016-06-30T05:00:00.000Z",
              "dateModified": "2016-06-30T05:00:00.000Z",
              "format": "html",
              "language": "es"
            }
          ]
        }
      ],
      "language": "es"
    }
  ],
  "publisher": {
    "name": "GACM",
    "scheme": "OBRA",
    "uid": "OP",
    "uri": "http://www.aeropuerto.gob.mx/"
  },
  "license": "https://datos.gob.mx/libreusomx/",
  "publicationPolicy": "https://datos.gob.mx/libreusomx/"
}
