{
  "uri": "https://datos.gob.mx/busca/dataset?organization=gacm",
  "publishedDate": "2017-02-15T16:48:25.686Z",
  "releases": [
    {
      "ocid": "359",
      "id": "RELEASE_359_2017-02-15T16:48:25.685Z",
      "date": "2017-02-08T06:00:00.000Z",
      "tag": [
        "contract"
      ],
      "initiationType": "tender",
      "planning": {
        "budget": {
          "source": "http://www.apartados.hacienda.gob.mx/presupuesto/temas/pef/2016/docs/09/r09_kdh_pie.pdf",
          "id": "APORTACIONES A FIDEICOMISOS PUBLICOS",
          "description": "RECURSOS FISCALES",
          "amount": {
            "amount": 12875862068.98,
            "currency": "MXN"
          },
          "project": "Nuevo Aeropuerto Internacional de la Ciudad de Mexico",
          "projectID": "46101",
          "uri": "http://www.apartados.hacienda.gob.mx/presupuesto/temas/pef/2016/docs/09/r09_kdh_pie.pdf"
        },
        "rationale": "Sistema de precarga e instrumentacion geotecnica, infraestructura, estructura de pavimientos y obra civil de ayudas visuales y para la navegacion de la pista 2 y area de tuneles del NAICM",
        "documents": [
          {
            "id": "doc-e96dd00f-0a67-47db-9760-2fe00632d3c3",
            "documentType": "projectPlan",
            "title": "Proyecto ejecutivo de la obra",
            "description": "Terminos de referencia",
            "url": "http://189.211.120.220:8880/files/opendata/16071-LPI-OP-DCAGI-SC-071-16/4.-%20TR/4.pdf",
            "datePublished": "2016-09-02T05:00:00.000Z",
            "dateModified": "2016-09-02T05:00:00.000Z",
            "format": "html",
            "language": "es"
          }
        ]
      },
      "tender": {
        "id": "1042453",
        "title": "Sistema de precarga e instrumentacion geotecnica, infraestructura, estructura de pavimientos y obra civil de ayudas visuales y para la navegacion de la pista 2 y area de tuneles del NAICM",
        "description": "Sistema de precarga e instrumentacion geotecnica, infraestructura, estructura de pavimientos y obra civil de ayudas visuales y para la navegacion de la pista 2 y area de tuneles del NAICM",
        "status": "active",
        "items": [
          {
            "id": "item-af23d748-647f-45ca-93bd-541d75edb2ff",
            "description": "Sistema de precarga e instrumentacion geotecnica, infraestructura, estructura de pavimientos y obra civil de ayudas visuales y para la navegacion de la pista 2 y area de tuneles del NAICM",
            "classification": {
              "scheme": "EDIFICACION NO HABITACIONAL",
              "id": "6220"
            },
            "quantity": 1,
            "unit": {
              "name": "obr",
              "value": {
                "amount": 7926299964.9,
                "currency": "MXN"
              }
            }
          }
        ],
        "value": {
          "amount": 12875862068.98,
          "currency": "MXN"
        },
        "procurementMethod": "open",
        "procurementMethodRationale": "Internacional",
        "metodoDeAdquisicion": "Licitación pública",
        "awardCriteria": "bestValueToGoverment",
        "awardCriteriaDetails": "Presencial",
        "submissionMethod": [
          "Presencial"
        ],
        "tenderPeriod": {
          "startDate": "2016-04-21T05:00:00.000Z",
          "endDate": "2016-08-10T05:00:00.000Z"
        },
        "enquiryPeriod": {
          "startDate": "2016-05-09T05:00:00.000Z",
          "endDate": "2016-07-11T05:00:00.000Z"
        },
        "hasEnquiries": true,
        "eligibilityCriteria": "Ver documento adjunto",
        "awardPeriod": {
          "startDate": "2016-04-21T05:00:00.000Z",
          "endDate": "2016-08-10T05:00:00.000Z"
        },
        "documents": [
          {
            "id": "doc-162bad4e-41de-49dd-a148-c50f5d28f3d4",
            "documentType": "Clarifications",
            "title": "Actas de la junta de aclaraciones",
            "description": "Actas de la junta de aclaraciones",
            "url": "http://189.211.120.220:8880/files/opendata/16071-LPI-OP-DCAGI-SC-071-16/9.-%20AJ/9.5.pdf",
            "datePublished": "2016-09-02T05:00:00.000Z",
            "dateModified": "2016-09-02T05:00:00.000Z",
            "format": "html",
            "language": "es"
          },
          {
            "id": "doc-8c4018f0-8c6e-4587-b91f-e92331bbbd51",
            "documentType": "Clarifications",
            "title": "Actas de la junta de aclaraciones",
            "description": "Actas de la junta de aclaraciones",
            "url": "http://189.211.120.220:8880/files/opendata/16071-LPI-OP-DCAGI-SC-071-16/9.-%20AJ/9.4.pdf",
            "datePublished": "2016-09-02T05:00:00.000Z",
            "dateModified": "2016-09-02T05:00:00.000Z",
            "format": "html",
            "language": "es"
          },
          {
            "id": "doc-67e3e746-a164-4ceb-a8a1-1d1dc606095d",
            "documentType": "Clarifications",
            "title": "Actas de la junta de aclaraciones",
            "description": "Actas de la junta de aclaraciones",
            "url": "http://189.211.120.220:8880/files/opendata/16071-LPI-OP-DCAGI-SC-071-16/9.-%20AJ/9.3.pdf",
            "datePublished": "2016-09-02T05:00:00.000Z",
            "dateModified": "2016-09-02T05:00:00.000Z",
            "format": "html",
            "language": "es"
          },
          {
            "id": "doc-f919cbcd-91c5-4d1b-9866-43b938eefc70",
            "documentType": "Clarifications",
            "title": "Actas de la junta de aclaraciones",
            "description": "Actas de la junta de aclaraciones",
            "url": "http://189.211.120.220:8880/files/opendata/16071-LPI-OP-DCAGI-SC-071-16/9.-%20AJ/9.1.pdf",
            "datePublished": "2016-09-02T05:00:00.000Z",
            "dateModified": "2016-09-02T05:00:00.000Z",
            "format": "html",
            "language": "es"
          },
          {
            "id": "doc-390acaa0-683a-4f90-9f37-5f000b27adac",
            "documentType": "Clarifications",
            "title": "Actas de la junta de aclaraciones",
            "description": "Actas de la junta de aclaraciones",
            "url": "http://189.211.120.220:8880/files/opendata/16071-LPI-OP-DCAGI-SC-071-16/9.-%20AJ/9.2.pdf",
            "datePublished": "2016-09-02T05:00:00.000Z",
            "dateModified": "2016-09-02T05:00:00.000Z",
            "format": "html",
            "language": "es"
          },
          {
            "id": "doc-9af7652d-cbb5-4878-8fbf-c02a318b4af2",
            "documentType": "Tender Notice",
            "title": "Documento que describe los criterios de evaluaci?n",
            "description": "Convocatoria al procedimiento de contratacion",
            "url": "http://189.211.120.220:8880/files/opendata/16071-LPI-OP-DCAGI-SC-071-16/8.-%20CC/8.pdf",
            "datePublished": "2016-09-02T05:00:00.000Z",
            "dateModified": "2016-09-02T05:00:00.000Z",
            "format": "html",
            "language": "es"
          },
          {
            "id": "doc-2f6480c2-917d-4ef3-ae01-47654f89630e",
            "documentType": "Tender Notice",
            "title": "Documento que contiene los objetivos y caracter?sticas del contrato y proceso de licitaci?n",
            "description": "Convocatoria al procedimiento de contratacion",
            "url": "http://189.211.120.220:8880/files/opendata/16071-LPI-OP-DCAGI-SC-071-16/8.-%20CC/8.pdf",
            "datePublished": "2016-09-02T05:00:00.000Z",
            "dateModified": "2016-09-02T05:00:00.000Z",
            "format": "html",
            "language": "es"
          },
          {
            "id": "doc-6cc051b6-c161-4300-9d04-92103cbdbe9a",
            "documentType": "Tender Notice",
            "title": "Convocatoria al procedimiento de contrataci?n",
            "description": "Convocatoria al procedimiento de contratacion",
            "url": "http://189.211.120.220:8880/files/opendata/16071-LPI-OP-DCAGI-SC-071-16/8.-%20CC/8.pdf",
            "datePublished": "2016-09-02T05:00:00.000Z",
            "dateModified": "2016-09-02T05:00:00.000Z",
            "format": "html",
            "language": "es"
          },
          {
            "id": "doc-42767e63-5f82-43b5-b1a6-258837a279f2",
            "documentType": "Tender Notice",
            "title": "Documento que contiene las especificaciones t?cnicas de la obra",
            "description": "Convocatoria al procedimiento de contratacion",
            "url": "http://189.211.120.220:8880/files/opendata/16071-LPI-OP-DCAGI-SC-071-16/8.-%20CC/8.pdf",
            "datePublished": "2016-09-02T05:00:00.000Z",
            "dateModified": "2016-09-02T05:00:00.000Z",
            "format": "html",
            "language": "es"
          },
          {
            "id": "doc-e2b68fbf-71a2-42e6-a047-e4d515c729ed",
            "documentType": "Tender Notice",
            "title": "Documento que describe los criterios que deben cumplir los licitantes",
            "description": "Convocatoria al procedimiento de contratacion",
            "url": "http://189.211.120.220:8880/files/opendata/16071-LPI-OP-DCAGI-SC-071-16/8.-%20CC/8.pdf",
            "datePublished": "2016-09-02T05:00:00.000Z",
            "dateModified": "2016-09-02T05:00:00.000Z",
            "format": "html",
            "language": "es"
          }
        ]
      },
      "buyer": {
        "identifier": {
          "scheme": "MK-009KDH999",
          "id": "GACM",
          "legalName": "Grupo Aeroportuario de la Ciudad de Mexico, S.A. de C.V.",
          "uri": "http://www.aeropuerto.gob.mx/"
        },
        "name": "Grupo Aeroportuario de la Ciudad de Mexico, S.A. de C.V.",
        "address": {
          "streetAddress": "AV. INSURGENTES SUR NO. 2453 PISO 2 OFICINA 203",
          "locality": "COL. TIZAPAN",
          "region": "DEL. ALVARO OBREGON",
          "postalCode": "01090",
          "countryName": "Mexico"
        },
        "contactPoint": {
          "name": "G05-DIRECCION CORPORATIVA DE ADMINISTRACION Y GESTION INMOBILIARIA",
          "url": "http://www.aeropuerto.gob.mx/"
        }
      },
      "awards": [
        {
          "id": "LO-009KDH999-E48-2016",
          "title": "Sistema de precarga e instrumentacion geotecnica, infraestructura, estructura de pavimientos y obra civil de ayudas visuales y para la navegacion de la pista 2 y area de tuneles del NAICM",
          "description": "Ver documento adjunto",
          "status": "active",
          "date": "2016-09-02T05:00:00.000Z",
          "value": {
            "amount": 7926299964.9,
            "currency": "MXN"
          },
          "suppliers": [
            {
              "identifier": {
                "id": "COC000315HY4   /   CPV810615PP5",
                "legalName": "COCONAL, S.A. de C.V. Sociedad Anonima Promotora de Inversion y CONSTRUCTORA Y PAVIMENTADORA VISE, S.A. DE C.V."
              },
              "name": "COCONAL, S.A. de C.V. Sociedad Anonima Promotora de Inversion y CONSTRUCTORA Y PAVIMENTADORA VISE, S.A. DE C.V.",
              "address": {
                "streetAddress": "Periferico Sur 4249 Piso 3   /   Blvd. Jo?se Ma. Morelos No. 5802",
                "locality": "Jardines en la Montana   / Fracc. Industrial Julian de Obregon",
                "region": "Tlalpan    /  Guanajuato",
                "postalCode": "14210   /     37290",
                "countryName": "Mexico"
              }
            }
          ],
          "items": [
            {
              "id": "item-dddf6578-9fb5-4f77-bebb-96d65bcb872e",
              "description": "Sistema de precarga e instrumentacion geotecnica, infraestructura, estructura de pavimientos y obra civil de ayudas visuales y para la navegacion de la pista 2 y area de tuneles del NAICM",
              "classification": {
                "scheme": "EDIFICACION NO HABITACIONAL",
                "id": "6220"
              },
              "quantity": 1,
              "unit": {
                "name": "obr",
                "value": {
                  "amount": 7926299964.9,
                  "currency": "MXN"
                }
              }
            }
          ],
          "contractPeriod": {
            "startDate": "2016-09-26T05:00:00.000Z",
            "endDate": "2018-10-14T05:00:00.000Z"
          },
          "documents": [
            {
              "id": "doc-050720c9-01d2-4288-a231-fb6c85480d47",
              "documentType": "Award Notice",
              "title": "Fallo",
              "description": "Acta de fallo",
              "url": "http://189.211.120.220:8880/files/opendata/16071-LPI-OP-DCAGI-SC-071-16/12.-%20AF/12.pdf",
              "datePublished": "2016-09-02T05:00:00.000Z",
              "dateModified": "2016-09-02T05:00:00.000Z",
              "format": "html",
              "language": "es"
            },
            {
              "id": "doc-c2a6c65b-8781-4feb-af2b-2e8113725a29",
              "documentType": "Award Notice",
              "title": "Fallo",
              "description": "Descripcion del acto de presentacion y apertura de proposiciones",
              "url": "http://189.211.120.220:8880/files/opendata/16071-LPI-OP-DCAGI-SC-071-16/10.-%20AP/10.pdf",
              "datePublished": "2016-09-02T05:00:00.000Z",
              "dateModified": "2016-09-02T05:00:00.000Z",
              "format": "html",
              "language": "es"
            }
          ]
        }
      ],
      "contracts": [
        {
          "id": "LPI-OP-DCAGI-SC-071-16",
          "awardID": "LO-009KDH999-E48-2016",
          "title": "Sistema de precarga e instrumentacion geotecnica, infraestructura, estructura de pavimientos y obra civil de ayudas visuales y para la navegacion de la pista 2 y area de tuneles del NAICM",
          "description": "Ver documento adjunto",
          "status": "active",
          "period": {
            "startDate": "2016-09-26T05:00:00.000Z",
            "endDate": "2018-10-14T05:00:00.000Z"
          },
          "value": {
            "amount": 7926299964.9,
            "currency": "MXN"
          },
          "items": [
            {
              "id": "item-40d6dd0c-33e4-4c4f-8ca3-b19bb6c24799",
              "description": "Sistema de precarga e instrumentacion geotecnica, infraestructura, estructura de pavimientos y obra civil de ayudas visuales y para la navegacion de la pista 2 y area de tuneles del NAICM",
              "classification": {
                "scheme": "EDIFICACION NO HABITACIONAL",
                "id": "6220"
              },
              "quantity": 1,
              "unit": {
                "name": "obr",
                "value": {
                  "amount": 7926299964.9,
                  "currency": "MXN"
                }
              }
            }
          ],
          "dateSigned": "2016-10-10T05:00:00.000Z",
          "documents": [
            {
              "id": "doc-221779a1-6b36-4f54-96d2-81a8e58d3648",
              "documentType": "Contract Signed",
              "title": "Cl?usula sobre las condiciones de entrega de la obra",
              "description": "Contrato firmado",
              "url": "http://189.211.120.220:8880/files/opendata/16071-LPI-OP-DCAGI-SC-071-16/15.-%20CF/15.pdf",
              "datePublished": "2016-09-02T05:00:00.000Z",
              "dateModified": "2016-09-02T05:00:00.000Z",
              "format": "html",
              "language": "es"
            },
            {
              "id": "doc-981e9ec4-091a-460d-8848-c19056684470",
              "documentType": "Contract Signed",
              "title": "Contrato firmado",
              "description": "Contrato firmado",
              "url": "http://189.211.120.220:8880/files/opendata/16071-LPI-OP-DCAGI-SC-071-16/15.-%20CF/15.pdf",
              "datePublished": "2016-09-02T05:00:00.000Z",
              "dateModified": "2016-09-02T05:00:00.000Z",
              "format": "html",
              "language": "es"
            },
            {
              "id": "doc-68ae9fe5-a9b6-41ac-a496-1ecd41424718",
              "documentType": "Contract Guarantees",
              "title": "Fianza de anticipo",
              "description": "Garantia sobre el anticipo",
              "url": "http://189.211.120.220:8880/files/opendata/16071-LPI-OP-DCAGI-SC-071-16/17.-%20GA/17.pdf",
              "datePublished": "2016-09-02T05:00:00.000Z",
              "dateModified": "2016-09-02T05:00:00.000Z",
              "format": "html",
              "language": "es"
            },
            {
              "id": "doc-b69430c4-e673-4cbb-a12e-4a9d639bd5f6",
              "documentType": "Contract Guarantees",
              "title": "Fianza de cumplimiento",
              "description": "Garantias de cumplimiento",
              "url": "http://189.211.120.220:8880/files/opendata/16071-LPI-OP-DCAGI-SC-071-16/18.-%20GC/18.pdf",
              "datePublished": "2016-09-02T05:00:00.000Z",
              "dateModified": "2016-09-02T05:00:00.000Z",
              "format": "html",
              "language": "es"
            }
          ]
        }
      ],
      "language": "es"
    }
  ],
  "publisher": {
    "name": "GACM",
    "scheme": "OBRA",
    "uid": "OP",
    "uri": "http://www.aeropuerto.gob.mx/"
  },
  "license": "https://datos.gob.mx/libreusomx/",
  "publicationPolicy": "https://datos.gob.mx/libreusomx/"
}
