{
  "uri": "https://datos.gob.mx/busca/dataset?organization=gacm",
  "publishedDate": "2017-02-15T16:48:26.289Z",
  "releases": [
    {
      "ocid": "360",
      "id": "RELEASE_360_2017-02-15T16:48:26.288Z",
      "date": "2017-02-09T06:00:00.000Z",
      "tag": [
        "contract"
      ],
      "initiationType": "tender",
      "planning": {
        "budget": {
          "source": "http://www.apartados.hacienda.gob.mx/presupuesto/temas/pef/2016/docs/09/r09_kdh_pie.pdf",
          "id": "APORTACIONES A FIDEICOMISOS PUBLICOS",
          "description": "RECURSOS FISCALES",
          "amount": {
            "amount": 46196000,
            "currency": "MXN"
          },
          "project": "Nuevo Aeropuerto Internacional de la Ciudad de M?xico",
          "projectID": "46101",
          "uri": "http://www.apartados.hacienda.gob.mx/presupuesto/temas/pef/2016/docs/09/r09_kdh_pie.pdf"
        },
        "rationale": "PLAN DE INTEGRACI?N EJIDAL PARA EL PROYECTO DEL NUEVO AEROPUERTO INTERNACIONAL DE LA CIUDAD DE M?XICO (NAICM) SEGUNDA FASE.",
        "documents": [
          {
            "id": "doc-f85050a7-e0c5-408f-a0a2-148ec17d7f18",
            "documentType": "projectPlan",
            "title": "Proyecto ejecutivo de la obra",
            "description": "Terminos de referencia",
            "url": "http://189.211.120.220:8880/files/opendata/odata/16065-AD-AS-DCAGI-SC-065-16/4.-%20TR/4.pdf",
            "datePublished": "2016-09-09T05:00:00.000Z",
            "dateModified": "2016-09-09T05:00:00.000Z",
            "format": "html",
            "language": "es"
          }
        ]
      },
      "tender": {
        "id": "1195906",
        "title": "Nuevo Aeropuerto Internacional de la Ciudad de M?xico",
        "description": "PLAN DE INTEGRACION EJIDAL PARA EL PROYECTO DEL NUEVO AEROPUERTO INTERNACIONAL DE LA CIUDAD DE M?XICO (NAICM) SEGUNDA ETAPA",
        "status": "active",
        "items": [
          {
            "id": "item-be3d0ea0-48ed-4d5c-a08e-118804345237",
            "description": "PLAN DE INTEGRACI?N EJIDAL PARA EL PROYECTO DEL NUEVO AEROPUERTO INTERNACIONAL DE LA CIUDAD DE M?XICO (NAICM) SEGUNDA FASE.",
            "classification": {
              "scheme": "EDIFICACION NO HABITACIONAL",
              "id": "6220"
            },
            "quantity": 1,
            "unit": {
              "name": "srv",
              "value": {
                "amount": 46177182.09,
                "currency": "MXN"
              }
            }
          }
        ],
        "minValue": {
          "currency": "MXN"
        },
        "value": {
          "amount": 46196000,
          "currency": "MXN"
        },
        "procurementMethod": "limited",
        "procurementMethodRationale": "36 ADJUDICACION DIRECTA ART.41",
        "metodoDeAdquisicion": "Adjudicación directa",
        "awardCriteria": "bestValueToGoverment",
        "awardCriteriaDetails": "BINARIO",
        "submissionMethod": [
          "P?blico"
        ],
        "tenderPeriod": {
          "startDate": "2016-11-03T06:00:00.000Z"
        },
        "eligibilityCriteria": "Ver documento adjunto",
        "awardPeriod": {
          "startDate": "2016-11-03T06:00:00.000Z"
        },
        "documents": [
          {
            "id": "doc-59a43afb-931d-43db-83d0-9c07aed5657d",
            "documentType": "Clarifications",
            "title": "Actas de la junta de aclaraciones",
            "description": "Actas de la junta de aclaraciones",
            "url": "http://189.211.120.220:8880/files/opendata/odata/16065-AD-AS-DCAGI-SC-065-16/9.-%20AJ/9.pdf",
            "datePublished": "2016-09-09T05:00:00.000Z",
            "dateModified": "2016-09-09T05:00:00.000Z",
            "format": "html",
            "language": "es"
          },
          {
            "id": "doc-342e43a3-6209-4998-818f-760a1e738dc9",
            "documentType": "Tender Notice",
            "title": "Documento que contiene las especificaciones t?cnicas de la obra",
            "description": "Convocatoria al procedimiento de contratacion",
            "url": "http://189.211.120.220:8880/files/opendata/odata/16065-AD-AS-DCAGI-SC-065-16/8.-%20CC/8.pdf",
            "datePublished": "2016-09-09T05:00:00.000Z",
            "dateModified": "2016-09-09T05:00:00.000Z",
            "format": "html",
            "language": "es"
          },
          {
            "id": "doc-7cab82f7-03ed-4649-a21d-f7a61ad6de7d",
            "documentType": "Tender Notice",
            "title": "Documento que describe los criterios de evaluaci?n",
            "description": "Convocatoria al procedimiento de contratacion",
            "url": "http://189.211.120.220:8880/files/opendata/odata/16065-AD-AS-DCAGI-SC-065-16/8.-%20CC/8.pdf",
            "datePublished": "2016-09-09T05:00:00.000Z",
            "dateModified": "2016-09-09T05:00:00.000Z",
            "format": "html",
            "language": "es"
          },
          {
            "id": "doc-20f5bee0-732c-484d-981e-f8968b904a67",
            "documentType": "Tender Notice",
            "title": "Documento que contiene los objetivos y caracter?sticas del contrato y proceso de licitaci?n",
            "description": "Convocatoria al procedimiento de contratacion",
            "url": "http://189.211.120.220:8880/files/opendata/odata/16065-AD-AS-DCAGI-SC-065-16/8.-%20CC/8.pdf",
            "datePublished": "2016-09-09T05:00:00.000Z",
            "dateModified": "2016-09-09T05:00:00.000Z",
            "format": "html",
            "language": "es"
          },
          {
            "id": "doc-08365f3b-896b-49dc-82b3-1ccfd1f3a10b",
            "documentType": "Tender Notice",
            "title": "Convocatoria al procedimiento de contrataci?n",
            "description": "Convocatoria al procedimiento de contratacion",
            "url": "http://189.211.120.220:8880/files/opendata/odata/16065-AD-AS-DCAGI-SC-065-16/8.-%20CC/8.pdf",
            "datePublished": "2016-09-09T05:00:00.000Z",
            "dateModified": "2016-09-09T05:00:00.000Z",
            "format": "html",
            "language": "es"
          },
          {
            "id": "doc-3b9bbdd8-dbf3-4acb-a89a-8a3dfbf7b844",
            "documentType": "Tender Notice",
            "title": "Documento que describe los criterios que deben cumplir los licitantes",
            "description": "Convocatoria al procedimiento de contratacion",
            "url": "http://189.211.120.220:8880/files/opendata/odata/16065-AD-AS-DCAGI-SC-065-16/8.-%20CC/8.pdf",
            "datePublished": "2016-09-09T05:00:00.000Z",
            "dateModified": "2016-09-09T05:00:00.000Z",
            "format": "html",
            "language": "es"
          }
        ]
      },
      "buyer": {
        "identifier": {
          "scheme": "MK-009KDH999",
          "id": "GACM",
          "legalName": "GRUPO AEROPORTUARIO DE LA CIUDAD DE M?XICO S.A DE C.V",
          "uri": "http://www.aeropuerto.gob.mx/"
        },
        "name": "GRUPO AEROPORTUARIO DE LA CIUDAD DE M?XICO",
        "address": {
          "streetAddress": "AV. INSURGENTES SUR NO. 2453 PISO 2 OFICINA 203",
          "locality": "COL. TIZAPAN",
          "region": "DEL. ALVARO OBREGON",
          "postalCode": "01090",
          "countryName": "Mexico"
        },
        "contactPoint": {
          "name": "G05-DIRECCION CORPORATIVA DE ADMINISTRACION Y GESTION INMOBILIARIA",
          "url": "http://www.aeropuerto.gob.mx/"
        }
      },
      "awards": [
        {
          "id": "AA-009KDH999-E139-2016",
          "title": "PLAN DE INTEGRACI?N EJIDAL PARA EL PROYECTO DEL NUEVO AEROPUERTO INTERNACIONAL DE LA CIUDAD DE M?XICO (NAICM) SEGUNDA FASE.",
          "description": "Ver documento adjunto",
          "status": "active",
          "date": "2016-09-09T05:00:00.000Z",
          "value": {
            "amount": 46177182.09,
            "currency": "MXN"
          },
          "suppliers": [
            {
              "identifier": {
                "id": "LFU150305UX7",
                "legalName": "LUXMART FUTURA, S.A. DE C.V."
              },
              "name": "LUXMART FUTURA, S.A. DE C.V.",
              "address": {
                "streetAddress": "CONSTITUYENTES 41 PISO 3",
                "locality": "SAN MIGUEL CHAPULTEPEC",
                "region": "MIGUEL HIDALGO",
                "postalCode": "11850",
                "countryName": "M?XICO"
              },
              "contactPoint": {
                "name": "GUSTAVO LIPKAU HENRIQUEZ",
                "email": "glglipkau@gmail.com"
              }
            }
          ],
          "items": [
            {
              "id": "item-ea1584dd-a6a1-43fa-8a6c-9576ff789ed4",
              "description": "PLAN DE INTEGRACI?N EJIDAL PARA EL PROYECTO DEL NUEVO AEROPUERTO INTERNACIONAL DE LA CIUDAD DE M?XICO (NAICM) SEGUNDA FASE.",
              "classification": {
                "scheme": "EDIFICACION NO HABITACIONAL",
                "id": "6220"
              },
              "quantity": 1,
              "unit": {
                "name": "srv",
                "value": {
                  "amount": 46177182.09,
                  "currency": "MXN"
                }
              }
            }
          ],
          "contractPeriod": {
            "startDate": "2016-09-15T05:00:00.000Z",
            "endDate": "2018-12-30T06:00:00.000Z"
          },
          "documents": [
            {
              "id": "doc-b370efc2-6896-4ca0-b6bc-6fa39948d163",
              "documentType": "Award Notice",
              "title": "Fallo",
              "description": "Acta de fallo",
              "url": "http://189.211.120.220:8880/files/opendata/odata/16065-AD-AS-DCAGI-SC-065-16/12.-%20AF/12.pdf",
              "datePublished": "2016-09-09T05:00:00.000Z",
              "dateModified": "2016-09-09T05:00:00.000Z",
              "format": "html",
              "language": "es"
            },
            {
              "id": "doc-ab56f1bc-c406-420a-9f28-e8c9b1d0dd0b",
              "documentType": "Award Notice",
              "title": "Fallo",
              "description": "Descripcion del acto de presentacion y apertura de proposiciones",
              "url": "http://189.211.120.220:8880/files/opendata/odata/16065-AD-AS-DCAGI-SC-065-16/10.-%20AP/10.pdf",
              "datePublished": "2016-09-09T05:00:00.000Z",
              "dateModified": "2016-09-09T05:00:00.000Z",
              "format": "html",
              "language": "es"
            }
          ]
        }
      ],
      "contracts": [
        {
          "id": "AD-AS-DCAGI-SC-065-16",
          "awardID": "AA-009KDH999-E139-2016",
          "title": "PLAN DE INTEGRACION EJIDAL PARA EL PROYECTO DEL NUEVO AEROPUERTO INTERNACIONAL DE LA CIUDAD DE MEXICO (NAICM) SEGUNDA FASE.",
          "description": "Ver documento adjunto",
          "period": {
            "startDate": "2016-09-15T05:00:00.000Z",
            "endDate": "2018-12-30T06:00:00.000Z"
          },
          "value": {
            "amount": 46177182.09,
            "currency": "MXN"
          },
          "items": [
            {
              "id": "item-b33f9eda-ce6c-4df5-991a-68c268ab5709",
              "description": "PLAN DE INTEGRACI?N EJIDAL PARA EL PROYECTO DEL NUEVO AEROPUERTO INTERNACIONAL DE LA CIUDAD DE M?XICO (NAICM) SEGUNDA FASE.",
              "classification": {
                "scheme": "EDIFICACION NO HABITACIONAL",
                "id": "6220"
              },
              "quantity": 1,
              "unit": {
                "name": "srv",
                "value": {
                  "amount": 46177182.09,
                  "currency": "MXN"
                }
              }
            }
          ],
          "dateSigned": "2016-09-15T05:00:00.000Z",
          "documents": [
            {
              "id": "doc-8fa794af-b5f5-4647-b4b5-a1a5d347a54d",
              "documentType": "Contract Signed",
              "title": "Cl?usula sobre las condiciones de entrega de la obra",
              "description": "Contrato firmado",
              "url": "http://189.211.120.220:8880/files/opendata/odata/16065-AD-AS-DCAGI-SC-065-16/15.-%20CF/15.pdf",
              "datePublished": "2016-09-09T05:00:00.000Z",
              "dateModified": "2016-09-09T05:00:00.000Z",
              "format": "html",
              "language": "es"
            },
            {
              "id": "doc-16d37277-4c22-4e97-bce5-e8322f7ad575",
              "documentType": "Contract Signed",
              "title": "Contrato firmado",
              "description": "Contrato firmado",
              "url": "http://189.211.120.220:8880/files/opendata/odata/16065-AD-AS-DCAGI-SC-065-16/15.-%20CF/15.pdf",
              "datePublished": "2016-09-09T05:00:00.000Z",
              "dateModified": "2016-09-09T05:00:00.000Z",
              "format": "html",
              "language": "es"
            },
            {
              "id": "doc-bf70528d-4fc1-4170-a161-94f2b123a115",
              "documentType": "Contract Guarantees",
              "title": "Fianza de anticipo",
              "description": "Garantia sobre el anticipo",
              "url": "http://189.211.120.220:8880/files/opendata/odata/16065-AD-AS-DCAGI-SC-065-16/17.-%20GA/17.pdf",
              "datePublished": "2016-09-09T05:00:00.000Z",
              "dateModified": "2016-09-09T05:00:00.000Z",
              "format": "html",
              "language": "es"
            },
            {
              "id": "doc-853d8d6d-4e51-4b9c-a260-46f2fd738e43",
              "documentType": "Contract Guarantees",
              "title": "Fianza de cumplimiento",
              "description": "Garantias de cumplimiento",
              "url": "http://189.211.120.220:8880/files/opendata/odata/16065-AD-AS-DCAGI-SC-065-16/18.-%20GC/18.pdf",
              "datePublished": "2016-09-09T05:00:00.000Z",
              "dateModified": "2016-09-09T05:00:00.000Z",
              "format": "html",
              "language": "es"
            }
          ]
        }
      ],
      "language": "es"
    }
  ],
  "publisher": {
    "name": "GACM",
    "scheme": "SERVICIO",
    "uid": "AS",
    "uri": "http://www.aeropuerto.gob.mx/"
  },
  "license": "https://datos.gob.mx/libreusomx/",
  "publicationPolicy": "https://datos.gob.mx/libreusomx/"
}
