{
  "uri": "https://datos.gob.mx/busca/dataset?organization=gacm",
  "publishedDate": "2017-02-15T16:48:25.508Z",
  "releases": [
    {
      "ocid": "367",
      "id": "RELEASE_367_2017-02-15T16:48:25.507Z",
      "date": "2017-02-08T06:00:00.000Z",
      "tag": [
        "contract"
      ],
      "initiationType": "tender",
      "planning": {
        "budget": {
          "source": "http://www.apartados.hacienda.gob.mx/presupuesto/temas/pef/2016/docs/09/r09_kdh_pie.pdf",
          "id": "APORTACIONES A FIDEICOMISOS PUBLICOS",
          "description": "RECURSOS FISCALES",
          "amount": {
            "amount": 2626000,
            "currency": "MXN"
          },
          "project": "Nuevo Aeropuerto Internacional de la Ciudad de Mexico",
          "projectID": "46101",
          "uri": "http://www.apartados.hacienda.gob.mx/presupuesto/temas/pef/2016/docs/09/r09_kdh_pie.pdf"
        },
        "rationale": "SEGUNDA CONVOCATORIA DE SERVICIO DE SANITARIOS PORTATILES PROGRAMA DE EMPLEO TEMPORAL 2016 (PET).?",
        "documents": [
          {
            "id": "doc-c11dd8e3-fbc4-46b8-9fb4-83ac5698561c",
            "documentType": "projectPlan",
            "title": "Proyecto ejecutivo de la obra",
            "description": "Terminos de referencia",
            "url": "http://189.211.120.220:8880/files/opendata/16067-LPN-AS-DCAGI-SC-067-16/4.-%20TR/4.pdf",
            "datePublished": "2016-08-18T05:00:00.000Z",
            "dateModified": "2016-08-18T05:00:00.000Z",
            "format": "html",
            "language": "es"
          }
        ]
      },
      "tender": {
        "id": "1113273",
        "title": "SEGUNDA CONVOCATORIA DE SERVICIO DE SANITARIOS PORTATILES PROGRAMA DE EMPLEO TEMPORAL 2016 (PET).?",
        "description": "SEGUNDA CONVOCATORIA DE SERVICIO DE SANITARIOS PORTATILES PROGRAMA DE EMPLEO TEMPORAL 2016 (PET).?",
        "status": "active",
        "items": [
          {
            "id": "item-fa07df05-1a64-4e61-9910-18e94aa5c425",
            "description": "SEGUNDA CONVOCATORIA DE SERVICIO DE SANITARIOS PORTATILES PROGRAMA DE EMPLEO TEMPORAL 2016 (PET).?",
            "classification": {
              "scheme": "EDIFICACION NO HABITACIONAL",
              "id": "6220"
            },
            "quantity": 1,
            "unit": {
              "name": "srv",
              "value": {
                "amount": 1610000,
                "currency": "MXN"
              }
            }
          }
        ],
        "value": {
          "amount": 2626000,
          "currency": "MXN"
        },
        "procurementMethod": "open",
        "procurementMethodRationale": "Nacional",
        "metodoDeAdquisicion": "Licitación pública",
        "awardCriteria": "bestValueToGoverment",
        "awardCriteriaDetails": "Presencial",
        "submissionMethod": [
          "Presencial"
        ],
        "tenderPeriod": {
          "startDate": "2016-07-21T05:00:00.000Z",
          "endDate": "2016-08-05T05:00:00.000Z"
        },
        "enquiryPeriod": {
          "startDate": "2016-07-27T05:00:00.000Z",
          "endDate": "2016-07-27T05:00:00.000Z"
        },
        "hasEnquiries": true,
        "eligibilityCriteria": "Ver documento adjunto",
        "awardPeriod": {
          "startDate": "2016-07-21T05:00:00.000Z",
          "endDate": "2016-08-05T05:00:00.000Z"
        },
        "documents": [
          {
            "id": "doc-f544587c-1100-43d2-9c04-0d0bcfd3a4e3",
            "documentType": "Clarifications",
            "title": "Actas de la junta de aclaraciones",
            "description": "Actas de la junta de aclaraciones",
            "url": "http://189.211.120.220:8880/files/opendata/16067-LPN-AS-DCAGI-SC-067-16/9.-%20AJ/9.pdf",
            "datePublished": "2016-08-18T05:00:00.000Z",
            "dateModified": "2016-08-18T05:00:00.000Z",
            "format": "html",
            "language": "es"
          },
          {
            "id": "doc-6c499f78-8b61-4dc3-8c46-ac749a9fbfef",
            "documentType": "Tender Notice",
            "title": "Documento que describe los criterios que deben cumplir los licitantes",
            "description": "Convocatoria al procedimiento de contratacion",
            "url": "http://189.211.120.220:8880/files/opendata/16067-LPN-AS-DCAGI-SC-067-16/8.-%20CC/8.pdf",
            "datePublished": "2016-08-18T05:00:00.000Z",
            "dateModified": "2016-08-18T05:00:00.000Z",
            "format": "html",
            "language": "es"
          },
          {
            "id": "doc-e89132bc-46b6-4f84-85cf-f4cc41b4509b",
            "documentType": "Tender Notice",
            "title": "Documento que contiene los objetivos y caracter?sticas del contrato y proceso de licitaci?n",
            "description": "Convocatoria al procedimiento de contratacion",
            "url": "http://189.211.120.220:8880/files/opendata/16067-LPN-AS-DCAGI-SC-067-16/8.-%20CC/8.pdf",
            "datePublished": "2016-08-18T05:00:00.000Z",
            "dateModified": "2016-08-18T05:00:00.000Z",
            "format": "html",
            "language": "es"
          },
          {
            "id": "doc-7ed46a23-9cdb-413f-8d74-497250824eaa",
            "documentType": "Tender Notice",
            "title": "Documento que contiene las especificaicones t?cnicas de la obra",
            "description": "Convocatoria al procedimiento de contratacion",
            "url": "http://189.211.120.220:8880/files/opendata/16067-LPN-AS-DCAGI-SC-067-16/8.-%20CC/8.pdf",
            "datePublished": "2016-08-18T05:00:00.000Z",
            "dateModified": "2016-08-18T05:00:00.000Z",
            "format": "html",
            "language": "es"
          },
          {
            "id": "doc-12a4e15c-3f96-42aa-aced-cd9486c286b1",
            "documentType": "Tender Notice",
            "title": "Convocatoria al procedimiento de contrataci?n",
            "description": "Convocatoria al procedimiento de contratacion",
            "url": "http://189.211.120.220:8880/files/opendata/16067-LPN-AS-DCAGI-SC-067-16/8.-%20CC/8.pdf",
            "datePublished": "2016-08-18T05:00:00.000Z",
            "dateModified": "2016-08-18T05:00:00.000Z",
            "format": "html",
            "language": "es"
          },
          {
            "id": "doc-d13ca38d-9b0f-4a97-8a8d-aa0ad0db8a4d",
            "documentType": "Tender Notice",
            "title": "Documento que describe los criterios de evaluaci?n",
            "description": "Convocatoria al procedimiento de contratacion",
            "url": "http://189.211.120.220:8880/files/opendata/16067-LPN-AS-DCAGI-SC-067-16/8.-%20CC/8.pdf",
            "datePublished": "2016-08-18T05:00:00.000Z",
            "dateModified": "2016-08-18T05:00:00.000Z",
            "format": "html",
            "language": "es"
          }
        ]
      },
      "buyer": {
        "identifier": {
          "scheme": "MK-009KDH999",
          "id": "GACM",
          "legalName": "Grupo Aeroportuario de la Ciudad de Mexico, S.A. de C.V.",
          "uri": "http://www.aeropuerto.gob.mx/"
        },
        "name": "Grupo Aeroportuario de la Ciudad de Mexico, S.A. de C.V.",
        "address": {
          "streetAddress": "AV. INSURGENTES SUR NO. 2453 PISO 2 OFICINA 203",
          "locality": "COL. TIZAPAN",
          "region": "DEL. ALVARO OBREGON",
          "postalCode": "01090",
          "countryName": "Mexico"
        },
        "contactPoint": {
          "name": "G05-DIRECCION CORPORATIVA DE ADMINISTRACION Y GESTION INMOBILIARIA",
          "url": "http://www.aeropuerto.gob.mx/"
        }
      },
      "awards": [
        {
          "id": "LA-009KDH999-104-2016",
          "title": "SEGUNDA CONVOCATORIA DE SERVICIO DE SANITARIOS PORTATILES PROGRAMA DE EMPLEO TEMPORAL 2016 (PET).?",
          "description": "Ver documento adjunto",
          "status": "active",
          "date": "2016-08-18T05:00:00.000Z",
          "value": {
            "amount": 1610000,
            "currency": "MXN"
          },
          "suppliers": [
            {
              "identifier": {
                "id": "PBD000118DD3",
                "legalName": "Porta banos 2000, S.A. de C.V."
              },
              "name": "Porta banos 2000, S.A. de C.V.",
              "address": {
                "streetAddress": "0",
                "locality": "San Antonio Culhuacan",
                "region": "Iztapalapa",
                "postalCode": "09800",
                "countryName": "Mexico"
              }
            }
          ],
          "items": [
            {
              "id": "item-56929f64-b593-455f-9389-f0979285ab92",
              "description": "SEGUNDA CONVOCATORIA DE SERVICIO DE SANITARIOS PORTATILES PROGRAMA DE EMPLEO TEMPORAL 2016 (PET).?",
              "classification": {
                "scheme": "EDIFICACION NO HABITACIONAL",
                "id": "6220"
              },
              "quantity": 1,
              "unit": {
                "name": "srv",
                "value": {
                  "amount": 1610000,
                  "currency": "MXN"
                }
              }
            }
          ],
          "contractPeriod": {
            "endDate": "2016-12-31T06:00:00.000Z"
          },
          "documents": [
            {
              "id": "doc-dc7f412c-7ac5-4e2f-b2da-44a5e18949e1",
              "documentType": "Award Notice",
              "title": "Fallo",
              "description": "Acta de fallo",
              "url": "http://189.211.120.220:8880/files/opendata/16067-LPN-AS-DCAGI-SC-067-16/12.-%20AF/12.pdf",
              "datePublished": "2016-08-18T05:00:00.000Z",
              "dateModified": "2016-08-18T05:00:00.000Z",
              "format": "html",
              "language": "es"
            },
            {
              "id": "doc-ea39cf19-d75b-44ca-991c-ba1cb85a9476",
              "documentType": "Award Notice",
              "title": "Fallo",
              "description": "Descripcion del acto de presentacion y apertura de proposiciones",
              "url": "http://189.211.120.220:8880/files/opendata/16067-LPN-AS-DCAGI-SC-067-16/10.-%20AP/10.pdf",
              "datePublished": "2016-08-18T05:00:00.000Z",
              "dateModified": "2016-08-18T05:00:00.000Z",
              "format": "html",
              "language": "es"
            }
          ]
        }
      ],
      "contracts": [
        {
          "id": "LPN-AS-DCAGI-SC-067-16",
          "awardID": "LA-009KDH999-104-2016",
          "title": "SEGUNDA CONVOCATORIA DE SERVICIO DE SANITARIOS PORTATILES PROGRAMA DE EMPLEO TEMPORAL 2016 (PET).?",
          "description": "Ver documento adjunto",
          "status": "active",
          "period": {
            "endDate": "2016-12-31T06:00:00.000Z"
          },
          "value": {
            "amount": 1610000,
            "currency": "MXN"
          },
          "items": [
            {
              "id": "item-8de25450-28a2-4ae2-aea4-a612bb96fe75",
              "description": "SEGUNDA CONVOCATORIA DE SERVICIO DE SANITARIOS PORTATILES PROGRAMA DE EMPLEO TEMPORAL 2016 (PET).?",
              "classification": {
                "scheme": "EDIFICACION NO HABITACIONAL",
                "id": "6220"
              },
              "quantity": 1,
              "unit": {
                "name": "srv",
                "value": {
                  "amount": 1610000,
                  "currency": "MXN"
                }
              }
            }
          ],
          "dateSigned": "2016-08-19T05:00:00.000Z",
          "documents": [
            {
              "id": "doc-64186d6b-5a67-4742-a480-df25b75863f9",
              "documentType": "Contract Signed",
              "title": "Cl?usula sobre las condiciones de entrega de la obra",
              "description": "Contrato firmado",
              "url": "http://189.211.120.220:8880/files/opendata/16067-LPN-AS-DCAGI-SC-067-16/15.-%20CF/15.pdf",
              "datePublished": "2016-08-18T05:00:00.000Z",
              "dateModified": "2016-08-18T05:00:00.000Z",
              "format": "html",
              "language": "es"
            },
            {
              "id": "doc-645785c5-9808-4ee7-9763-96030b5facd4",
              "documentType": "Contract Signed",
              "title": "Contrato firmado",
              "description": "Contrato firmado",
              "url": "http://189.211.120.220:8880/files/opendata/16067-LPN-AS-DCAGI-SC-067-16/15.-%20CF/15.pdf",
              "datePublished": "2016-08-18T05:00:00.000Z",
              "dateModified": "2016-08-18T05:00:00.000Z",
              "format": "html",
              "language": "es"
            },
            {
              "id": "doc-ef8a79a4-093a-42c0-bac1-5c6a657faead",
              "documentType": "Contract Guarantees",
              "title": "Fianza de anticipo",
              "description": "Garantia sobre el anticipo",
              "url": "http://189.211.120.220:8880/files/opendata/16067-LPN-AS-DCAGI-SC-067-16/17.-%20GA/17.pdf",
              "datePublished": "2016-08-18T05:00:00.000Z",
              "dateModified": "2016-08-18T05:00:00.000Z",
              "format": "html",
              "language": "es"
            },
            {
              "id": "doc-083f2db6-a9da-4f7c-8f8b-fc926dffe7ab",
              "documentType": "Contract Guarantees",
              "title": "Fianza de cumplimiento",
              "description": "Garantias de cumplimiento",
              "url": "http://189.211.120.220:8880/files/opendata/16067-LPN-AS-DCAGI-SC-067-16/18.-%20GC/18.pdf",
              "datePublished": "2016-08-18T05:00:00.000Z",
              "dateModified": "2016-08-18T05:00:00.000Z",
              "format": "html",
              "language": "es"
            }
          ]
        }
      ],
      "language": "es"
    }
  ],
  "publisher": {
    "name": "GACM",
    "scheme": "SERVICIO",
    "uid": "AS",
    "uri": "http://www.aeropuerto.gob.mx/"
  },
  "license": "https://datos.gob.mx/libreusomx/",
  "publicationPolicy": "https://datos.gob.mx/libreusomx/"
}
