{
  "uri": "https://datos.gob.mx/busca/dataset?organization=gacm",
  "publishedDate": "2017-02-15T16:48:25.960Z",
  "releases": [
    {
      "ocid": "37",
      "id": "RELEASE_37_2017-02-15T16:48:25.959Z",
      "date": "2017-02-09T06:00:00.000Z",
      "tag": [
        "contract"
      ],
      "initiationType": "tender",
      "planning": {
        "budget": {
          "source": "http://www.apartados.hacienda.gob.mx/presupuesto/temas/pef/2015/docs/09/r09_kdh_pie.pdf",
          "id": "SERVICIOS DE CONDUCCION DE SENALES ANALOGICAS Y DIGITALES",
          "description": "RECURSOS FISCALES",
          "amount": {
            "amount": 257569.44,
            "currency": "MXN"
          },
          "project": "Nuevo Aeropuerto Internacional de la Ciudad de Mexico",
          "projectID": "46101",
          "uri": "http://www.apartados.hacienda.gob.mx/presupuesto/temas/pef/2015/docs/09/r09_kdh_pie.pdf"
        },
        "rationale": "Servicio de Soporte Tecnico y Mantenimiento Para Los Equipos Del Servicio De Red Local, Seguridad de Datos y Telefonia",
        "documents": [
          {
            "id": "doc-5d064d47-8f0c-46ab-81f9-c2a998882493",
            "documentType": "projectPlan",
            "title": "Proyecto ejecutivo de la obra",
            "description": "Terminos de referencia",
            "url": "http://189.211.120.220:8880/files/opendata/15002-AD-DCAGI-SA-GAR-02-15/4.-%20TR/4.pdf",
            "datePublished": "2015-01-02T06:00:00.000Z",
            "dateModified": "2015-01-02T06:00:00.000Z",
            "format": "html",
            "language": "es"
          }
        ]
      },
      "tender": {
        "id": "No aplica",
        "title": "Servicio de Soporte Tecnico y Mantenimiento Para Los Equipos Del Servicio De Red Local, Seguridad de Datos y Telefonia",
        "description": "Servicio de Soporte Tecnico y Mantenimiento Para Los Equipos Del Servicio De Red Local, Seguridad de Datos y Telefonia",
        "status": "active",
        "items": [
          {
            "id": "item-d3b7ee66-7120-4065-be92-8ef9edf0ddd3",
            "description": "Servicio de Soporte Tecnico y Mantenimiento Para Los Equipos Del Servicio De Red Local, Seguridad de Datos y Telefonia",
            "classification": {
              "scheme": "SERVICIOS DE CONDUCCION DE SE?ALES ANALOGICAS Y DIGITALES",
              "id": "3170"
            },
            "quantity": 1,
            "unit": {
              "name": "srv",
              "value": {
                "amount": 257769.45,
                "currency": "MXN"
              }
            }
          }
        ],
        "value": {
          "amount": 257569.44,
          "currency": "MXN"
        },
        "procurementMethod": "limited",
        "procurementMethodRationale": "Nacional",
        "metodoDeAdquisicion": "Adjudicación directa",
        "awardCriteria": "bestValueToGoverment",
        "awardCriteriaDetails": "No aplica",
        "submissionMethod": [
          "Presencial"
        ],
        "eligibilityCriteria": "Ver documento adjunto",
        "documents": [
          {
            "id": "doc-1c2b662e-691d-4a1e-8794-6e36094844ba",
            "documentType": "Clarifications",
            "title": "Actas de la junta de aclaraciones",
            "description": "Actas de la junta de aclaraciones",
            "url": "http://189.211.120.220:8880/files/opendata/15002-AD-DCAGI-SA-GAR-02-15/9.-%20AJ/9.pdf",
            "datePublished": "2015-01-02T06:00:00.000Z",
            "dateModified": "2015-01-02T06:00:00.000Z",
            "format": "html",
            "language": "es"
          },
          {
            "id": "doc-db581bdd-1a28-440b-8cdc-99dae2763397",
            "documentType": "Tender Notice",
            "title": "Documento que contiene las especificaciones t?cnicas de la obra",
            "description": "Convocatoria al procedimiento de contratacion",
            "url": "http://189.211.120.220:8880/files/opendata/15002-AD-DCAGI-SA-GAR-02-15/8.-%20CC/8.pdf",
            "datePublished": "2015-01-02T06:00:00.000Z",
            "dateModified": "2015-01-02T06:00:00.000Z",
            "format": "html",
            "language": "es"
          },
          {
            "id": "doc-385c3d44-5f4b-49a6-a853-8d0ad5f843aa",
            "documentType": "Tender Notice",
            "title": "Documento que describe los criterios de evaluaci?n",
            "description": "Convocatoria al procedimiento de contratacion",
            "url": "http://189.211.120.220:8880/files/opendata/15002-AD-DCAGI-SA-GAR-02-15/8.-%20CC/8.pdf",
            "datePublished": "2015-01-02T06:00:00.000Z",
            "dateModified": "2015-01-02T06:00:00.000Z",
            "format": "html",
            "language": "es"
          },
          {
            "id": "doc-f76c0732-30b0-4305-87f9-41697d35149e",
            "documentType": "Tender Notice",
            "title": "Documento que contiene los objetivos y caracter?sticas del contrato y proceso de licitaci?n",
            "description": "Convocatoria al procedimiento de contratacion",
            "url": "http://189.211.120.220:8880/files/opendata/15002-AD-DCAGI-SA-GAR-02-15/8.-%20CC/8.pdf",
            "datePublished": "2015-01-02T06:00:00.000Z",
            "dateModified": "2015-01-02T06:00:00.000Z",
            "format": "html",
            "language": "es"
          },
          {
            "id": "doc-24f471e9-1199-44bd-a48a-4ec5e55a32a2",
            "documentType": "Tender Notice",
            "title": "Convocatoria al procedimiento de contrataci?n",
            "description": "Convocatoria al procedimiento de contratacion",
            "url": "http://189.211.120.220:8880/files/opendata/15002-AD-DCAGI-SA-GAR-02-15/8.-%20CC/8.pdf",
            "datePublished": "2015-01-02T06:00:00.000Z",
            "dateModified": "2015-01-02T06:00:00.000Z",
            "format": "html",
            "language": "es"
          },
          {
            "id": "doc-dd6b3b2c-5d67-449a-9da8-af34baac7512",
            "documentType": "Tender Notice",
            "title": "Documento que describe los criterios que deben cumplir los licitantes",
            "description": "Convocatoria al procedimiento de contratacion",
            "url": "http://189.211.120.220:8880/files/opendata/15002-AD-DCAGI-SA-GAR-02-15/8.-%20CC/8.pdf",
            "datePublished": "2015-01-02T06:00:00.000Z",
            "dateModified": "2015-01-02T06:00:00.000Z",
            "format": "html",
            "language": "es"
          }
        ]
      },
      "buyer": {
        "identifier": {
          "scheme": "MK-009KDH999",
          "id": "GACM",
          "legalName": "Grupo Aeroportuario de la Ciudad de Mexico, S.A. de C.V.",
          "uri": "http://www.aeropuerto.gob.mx/"
        },
        "name": "Grupo Aeroportuario de la Ciudad de Mexico, S.A. de C.V.",
        "address": {
          "streetAddress": "AV. INSURGENTES SUR NO. 2453 PISO 2 OFICINA 203",
          "locality": "COL. TIZAPAN",
          "region": "DEL. ALVARO OBREGON",
          "postalCode": "01090",
          "countryName": "Mexico"
        },
        "contactPoint": {
          "name": "G05-DIRECCION CORPORATIVA DE ADMINISTRACION Y GESTION INMOBILIARIA",
          "url": "http://www.aeropuerto.gob.mx/"
        }
      },
      "awards": [
        {
          "id": "No aplica",
          "title": "Servicio de Soporte Tecnico y Mantenimiento Para Los Equipos Del Servicio De Red Local, Seguridad de Datos y Telefonia",
          "description": "Ver documento adjunto",
          "status": "active",
          "value": {
            "amount": 257769.45,
            "currency": "MXN"
          },
          "suppliers": [
            {
              "identifier": {
                "id": "LAU0002028R1",
                "legalName": "LAUMAN SA DE CV"
              },
              "name": "LAUMAN SA DE CV",
              "address": {
                "streetAddress": "Santa Barbara 15",
                "locality": "Del Valle",
                "region": "Benito Juarez",
                "postalCode": "3100",
                "countryName": "Mexico"
              }
            }
          ],
          "items": [
            {
              "id": "item-a9c53f38-3f2c-4fc8-a76d-8d803530fc60",
              "description": "Servicio de Soporte Tecnico y Mantenimiento Para Los Equipos Del Servicio De Red Local, Seguridad de Datos y Telefonia",
              "classification": {
                "scheme": "SERVICIOS DE CONDUCCION DE SE?ALES ANALOGICAS Y DIGITALES",
                "id": "3170"
              },
              "quantity": 1,
              "unit": {
                "name": "srv",
                "value": {
                  "amount": 257769.45,
                  "currency": "MXN"
                }
              }
            }
          ],
          "contractPeriod": {
            "startDate": "2015-01-02T06:00:00.000Z",
            "endDate": "2015-07-01T05:00:00.000Z"
          },
          "documents": [
            {
              "id": "doc-312c81e6-2ef4-4453-a04f-9e09d664fda6",
              "documentType": "Award Notice",
              "title": "Fallo",
              "description": "Acta de fallo",
              "url": "http://189.211.120.220:8880/files/opendata/15002-AD-DCAGI-SA-GAR-02-15/12.-%20AF/12.pdf",
              "datePublished": "2015-01-02T06:00:00.000Z",
              "dateModified": "2015-01-02T06:00:00.000Z",
              "format": "html",
              "language": "es"
            },
            {
              "id": "doc-a7137437-8ca9-4269-80b0-1457f2994cdf",
              "documentType": "Award Notice",
              "title": "Fallo",
              "description": "Descripcion del acto de presentacion y apertura de proposiciones",
              "url": "http://189.211.120.220:8880/files/opendata/15002-AD-DCAGI-SA-GAR-02-15/10.-%20AP/10.pdf",
              "datePublished": "2015-01-02T06:00:00.000Z",
              "dateModified": "2015-01-02T06:00:00.000Z",
              "format": "html",
              "language": "es"
            }
          ]
        }
      ],
      "contracts": [
        {
          "id": "AD-DCAGI-SA-GAR-02/15",
          "awardID": "No aplica",
          "title": "Servicio de Soporte Tecnico y Mantenimiento Para Los Equipos Del Servicio De Red Local, Seguridad de Datos y Telefonia",
          "description": "Ver documento adjunto",
          "status": "active",
          "period": {
            "startDate": "2015-01-02T06:00:00.000Z",
            "endDate": "2015-07-01T05:00:00.000Z"
          },
          "value": {
            "amount": 257769.45,
            "currency": "MXN"
          },
          "items": [
            {
              "id": "item-cceec1ea-4906-4523-a7cc-528a4792c6b1",
              "description": "Servicio de Soporte Tecnico y Mantenimiento Para Los Equipos Del Servicio De Red Local, Seguridad de Datos y Telefonia",
              "classification": {
                "scheme": "SERVICIOS DE CONDUCCION DE SE?ALES ANALOGICAS Y DIGITALES",
                "id": "3170"
              },
              "quantity": 1,
              "unit": {
                "name": "srv",
                "value": {
                  "amount": 257769.45,
                  "currency": "MXN"
                }
              }
            }
          ],
          "dateSigned": "2015-01-02T06:00:00.000Z",
          "documents": [
            {
              "id": "doc-bff55384-2c70-46e6-a096-6372d233cb14",
              "documentType": "Contract Signed",
              "title": "Cl?usula sobre las condiciones de entrega de la obra",
              "description": "Contrato firmado",
              "url": "http://189.211.120.220:8880/files/opendata/15002-AD-DCAGI-SA-GAR-02-15/15.-%20CF/15.pdf",
              "datePublished": "2015-01-02T06:00:00.000Z",
              "dateModified": "2015-01-02T06:00:00.000Z",
              "format": "html",
              "language": "es"
            },
            {
              "id": "doc-aff6aca1-2446-4d72-a3ca-abab8c7b6dec",
              "documentType": "Contract Signed",
              "title": "Contrato firmado",
              "description": "Contrato firmado",
              "url": "http://189.211.120.220:8880/files/opendata/15002-AD-DCAGI-SA-GAR-02-15/15.-%20CF/15.pdf",
              "datePublished": "2015-01-02T06:00:00.000Z",
              "dateModified": "2015-01-02T06:00:00.000Z",
              "format": "html",
              "language": "es"
            },
            {
              "id": "doc-7d50f84f-0566-4c93-8ae8-cc13c1fb20e3",
              "documentType": "Contract Guarantees",
              "title": "Fianza de anticipo",
              "description": "Garantia sobre el anticipo",
              "url": "http://189.211.120.220:8880/files/opendata/15002-AD-DCAGI-SA-GAR-02-15/17.-%20GA/17.pdf",
              "datePublished": "2015-01-02T06:00:00.000Z",
              "dateModified": "2015-01-02T06:00:00.000Z",
              "format": "html",
              "language": "es"
            },
            {
              "id": "doc-e87d90cd-223d-41f2-bf6e-5073e56c471f",
              "documentType": "Contract Guarantees",
              "title": "Fianza de cumplimiento",
              "description": "Garantias de cumplimiento",
              "url": "http://189.211.120.220:8880/files/opendata/15002-AD-DCAGI-SA-GAR-02-15/18.-%20GC/18.pdf",
              "datePublished": "2015-01-02T06:00:00.000Z",
              "dateModified": "2015-01-02T06:00:00.000Z",
              "format": "html",
              "language": "es"
            }
          ]
        }
      ],
      "language": "es"
    }
  ],
  "publisher": {
    "name": "GACM",
    "scheme": "SERVICIO",
    "uid": "AS",
    "uri": "http://www.aeropuerto.gob.mx/"
  },
  "license": "https://datos.gob.mx/libreusomx/",
  "publicationPolicy": "https://datos.gob.mx/libreusomx/"
}
