{
  "uri": "https://datos.gob.mx/busca/dataset?organization=gacm",
  "publishedDate": "2017-02-15T16:48:26.055Z",
  "releases": [
    {
      "ocid": "372",
      "id": "RELEASE_372_2017-02-15T16:48:26.054Z",
      "date": "2017-02-09T06:00:00.000Z",
      "tag": [
        "contract"
      ],
      "initiationType": "tender",
      "planning": {
        "budget": {
          "source": "http://www.apartados.hacienda.gob.mx/presupuesto/temas/pef/2016/docs/09/r09_kdh_pie.pdf",
          "id": "APORTACIONES A FIDEICOMISOS PUBLICOS",
          "description": "RECURSOS FISCALES",
          "amount": {
            "amount": 41296304.14,
            "currency": "MXN"
          },
          "project": "Nuevo Aeropuerto Internacional de la Ciudad de Mexico",
          "projectID": "46101",
          "uri": "http://www.apartados.hacienda.gob.mx/presupuesto/temas/pef/2016/docs/09/r09_kdh_pie.pdf"
        },
        "rationale": "Asesoria Tecnica y capacitacion a trabajadores del Programa de Empleo Temporal de mano de obra campesina o urbana marginada para los 7 ejidos colindantes al predio del NAICM  (Minimo 960, maximo 2400 trabajadores) Segunda Fase.",
        "documents": [
          {
            "id": "doc-f3a2198a-989f-4b08-afab-4392bb7f830c",
            "documentType": "projectPlan",
            "title": "Proyecto ejecutivo de la obra",
            "description": "Terminos de referencia",
            "url": "http://189.211.120.220:8880/files/opendata/16063-AD-AS-DCAGI-SC-063-16/4.-%20TR/4.pdf",
            "datePublished": "2016-09-09T05:00:00.000Z",
            "dateModified": "2016-09-09T05:00:00.000Z",
            "format": "html",
            "language": "es"
          }
        ]
      },
      "tender": {
        "id": "0",
        "title": "Asesoria Tecnica y capacitacion a trabajadores del Programa de Empleo Temporal de mano de obra campesina o urbana marginada para los 7 ejidos colindantes al predio del NAICM  (Minimo 960, maximo 2400 trabajadores) Segunda Fase.",
        "description": "Asesoria Tecnica y capacitacion a trabajadores del Programa de Empleo Temporal de mano de obra campesina o urbana marginada para los 7 ejidos colindantes al predio del NAICM  (Minimo 960, maximo 2400 trabajadores) Segunda Fase.",
        "status": "active",
        "items": [
          {
            "id": "item-dd5afcfe-fcfb-4b25-8fa3-e8adce00146b",
            "description": "Asesoria Tecnica y capacitacion a trabajadores del Programa de Empleo Temporal de mano de obra campesina o urbana marginada para los 7 ejidos colindantes al predio del NAICM  (Minimo 960, maximo 2400 trabajadores) Segunda Fase.",
            "classification": {
              "scheme": "EDIFICACION NO HABITACIONAL",
              "id": "6220"
            },
            "quantity": 1,
            "unit": {
              "name": "srv",
              "value": {
                "amount": 41296304.14,
                "currency": "MXN"
              }
            }
          }
        ],
        "value": {
          "amount": 41296304.14,
          "currency": "MXN"
        },
        "procurementMethod": "limited",
        "procurementMethodRationale": "No aplica",
        "metodoDeAdquisicion": "Adjudicación directa",
        "awardCriteria": "bestValueToGoverment",
        "awardCriteriaDetails": "No aplica",
        "submissionMethod": [
          "No aplica"
        ],
        "tenderPeriod": {
          "startDate": "2016-11-28T06:00:00.000Z"
        },
        "eligibilityCriteria": "Ver documento adjunto",
        "awardPeriod": {
          "startDate": "2016-11-28T06:00:00.000Z"
        },
        "documents": [
          {
            "id": "doc-1aac53ba-fd00-47c4-bc13-6e2fa601da57",
            "documentType": "Clarifications",
            "title": "Actas de la junta de aclaraciones",
            "description": "Actas de la junta de aclaraciones",
            "url": "http://189.211.120.220:8880/files/opendata/16063-AD-AS-DCAGI-SC-063-16/9.-%20AJ/9.pdf",
            "datePublished": "2016-09-09T05:00:00.000Z",
            "dateModified": "2016-09-09T05:00:00.000Z",
            "format": "html",
            "language": "es"
          },
          {
            "id": "doc-c9c23364-31cf-40ad-9012-666c1305ff84",
            "documentType": "Tender Notice",
            "title": "Documento que contiene las especificaciones t?cnicas de la obra",
            "description": "Convocatoria al procedimiento de contratacion",
            "url": "http://189.211.120.220:8880/files/opendata/16063-AD-AS-DCAGI-SC-063-16/8.-%20CC/8.pdf",
            "datePublished": "2016-09-09T05:00:00.000Z",
            "dateModified": "2016-09-09T05:00:00.000Z",
            "format": "html",
            "language": "es"
          },
          {
            "id": "doc-c99e9e83-b5a2-4449-b8ac-793ca8bb116c",
            "documentType": "Tender Notice",
            "title": "Documento que describe los criterios de evaluaci?n",
            "description": "Convocatoria al procedimiento de contratacion",
            "url": "http://189.211.120.220:8880/files/opendata/16063-AD-AS-DCAGI-SC-063-16/8.-%20CC/8.pdf",
            "datePublished": "2016-09-09T05:00:00.000Z",
            "dateModified": "2016-09-09T05:00:00.000Z",
            "format": "html",
            "language": "es"
          },
          {
            "id": "doc-b9322402-a6bb-4a3e-88b2-6730c44e0412",
            "documentType": "Tender Notice",
            "title": "Documento que contiene los objetivos y caracter?sticas del contrato y proceso de licitaci?n",
            "description": "Convocatoria al procedimiento de contratacion",
            "url": "http://189.211.120.220:8880/files/opendata/16063-AD-AS-DCAGI-SC-063-16/8.-%20CC/8.pdf",
            "datePublished": "2016-09-09T05:00:00.000Z",
            "dateModified": "2016-09-09T05:00:00.000Z",
            "format": "html",
            "language": "es"
          },
          {
            "id": "doc-58daf682-8279-4787-b133-f7babe41efa4",
            "documentType": "Tender Notice",
            "title": "Convocatoria al procedimiento de contrataci?n",
            "description": "Convocatoria al procedimiento de contratacion",
            "url": "http://189.211.120.220:8880/files/opendata/16063-AD-AS-DCAGI-SC-063-16/8.-%20CC/8.pdf",
            "datePublished": "2016-09-09T05:00:00.000Z",
            "dateModified": "2016-09-09T05:00:00.000Z",
            "format": "html",
            "language": "es"
          },
          {
            "id": "doc-b2c392fc-fbbe-42bd-b342-e4b5938c0ffb",
            "documentType": "Tender Notice",
            "title": "Documento que describe los criterios que deben cumplir los licitantes",
            "description": "Convocatoria al procedimiento de contratacion",
            "url": "http://189.211.120.220:8880/files/opendata/16063-AD-AS-DCAGI-SC-063-16/8.-%20CC/8.pdf",
            "datePublished": "2016-09-09T05:00:00.000Z",
            "dateModified": "2016-09-09T05:00:00.000Z",
            "format": "html",
            "language": "es"
          }
        ]
      },
      "buyer": {
        "identifier": {
          "scheme": "MK-009KDH999",
          "id": "GACM",
          "legalName": "Grupo Aeroportuario de la Ciudad de Mexico, S.A. de C.V.",
          "uri": "http://www.aeropuerto.gob.mx/"
        },
        "name": "Grupo Aeroportuario de la Ciudad de Mexico, S.A. de C.V.",
        "address": {
          "streetAddress": "AV. INSURGENTES SUR NO. 2453 PISO 2 OFICINA 203",
          "locality": "COL. TIZAPAN",
          "region": "DEL. ALVARO OBREGON",
          "postalCode": "01090",
          "countryName": "Mexico"
        },
        "contactPoint": {
          "name": "G05-DIRECCION CORPORATIVA DE ADMINISTRACION Y GESTION INMOBILIARIA",
          "url": "http://www.aeropuerto.gob.mx/"
        }
      },
      "awards": [
        {
          "id": "AD-AS-DCAGI-SC-063-16",
          "title": "Asesoria Tecnica y capacitacion a trabajadores del Programa de Empleo Temporal de mano de obra campesina o urbana marginada para los 7 ejidos colindantes al predio del NAICM  (Minimo 960, maximo 2400 trabajadores) Segunda Fase.",
          "description": "Ver documento adjunto",
          "status": "active",
          "date": "2016-09-09T05:00:00.000Z",
          "value": {
            "amount": 41296304.14,
            "currency": "MXN"
          },
          "suppliers": [
            {
              "identifier": {
                "id": "ADR120111NV2",
                "legalName": "AGENCIA DE DESARROLLO MARTELLI, S. DE R. L. DE M."
              },
              "name": "AGENCIA DE DESARROLLO MARTELLI, S. DE R. L. DE M.",
              "address": {
                "streetAddress": "Insurgentes 46",
                "locality": "Irolo",
                "region": "Tepeapulco",
                "postalCode": "43991",
                "countryName": "Mexico"
              }
            }
          ],
          "items": [
            {
              "id": "item-7f7b9365-6754-4b80-aecb-e4a877d8f01e",
              "description": "Asesoria Tecnica y capacitacion a trabajadores del Programa de Empleo Temporal de mano de obra campesina o urbana marginada para los 7 ejidos colindantes al predio del NAICM  (Minimo 960, maximo 2400 trabajadores) Segunda Fase.",
              "classification": {
                "scheme": "EDIFICACION NO HABITACIONAL",
                "id": "6220"
              },
              "quantity": 1,
              "unit": {
                "name": "srv",
                "value": {
                  "amount": 41296304.14,
                  "currency": "MXN"
                }
              }
            }
          ],
          "contractPeriod": {
            "startDate": "2016-09-15T05:00:00.000Z",
            "endDate": "2018-12-30T06:00:00.000Z"
          },
          "documents": [
            {
              "id": "doc-8c57861a-2e95-46b9-bad2-e3fe105c5d45",
              "documentType": "Award Notice",
              "title": "Fallo",
              "description": "Acta de fallo",
              "url": "http://189.211.120.220:8880/files/opendata/16063-AD-AS-DCAGI-SC-063-16/12.-%20AF/12.pdf",
              "datePublished": "2016-09-09T05:00:00.000Z",
              "dateModified": "2016-09-09T05:00:00.000Z",
              "format": "html",
              "language": "es"
            },
            {
              "id": "doc-8ef1048d-6c51-424d-a664-1cac40a0c9e3",
              "documentType": "Award Notice",
              "title": "Fallo",
              "description": "Descripcion del acto de presentacion y apertura de proposiciones",
              "url": "http://189.211.120.220:8880/files/opendata/16063-AD-AS-DCAGI-SC-063-16/10.-%20AP/10.pdf",
              "datePublished": "2016-09-09T05:00:00.000Z",
              "dateModified": "2016-09-09T05:00:00.000Z",
              "format": "html",
              "language": "es"
            }
          ]
        }
      ],
      "contracts": [
        {
          "id": "AD-AS-DCAGI-SC-063-16",
          "awardID": "AD-AS-DCAGI-SC-063-16",
          "title": "Asesoria Tecnica y capacitacion a trabajadores del Programa de Empleo Temporal de mano de obra campesina o urbana marginada para los 7 ejidos colindantes al predio del NAICM  (Minimo 960, maximo 2400 trabajadores) Segunda Fase.",
          "description": "Ver documento adjunto",
          "status": "active",
          "period": {
            "startDate": "2016-09-15T05:00:00.000Z",
            "endDate": "2018-12-30T06:00:00.000Z"
          },
          "value": {
            "amount": 41296304.14,
            "currency": "MXN"
          },
          "items": [
            {
              "id": "item-abee030f-bc45-415c-813f-8ce1da0e3677",
              "description": "Asesoria Tecnica y capacitacion a trabajadores del Programa de Empleo Temporal de mano de obra campesina o urbana marginada para los 7 ejidos colindantes al predio del NAICM  (Minimo 960, maximo 2400 trabajadores) Segunda Fase.",
              "classification": {
                "scheme": "EDIFICACION NO HABITACIONAL",
                "id": "6220"
              },
              "quantity": 1,
              "unit": {
                "name": "srv",
                "value": {
                  "amount": 41296304.14,
                  "currency": "MXN"
                }
              }
            }
          ],
          "dateSigned": "2016-09-15T05:00:00.000Z",
          "documents": [
            {
              "id": "doc-f86c5c68-b680-4d53-a22d-a21cbf0c8ef4",
              "documentType": "Contract Signed",
              "title": "Cl?usula sobre las condiciones de entrega de la obra",
              "description": "Contrato firmado",
              "url": "http://189.211.120.220:8880/files/opendata/16063-AD-AS-DCAGI-SC-063-16/15.-%20CF/15.pdf",
              "datePublished": "2016-09-09T05:00:00.000Z",
              "dateModified": "2016-09-09T05:00:00.000Z",
              "format": "html",
              "language": "es"
            },
            {
              "id": "doc-ede8dc9d-6ca5-4325-8e67-f7acbd43e7c0",
              "documentType": "Contract Signed",
              "title": "Contrato firmado",
              "description": "Contrato firmado",
              "url": "http://189.211.120.220:8880/files/opendata/16063-AD-AS-DCAGI-SC-063-16/15.-%20CF/15.pdf",
              "datePublished": "2016-09-09T05:00:00.000Z",
              "dateModified": "2016-09-09T05:00:00.000Z",
              "format": "html",
              "language": "es"
            },
            {
              "id": "doc-29a9a23e-e12d-4f33-9802-cc0e6123fbc6",
              "documentType": "Contract Guarantees",
              "title": "Fianza de anticipo",
              "description": "Garantia sobre el anticipo",
              "url": "http://189.211.120.220:8880/files/opendata/16063-AD-AS-DCAGI-SC-063-16/17.-%20GA/17.pdf",
              "datePublished": "2016-09-09T05:00:00.000Z",
              "dateModified": "2016-09-09T05:00:00.000Z",
              "format": "html",
              "language": "es"
            },
            {
              "id": "doc-a9f3ee78-6024-4b79-9017-2db0f6d093f5",
              "documentType": "Contract Guarantees",
              "title": "Fianza de cumplimiento",
              "description": "Garantias de cumplimiento",
              "url": "http://189.211.120.220:8880/files/opendata/16063-AD-AS-DCAGI-SC-063-16/18.-%20GC/18.pdf",
              "datePublished": "2016-09-09T05:00:00.000Z",
              "dateModified": "2016-09-09T05:00:00.000Z",
              "format": "html",
              "language": "es"
            }
          ]
        }
      ],
      "language": "es"
    }
  ],
  "publisher": {
    "name": "GACM",
    "scheme": "SERVICIO",
    "uid": "AS",
    "uri": "http://www.aeropuerto.gob.mx/"
  },
  "license": "https://datos.gob.mx/libreusomx/",
  "publicationPolicy": "https://datos.gob.mx/libreusomx/"
}
