{
  "uri": "https://datos.gob.mx/busca/dataset?organization=gacm",
  "publishedDate": "2017-02-15T16:48:25.775Z",
  "releases": [
    {
      "ocid": "378",
      "id": "RELEASE_378_2017-02-15T16:48:25.774Z",
      "date": "2017-02-08T06:00:00.000Z",
      "tag": [
        "contract"
      ],
      "initiationType": "tender",
      "planning": {
        "budget": {
          "source": "http://www.apartados.hacienda.gob.mx/presupuesto/temas/pef/2016/docs/09/r09_kdh_pie.pdf",
          "id": "APORTACIONES A FIDEICOMISOS PUBLICOS",
          "description": "RECURSOS FISCALES",
          "amount": {
            "amount": 7758620.69,
            "currency": "MXN"
          },
          "project": "Nuevo Aeropuerto Internacional de la Ciudad de Mexico",
          "projectID": "46101",
          "uri": "http://www.apartados.hacienda.gob.mx/presupuesto/temas/pef/2016/docs/09/r09_kdh_pie.pdf"
        },
        "rationale": "Servicios de apoyo tecnico a la residencia del proyecto ejecutivo de pistas, rodajes y plataformas y ayudas a la navegacion y otras instalaciones delNuevo Aeropuerto Internacional de la Ciudad de Mexico",
        "documents": [
          {
            "id": "doc-836556ea-3702-42ad-a3a4-b904443d7d5f",
            "documentType": "projectPlan",
            "title": "Proyecto ejecutivo de la obra",
            "description": "Terminos de referencia",
            "url": "http://189.211.120.220:8880/files/opendata/16066-ITP-SRO-DCAGI-SC-066-16/4.-%20TR/4.pdf",
            "datePublished": "2016-08-17T05:00:00.000Z",
            "dateModified": "2016-08-17T05:00:00.000Z",
            "format": "html",
            "language": "es"
          }
        ]
      },
      "tender": {
        "id": "1117645",
        "title": "Servicios de apoyo tecnico a la residencia del proyecto ejecutivo de pistas, rodajes y plataformas y ayudas a la navegacion y otras instalaciones delNuevo Aeropuerto Internacional de la Ciudad de Mexico",
        "description": "Servicios de apoyo tecnico a la residencia del proyecto ejecutivo de pistas, rodajes y plataformas y ayudas a la navegacion y otras instalaciones delNuevo Aeropuerto Internacional de la Ciudad de Mexico",
        "status": "active",
        "items": [
          {
            "id": "item-52c956fe-1104-495c-b411-3f6c0579a127",
            "description": "Servicios de apoyo tecnico a la residencia del proyecto ejecutivo de pistas, rodajes y plataformas y ayudas a la navegacion y otras instalaciones delNuevo Aeropuerto Internacional de la Ciudad de Mexico",
            "classification": {
              "scheme": "EDIFICACION NO HABITACIONAL",
              "id": "6220"
            },
            "quantity": 1,
            "unit": {
              "name": "sop",
              "value": {
                "amount": 7052051.87,
                "currency": "MXN"
              }
            }
          }
        ],
        "value": {
          "amount": 7758620.69,
          "currency": "MXN"
        },
        "procurementMethod": "selective",
        "procurementMethodRationale": "Nacional",
        "metodoDeAdquisicion": "Invitación a tres",
        "awardCriteria": "bestValueToGoverment",
        "awardCriteriaDetails": "Presencial",
        "submissionMethod": [
          "Presencial"
        ],
        "tenderPeriod": {
          "startDate": "2016-07-26T05:00:00.000Z",
          "endDate": "2016-08-08T05:00:00.000Z"
        },
        "enquiryPeriod": {
          "startDate": "2016-08-02T05:00:00.000Z",
          "endDate": "2016-08-02T05:00:00.000Z"
        },
        "hasEnquiries": true,
        "eligibilityCriteria": "Ver documento adjunto",
        "awardPeriod": {
          "startDate": "2016-07-26T05:00:00.000Z",
          "endDate": "2016-08-08T05:00:00.000Z"
        },
        "documents": [
          {
            "id": "doc-e4625e8d-c330-44c4-a6c3-7d98059b2772",
            "documentType": "Clarifications",
            "title": "Actas de la junta de aclaraciones",
            "description": "Actas de la junta de aclaraciones",
            "url": "http://189.211.120.220:8880/files/opendata/16066-ITP-SRO-DCAGI-SC-066-16/9.-%20AJ/9.pdf",
            "datePublished": "2016-08-17T05:00:00.000Z",
            "dateModified": "2016-08-17T05:00:00.000Z",
            "format": "html",
            "language": "es"
          },
          {
            "id": "doc-9cfe21be-5b5b-4e70-b82d-e5e1a541a629",
            "documentType": "Tender Notice",
            "title": "Documento que contiene las especificaciones t?cnicas de la obra",
            "description": "Convocatoria al procedimiento de contratacion",
            "url": "http://189.211.120.220:8880/files/opendata/16066-ITP-SRO-DCAGI-SC-066-16/8.-%20CC/8.pdf",
            "datePublished": "2016-08-17T05:00:00.000Z",
            "dateModified": "2016-08-17T05:00:00.000Z",
            "format": "html",
            "language": "es"
          },
          {
            "id": "doc-573639cf-a07c-4b36-a4dd-a6e5c2343cc1",
            "documentType": "Tender Notice",
            "title": "Documento que describe los criterios de evaluaci?n",
            "description": "Convocatoria al procedimiento de contratacion",
            "url": "http://189.211.120.220:8880/files/opendata/16066-ITP-SRO-DCAGI-SC-066-16/8.-%20CC/8.pdf",
            "datePublished": "2016-08-17T05:00:00.000Z",
            "dateModified": "2016-08-17T05:00:00.000Z",
            "format": "html",
            "language": "es"
          },
          {
            "id": "doc-33cfaef5-4807-4cc8-9b7e-694bfc5a31f4",
            "documentType": "Tender Notice",
            "title": "Documento que contiene los objetivos y caracter?sticas del contrato y proceso de licitaci?n",
            "description": "Convocatoria al procedimiento de contratacion",
            "url": "http://189.211.120.220:8880/files/opendata/16066-ITP-SRO-DCAGI-SC-066-16/8.-%20CC/8.pdf",
            "datePublished": "2016-08-17T05:00:00.000Z",
            "dateModified": "2016-08-17T05:00:00.000Z",
            "format": "html",
            "language": "es"
          },
          {
            "id": "doc-3306497d-140f-4ee6-a7b0-018cdb6991ca",
            "documentType": "Tender Notice",
            "title": "Convocatoria al procedimiento de contrataci?n",
            "description": "Convocatoria al procedimiento de contratacion",
            "url": "http://189.211.120.220:8880/files/opendata/16066-ITP-SRO-DCAGI-SC-066-16/8.-%20CC/8.pdf",
            "datePublished": "2016-08-17T05:00:00.000Z",
            "dateModified": "2016-08-17T05:00:00.000Z",
            "format": "html",
            "language": "es"
          },
          {
            "id": "doc-5a0dbea6-4a43-4b6e-a1aa-b49f9530f13d",
            "documentType": "Tender Notice",
            "title": "Documento que describe los criterios que deben cumplir los licitantes",
            "description": "Convocatoria al procedimiento de contratacion",
            "url": "http://189.211.120.220:8880/files/opendata/16066-ITP-SRO-DCAGI-SC-066-16/8.-%20CC/8.pdf",
            "datePublished": "2016-08-17T05:00:00.000Z",
            "dateModified": "2016-08-17T05:00:00.000Z",
            "format": "html",
            "language": "es"
          }
        ]
      },
      "buyer": {
        "identifier": {
          "scheme": "MK-009KDH999",
          "id": "GACM",
          "legalName": "Grupo Aeroportuario de la Ciudad de Mexico, S.A. de C.V.",
          "uri": "http://www.aeropuerto.gob.mx/"
        },
        "name": "Grupo Aeroportuario de la Ciudad de Mexico, S.A. de C.V.",
        "address": {
          "streetAddress": "AV. INSURGENTES SUR NO. 2453 PISO 2 OFICINA 203",
          "locality": "COL. TIZAPAN",
          "region": "DEL. ALVARO OBREGON",
          "postalCode": "01090",
          "countryName": "Mexico"
        },
        "contactPoint": {
          "name": "G05-DIRECCION CORPORATIVA DE ADMINISTRACION Y GESTION INMOBILIARIA",
          "url": "http://www.aeropuerto.gob.mx/"
        }
      },
      "awards": [
        {
          "id": "IO-009KDH999-E105-2016",
          "title": "Servicios de apoyo tecnico a la residencia del proyecto ejecutivo de pistas, rodajes y plataformas y ayudas a la navegacion y otras instalaciones delNuevo Aeropuerto Internacional de la Ciudad de Mexico",
          "description": "Ver documento adjunto",
          "status": "active",
          "date": "2016-08-17T05:00:00.000Z",
          "value": {
            "amount": 7052051.87,
            "currency": "MXN"
          },
          "suppliers": [
            {
              "identifier": {
                "id": "0",
                "legalName": "ACONSA Y ASOCIADOS CONSULTORES, S. DE R. L. DE C.V."
              },
              "name": "ACONSA Y ASOCIADOS CONSULTORES, S. DE R. L. DE C.V.",
              "address": {
                "streetAddress": "0",
                "locality": "0",
                "region": "0",
                "postalCode": "0",
                "countryName": "0"
              }
            }
          ],
          "items": [
            {
              "id": "item-4a3c4614-903c-470d-917f-2650db41a6eb",
              "description": "Servicios de apoyo tecnico a la residencia del proyecto ejecutivo de pistas, rodajes y plataformas y ayudas a la navegacion y otras instalaciones delNuevo Aeropuerto Internacional de la Ciudad de Mexico",
              "classification": {
                "scheme": "EDIFICACION NO HABITACIONAL",
                "id": "6220"
              },
              "quantity": 1,
              "unit": {
                "name": "sop",
                "value": {
                  "amount": 7052051.87,
                  "currency": "MXN"
                }
              }
            }
          ],
          "contractPeriod": {
            "startDate": "2016-08-18T05:00:00.000Z",
            "endDate": "2016-12-31T06:00:00.000Z"
          },
          "documents": [
            {
              "id": "doc-bfd9b7f4-fd7b-40cb-9f7d-726ec5e9cbe5",
              "documentType": "Award Notice",
              "title": "Fallo",
              "description": "Acta de fallo",
              "url": "http://189.211.120.220:8880/files/opendata/16066-ITP-SRO-DCAGI-SC-066-16/12.-%20AF/12.pdf",
              "datePublished": "2016-08-17T05:00:00.000Z",
              "dateModified": "2016-08-17T05:00:00.000Z",
              "format": "html",
              "language": "es"
            },
            {
              "id": "doc-7ecd7b1f-63f7-4274-a829-553bd43ec4b7",
              "documentType": "Award Notice",
              "title": "Fallo",
              "description": "Descripcion del acto de presentacion y apertura de proposiciones",
              "url": "http://189.211.120.220:8880/files/opendata/16066-ITP-SRO-DCAGI-SC-066-16/10.-%20AP/10.pdf",
              "datePublished": "2016-08-17T05:00:00.000Z",
              "dateModified": "2016-08-17T05:00:00.000Z",
              "format": "html",
              "language": "es"
            }
          ]
        }
      ],
      "contracts": [
        {
          "id": "ITP-SRO-DCAGI-SC-066-16",
          "awardID": "IO-009KDH999-E105-2016",
          "title": "Servicios de apoyo tecnico a la residencia del proyecto ejecutivo de pistas, rodajes y plataformas y ayudas a la navegacion y otras instalaciones delNuevo Aeropuerto Internacional de la Ciudad de Mexico",
          "description": "Ver documento adjunto",
          "status": "active",
          "period": {
            "startDate": "2016-08-18T05:00:00.000Z",
            "endDate": "2016-12-31T06:00:00.000Z"
          },
          "value": {
            "amount": 7052051.87,
            "currency": "MXN"
          },
          "items": [
            {
              "id": "item-130603a8-9dd4-4453-84cb-868ea83e3ce0",
              "description": "Servicios de apoyo tecnico a la residencia del proyecto ejecutivo de pistas, rodajes y plataformas y ayudas a la navegacion y otras instalaciones delNuevo Aeropuerto Internacional de la Ciudad de Mexico",
              "classification": {
                "scheme": "EDIFICACION NO HABITACIONAL",
                "id": "6220"
              },
              "quantity": 1,
              "unit": {
                "name": "sop",
                "value": {
                  "amount": 7052051.87,
                  "currency": "MXN"
                }
              }
            }
          ],
          "dateSigned": "2016-08-18T05:00:00.000Z",
          "documents": [
            {
              "id": "doc-c7827da3-5efd-4606-b910-26d7f26080c4",
              "documentType": "Contract Signed",
              "title": "Cl?usula sobre las condiciones de entrega de la obra",
              "description": "Contrato firmado",
              "url": "http://189.211.120.220:8880/files/opendata/16066-ITP-SRO-DCAGI-SC-066-16/15.-%20CF/15.pdf",
              "datePublished": "2016-08-17T05:00:00.000Z",
              "dateModified": "2016-08-17T05:00:00.000Z",
              "format": "html",
              "language": "es"
            },
            {
              "id": "doc-e4b871fb-d55d-4aaa-beec-f2fb288254d6",
              "documentType": "Contract Signed",
              "title": "Contrato firmado",
              "description": "Contrato firmado",
              "url": "http://189.211.120.220:8880/files/opendata/16066-ITP-SRO-DCAGI-SC-066-16/15.-%20CF/15.pdf",
              "datePublished": "2016-08-17T05:00:00.000Z",
              "dateModified": "2016-08-17T05:00:00.000Z",
              "format": "html",
              "language": "es"
            },
            {
              "id": "doc-58801e4f-db44-48ee-b2b0-a9cfc6f49825",
              "documentType": "Contract Guarantees",
              "title": "Fianza de anticipo",
              "description": "Garantia sobre el anticipo",
              "url": "http://189.211.120.220:8880/files/opendata/16066-ITP-SRO-DCAGI-SC-066-16/17.-%20GA/17.pdf",
              "datePublished": "2016-08-17T05:00:00.000Z",
              "dateModified": "2016-08-17T05:00:00.000Z",
              "format": "html",
              "language": "es"
            },
            {
              "id": "doc-4ec62198-607d-4c63-ae2f-f4eaffc7ebf1",
              "documentType": "Contract Guarantees",
              "title": "Fianza de cumplimiento",
              "description": "Garantias de cumplimiento",
              "url": "http://189.211.120.220:8880/files/opendata/16066-ITP-SRO-DCAGI-SC-066-16/18.-%20GC/18.pdf",
              "datePublished": "2016-08-17T05:00:00.000Z",
              "dateModified": "2016-08-17T05:00:00.000Z",
              "format": "html",
              "language": "es"
            }
          ]
        }
      ],
      "language": "es"
    }
  ],
  "publisher": {
    "name": "GACM",
    "scheme": "SERVICIO",
    "uid": "AS",
    "uri": "http://www.aeropuerto.gob.mx/"
  },
  "license": "https://datos.gob.mx/libreusomx/",
  "publicationPolicy": "https://datos.gob.mx/libreusomx/"
}
