{
  "uri": "https://datos.gob.mx/busca/dataset?organization=gacm",
  "publishedDate": "2017-02-15T16:48:26.245Z",
  "releases": [
    {
      "ocid": "385",
      "id": "RELEASE_385_2017-02-15T16:48:26.244Z",
      "date": "2017-02-09T06:00:00.000Z",
      "tag": [
        "contract"
      ],
      "initiationType": "tender",
      "planning": {
        "budget": {
          "source": "http://www.apartados.hacienda.gob.mx/presupuesto/temas/pef/2016/docs/09/r09_kdh_pie.pdf",
          "id": "APORTACIONES A FIDEICOMISOS PUBLICOS",
          "description": "RECURSOS FISCALES",
          "amount": {
            "amount": 229448.25,
            "currency": "MXN"
          },
          "project": "Nuevo Aeropuerto Internacional de la Ciudad de M?xico",
          "projectID": "46101",
          "uri": "http://www.apartados.hacienda.gob.mx/presupuesto/temas/pef/2016/docs/09/r09_kdh_pie.pdf"
        },
        "rationale": "SERVICIOS EDITORIALES PARA GENERAR UN REPORTE DE AVANCES EN LA CONSTRUCCI?N DEL PROYECTO DEL NAICM",
        "documents": [
          {
            "id": "doc-46c5766c-7953-4453-a32d-f1a1870094db",
            "documentType": "projectPlan",
            "title": "Proyecto ejecutivo de la obra",
            "description": "Terminos de referencia",
            "url": "http://189.211.120.220:8880/files/opendata/odata/16068-AD-AS-DCAGI-SC-068-16/4.-%20TR/4.pdf",
            "datePublished": "2016-09-19T05:00:00.000Z",
            "dateModified": "2016-09-19T05:00:00.000Z",
            "format": "html",
            "language": "es"
          }
        ]
      },
      "tender": {
        "id": "1233631",
        "title": "Nuevo Aeropuerto Internacional de la Ciudad de M?xico",
        "description": "SERVICIOS EDITORIALES PARA GENERAR UN REPORTE DE AVANCES EN LA CONSTRUCCION DEL PROYECTO DEL NAICM",
        "status": "active",
        "items": [
          {
            "id": "item-23a484c2-04e5-415a-9fc7-71376ade26f2",
            "description": "SERVICIOS EDITORIALES PARA GENERAR UN REPORTE DE AVANCES EN LA CONSTRUCCI?N DEL PROYECTO DEL NAICM",
            "classification": {
              "scheme": "EDIFICACION NO HABITACIONAL",
              "id": "6220"
            },
            "quantity": 1,
            "unit": {
              "name": "srv",
              "value": {
                "amount": 190000,
                "currency": "MXN"
              }
            }
          }
        ],
        "value": {
          "amount": 229448.25,
          "currency": "MXN"
        },
        "procurementMethod": "limited",
        "procurementMethodRationale": "07 ADJUDICACION DIRECTA NACIONAL ART. 42 LAASSP",
        "metodoDeAdquisicion": "Adjudicación directa",
        "awardCriteria": "bestValueToGoverment",
        "awardCriteriaDetails": "BINARIO",
        "submissionMethod": [
          "P?blico"
        ],
        "tenderPeriod": {
          "startDate": "2016-12-12T06:00:00.000Z"
        },
        "eligibilityCriteria": "Ver documento adjunto",
        "awardPeriod": {
          "startDate": "2016-12-12T06:00:00.000Z"
        },
        "documents": [
          {
            "id": "doc-f5335f98-f98e-41fb-8233-3cb86624be31",
            "documentType": "Clarifications",
            "title": "Actas de la junta de aclaraciones",
            "description": "Actas de la junta de aclaraciones",
            "url": "http://189.211.120.220:8880/files/opendata/odata/16068-AD-AS-DCAGI-SC-068-16/9.-%20AJ/9.pdf",
            "datePublished": "2016-09-19T05:00:00.000Z",
            "dateModified": "2016-09-19T05:00:00.000Z",
            "format": "html",
            "language": "es"
          },
          {
            "id": "doc-70103ac8-0311-466b-a435-2c6115648128",
            "documentType": "Tender Notice",
            "title": "Documento que contiene las especificaciones t?cnicas de la obra",
            "description": "Convocatoria al procedimiento de contratacion",
            "url": "http://189.211.120.220:8880/files/opendata/odata/16068-AD-AS-DCAGI-SC-068-16/8.-%20CC/8.pdf",
            "datePublished": "2016-09-19T05:00:00.000Z",
            "dateModified": "2016-09-19T05:00:00.000Z",
            "format": "html",
            "language": "es"
          },
          {
            "id": "doc-965b4514-7de7-4f46-babc-688932fbf3bc",
            "documentType": "Tender Notice",
            "title": "Documento que describe los criterios de evaluaci?n",
            "description": "Convocatoria al procedimiento de contratacion",
            "url": "http://189.211.120.220:8880/files/opendata/odata/16068-AD-AS-DCAGI-SC-068-16/8.-%20CC/8.pdf",
            "datePublished": "2016-09-19T05:00:00.000Z",
            "dateModified": "2016-09-19T05:00:00.000Z",
            "format": "html",
            "language": "es"
          },
          {
            "id": "doc-1067c170-6761-49e5-9014-c8b1c2f6e59e",
            "documentType": "Tender Notice",
            "title": "Documento que contiene los objetivos y caracter?sticas del contrato y proceso de licitaci?n",
            "description": "Convocatoria al procedimiento de contratacion",
            "url": "http://189.211.120.220:8880/files/opendata/odata/16068-AD-AS-DCAGI-SC-068-16/8.-%20CC/8.pdf",
            "datePublished": "2016-09-19T05:00:00.000Z",
            "dateModified": "2016-09-19T05:00:00.000Z",
            "format": "html",
            "language": "es"
          },
          {
            "id": "doc-0c9e014e-4985-4f8f-8b58-3c029f8ff958",
            "documentType": "Tender Notice",
            "title": "Convocatoria al procedimiento de contrataci?n",
            "description": "Convocatoria al procedimiento de contratacion",
            "url": "http://189.211.120.220:8880/files/opendata/odata/16068-AD-AS-DCAGI-SC-068-16/8.-%20CC/8.pdf",
            "datePublished": "2016-09-19T05:00:00.000Z",
            "dateModified": "2016-09-19T05:00:00.000Z",
            "format": "html",
            "language": "es"
          },
          {
            "id": "doc-0202c0a1-6bfe-4205-8679-0faa1c2c6e62",
            "documentType": "Tender Notice",
            "title": "Documento que describe los criterios que deben cumplir los licitantes",
            "description": "Convocatoria al procedimiento de contratacion",
            "url": "http://189.211.120.220:8880/files/opendata/odata/16068-AD-AS-DCAGI-SC-068-16/8.-%20CC/8.pdf",
            "datePublished": "2016-09-19T05:00:00.000Z",
            "dateModified": "2016-09-19T05:00:00.000Z",
            "format": "html",
            "language": "es"
          }
        ]
      },
      "buyer": {
        "identifier": {
          "scheme": "MK-009KDH999",
          "id": "GACM",
          "legalName": "GRUPO AEROPORTUARIO DE LA CIUDAD DE M?XICO S.A DE C.V",
          "uri": "http://www.aeropuerto.gob.mx/"
        },
        "name": "GRUPO AEROPORTUARIO DE LA CIUDAD DE M?XICO",
        "address": {
          "streetAddress": "AV. INSURGENTES SUR NO. 2453 PISO 2 OFICINA 203",
          "locality": "COL. TIZAPAN",
          "region": "DEL. ALVARO OBREGON",
          "postalCode": "01090",
          "countryName": "Mexico"
        },
        "contactPoint": {
          "name": "G05-DIRECCION CORPORATIVA DE ADMINISTRACION Y GESTION INMOBILIARIA",
          "url": "http://www.aeropuerto.gob.mx/"
        }
      },
      "awards": [
        {
          "id": "AA-009KDH999-E154-2016",
          "title": "SERVICIOS EDITORIALES PARA GENERAR UN REPORTE DE AVANCES EN LA CONSTRUCCI?N DEL PROYECTO DEL NAICM",
          "description": "Ver documento adjunto",
          "status": "active",
          "date": "2016-09-19T05:00:00.000Z",
          "value": {
            "amount": 190000,
            "currency": "MXN"
          },
          "suppliers": [
            {
              "identifier": {
                "id": "MIGR631024SQ0",
                "legalName": "ROCIO MIRELES GAVITO"
              },
              "name": "ROCIO MIRELES GAVITO",
              "address": {
                "streetAddress": "AV. AMSTERDAM 154 DEP-4",
                "locality": "HIPODROMO",
                "region": "CUAUHTEMOC",
                "postalCode": "06100",
                "countryName": "CIUDAD DE MEXICO"
              },
              "contactPoint": {
                "name": "ROCIO MIRELES GAVITO",
                "email": "DESPACHOMIRELES@GMAIL.COM",
                "telephone": "5553 9494"
              }
            }
          ],
          "items": [
            {
              "id": "item-a79f8dfe-701f-4d61-8c4b-1c857ff25d99",
              "description": "SERVICIOS EDITORIALES PARA GENERAR UN REPORTE DE AVANCES EN LA CONSTRUCCI?N DEL PROYECTO DEL NAICM",
              "classification": {
                "scheme": "EDIFICACION NO HABITACIONAL",
                "id": "6220"
              },
              "quantity": 1,
              "unit": {
                "name": "srv",
                "value": {
                  "amount": 190000,
                  "currency": "MXN"
                }
              }
            }
          ],
          "contractPeriod": {
            "startDate": "2016-09-21T05:00:00.000Z",
            "endDate": "2016-10-20T05:00:00.000Z"
          },
          "documents": [
            {
              "id": "doc-97bfd7b8-03ac-4863-9ea3-84351f8302e9",
              "documentType": "Award Notice",
              "title": "Fallo",
              "description": "Acta de fallo",
              "url": "http://189.211.120.220:8880/files/opendata/odata/16068-AD-AS-DCAGI-SC-068-16/12.-%20AF/12.pdf",
              "datePublished": "2016-09-19T05:00:00.000Z",
              "dateModified": "2016-09-19T05:00:00.000Z",
              "format": "html",
              "language": "es"
            },
            {
              "id": "doc-56c72cd7-be51-4454-9683-0f99d03a528c",
              "documentType": "Award Notice",
              "title": "Fallo",
              "description": "Descripcion del acto de presentacion y apertura de proposiciones",
              "url": "http://189.211.120.220:8880/files/opendata/odata/16068-AD-AS-DCAGI-SC-068-16/10.-%20AP/10.pdf",
              "datePublished": "2016-09-19T05:00:00.000Z",
              "dateModified": "2016-09-19T05:00:00.000Z",
              "format": "html",
              "language": "es"
            }
          ]
        }
      ],
      "contracts": [
        {
          "id": "AD-AS-DCAGI-SC-068-16",
          "awardID": "AA-009KDH999-E154-2016",
          "title": "SERVICIOS EDITORIALES PARA GENERAR UN REPORTE DE AVANCES EN LA CONSTRUCCION DEL PROYECTO DEL NAICM",
          "description": "Ver documento adjunto",
          "status": "active",
          "period": {
            "startDate": "2016-09-21T05:00:00.000Z",
            "endDate": "2016-10-20T05:00:00.000Z"
          },
          "value": {
            "amount": 190000,
            "currency": "MXN"
          },
          "items": [
            {
              "id": "item-0cef569d-a98d-456b-83fd-bf105fb41c3d",
              "description": "SERVICIOS EDITORIALES PARA GENERAR UN REPORTE DE AVANCES EN LA CONSTRUCCI?N DEL PROYECTO DEL NAICM",
              "classification": {
                "scheme": "EDIFICACION NO HABITACIONAL",
                "id": "6220"
              },
              "quantity": 1,
              "unit": {
                "name": "srv",
                "value": {
                  "amount": 190000,
                  "currency": "MXN"
                }
              }
            }
          ],
          "dateSigned": "2016-09-21T05:00:00.000Z",
          "documents": [
            {
              "id": "doc-35c3b613-1a5b-4878-b848-1cbdd008f21c",
              "documentType": "Contract Signed",
              "title": "Cl?usula sobre las condiciones de entrega de la obra",
              "description": "Contrato firmado",
              "url": "http://189.211.120.220:8880/files/opendata/odata/16068-AD-AS-DCAGI-SC-068-16/15.-%20CF/15.pdf",
              "datePublished": "2016-09-19T05:00:00.000Z",
              "dateModified": "2016-09-19T05:00:00.000Z",
              "format": "html",
              "language": "es"
            },
            {
              "id": "doc-56b8cf0a-2b4b-4a26-bb8d-87f015050238",
              "documentType": "Contract Signed",
              "title": "Contrato firmado",
              "description": "Contrato firmado",
              "url": "http://189.211.120.220:8880/files/opendata/odata/16068-AD-AS-DCAGI-SC-068-16/15.-%20CF/15.pdf",
              "datePublished": "2016-09-19T05:00:00.000Z",
              "dateModified": "2016-09-19T05:00:00.000Z",
              "format": "html",
              "language": "es"
            },
            {
              "id": "doc-9a12fdcc-e8cf-4bac-8ec9-3af6ea56af58",
              "documentType": "Contract Guarantees",
              "title": "Fianza de anticipo",
              "description": "Garantia sobre el anticipo",
              "url": "http://189.211.120.220:8880/files/opendata/odata/16068-AD-AS-DCAGI-SC-068-16/17.-%20GA/17.pdf",
              "datePublished": "2016-09-19T05:00:00.000Z",
              "dateModified": "2016-09-19T05:00:00.000Z",
              "format": "html",
              "language": "es"
            },
            {
              "id": "doc-50898ea9-eb6a-49b0-83ea-c579c7ec1839",
              "documentType": "Contract Guarantees",
              "title": "Fianza de cumplimiento",
              "description": "Garantias de cumplimiento",
              "url": "http://189.211.120.220:8880/files/opendata/odata/16068-AD-AS-DCAGI-SC-068-16/18.-%20GC/18.pdf",
              "datePublished": "2016-09-19T05:00:00.000Z",
              "dateModified": "2016-09-19T05:00:00.000Z",
              "format": "html",
              "language": "es"
            }
          ]
        }
      ],
      "language": "es"
    }
  ],
  "publisher": {
    "name": "GACM",
    "scheme": "SERVICIO",
    "uid": "AS",
    "uri": "http://www.aeropuerto.gob.mx/"
  },
  "license": "https://datos.gob.mx/libreusomx/",
  "publicationPolicy": "https://datos.gob.mx/libreusomx/"
}
