{
  "uri": "https://datos.gob.mx/busca/dataset?organization=gacm",
  "publishedDate": "2017-02-15T16:48:26.251Z",
  "releases": [
    {
      "ocid": "387",
      "id": "RELEASE_387_2017-02-15T16:48:26.250Z",
      "date": "2017-02-09T06:00:00.000Z",
      "tag": [
        "contract"
      ],
      "initiationType": "tender",
      "planning": {
        "budget": {
          "source": "http://www.apartados.hacienda.gob.mx/presupuesto/temas/pef/2016/docs/09/r09_kdh_pie.pdf",
          "id": "APORTACIONES A FIDEICOMISOS PUBLICOS",
          "description": "RECURSOS FISCALES",
          "amount": {
            "amount": 127780,
            "currency": "MXN"
          },
          "project": "Nuevo Aeropuerto Internacional de la Ciudad de M?xico",
          "projectID": "46101",
          "uri": "http://www.apartados.hacienda.gob.mx/presupuesto/temas/pef/2016/docs/09/r09_kdh_pie.pdf"
        },
        "rationale": "ARRENDAMIENTO DE MOBILIARIO PARA LA DCI EN LAS OFICINAS DE ASA",
        "documents": [
          {
            "id": "doc-3220110a-ac55-4d56-bacb-3bbb1788877d",
            "documentType": "projectPlan",
            "title": "Proyecto ejecutivo de la obra",
            "description": "Terminos de referencia",
            "url": "http://189.211.120.220:8880/files/opendata/odata/16074-AD-AS-DCAGI-SC-074-16/4.-%20TR/4.pdf",
            "datePublished": "2016-08-31T05:00:00.000Z",
            "dateModified": "2016-08-31T05:00:00.000Z",
            "format": "html",
            "language": "es"
          }
        ]
      },
      "tender": {
        "id": "1234668",
        "title": "Nuevo Aeropuerto Internacional de la Ciudad de M?xico",
        "description": "ARRENDAMIENTO DE MOBILIARIO PARA LA DCI EN LAS OFICINAS DE ASA",
        "status": "active",
        "items": [
          {
            "id": "item-97652ac0-0df5-4e85-b99c-f8219020db64",
            "description": "ARRENDAMIENTO DE MOBILIARIO PARA LA DCI EN LAS OFICINAS DE ASA",
            "classification": {
              "scheme": "EDIFICACION NO HABITACIONAL",
              "id": "6220"
            },
            "quantity": 1,
            "unit": {
              "name": "srv",
              "value": {
                "amount": 127780,
                "currency": "MXN"
              }
            }
          }
        ],
        "value": {
          "amount": 127780,
          "currency": "MXN"
        },
        "procurementMethod": "limited",
        "procurementMethodRationale": "07 ADJUDICACION DIRECTA NACIONAL ART. 42 LAASSP",
        "metodoDeAdquisicion": "Adjudicación directa",
        "awardCriteria": "bestValueToGoverment",
        "awardCriteriaDetails": "BINARIO",
        "submissionMethod": [
          "P?blico"
        ],
        "tenderPeriod": {
          "startDate": "2016-12-13T06:00:00.000Z"
        },
        "eligibilityCriteria": "Ver documento adjunto",
        "awardPeriod": {
          "startDate": "2016-12-13T06:00:00.000Z"
        },
        "documents": [
          {
            "id": "doc-280bd74e-d0f0-49ff-8b18-0cd10e682401",
            "documentType": "Clarifications",
            "title": "Actas de la junta de aclaraciones",
            "description": "Actas de la junta de aclaraciones",
            "url": "http://189.211.120.220:8880/files/opendata/odata/16074-AD-AS-DCAGI-SC-074-16/9.-%20AJ/9.pdf",
            "datePublished": "2016-08-31T05:00:00.000Z",
            "dateModified": "2016-08-31T05:00:00.000Z",
            "format": "html",
            "language": "es"
          },
          {
            "id": "doc-af83d54b-94ce-47dc-b170-d12b2057b194",
            "documentType": "Tender Notice",
            "title": "Documento que describe los criterios de evaluaci?n",
            "description": "Convocatoria al procedimiento de contratacion",
            "url": "http://189.211.120.220:8880/files/opendata/odata/16074-AD-AS-DCAGI-SC-074-16/8.-%20CC/8.pdf",
            "datePublished": "2016-08-31T05:00:00.000Z",
            "dateModified": "2016-08-31T05:00:00.000Z",
            "format": "html",
            "language": "es"
          },
          {
            "id": "doc-a2607ab5-9f48-40ea-a09f-422adb4003a1",
            "documentType": "Tender Notice",
            "title": "Documento que contiene los objetivos y caracter?sticas del contrato y proceso de licitaci?n",
            "description": "Convocatoria al procedimiento de contratacion",
            "url": "http://189.211.120.220:8880/files/opendata/odata/16074-AD-AS-DCAGI-SC-074-16/8.-%20CC/8.pdf",
            "datePublished": "2016-08-31T05:00:00.000Z",
            "dateModified": "2016-08-31T05:00:00.000Z",
            "format": "html",
            "language": "es"
          },
          {
            "id": "doc-c5612745-2135-4c84-a43b-e26faf787dde",
            "documentType": "Tender Notice",
            "title": "Convocatoria al procedimiento de contrataci?n",
            "description": "Convocatoria al procedimiento de contratacion",
            "url": "http://189.211.120.220:8880/files/opendata/odata/16074-AD-AS-DCAGI-SC-074-16/8.-%20CC/8.pdf",
            "datePublished": "2016-08-31T05:00:00.000Z",
            "dateModified": "2016-08-31T05:00:00.000Z",
            "format": "html",
            "language": "es"
          },
          {
            "id": "doc-69fef8ad-3321-4ff1-b718-595991f64365",
            "documentType": "Tender Notice",
            "title": "Documento que contiene las especificaciones t?cnicas de la obra",
            "description": "Convocatoria al procedimiento de contratacion",
            "url": "http://189.211.120.220:8880/files/opendata/odata/16074-AD-AS-DCAGI-SC-074-16/8.-%20CC/8.pdf",
            "datePublished": "2016-08-31T05:00:00.000Z",
            "dateModified": "2016-08-31T05:00:00.000Z",
            "format": "html",
            "language": "es"
          },
          {
            "id": "doc-025055d6-ff9b-46b5-a5f1-2b6d13729df9",
            "documentType": "Tender Notice",
            "title": "Documento que describe los criterios que deben cumplir los licitantes",
            "description": "Convocatoria al procedimiento de contratacion",
            "url": "http://189.211.120.220:8880/files/opendata/odata/16074-AD-AS-DCAGI-SC-074-16/8.-%20CC/8.pdf",
            "datePublished": "2016-08-31T05:00:00.000Z",
            "dateModified": "2016-08-31T05:00:00.000Z",
            "format": "html",
            "language": "es"
          }
        ]
      },
      "buyer": {
        "identifier": {
          "scheme": "MK-009KDH999",
          "id": "GACM",
          "legalName": "GRUPO AEROPORTUARIO DE LA CIUDAD DE M?XICO S.A DE C.V",
          "uri": "http://www.aeropuerto.gob.mx/"
        },
        "name": "GRUPO AEROPORTUARIO DE LA CIUDAD DE M?XICO",
        "address": {
          "streetAddress": "AV. INSURGENTES SUR NO. 2453 PISO 2 OFICINA 203",
          "locality": "COL. TIZAPAN",
          "region": "DEL. ALVARO OBREGON",
          "postalCode": "01090",
          "countryName": "Mexico"
        },
        "contactPoint": {
          "name": "G05-DIRECCION CORPORATIVA DE ADMINISTRACION Y GESTION INMOBILIARIA",
          "url": "http://www.aeropuerto.gob.mx/"
        }
      },
      "awards": [
        {
          "id": "AA-009KDH999-E155-2016",
          "title": "ARRENDAMIENTO DE MOBILIARIO PARA LA DCI EN LAS OFICINAS DE ASA",
          "description": "Ver documento adjunto",
          "status": "active",
          "date": "2016-08-31T05:00:00.000Z",
          "value": {
            "amount": 127780,
            "currency": "MXN"
          },
          "suppliers": [
            {
              "identifier": {
                "id": "EEL030217T72",
                "legalName": "ESPACIOS ELVYCK S. DE R.L. DE C.V."
              },
              "name": "ESPACIOS ELVYCK S. DE R.L. DE C.V.",
              "address": {
                "streetAddress": "PRIVADA DE TRABAJADORES SOCIALES 43",
                "locality": "ACULCO",
                "region": "IZTAPALAPA",
                "postalCode": "09410",
                "countryName": "MEXICO"
              },
              "contactPoint": {
                "name": "ELIZABETH RODRIGUEZ AGUILERA",
                "email": "elvyck@prodigy.net.mx"
              }
            }
          ],
          "items": [
            {
              "id": "item-544e44c9-883d-4a26-9849-2dacd828bc5e",
              "description": "ARRENDAMIENTO DE MOBILIARIO PARA LA DCI EN LAS OFICINAS DE ASA",
              "classification": {
                "scheme": "EDIFICACION NO HABITACIONAL",
                "id": "6220"
              },
              "quantity": 1,
              "unit": {
                "name": "srv",
                "value": {
                  "amount": 127780,
                  "currency": "MXN"
                }
              }
            }
          ],
          "contractPeriod": {
            "startDate": "2016-09-01T05:00:00.000Z",
            "endDate": "2016-12-31T06:00:00.000Z"
          },
          "documents": [
            {
              "id": "doc-00e275a5-918a-44b7-b985-73bb5bafaf43",
              "documentType": "Award Notice",
              "title": "Fallo",
              "description": "Acta de fallo",
              "url": "http://189.211.120.220:8880/files/opendata/odata/16074-AD-AS-DCAGI-SC-074-16/12.-%20AF/12.pdf",
              "datePublished": "2016-08-31T05:00:00.000Z",
              "dateModified": "2016-08-31T05:00:00.000Z",
              "format": "html",
              "language": "es"
            },
            {
              "id": "doc-aaf029a6-8d06-4628-825f-65f11f9bc097",
              "documentType": "Award Notice",
              "title": "Fallo",
              "description": "Descripcion del acto de presentacion y apertura de proposiciones",
              "url": "http://189.211.120.220:8880/files/opendata/odata/16074-AD-AS-DCAGI-SC-074-16/10.-%20AP/10.pdf",
              "datePublished": "2016-08-31T05:00:00.000Z",
              "dateModified": "2016-08-31T05:00:00.000Z",
              "format": "html",
              "language": "es"
            }
          ]
        }
      ],
      "contracts": [
        {
          "id": "AD-AS-DCAGI-SC-074-16",
          "awardID": "AA-009KDH999-E155-2016",
          "title": "ARRENDAMIENTO DE MOBILIARIO PARA LA DCI EN LAS OFICINAS DE ASA",
          "description": "Ver documento adjunto",
          "status": "active",
          "period": {
            "startDate": "2016-09-01T05:00:00.000Z",
            "endDate": "2016-12-31T06:00:00.000Z"
          },
          "value": {
            "amount": 127780,
            "currency": "MXN"
          },
          "items": [
            {
              "id": "item-89a9336d-9bf7-435d-b2be-add62ed6b214",
              "description": "ARRENDAMIENTO DE MOBILIARIO PARA LA DCI EN LAS OFICINAS DE ASA",
              "classification": {
                "scheme": "EDIFICACION NO HABITACIONAL",
                "id": "6220"
              },
              "quantity": 1,
              "unit": {
                "name": "srv",
                "value": {
                  "amount": 127780,
                  "currency": "MXN"
                }
              }
            }
          ],
          "dateSigned": "2016-09-01T05:00:00.000Z",
          "documents": [
            {
              "id": "doc-e338aed4-21b1-4694-b482-8ea8a22e1fb5",
              "documentType": "Contract Signed",
              "title": "Cl?usula sobre las condiciones de entrega de la obra",
              "description": "CONTRATO",
              "url": "http://189.211.120.220:8880/files/20170208/387/gacm_contrato/387--GACM_Contrato--AD-AS-DCAGI-SC-074-16.pdf",
              "datePublished": "2016-08-31T05:00:00.000Z",
              "dateModified": "2016-08-31T05:00:00.000Z",
              "format": "html",
              "language": "es"
            },
            {
              "id": "doc-2278ecea-7655-43d1-ae1d-21660549e79e",
              "documentType": "Contract Signed",
              "title": "Contrato firmado",
              "description": "CONTRATO",
              "url": "http://189.211.120.220:8880/files/20170208/387/gacm_contrato/387--GACM_Contrato--AD-AS-DCAGI-SC-074-16.pdf",
              "datePublished": "2016-08-31T05:00:00.000Z",
              "dateModified": "2016-08-31T05:00:00.000Z",
              "format": "html",
              "language": "es"
            },
            {
              "id": "doc-587610c2-c13c-48cf-beb2-f2616e98fa5b",
              "documentType": "Contract Signed",
              "title": "Cl?usula sobre las condiciones de entrega de la obra",
              "description": "Contrato firmado",
              "url": "http://189.211.120.220:8880/files/opendata/odata/16074-AD-AS-DCAGI-SC-074-16/15.-%20CF/15.pdf",
              "datePublished": "2016-08-31T05:00:00.000Z",
              "dateModified": "2016-08-31T05:00:00.000Z",
              "format": "html",
              "language": "es"
            },
            {
              "id": "doc-8bea7579-447a-4c93-8276-78bd5b7b78ad",
              "documentType": "Contract Signed",
              "title": "Contrato firmado",
              "description": "Contrato firmado",
              "url": "http://189.211.120.220:8880/files/opendata/odata/16074-AD-AS-DCAGI-SC-074-16/15.-%20CF/15.pdf",
              "datePublished": "2016-08-31T05:00:00.000Z",
              "dateModified": "2016-08-31T05:00:00.000Z",
              "format": "html",
              "language": "es"
            },
            {
              "id": "doc-d0834152-262a-437d-886e-4894e6f1bb33",
              "documentType": "Contract Guarantees",
              "title": "Fianza de anticipo",
              "description": "Garantia sobre el anticipo",
              "url": "http://189.211.120.220:8880/files/opendata/odata/16074-AD-AS-DCAGI-SC-074-16/17.-%20GA/17.pdf",
              "datePublished": "2016-08-31T05:00:00.000Z",
              "dateModified": "2016-08-31T05:00:00.000Z",
              "format": "html",
              "language": "es"
            },
            {
              "id": "doc-6b0ec917-0133-44ad-ae65-9b9c6db394fb",
              "documentType": "Contract Guarantees",
              "title": "Fianza de cumplimiento",
              "description": "Garantias de cumplimiento",
              "url": "http://189.211.120.220:8880/files/opendata/odata/16074-AD-AS-DCAGI-SC-074-16/18.-%20GC/18.pdf",
              "datePublished": "2016-08-31T05:00:00.000Z",
              "dateModified": "2016-08-31T05:00:00.000Z",
              "format": "html",
              "language": "es"
            }
          ]
        }
      ],
      "language": "es"
    }
  ],
  "publisher": {
    "name": "GACM",
    "scheme": "SERVICIO",
    "uid": "AS",
    "uri": "http://www.aeropuerto.gob.mx/"
  },
  "license": "https://datos.gob.mx/libreusomx/",
  "publicationPolicy": "https://datos.gob.mx/libreusomx/"
}
