{
  "uri": "https://datos.gob.mx/busca/dataset?organization=gacm",
  "publishedDate": "2017-02-15T16:48:26.266Z",
  "releases": [
    {
      "ocid": "388",
      "id": "RELEASE_388_2017-02-15T16:48:26.265Z",
      "date": "2017-02-09T06:00:00.000Z",
      "tag": [
        "contract"
      ],
      "initiationType": "tender",
      "planning": {
        "budget": {
          "source": "http://www.apartados.hacienda.gob.mx/presupuesto/temas/pef/2016/docs/09/r09_kdh_pie.pdf",
          "id": "APORTACIONES A FIDEICOMISOS PUBLICOS",
          "description": "RECURSOS FISCALES",
          "amount": {
            "amount": 2400000,
            "currency": "MXN"
          },
          "project": "Nuevo Aeropuerto Internacional de la Ciudad de M?xico",
          "projectID": "46101",
          "uri": "http://www.apartados.hacienda.gob.mx/presupuesto/temas/pef/2016/docs/09/r09_kdh_pie.pdf"
        },
        "rationale": "SERVICIOS PROFESIONALES ESPECIALIZADOS DE ACOMPA?AMIENTO Y CONSULTOR?A EN MATERIA JUR?DICA Y DE NEGOCIACI?N EN CONFLICTOS COLECTIVOS DE TRABAJO, INTERSINDICALES E INDIVIDUALES DE TRABAJO.",
        "documents": [
          {
            "id": "doc-c9bf43e9-a903-4e11-bc8c-9ac8f723668c",
            "documentType": "projectPlan",
            "title": "Proyecto ejecutivo de la obra",
            "description": "Terminos de referencia",
            "url": "http://189.211.120.220:8880/files/opendata/odata/16076-ITP-AS-DCAGI-SC-076-16/4.-%20TR/4.pdf",
            "datePublished": "2016-09-30T05:00:00.000Z",
            "dateModified": "2016-09-30T05:00:00.000Z",
            "format": "html",
            "language": "es"
          }
        ]
      },
      "tender": {
        "id": "1150336",
        "title": "Nuevo Aeropuerto Internacional de la Ciudad de M?xico",
        "description": "SERVICIOS PROFESIONALES ESPECIALIZADOS DE ACOMPA?AMIENTO Y CONSULTOR?A EN MATERIA JUR?DICA Y DE NEGOCIACI?N EN CONFLICTOS COLECTIVOS DE TRABAJO E INTERSINDICALES.",
        "status": "active",
        "items": [
          {
            "id": "item-3058055d-566a-47d2-8542-0962c1ab3874",
            "description": "SERVICIOS PROFESIONALES ESPECIALIZADOS DE ACOMPA?AMIENTO Y CONSULTOR?A EN MATERIA JUR?DICA Y DE NEGOCIACI?N EN CONFLICTOS COLECTIVOS DE TRABAJO, INTERSINDICALES E INDIVIDUALES DE TRABAJO.",
            "classification": {
              "scheme": "EDIFICACION NO HABITACIONAL",
              "id": "6220"
            },
            "quantity": 1,
            "unit": {
              "name": "srv",
              "value": {
                "amount": 1551724.14,
                "currency": "MXN"
              }
            }
          }
        ],
        "value": {
          "amount": 2400000,
          "currency": "MXN"
        },
        "procurementMethod": "limited",
        "procurementMethodRationale": "04 INVITACION A CUANDO MENOS TRES NACIONAL LAASSP",
        "metodoDeAdquisicion": "Adjudicación directa",
        "awardCriteria": "bestValueToGoverment",
        "awardCriteriaDetails": "BINARIO",
        "submissionMethod": [
          "P?blico"
        ],
        "tenderPeriod": {
          "startDate": "2016-09-08T05:00:00.000Z",
          "endDate": "2016-09-26T05:00:00.000Z"
        },
        "enquiryPeriod": {
          "startDate": "2016-09-13T05:00:00.000Z",
          "endDate": "2016-09-26T05:00:00.000Z"
        },
        "hasEnquiries": true,
        "eligibilityCriteria": "Ver documento adjunto",
        "awardPeriod": {
          "startDate": "2016-09-08T05:00:00.000Z",
          "endDate": "2016-09-26T05:00:00.000Z"
        },
        "documents": [
          {
            "id": "doc-676e5921-f24c-4b72-9b91-ab531b876ab3",
            "documentType": "Clarifications",
            "title": "Actas de la junta de aclaraciones",
            "description": "Actas de la junta de aclaraciones",
            "url": "http://189.211.120.220:8880/files/opendata/odata/16076-ITP-AS-DCAGI-SC-076-16/9.-%20AJ/9.pdf",
            "datePublished": "2016-09-30T05:00:00.000Z",
            "dateModified": "2016-09-30T05:00:00.000Z",
            "format": "html",
            "language": "es"
          },
          {
            "id": "doc-aeb3d4e3-a4cc-437f-a7e8-ab9060303c79",
            "documentType": "Tender Notice",
            "title": "Documento que contiene las especificaciones t?cnicas de la obra",
            "description": "Convocatoria al procedimiento de contratacion",
            "url": "http://189.211.120.220:8880/files/opendata/odata/16076-ITP-AS-DCAGI-SC-076-16/8.-%20CC/8.pdf",
            "datePublished": "2016-09-30T05:00:00.000Z",
            "dateModified": "2016-09-30T05:00:00.000Z",
            "format": "html",
            "language": "es"
          },
          {
            "id": "doc-beb96d3c-6e16-4ce1-a979-9535f5e6e4e1",
            "documentType": "Tender Notice",
            "title": "Documento que describe los criterios de evaluaci?n",
            "description": "Convocatoria al procedimiento de contratacion",
            "url": "http://189.211.120.220:8880/files/opendata/odata/16076-ITP-AS-DCAGI-SC-076-16/8.-%20CC/8.pdf",
            "datePublished": "2016-09-30T05:00:00.000Z",
            "dateModified": "2016-09-30T05:00:00.000Z",
            "format": "html",
            "language": "es"
          },
          {
            "id": "doc-516c4a3f-4d9b-4a21-864b-39cd6702f36e",
            "documentType": "Tender Notice",
            "title": "Documento que contiene los objetivos y caracter?sticas del contrato y proceso de licitaci?n",
            "description": "Convocatoria al procedimiento de contratacion",
            "url": "http://189.211.120.220:8880/files/opendata/odata/16076-ITP-AS-DCAGI-SC-076-16/8.-%20CC/8.pdf",
            "datePublished": "2016-09-30T05:00:00.000Z",
            "dateModified": "2016-09-30T05:00:00.000Z",
            "format": "html",
            "language": "es"
          },
          {
            "id": "doc-b2bccb22-bd9b-4a63-a27e-ea0d12a6b2a9",
            "documentType": "Tender Notice",
            "title": "Convocatoria al procedimiento de contrataci?n",
            "description": "Convocatoria al procedimiento de contratacion",
            "url": "http://189.211.120.220:8880/files/opendata/odata/16076-ITP-AS-DCAGI-SC-076-16/8.-%20CC/8.pdf",
            "datePublished": "2016-09-30T05:00:00.000Z",
            "dateModified": "2016-09-30T05:00:00.000Z",
            "format": "html",
            "language": "es"
          },
          {
            "id": "doc-8a2743f3-3bd7-4ef3-b748-22841e97c697",
            "documentType": "Tender Notice",
            "title": "Documento que describe los criterios que deben cumplir los licitantes",
            "description": "Convocatoria al procedimiento de contratacion",
            "url": "http://189.211.120.220:8880/files/opendata/odata/16076-ITP-AS-DCAGI-SC-076-16/8.-%20CC/8.pdf",
            "datePublished": "2016-09-30T05:00:00.000Z",
            "dateModified": "2016-09-30T05:00:00.000Z",
            "format": "html",
            "language": "es"
          }
        ]
      },
      "buyer": {
        "identifier": {
          "scheme": "MK-009KDH999",
          "id": "GACM",
          "legalName": "GRUPO AEROPORTUARIO DE LA CIUDAD DE M?XICO S.A DE C.V",
          "uri": "http://www.aeropuerto.gob.mx/"
        },
        "name": "GRUPO AEROPORTUARIO DE LA CIUDAD DE M?XICO",
        "address": {
          "streetAddress": "AV. INSURGENTES SUR NO. 2453 PISO 2 OFICINA 203",
          "locality": "COL. TIZAPAN",
          "region": "DEL. ALVARO OBREGON",
          "postalCode": "01090",
          "countryName": "Mexico"
        },
        "contactPoint": {
          "name": "G05-DIRECCION CORPORATIVA DE ADMINISTRACION Y GESTION INMOBILIARIA",
          "url": "http://www.aeropuerto.gob.mx/"
        }
      },
      "awards": [
        {
          "id": "IA-009KDH999-E119-2016",
          "title": "SERVICIOS PROFESIONALES ESPECIALIZADOS DE ACOMPA?AMIENTO Y CONSULTOR?A EN MATERIA JUR?DICA Y DE NEGOCIACI?N EN CONFLICTOS COLECTIVOS DE TRABAJO, INTERSINDICALES E INDIVIDUALES DE TRABAJO.",
          "description": "Ver documento adjunto",
          "status": "active",
          "date": "2016-09-30T05:00:00.000Z",
          "value": {
            "amount": 1551724.14,
            "currency": "MXN"
          },
          "suppliers": [
            {
              "identifier": {
                "legalName": "SANTILLANA HINTZE ABOGADOS, S.C."
              },
              "name": "SANTILLANA HINTZE ABOGADOS, S.C.",
              "address": {
                "streetAddress": "RICARDO CASTRO 54 302",
                "locality": "GUADALUPE INN",
                "region": "ALVARO OBREGON",
                "postalCode": "01020",
                "countryName": "CIUDAD DE MEXICO"
              },
              "contactPoint": {
                "name": "JEAN KURT HINTZE CALLEJA",
                "email": "JKHINTZE@GMAIL.COM",
                "telephone": "5290 8232"
              }
            }
          ],
          "items": [
            {
              "id": "item-95a1aead-4e6f-47fc-aacb-d34b619b931d",
              "description": "SERVICIOS PROFESIONALES ESPECIALIZADOS DE ACOMPA?AMIENTO Y CONSULTOR?A EN MATERIA JUR?DICA Y DE NEGOCIACI?N EN CONFLICTOS COLECTIVOS DE TRABAJO, INTERSINDICALES E INDIVIDUALES DE TRABAJO.",
              "classification": {
                "scheme": "EDIFICACION NO HABITACIONAL",
                "id": "6220"
              },
              "quantity": 1,
              "unit": {
                "name": "srv",
                "value": {
                  "amount": 1551724.14,
                  "currency": "MXN"
                }
              }
            }
          ],
          "contractPeriod": {
            "startDate": "2016-10-01T05:00:00.000Z",
            "endDate": "2017-09-30T05:00:00.000Z"
          },
          "documents": [
            {
              "id": "doc-762d18c0-1746-43c1-9ccb-9ec74b40677a",
              "documentType": "Award Notice",
              "title": "Fallo",
              "description": "Acta de fallo",
              "url": "http://189.211.120.220:8880/files/opendata/odata/16076-ITP-AS-DCAGI-SC-076-16/12.-%20AF/12.pdf",
              "datePublished": "2016-09-30T05:00:00.000Z",
              "dateModified": "2016-09-30T05:00:00.000Z",
              "format": "html",
              "language": "es"
            },
            {
              "id": "doc-cee40b66-c32b-4e5e-9afd-9a20259adca4",
              "documentType": "Award Notice",
              "title": "Fallo",
              "description": "Descripcion del acto de presentacion y apertura de proposiciones",
              "url": "http://189.211.120.220:8880/files/opendata/odata/16076-ITP-AS-DCAGI-SC-076-16/10.-%20AP/10.pdf",
              "datePublished": "2016-09-30T05:00:00.000Z",
              "dateModified": "2016-09-30T05:00:00.000Z",
              "format": "html",
              "language": "es"
            }
          ]
        }
      ],
      "contracts": [
        {
          "id": "ITP-AS-DCAGI-SC-076-16",
          "awardID": "IA-009KDH999-E119-2016",
          "title": "SERVICIOS PROFESIONALES ESPECIALIZADOS DE ACOMPANAMIENTO Y CONSULTORIA EN MATERIA JURIDICA Y DE NEGOCIACION EN CONFLICTOS COLECTIVOS DE TRABAJO, INTERSINDICALES E INDIVIDUALES DE TRABAJO.",
          "description": "Ver documento adjunto",
          "status": "active",
          "period": {
            "startDate": "2016-10-01T05:00:00.000Z",
            "endDate": "2017-09-30T05:00:00.000Z"
          },
          "value": {
            "amount": 1551724.14,
            "currency": "MXN"
          },
          "items": [
            {
              "id": "item-c12fdee0-11e5-407d-bd60-a9474b552a59",
              "description": "SERVICIOS PROFESIONALES ESPECIALIZADOS DE ACOMPA?AMIENTO Y CONSULTOR?A EN MATERIA JUR?DICA Y DE NEGOCIACI?N EN CONFLICTOS COLECTIVOS DE TRABAJO, INTERSINDICALES E INDIVIDUALES DE TRABAJO.",
              "classification": {
                "scheme": "EDIFICACION NO HABITACIONAL",
                "id": "6220"
              },
              "quantity": 1,
              "unit": {
                "name": "srv",
                "value": {
                  "amount": 1551724.14,
                  "currency": "MXN"
                }
              }
            }
          ],
          "dateSigned": "2016-10-01T05:00:00.000Z",
          "documents": [
            {
              "id": "doc-dc44b24a-9466-4588-830e-1976170a852e",
              "documentType": "Contract Signed",
              "title": "Cl?usula sobre las condiciones de entrega de la obra",
              "description": "Contrato firmado",
              "url": "http://189.211.120.220:8880/files/opendata/odata/16076-ITP-AS-DCAGI-SC-076-16/15.-%20CF/15.pdf",
              "datePublished": "2016-09-30T05:00:00.000Z",
              "dateModified": "2016-09-30T05:00:00.000Z",
              "format": "html",
              "language": "es"
            },
            {
              "id": "doc-60288453-bf35-4e9f-93e2-5dcede1bdfe8",
              "documentType": "Contract Signed",
              "title": "Contrato firmado",
              "description": "Contrato firmado",
              "url": "http://189.211.120.220:8880/files/opendata/odata/16076-ITP-AS-DCAGI-SC-076-16/15.-%20CF/15.pdf",
              "datePublished": "2016-09-30T05:00:00.000Z",
              "dateModified": "2016-09-30T05:00:00.000Z",
              "format": "html",
              "language": "es"
            },
            {
              "id": "doc-b553afa0-7e67-40d2-b369-21270101a1bf",
              "documentType": "Contract Guarantees",
              "title": "Fianza de anticipo",
              "description": "Garantia sobre el anticipo",
              "url": "http://189.211.120.220:8880/files/opendata/odata/16076-ITP-AS-DCAGI-SC-076-16/17.-%20GA/17.pdf",
              "datePublished": "2016-09-30T05:00:00.000Z",
              "dateModified": "2016-09-30T05:00:00.000Z",
              "format": "html",
              "language": "es"
            },
            {
              "id": "doc-4b0beebe-4079-49b7-a5c3-423df016258e",
              "documentType": "Contract Guarantees",
              "title": "Fianza de cumplimiento",
              "description": "Garantias de cumplimiento",
              "url": "http://189.211.120.220:8880/files/opendata/odata/16076-ITP-AS-DCAGI-SC-076-16/18.-%20GC/18.pdf",
              "datePublished": "2016-09-30T05:00:00.000Z",
              "dateModified": "2016-09-30T05:00:00.000Z",
              "format": "html",
              "language": "es"
            }
          ]
        }
      ],
      "language": "es"
    }
  ],
  "publisher": {
    "name": "GACM",
    "scheme": "SERVICIO",
    "uid": "AS",
    "uri": "http://www.aeropuerto.gob.mx/"
  },
  "license": "https://datos.gob.mx/libreusomx/",
  "publicationPolicy": "https://datos.gob.mx/libreusomx/"
}
