{
  "uri": "https://datos.gob.mx/busca/dataset?organization=gacm",
  "publishedDate": "2017-02-15T16:48:25.965Z",
  "releases": [
    {
      "ocid": "390",
      "id": "RELEASE_390_2017-02-15T16:48:25.965Z",
      "date": "2017-02-09T06:00:00.000Z",
      "tag": [
        "contract"
      ],
      "initiationType": "tender",
      "planning": {
        "budget": {
          "id": "Gerencia del proyecto para atender la demanda de servicios aeroportuarios en el centro del pais",
          "description": "Acuerdo CT/1AORD/24-ABRIL-2013/8-A Fondo Nacional de Infraestructura",
          "amount": {
            "amount": 3415030000,
            "currency": "MNX"
          },
          "project": "Nuevo Aeropuerto Internacional de la Ciudad de Mexico",
          "projectID": "46101"
        },
        "rationale": "Gerencia del proyecto para atender la demanda de servicios aeroportuarios en el centro del pais",
        "documents": [
          {
            "id": "doc-ef8f827b-6d94-42b2-9f13-e73a652f3454",
            "documentType": "projectPlan",
            "title": "Proyecto ejecutivo de la obra",
            "description": "Terminos de referencia",
            "url": "http://189.211.120.220:8880/files/opendata/14104-104-O14-CUNA01-3S/4.-%20TR/4.pdf",
            "datePublished": "2014-10-09T05:00:00.000Z",
            "dateModified": "2014-10-09T05:00:00.000Z",
            "format": "html",
            "language": "es"
          }
        ]
      },
      "tender": {
        "id": "No aplica",
        "title": "Gerencia del proyecto para atender la demanda de servicios aeroportuarios en el centro del pais",
        "description": "Gerencia del proyecto para atender la demanda de servicios aeroportuarios en el centro del pais",
        "status": "active",
        "items": [
          {
            "id": "item-262480e4-3b16-4667-9cd4-3a0312840ece",
            "description": "Gerencia del proyecto para atender la demanda de servicios aeroportuarios en el centro del pais",
            "classification": {
              "scheme": "MATERIALES Y UTILES DE OFICINA",
              "id": "2110"
            },
            "quantity": 1,
            "unit": {
              "name": "srv",
              "value": {
                "amount": 2361994326,
                "currency": "MXN"
              }
            }
          }
        ],
        "value": {
          "amount": 3415030000,
          "currency": "MNX"
        },
        "procurementMethod": "open",
        "procurementMethodRationale": "Internacional",
        "metodoDeAdquisicion": "Contrataciones ASA",
        "awardCriteria": "bestValueToGoverment",
        "awardCriteriaDetails": "Presencial",
        "submissionMethod": [
          "Presencial"
        ],
        "eligibilityCriteria": "Ver documento adjunto",
        "documents": [
          {
            "id": "doc-49a0300a-7c57-408a-a592-55bd7c39d156",
            "documentType": "Clarifications",
            "title": "Actas de la junta de aclaraciones",
            "description": "Actas de la junta de aclaraciones",
            "url": "http://189.211.120.220:8880/files/opendata/14104-104-O14-CUNA01-3S/9.-%20AJ/9.pdf",
            "datePublished": "2014-10-09T05:00:00.000Z",
            "dateModified": "2014-10-09T05:00:00.000Z",
            "format": "html",
            "language": "es"
          },
          {
            "id": "doc-ab7b20bc-52ca-403d-a506-e39a808ff31b",
            "documentType": "Tender Notice",
            "title": "Documento que contiene las especificaciones t?cnicas de la obra",
            "description": "Convocatoria al procedimiento de contratacion",
            "url": "http://189.211.120.220:8880/files/opendata/14104-104-O14-CUNA01-3S/8.-%20CC/8.pdf",
            "datePublished": "2014-10-09T05:00:00.000Z",
            "dateModified": "2014-10-09T05:00:00.000Z",
            "format": "html",
            "language": "es"
          },
          {
            "id": "doc-a37e03c1-c2f6-434e-8935-14c62d7ea4af",
            "documentType": "Tender Notice",
            "title": "Documento que describe los criterios de evaluaci?n",
            "description": "Convocatoria al procedimiento de contratacion",
            "url": "http://189.211.120.220:8880/files/opendata/14104-104-O14-CUNA01-3S/8.-%20CC/8.pdf",
            "datePublished": "2014-10-09T05:00:00.000Z",
            "dateModified": "2014-10-09T05:00:00.000Z",
            "format": "html",
            "language": "es"
          },
          {
            "id": "doc-bae332cf-6147-426e-ab6d-fb71aba7c8ae",
            "documentType": "Tender Notice",
            "title": "Documento que contiene los objetivos y caracter?sticas del contrato y proceso de licitaci?n",
            "description": "Convocatoria al procedimiento de contratacion",
            "url": "http://189.211.120.220:8880/files/opendata/14104-104-O14-CUNA01-3S/8.-%20CC/8.pdf",
            "datePublished": "2014-10-09T05:00:00.000Z",
            "dateModified": "2014-10-09T05:00:00.000Z",
            "format": "html",
            "language": "es"
          },
          {
            "id": "doc-75bbdb70-a44c-4ac2-ab61-c89ffdac9237",
            "documentType": "Tender Notice",
            "title": "Convocatoria al procedimiento de contrataci?n",
            "description": "Convocatoria al procedimiento de contratacion",
            "url": "http://189.211.120.220:8880/files/opendata/14104-104-O14-CUNA01-3S/8.-%20CC/8.pdf",
            "datePublished": "2014-10-09T05:00:00.000Z",
            "dateModified": "2014-10-09T05:00:00.000Z",
            "format": "html",
            "language": "es"
          },
          {
            "id": "doc-b0cbcab6-5638-4abe-a211-d0b75a490488",
            "documentType": "Tender Notice",
            "title": "Documento que describe los criterios que deben cumplir los licitantes",
            "description": "Convocatoria al procedimiento de contratacion",
            "url": "http://189.211.120.220:8880/files/opendata/14104-104-O14-CUNA01-3S/8.-%20CC/8.pdf",
            "datePublished": "2014-10-09T05:00:00.000Z",
            "dateModified": "2014-10-09T05:00:00.000Z",
            "format": "html",
            "language": "es"
          }
        ]
      },
      "buyer": {
        "identifier": {
          "scheme": "MK-009KDH999",
          "id": "GACM",
          "legalName": "Grupo Aeroportuario de la Ciudad de Mexico, S.A. de C.V.",
          "uri": "http://www.aeropuerto.gob.mx/"
        },
        "name": "Grupo Aeroportuario de la Ciudad de Mexico, S.A. de C.V.",
        "address": {
          "streetAddress": "AV. INSURGENTES SUR NO. 2453 PISO 2 OFICINA 203",
          "locality": "COL. TIZAPAN",
          "region": "DEL. ALVARO OBREGON",
          "postalCode": "01090",
          "countryName": "Mexico"
        },
        "contactPoint": {
          "name": "G05-DIRECCION CORPORATIVA DE ADMINISTRACION Y GESTION INMOBILIARIA",
          "url": "http://www.aeropuerto.gob.mx/"
        }
      },
      "awards": [
        {
          "id": "0",
          "title": "Gerencia del proyecto para atender la demanda de servicios aeroportuarios en el centro del pais",
          "description": "Ver documento adjunto",
          "status": "active",
          "date": "2020-05-20T19:00:00.000Z",
          "value": {
            "amount": 2361994326,
            "currency": "MNX"
          },
          "suppliers": [
            {
              "identifier": {
                "id": "0",
                "legalName": "0"
              },
              "name": "0",
              "address": {
                "streetAddress": "0",
                "locality": "0",
                "region": "0",
                "postalCode": "0",
                "countryName": "0"
              }
            }
          ],
          "items": [
            {
              "id": "item-42ac9472-d8c8-43b0-8de0-4664a6d409d8",
              "description": "Gerencia del proyecto para atender la demanda de servicios aeroportuarios en el centro del pais",
              "classification": {
                "scheme": "MATERIALES Y UTILES DE OFICINA",
                "id": "2110"
              },
              "quantity": 1,
              "unit": {
                "name": "srv",
                "value": {
                  "amount": 2361994326,
                  "currency": "MXN"
                }
              }
            }
          ],
          "contractPeriod": {
            "startDate": "2009-10-20T19:00:00.000Z",
            "endDate": "2008-10-21T01:00:00.000Z"
          },
          "documents": [
            {
              "id": "doc-52f4d84c-1817-445f-a3ca-2da3e40aaa68",
              "documentType": "Award Notice",
              "title": "Fallo",
              "description": "Acta de fallo",
              "url": "http://189.211.120.220:8880/files/opendata/14104-104-O14-CUNA01-3S/12.-%20AF/12.pdf",
              "datePublished": "2014-10-09T05:00:00.000Z",
              "dateModified": "2014-10-09T05:00:00.000Z",
              "format": "html",
              "language": "es"
            },
            {
              "id": "doc-abe54642-6b8b-439a-a594-72302950309a",
              "documentType": "Award Notice",
              "title": "Fallo",
              "description": "Descripcion del acto de presentacion y apertura de proposiciones",
              "url": "http://189.211.120.220:8880/files/opendata/14104-104-O14-CUNA01-3S/10.-%20AP/10.pdf",
              "datePublished": "2014-10-09T05:00:00.000Z",
              "dateModified": "2014-10-09T05:00:00.000Z",
              "format": "html",
              "language": "es"
            }
          ]
        }
      ],
      "contracts": [
        {
          "id": "104-014-CUNA01-3S",
          "awardID": "0",
          "title": "Gerencia del proyecto para atender la demanda de servicios aeroportuarios en el centro del pais",
          "description": "Ver documento adjunto",
          "status": "active",
          "period": {
            "startDate": "2014-10-09T05:00:00.000Z",
            "endDate": "2020-10-08T05:00:00.000Z"
          },
          "value": {
            "amount": 2361994326.38,
            "currency": "MXN"
          },
          "items": [
            {
              "id": "item-005f371b-90a3-4a57-aac5-d2a00bb92afc",
              "description": "Gerencia del proyecto para atender la demanda de servicios aeroportuarios en el centro del pais",
              "classification": {
                "scheme": "MATERIALES Y UTILES DE OFICINA",
                "id": "2110"
              },
              "quantity": 1,
              "unit": {
                "name": "srv",
                "value": {
                  "amount": 2361994326,
                  "currency": "MXN"
                }
              }
            }
          ],
          "dateSigned": "2014-10-09T05:00:00.000Z",
          "documents": [
            {
              "id": "doc-800616f2-2f16-4bac-bb3e-4331534b3de1",
              "documentType": "Contract Signed",
              "title": "Cl?usula sobre las condiciones de entrega de la obra",
              "description": "Contrato firmado",
              "url": "http://189.211.120.220:8880/files/opendata/14104-104-O14-CUNA01-3S/15.-%20CF/15.pdf",
              "datePublished": "2014-10-09T05:00:00.000Z",
              "dateModified": "2014-10-09T05:00:00.000Z",
              "format": "html",
              "language": "es"
            },
            {
              "id": "doc-0441546a-1b80-44d7-ad09-a49fba5583e0",
              "documentType": "Contract Signed",
              "title": "Contrato firmado",
              "description": "Contrato firmado",
              "url": "http://189.211.120.220:8880/files/opendata/14104-104-O14-CUNA01-3S/15.-%20CF/15.pdf",
              "datePublished": "2014-10-09T05:00:00.000Z",
              "dateModified": "2014-10-09T05:00:00.000Z",
              "format": "html",
              "language": "es"
            },
            {
              "id": "doc-b442ef0b-7638-47a9-829a-6067fcb8eef9",
              "documentType": "Contract Guarantees",
              "title": "Fianza de anticipo",
              "description": "Garantia sobre el anticipo",
              "url": "http://189.211.120.220:8880/files/opendata/14104-104-O14-CUNA01-3S/17.-%20GA/17.pdf",
              "datePublished": "2014-10-09T05:00:00.000Z",
              "dateModified": "2014-10-09T05:00:00.000Z",
              "format": "html",
              "language": "es"
            },
            {
              "id": "doc-11812f49-d771-4c61-be4e-b9eaac28331a",
              "documentType": "Contract Guarantees",
              "title": "Fianza de cumplimiento",
              "description": "Garantias de cumplimiento",
              "url": "http://189.211.120.220:8880/files/opendata/14104-104-O14-CUNA01-3S/18.-%20GC/18.pdf",
              "datePublished": "2014-10-09T05:00:00.000Z",
              "dateModified": "2014-10-09T05:00:00.000Z",
              "format": "html",
              "language": "es"
            }
          ]
        }
      ],
      "language": "es"
    }
  ],
  "publisher": {
    "name": "GACM",
    "scheme": "SERVICIO",
    "uid": "AS",
    "uri": "http://www.aeropuerto.gob.mx/"
  },
  "license": "https://datos.gob.mx/libreusomx/",
  "publicationPolicy": "https://datos.gob.mx/libreusomx/"
}
