{
  "uri": "https://datos.gob.mx/busca/dataset?organization=gacm",
  "publishedDate": "2017-02-15T16:48:26.109Z",
  "releases": [
    {
      "ocid": "392",
      "id": "RELEASE_392_2017-02-15T16:48:26.108Z",
      "date": "2017-02-09T06:00:00.000Z",
      "tag": [
        "contract"
      ],
      "initiationType": "tender",
      "planning": {
        "budget": {
          "id": "Servicio de asesoria financiera y legal para la obtencion del financiamiento, desarrollo de estructura juridica, concesionamiento y demas actividadesrelacionadas con la financiacion para la construccion del NAICM",
          "description": "Acuerdo CT/1AORD/24-ABRIL-2013/8-A Fondo Nacional de Infraestructura",
          "amount": {
            "amount": 64100000,
            "currency": "MXN"
          },
          "project": "Nuevo Aeropuerto Internacional de la Ciudad de Mexico",
          "projectID": "46101"
        },
        "rationale": "Servicio de asesoria financiera y legal para la obtencion del financiamiento, desarrollo de estructura juridica, concesionamiento y demas actividadesrelacionadas con la financiacion para la construccion del NAICM",
        "documents": [
          {
            "id": "doc-c3bfe5c4-6b4a-40f6-92a0-3ec347158bbb",
            "documentType": "projectPlan",
            "title": "Proyecto ejecutivo de la obra",
            "description": "Terminos de referencia",
            "url": "http://189.211.120.220:8880/files/opendata/13026-DTC-206-2013/4.-%20TR/4.pdf",
            "datePublished": "2013-11-27T06:00:00.000Z",
            "dateModified": "2013-11-27T06:00:00.000Z",
            "format": "html",
            "language": "es"
          }
        ]
      },
      "tender": {
        "id": "No aplica",
        "title": "Servicio de asesoria financiera y legal para la obtencion del financiamiento, desarrollo de estructura juridica, concesionamiento y demas actividadesrelacionadas con la financiacion para la construccion del NAICM",
        "description": "Servicio de asesoria financiera y legal para la obtencion del financiamiento, desarrollo de estructura juridica, concesionamiento y demas actividadesrelacionadas con la financiacion para la construccion del NAICM",
        "status": "active",
        "items": [
          {
            "id": "item-ca960365-b2c6-4b91-aa6b-afa8282127ea",
            "description": "Servicio de asesoria financiera y legal para la obtencion del financiamiento, desarrollo de estructura juridica, concesionamiento y demas actividadesrelacionadas con la financiacion para la construccion del NAICM",
            "classification": {
              "scheme": "MATERIALES Y UTILES DE OFICINA",
              "id": "2110"
            },
            "quantity": 1,
            "unit": {
              "name": "srv",
              "value": {
                "amount": 64100000,
                "currency": "MXN"
              }
            }
          }
        ],
        "value": {
          "amount": 64100000,
          "currency": "MXN"
        },
        "procurementMethod": "open",
        "procurementMethodRationale": "Nacional",
        "metodoDeAdquisicion": "Contrataciones ASA",
        "awardCriteria": "bestValueToGoverment",
        "awardCriteriaDetails": "Presencial",
        "submissionMethod": [
          "Presencial"
        ],
        "eligibilityCriteria": "Ver documento adjunto",
        "documents": [
          {
            "id": "doc-1b3e2c46-f08d-4d1f-8746-c6b089b36001",
            "documentType": "Clarifications",
            "title": "Actas de la junta de aclaraciones",
            "description": "Actas de la junta de aclaraciones",
            "url": "http://189.211.120.220:8880/files/opendata/13026-DTC-206-2013/9.-%20AJ/9.pdf",
            "datePublished": "2013-11-27T06:00:00.000Z",
            "dateModified": "2013-11-27T06:00:00.000Z",
            "format": "html",
            "language": "es"
          },
          {
            "id": "doc-0c1602d4-55f6-4492-8ffe-9cfeb3d61767",
            "documentType": "Tender Notice",
            "title": "Documento que contiene las especificaciones t?cnicas de la obra",
            "description": "Convocatoria al procedimiento de contratacion",
            "url": "http://189.211.120.220:8880/files/opendata/13026-DTC-206-2013/8.-%20CC/8.pdf",
            "datePublished": "2013-11-27T06:00:00.000Z",
            "dateModified": "2013-11-27T06:00:00.000Z",
            "format": "html",
            "language": "es"
          },
          {
            "id": "doc-91c111ce-3173-4ddc-8b98-7a4c04c5bf7d",
            "documentType": "Tender Notice",
            "title": "Documento que describe los criterios de evaluaci?n",
            "description": "Convocatoria al procedimiento de contratacion",
            "url": "http://189.211.120.220:8880/files/opendata/13026-DTC-206-2013/8.-%20CC/8.pdf",
            "datePublished": "2013-11-27T06:00:00.000Z",
            "dateModified": "2013-11-27T06:00:00.000Z",
            "format": "html",
            "language": "es"
          },
          {
            "id": "doc-aacbe3a6-f752-49e6-85a2-6b7b9a61bef9",
            "documentType": "Tender Notice",
            "title": "Documento que contiene los objetivos y caracter?sticas del contrato y proceso de licitaci?n",
            "description": "Convocatoria al procedimiento de contratacion",
            "url": "http://189.211.120.220:8880/files/opendata/13026-DTC-206-2013/8.-%20CC/8.pdf",
            "datePublished": "2013-11-27T06:00:00.000Z",
            "dateModified": "2013-11-27T06:00:00.000Z",
            "format": "html",
            "language": "es"
          },
          {
            "id": "doc-ca9ccd10-9487-4515-8bfc-ba3c2a955937",
            "documentType": "Tender Notice",
            "title": "Convocatoria al procedimiento de contrataci?n",
            "description": "Convocatoria al procedimiento de contratacion",
            "url": "http://189.211.120.220:8880/files/opendata/13026-DTC-206-2013/8.-%20CC/8.pdf",
            "datePublished": "2013-11-27T06:00:00.000Z",
            "dateModified": "2013-11-27T06:00:00.000Z",
            "format": "html",
            "language": "es"
          },
          {
            "id": "doc-77f87cf6-7db5-4ea2-8c58-df831e10da3a",
            "documentType": "Tender Notice",
            "title": "Documento que describe los criterios que deben cumplir los licitantes",
            "description": "Convocatoria al procedimiento de contratacion",
            "url": "http://189.211.120.220:8880/files/opendata/13026-DTC-206-2013/8.-%20CC/8.pdf",
            "datePublished": "2013-11-27T06:00:00.000Z",
            "dateModified": "2013-11-27T06:00:00.000Z",
            "format": "html",
            "language": "es"
          }
        ]
      },
      "buyer": {
        "identifier": {
          "scheme": "MK-009KDH999",
          "id": "GACM",
          "legalName": "Grupo Aeroportuario de la Ciudad de Mexico, S.A. de C.V.",
          "uri": "http://www.aeropuerto.gob.mx/"
        },
        "name": "Grupo Aeroportuario de la Ciudad de Mexico, S.A. de C.V.",
        "address": {
          "streetAddress": "AV. INSURGENTES SUR NO. 2453 PISO 2 OFICINA 203",
          "locality": "COL. TIZAPAN",
          "region": "DEL. ALVARO OBREGON",
          "postalCode": "01090",
          "countryName": "Mexico"
        },
        "contactPoint": {
          "name": "G05-DIRECCION CORPORATIVA DE ADMINISTRACION Y GESTION INMOBILIARIA",
          "url": "http://www.aeropuerto.gob.mx/"
        }
      },
      "awards": [
        {
          "id": "DTC-026/2013",
          "title": "Servicio de asesoria financiera y legal para la obtencion del financiamiento, desarrollo de estructura juridica, concesionamiento y demas actividadesrelacionadas con la financiacion para la construccion del NAICM",
          "description": "Ver documento adjunto",
          "status": "active",
          "date": "2011-09-20T18:00:00.000Z",
          "value": {
            "amount": 64100000,
            "currency": "MXN"
          },
          "suppliers": [
            {
              "identifier": {
                "id": "LPS100409F90 /JDM081219F61",
                "legalName": "LCA PRESTADORA DE SERVICIOS, S. DE R.L. DE C.V. /JONES DAY MEXICO, S.C."
              },
              "name": "LCA PRESTADORA DE SERVICIOS, S. DE R.L. DE C.V. /JONES DAY MEXICO, S.C.",
              "address": {
                "streetAddress": "Av. Paseo de las Palmas No. 405-404",
                "locality": "Lomas de Chapultepec",
                "region": "Miguel Hidalgo",
                "postalCode": "11000",
                "countryName": "Mexico"
              }
            }
          ],
          "items": [
            {
              "id": "item-bc92fc88-d4fc-4b0c-8dbf-f865855ae76f",
              "description": "Servicio de asesoria financiera y legal para la obtencion del financiamiento, desarrollo de estructura juridica, concesionamiento y demas actividadesrelacionadas con la financiacion para la construccion del NAICM",
              "classification": {
                "scheme": "MATERIALES Y UTILES DE OFICINA",
                "id": "2110"
              },
              "quantity": 1,
              "unit": {
                "name": "srv",
                "value": {
                  "amount": 64100000,
                  "currency": "MXN"
                }
              }
            }
          ],
          "contractPeriod": {
            "startDate": "2013-11-27T06:00:00.000Z",
            "endDate": "2017-11-27T06:00:00.000Z"
          },
          "documents": [
            {
              "id": "doc-b784ab22-c47a-4e62-9ca7-cb38bb227e58",
              "documentType": "Award Notice",
              "title": "Fallo",
              "description": "Acta de fallo",
              "url": "http://189.211.120.220:8880/files/opendata/13026-DTC-206-2013/12.-%20AF/12.pdf",
              "datePublished": "2013-11-27T06:00:00.000Z",
              "dateModified": "2013-11-27T06:00:00.000Z",
              "format": "html",
              "language": "es"
            },
            {
              "id": "doc-5ed3325d-3d9d-4221-be1c-8f703c1a98e6",
              "documentType": "Award Notice",
              "title": "Fallo",
              "description": "Descripcion del acto de presentacion y apertura de proposiciones",
              "url": "http://189.211.120.220:8880/files/opendata/13026-DTC-206-2013/10.-%20AP/10.pdf",
              "datePublished": "2013-11-27T06:00:00.000Z",
              "dateModified": "2013-11-27T06:00:00.000Z",
              "format": "html",
              "language": "es"
            }
          ]
        }
      ],
      "contracts": [
        {
          "id": "DTC-026/2013",
          "awardID": "DTC-026/2013",
          "title": "Servicio de asesoria financiera y legal para la obtencion del financiamiento, desarrollo de estructura juridica, concesionamiento y demas actividadesrelacionadas con la financiacion para la construccion del NAICM",
          "description": "Ver documento adjunto",
          "status": "active",
          "period": {
            "startDate": "2013-11-27T06:00:00.000Z",
            "endDate": "2017-11-27T06:00:00.000Z"
          },
          "value": {
            "amount": 64100000,
            "currency": "MXN"
          },
          "items": [
            {
              "id": "item-a5dd92e7-274f-4cff-ac05-4e222b1fe8eb",
              "description": "Servicio de asesoria financiera y legal para la obtencion del financiamiento, desarrollo de estructura juridica, concesionamiento y demas actividadesrelacionadas con la financiacion para la construccion del NAICM",
              "classification": {
                "scheme": "MATERIALES Y UTILES DE OFICINA",
                "id": "2110"
              },
              "quantity": 1,
              "unit": {
                "name": "srv",
                "value": {
                  "amount": 64100000,
                  "currency": "MXN"
                }
              }
            }
          ],
          "dateSigned": "2013-11-27T06:00:00.000Z",
          "documents": [
            {
              "id": "doc-279b7f35-4635-456c-b451-361d08b08acd",
              "documentType": "Contract Signed",
              "title": "Cl?usula sobre las condiciones de entrega de la obra",
              "description": "Contrato firmado",
              "url": "http://189.211.120.220:8880/files/opendata/13026-DTC-206-2013/15.-%20CF/15.pdf",
              "datePublished": "2013-11-27T06:00:00.000Z",
              "dateModified": "2013-11-27T06:00:00.000Z",
              "format": "html",
              "language": "es"
            },
            {
              "id": "doc-b832651c-0eae-41a6-a785-9ede7fdab278",
              "documentType": "Contract Signed",
              "title": "Contrato firmado",
              "description": "Contrato firmado",
              "url": "http://189.211.120.220:8880/files/opendata/13026-DTC-206-2013/15.-%20CF/15.pdf",
              "datePublished": "2013-11-27T06:00:00.000Z",
              "dateModified": "2013-11-27T06:00:00.000Z",
              "format": "html",
              "language": "es"
            },
            {
              "id": "doc-c625c9a6-9148-446e-aaf5-b863c6914cc1",
              "documentType": "Contract Guarantees",
              "title": "Fianza de anticipo",
              "description": "Garantia sobre el anticipo",
              "url": "http://189.211.120.220:8880/files/opendata/13026-DTC-206-2013/17.-%20GA/17.pdf",
              "datePublished": "2013-11-27T06:00:00.000Z",
              "dateModified": "2013-11-27T06:00:00.000Z",
              "format": "html",
              "language": "es"
            },
            {
              "id": "doc-17f91e88-b363-4149-97af-38e049e3c2ca",
              "documentType": "Contract Guarantees",
              "title": "Fianza de cumplimiento",
              "description": "Garantias de cumplimiento",
              "url": "http://189.211.120.220:8880/files/opendata/13026-DTC-206-2013/18.-%20GC/18.pdf",
              "datePublished": "2013-11-27T06:00:00.000Z",
              "dateModified": "2013-11-27T06:00:00.000Z",
              "format": "html",
              "language": "es"
            }
          ]
        }
      ],
      "language": "es"
    }
  ],
  "publisher": {
    "name": "GACM",
    "scheme": "SERVICIO",
    "uid": "AS",
    "uri": "http://www.aeropuerto.gob.mx/"
  },
  "license": "https://datos.gob.mx/libreusomx/",
  "publicationPolicy": "https://datos.gob.mx/libreusomx/"
}
