{
  "uri": "https://datos.gob.mx/busca/dataset?organization=gacm",
  "publishedDate": "2017-02-15T16:48:25.324Z",
  "releases": [
    {
      "ocid": "4",
      "id": "RELEASE_4_2017-02-15T16:48:25.323Z",
      "date": "2017-02-08T06:00:00.000Z",
      "tag": [
        "contract"
      ],
      "initiationType": "tender",
      "planning": {
        "budget": {
          "source": "http://www.apartados.hacienda.gob.mx/presupuesto/temas/pef/2015/docs/09/r09_kdh_pie.pdf",
          "id": "CONSTRUCCION DE VIAS DE COMUNICACION",
          "description": "RECURSOS FISCALES",
          "amount": {
            "amount": 519000,
            "currency": "MXN"
          },
          "project": "Nuevo Aeropuerto Internacional de la Ciudad de Mexico",
          "projectID": "46101",
          "uri": "http://www.apartados.hacienda.gob.mx/presupuesto/temas/pef/2015/docs/09/r09_kdh_pie.pdf"
        },
        "rationale": "Elaboracion de programa de capacitacion en aspectos ambientales y de seguridad para las etapas de preparacion del sitio y construccion del Nuevo Aeropuerto Internacional de la Ciudad de Mexico",
        "documents": [
          {
            "id": "doc-6889a1ab-66a3-4714-a866-7186ed854869",
            "documentType": "projectPlan",
            "title": "Proyecto ejecutivo de la obra",
            "description": "Terminos de referencia",
            "url": "http://189.211.120.220:8880/files/opendata/15010-AD-SRO-DCAGI-SC-010-15/4.-%20TR/4.pdf",
            "datePublished": "2015-02-04T06:00:00.000Z",
            "dateModified": "2015-02-04T06:00:00.000Z",
            "format": "html",
            "language": "es"
          }
        ]
      },
      "tender": {
        "id": "799042",
        "title": "Elaboracion de programa de capacitacion en aspectos ambientales y de seguridad para las etapas de preparacion del sitio y construccion del Nuevo Aeropuerto Internacional de la Ciudad de Mexico",
        "description": "Elaboracion de programa de capacitacion en aspectos ambientales y de seguridad para las etapas de preparacion del sitio y construccion del Nuevo Aeropuerto Internacional de la Ciudad de Mexico",
        "status": "active",
        "items": [
          {
            "id": "item-ee6fa4c3-bb95-42e5-8607-c6b1a61ec851",
            "description": "Elaboracion de programa de capacitacion en aspectos ambientales y de seguridad para las etapas de preparacion del sitio y construccion del Nuevo Aeropuerto Internacional de la Ciudad de Mexico",
            "classification": {
              "scheme": "CONSTRUCCION DE VIAS DE COMUNICACION",
              "id": "6250"
            },
            "quantity": 1,
            "unit": {
              "name": "sop",
              "value": {
                "amount": 519000,
                "currency": "MXN"
              }
            }
          }
        ],
        "value": {
          "amount": 519000,
          "currency": "MXN"
        },
        "procurementMethod": "limited",
        "procurementMethodRationale": "Nacional",
        "metodoDeAdquisicion": "Adjudicación directa",
        "awardCriteria": "bestValueToGoverment",
        "awardCriteriaDetails": "No aplica",
        "submissionMethod": [
          "Presencial"
        ],
        "eligibilityCriteria": "Ver documento adjunto",
        "documents": [
          {
            "id": "doc-84dfcc28-bd93-43b1-9018-3a3452577f51",
            "documentType": "Clarifications",
            "title": "Actas de la junta de aclaraciones",
            "description": "Actas de la junta de aclaraciones",
            "url": "http://189.211.120.220:8880/files/opendata/15010-AD-SRO-DCAGI-SC-010-15/9.-%20AJ/9.pdf",
            "datePublished": "2015-02-04T06:00:00.000Z",
            "dateModified": "2015-02-04T06:00:00.000Z",
            "format": "html",
            "language": "es"
          },
          {
            "id": "doc-7bfa4b05-0718-4702-af27-eb7827dca580",
            "documentType": "Tender Notice",
            "title": "Documento que describe los criterios de evaluaci?n",
            "description": "Convocatoria al procedimiento de contratacion",
            "url": "http://189.211.120.220:8880/files/opendata/15010-AD-SRO-DCAGI-SC-010-15/8.-%20CC/8.pdf",
            "datePublished": "2015-02-04T06:00:00.000Z",
            "dateModified": "2015-02-04T06:00:00.000Z",
            "format": "html",
            "language": "es"
          },
          {
            "id": "doc-9cf5eb46-5c1f-4cb0-a132-bb5540a6873c",
            "documentType": "Tender Notice",
            "title": "Documento que contiene los objetivos y caracter?sticas del contrato y proceso de licitaci?n",
            "description": "Convocatoria al procedimiento de contratacion",
            "url": "http://189.211.120.220:8880/files/opendata/15010-AD-SRO-DCAGI-SC-010-15/8.-%20CC/8.pdf",
            "datePublished": "2015-02-04T06:00:00.000Z",
            "dateModified": "2015-02-04T06:00:00.000Z",
            "format": "html",
            "language": "es"
          },
          {
            "id": "doc-6742895c-104e-441b-9762-11ba09edc311",
            "documentType": "Tender Notice",
            "title": "Documento que contiene las especificaicones t?cnicas de la obra",
            "description": "Convocatoria al procedimiento de contratacion",
            "url": "http://189.211.120.220:8880/files/opendata/15010-AD-SRO-DCAGI-SC-010-15/8.-%20CC/8.pdf",
            "datePublished": "2015-02-04T06:00:00.000Z",
            "dateModified": "2015-02-04T06:00:00.000Z",
            "format": "html",
            "language": "es"
          },
          {
            "id": "doc-3625fd8f-9574-4d4a-8bd0-2a7fe2df1ed3",
            "documentType": "Tender Notice",
            "title": "Convocatoria al procedimiento de contrataci?n",
            "description": "Convocatoria al procedimiento de contratacion",
            "url": "http://189.211.120.220:8880/files/opendata/15010-AD-SRO-DCAGI-SC-010-15/8.-%20CC/8.pdf",
            "datePublished": "2015-02-04T06:00:00.000Z",
            "dateModified": "2015-02-04T06:00:00.000Z",
            "format": "html",
            "language": "es"
          },
          {
            "id": "doc-d730c7a6-3f5f-48d9-b747-41a8cbca65a5",
            "documentType": "Tender Notice",
            "title": "Documento que describe los criterios que deben cumplir los licitantes",
            "description": "Convocatoria al procedimiento de contratacion",
            "url": "http://189.211.120.220:8880/files/opendata/15010-AD-SRO-DCAGI-SC-010-15/8.-%20CC/8.pdf",
            "datePublished": "2015-02-04T06:00:00.000Z",
            "dateModified": "2015-02-04T06:00:00.000Z",
            "format": "html",
            "language": "es"
          }
        ]
      },
      "buyer": {
        "identifier": {
          "scheme": "MK-009KDH999",
          "id": "GACM",
          "legalName": "Grupo Aeroportuario de la Ciudad de Mexico, S.A. de C.V.",
          "uri": "http://www.aeropuerto.gob.mx/"
        },
        "name": "Grupo Aeroportuario de la Ciudad de Mexico, S.A. de C.V.",
        "address": {
          "streetAddress": "AV. INSURGENTES SUR NO. 2453 PISO 2 OFICINA 203",
          "locality": "COL. TIZAPAN",
          "region": "DEL. ALVARO OBREGON",
          "postalCode": "01090",
          "countryName": "Mexico"
        },
        "contactPoint": {
          "name": "G05-DIRECCION CORPORATIVA DE ADMINISTRACION Y GESTION INMOBILIARIA",
          "url": "http://www.aeropuerto.gob.mx/"
        }
      },
      "awards": [
        {
          "id": "SO-009KDH999-N27-2015",
          "title": "Elaboracion de programa de capacitacion en aspectos ambientales y de seguridad para las etapas de preparacion del sitio y construccion del Nuevo Aeropuerto Internacional de la Ciudad de Mexico",
          "description": "Ver documento adjunto",
          "status": "active",
          "value": {
            "amount": 519000,
            "currency": "MXN"
          },
          "suppliers": [
            {
              "identifier": {
                "id": "EAM9803104K0",
                "legalName": "ESPECIALISTAS AMBIENTALES, S.A. DE C.V."
              },
              "name": "ESPECIALISTAS AMBIENTALES, S.A. DE C.V.",
              "address": {
                "streetAddress": "Camino al Olivo 15 interior 301",
                "locality": "Lomas de Vista Hermosa",
                "region": "Cuajimalpa de Morelos",
                "postalCode": "05100",
                "countryName": "Mexico"
              }
            }
          ],
          "items": [
            {
              "id": "item-388fc835-36f1-4f79-b587-f8d00bfd5965",
              "description": "Elaboracion de programa de capacitacion en aspectos ambientales y de seguridad para las etapas de preparacion del sitio y construccion del Nuevo Aeropuerto Internacional de la Ciudad de Mexico",
              "classification": {
                "scheme": "CONSTRUCCION DE VIAS DE COMUNICACION",
                "id": "6250"
              },
              "quantity": 1,
              "unit": {
                "name": "sop",
                "value": {
                  "amount": 519000,
                  "currency": "MXN"
                }
              }
            }
          ],
          "contractPeriod": {
            "startDate": "2015-02-23T06:00:00.000Z",
            "endDate": "2015-03-22T06:00:00.000Z"
          },
          "documents": [
            {
              "id": "doc-1768bc87-49b4-403e-b6f0-8994fe6d87ae",
              "documentType": "Award Notice",
              "title": "Fallo",
              "description": "Acta de Fallo",
              "url": "http://189.211.120.220:8880/files/opendata/15010-AD-SRO-DCAGI-SC-010-15/12.-%20AF/12.pdf",
              "datePublished": "2015-02-04T06:00:00.000Z",
              "dateModified": "2015-02-04T06:00:00.000Z",
              "format": "html",
              "language": "es"
            },
            {
              "id": "doc-f42c35a4-599d-4e1c-a238-66034d44b72c",
              "documentType": "Award Notice",
              "title": "Fallo",
              "description": "Descripcion del acto de presentacion y apertura de proposiciones",
              "url": "http://189.211.120.220:8880/files/opendata/15010-AD-SRO-DCAGI-SC-010-15/10.-%20AP/10.pdf",
              "datePublished": "2015-02-04T06:00:00.000Z",
              "dateModified": "2015-02-04T06:00:00.000Z",
              "format": "html",
              "language": "es"
            }
          ]
        }
      ],
      "contracts": [
        {
          "id": "AD-SRO-DCAGI-SC-010/15",
          "awardID": "SO-009KDH999-N27-2015",
          "title": "Elaboracion de programa de capacitacion en aspectos ambientales y de seguridad para las etapas de preparacion del sitio y construccion del Nuevo Aeropuerto Internacional de la Ciudad de Mexico",
          "description": "Ver documento adjunto",
          "status": "active",
          "period": {
            "startDate": "2015-02-23T06:00:00.000Z",
            "endDate": "2015-03-22T06:00:00.000Z"
          },
          "value": {
            "amount": 519000,
            "currency": "MXN"
          },
          "items": [
            {
              "id": "item-e3e526ac-e31f-4725-8cd0-778716c104bd",
              "description": "Elaboracion de programa de capacitacion en aspectos ambientales y de seguridad para las etapas de preparacion del sitio y construccion del Nuevo Aeropuerto Internacional de la Ciudad de Mexico",
              "classification": {
                "scheme": "CONSTRUCCION DE VIAS DE COMUNICACION",
                "id": "6250"
              },
              "quantity": 1,
              "unit": {
                "name": "sop",
                "value": {
                  "amount": 519000,
                  "currency": "MXN"
                }
              }
            }
          ],
          "dateSigned": "2015-02-20T06:00:00.000Z",
          "documents": [
            {
              "id": "doc-c11f899f-ebc0-433e-bffd-3f10e7538722",
              "documentType": "Contract Signed",
              "title": "Contrato firmado",
              "description": "Contrato firmado",
              "url": "http://189.211.120.220:8880/files/opendata/15010-AD-SRO-DCAGI-SC-010-15/15.-%20CF/15.pdf",
              "datePublished": "2015-02-04T06:00:00.000Z",
              "dateModified": "2015-02-04T06:00:00.000Z",
              "format": "html",
              "language": "es"
            },
            {
              "id": "doc-91812a89-203f-43d8-b813-bfeee08602e4",
              "documentType": "Contract Signed",
              "title": "Cl?usula sobre las condiciones de entrega de la obra",
              "description": "Contrato firmado",
              "url": "http://189.211.120.220:8880/files/opendata/15010-AD-SRO-DCAGI-SC-010-15/15.-%20CF/15.pdf",
              "datePublished": "2015-02-04T06:00:00.000Z",
              "dateModified": "2015-02-04T06:00:00.000Z",
              "format": "html",
              "language": "es"
            },
            {
              "id": "doc-ce1173a0-5e2d-40f5-bcf9-4aff95473587",
              "documentType": "Contract Guarantees",
              "title": "Fianza de anticipo",
              "description": "Garantia sobre el anticipo",
              "url": "http://189.211.120.220:8880/files/opendata/15010-AD-SRO-DCAGI-SC-010-15/17.-%20GA/17.pdf",
              "datePublished": "2015-02-04T06:00:00.000Z",
              "dateModified": "2015-02-04T06:00:00.000Z",
              "format": "html",
              "language": "es"
            },
            {
              "id": "doc-d3dc3883-006c-4826-adb5-97dcb74225af",
              "documentType": "Contract Guarantees",
              "title": "Fianza de cumplimiento",
              "description": "Garantias de cumplimiento",
              "url": "http://189.211.120.220:8880/files/opendata/15010-AD-SRO-DCAGI-SC-010-15/18.-%20GC/18.pdf",
              "datePublished": "2015-02-04T06:00:00.000Z",
              "dateModified": "2015-02-04T06:00:00.000Z",
              "format": "html",
              "language": "es"
            }
          ]
        }
      ],
      "language": "es"
    }
  ],
  "publisher": {
    "name": "GACM",
    "scheme": "SERVICIO",
    "uid": "AS",
    "uri": "http://www.aeropuerto.gob.mx/"
  },
  "license": "https://datos.gob.mx/libreusomx/",
  "publicationPolicy": "https://datos.gob.mx/libreusomx/"
}
