{
  "uri": "https://datos.gob.mx/busca/dataset?organization=gacm",
  "publishedDate": "2017-02-15T16:48:25.052Z",
  "releases": [
    {
      "ocid": "40",
      "id": "RELEASE_40_2017-02-15T16:48:25.051Z",
      "date": "2017-02-07T06:00:00.000Z",
      "tag": [
        "contract"
      ],
      "initiationType": "tender",
      "planning": {
        "budget": {
          "source": "http://www.apartados.hacienda.gob.mx/presupuesto/temas/pef/2015/docs/09/r09_kdh_pie.pdf",
          "id": "SERVICIOS DE LAVANDERIA, LIMPIEZA E HIGIENE",
          "description": "RECURSOS FISCALES",
          "amount": {
            "amount": 350000,
            "currency": "MXN"
          },
          "project": "Nuevo Aeropuerto Internacional de la Ciudad de Mexico",
          "projectID": "46101",
          "uri": "http://www.apartados.hacienda.gob.mx/presupuesto/temas/pef/2015/docs/09/r09_kdh_pie.pdf"
        },
        "rationale": "Servicio Integral de Limpieza en las Oficinas de Grupo Aeroportuario de la Ciudad de Mexico, S.A. de C.V.",
        "documents": [
          {
            "id": "doc-9c58b502-c4e6-49c9-8c75-94c416ba1351",
            "documentType": "projectPlan",
            "title": "Proyecto ejecutivo de la obra",
            "description": "Terminos de referencia",
            "url": "http://189.211.120.220:8880/files/opendata/15018-AD-AS-DCAGI-SC-018-15/4.-%20TR/4.pdf",
            "datePublished": "2015-01-02T06:00:00.000Z",
            "dateModified": "2015-01-02T06:00:00.000Z",
            "format": "html",
            "language": "es"
          }
        ]
      },
      "tender": {
        "id": "1052472?",
        "title": "Servicio Integral de Limpieza en las Oficinas de Grupo Aeroportuario de la Ciudad de Mexico, S.A. de C.V.",
        "description": "Servicio Integral de Limpieza en las Oficinas de Grupo Aeroportuario de la Ciudad de Mexico, S.A. de C.V.",
        "status": "active",
        "items": [
          {
            "id": "item-8d6dde91-a70b-43cc-b75e-9c66c14a6832",
            "description": "Servicio Integral de Limpieza en las Oficinas de Grupo Aero portuario de la Ciudad de Mexico, S.A. de C.V.",
            "classification": {
              "scheme": "SERVICIOS DE LAVANDERIA, LIMPIEZA, HIGIENE",
              "id": "3580"
            },
            "quantity": 1,
            "unit": {
              "name": "srv",
              "value": {
                "amount": 257327,
                "currency": "MXN"
              }
            }
          }
        ],
        "value": {
          "amount": 350000,
          "currency": "MXN"
        },
        "procurementMethod": "limited",
        "procurementMethodRationale": "No aplica",
        "metodoDeAdquisicion": "Adjudicación directa",
        "awardCriteria": "bestValueToGoverment",
        "awardCriteriaDetails": "No aplica",
        "submissionMethod": [
          "No aplica"
        ],
        "eligibilityCriteria": "Ver documento adjunto",
        "documents": [
          {
            "id": "doc-0e2847d3-b929-440f-abe7-0a75574ba9df",
            "documentType": "Clarifications",
            "title": "Actas de la junta de aclaraciones",
            "description": "Actas de la junta de aclaraciones",
            "url": "http://189.211.120.220:8880/files/opendata/15018-AD-AS-DCAGI-SC-018-15/9.-%20AJ/9.pdf",
            "datePublished": "2015-01-02T06:00:00.000Z",
            "dateModified": "2015-01-02T06:00:00.000Z",
            "format": "html",
            "language": "es"
          },
          {
            "id": "doc-e052f0eb-e11d-4b99-8174-07ed01209f7a",
            "documentType": "Tender Notice",
            "title": "Documento que describe los criterios de evaluaci?n",
            "description": "Convocatoria al procedimiento de contratacion",
            "url": "http://189.211.120.220:8880/files/opendata/15018-AD-AS-DCAGI-SC-018-15/8.-%20CC/8.pdf",
            "datePublished": "2015-01-02T06:00:00.000Z",
            "dateModified": "2015-01-02T06:00:00.000Z",
            "format": "html",
            "language": "es"
          },
          {
            "id": "doc-47441da1-b2d6-4efe-95bb-2fe6204f8e89",
            "documentType": "Tender Notice",
            "title": "Documento que contiene los objetivos y caracter?sticas del contrato y proceso de licitaci?n",
            "description": "Convocatoria al procedimiento de contratacion",
            "url": "http://189.211.120.220:8880/files/opendata/15018-AD-AS-DCAGI-SC-018-15/8.-%20CC/8.pdf",
            "datePublished": "2015-01-02T06:00:00.000Z",
            "dateModified": "2015-01-02T06:00:00.000Z",
            "format": "html",
            "language": "es"
          },
          {
            "id": "doc-a1ee4e37-19dc-4966-9c6b-d16f7de65ab3",
            "documentType": "Tender Notice",
            "title": "Documento que contiene las especificaicones t?cnicas de la obra",
            "description": "Convocatoria al procedimiento de contratacion",
            "url": "http://189.211.120.220:8880/files/opendata/15018-AD-AS-DCAGI-SC-018-15/8.-%20CC/8.pdf",
            "datePublished": "2015-01-02T06:00:00.000Z",
            "dateModified": "2015-01-02T06:00:00.000Z",
            "format": "html",
            "language": "es"
          },
          {
            "id": "doc-7cb2d493-6a93-4098-9032-0dede3695c24",
            "documentType": "Tender Notice",
            "title": "Convocatoria al procedimiento de contrataci?n",
            "description": "Convocatoria al procedimiento de contratacion",
            "url": "http://189.211.120.220:8880/files/opendata/15018-AD-AS-DCAGI-SC-018-15/8.-%20CC/8.pdf",
            "datePublished": "2015-01-02T06:00:00.000Z",
            "dateModified": "2015-01-02T06:00:00.000Z",
            "format": "html",
            "language": "es"
          },
          {
            "id": "doc-7a2af920-7530-4085-8216-090d75b62fad",
            "documentType": "Tender Notice",
            "title": "Documento que describe los criterios que deben cumplir los licitantes",
            "description": "Convocatoria al procedimiento de contratacion",
            "url": "http://189.211.120.220:8880/files/opendata/15018-AD-AS-DCAGI-SC-018-15/8.-%20CC/8.pdf",
            "datePublished": "2015-01-02T06:00:00.000Z",
            "dateModified": "2015-01-02T06:00:00.000Z",
            "format": "html",
            "language": "es"
          }
        ]
      },
      "buyer": {
        "identifier": {
          "scheme": "MK-009KDH999",
          "id": "GACM",
          "legalName": "Grupo Aeroportuario de la Ciudad de Mexico, S.A. de C.V.",
          "uri": "http://www.aeropuerto.gob.mx/"
        },
        "name": "Grupo Aeroportuario de la Ciudad de Mexico, S.A. de C.V.",
        "address": {
          "streetAddress": "AV. INSURGENTES SUR NO. 2453 PISO 2 OFICINA 203",
          "locality": "COL. TIZAPAN",
          "region": "DEL. ALVARO OBREGON",
          "postalCode": "01090",
          "countryName": "Mexico"
        },
        "contactPoint": {
          "name": "G05-DIRECCION CORPORATIVA DE ADMINISTRACION Y GESTION INMOBILIARIA",
          "url": "http://www.aeropuerto.gob.mx/"
        }
      },
      "awards": [
        {
          "id": "AA-009KDH999-E67-2016",
          "title": "Servicio Integral de Limpieza en las Oficinas de Grupo Aeroportuario de la Ciudad de Mexico, S.A. de C.V.",
          "description": "Ver documento adjunto",
          "status": "active",
          "value": {
            "amount": 257327,
            "currency": "MXN"
          },
          "suppliers": [
            {
              "identifier": {
                "id": "H&#38;L001219R14",
                "legalName": "H&#38;L Consultoras Asociadas S.A. de C.V."
              },
              "name": "H&#38;L Consultoras Asociadas S.A. de C.V.",
              "address": {
                "streetAddress": "Montecito No. 38 piso 1 Local 10",
                "locality": "Napoles",
                "region": "Benito Juarez",
                "postalCode": "?03810",
                "countryName": "Mexico"
              }
            }
          ],
          "items": [
            {
              "id": "item-95dde3e2-cc98-4b98-ab2d-1daf8799136f",
              "description": "Servicio Integral de Limpieza en las Oficinas de Grupo Aero portuario de la Ciudad de Mexico, S.A. de C.V.",
              "classification": {
                "scheme": "SERVICIOS DE LAVANDERIA, LIMPIEZA, HIGIENE",
                "id": "3580"
              },
              "quantity": 1,
              "unit": {
                "name": "srv",
                "value": {
                  "amount": 257327,
                  "currency": "MXN"
                }
              }
            }
          ],
          "contractPeriod": {
            "startDate": "2015-01-02T06:00:00.000Z",
            "endDate": "2015-06-30T05:00:00.000Z"
          },
          "documents": [
            {
              "id": "doc-a7c517a3-16bf-4635-ae5a-90aed075947f",
              "documentType": "Award Notice",
              "title": "Fallo",
              "description": "Acta de Fallo",
              "url": "http://189.211.120.220:8880/files/opendata/15018-AD-AS-DCAGI-SC-018-15/12.-%20AF/12.pdf",
              "datePublished": "2015-01-02T06:00:00.000Z",
              "dateModified": "2015-01-02T06:00:00.000Z",
              "format": "html",
              "language": "es"
            },
            {
              "id": "doc-a83f6522-d0fe-48bd-9b10-5be96702b495",
              "documentType": "Award Notice",
              "title": "Fallo",
              "description": "Descripcion del acto de presentacion y apertura de proposiciones",
              "url": "http://189.211.120.220:8880/files/opendata/15018-AD-AS-DCAGI-SC-018-15/10.-%20AP/10.pdf",
              "datePublished": "2015-01-02T06:00:00.000Z",
              "dateModified": "2015-01-02T06:00:00.000Z",
              "format": "html",
              "language": "es"
            }
          ]
        }
      ],
      "contracts": [
        {
          "id": "AD-AS-DCAGI-SC-018/15",
          "awardID": "AA-009KDH999-E67-2016",
          "title": "Servicio Integral de Limpieza en las Oficinas de Grupo Aeroportuario de la Ciudad de Mexico, S.A. de C.V.",
          "description": "Ver documento adjunto",
          "status": "active",
          "period": {
            "startDate": "2015-01-02T06:00:00.000Z",
            "endDate": "2015-06-30T05:00:00.000Z"
          },
          "value": {
            "amount": 257327,
            "currency": "MXN"
          },
          "items": [
            {
              "id": "item-c4e19a0b-2018-4695-8a80-c5fb7a5b0ccf",
              "description": "Servicio Integral de Limpieza en las Oficinas de Grupo Aero portuario de la Ciudad de Mexico, S.A. de C.V.",
              "classification": {
                "scheme": "SERVICIOS DE LAVANDERIA, LIMPIEZA, HIGIENE",
                "id": "3580"
              },
              "quantity": 1,
              "unit": {
                "name": "srv",
                "value": {
                  "amount": 257327,
                  "currency": "MXN"
                }
              }
            }
          ],
          "dateSigned": "2015-01-02T06:00:00.000Z",
          "documents": [
            {
              "id": "doc-f797dd43-26a5-4d13-8ce4-241e168f613d",
              "documentType": "Contract Signed",
              "title": "Contrato firmado",
              "description": "Contrato firmado",
              "url": "http://189.211.120.220:8880/files/opendata/15018-AD-AS-DCAGI-SC-018-15/15.-%20CF/15.pdf",
              "datePublished": "2015-01-02T06:00:00.000Z",
              "dateModified": "2015-01-02T06:00:00.000Z",
              "format": "html",
              "language": "es"
            },
            {
              "id": "doc-f325884b-45e9-4ae1-8b00-98e271d372ca",
              "documentType": "Contract Signed",
              "title": "Cl?usula sobre las condiciones de entrega de la obra",
              "description": "Contrato firmado",
              "url": "http://189.211.120.220:8880/files/opendata/15018-AD-AS-DCAGI-SC-018-15/15.-%20CF/15.pdf",
              "datePublished": "2015-01-02T06:00:00.000Z",
              "dateModified": "2015-01-02T06:00:00.000Z",
              "format": "html",
              "language": "es"
            },
            {
              "id": "doc-8239726a-2fa2-46d8-bff5-e7f0bd646d62",
              "documentType": "Contract Guarantees",
              "title": "Fianza de anticipo",
              "description": "Garantia sobre el anticipo",
              "url": "http://189.211.120.220:8880/files/opendata/15018-AD-AS-DCAGI-SC-018-15/17.-%20GA/17.pdf",
              "datePublished": "2015-01-02T06:00:00.000Z",
              "dateModified": "2015-01-02T06:00:00.000Z",
              "format": "html",
              "language": "es"
            },
            {
              "id": "doc-273e982a-3c9a-4a71-92a1-dca7ee89ec04",
              "documentType": "Contract Guarantees",
              "title": "Fianza de cumplimiento",
              "description": "Garantias de cumplimiento",
              "url": "http://189.211.120.220:8880/files/opendata/15018-AD-AS-DCAGI-SC-018-15/18.-%20GC/18.pdf",
              "datePublished": "2015-01-02T06:00:00.000Z",
              "dateModified": "2015-01-02T06:00:00.000Z",
              "format": "html",
              "language": "es"
            }
          ]
        }
      ],
      "language": "es"
    }
  ],
  "publisher": {
    "name": "GACM",
    "scheme": "SERVICIO",
    "uid": "AS",
    "uri": "http://www.aeropuerto.gob.mx/"
  },
  "license": "https://datos.gob.mx/libreusomx/",
  "publicationPolicy": "https://datos.gob.mx/libreusomx/"
}
