{
  "uri": "https://datos.gob.mx/busca/dataset?organization=gacm",
  "publishedDate": "2017-02-15T16:48:26.091Z",
  "releases": [
    {
      "ocid": "41",
      "id": "RELEASE_41_2017-02-15T16:48:26.090Z",
      "date": "2017-02-09T06:00:00.000Z",
      "tag": [
        "contract"
      ],
      "initiationType": "tender",
      "planning": {
        "budget": {
          "source": "http://www.apartados.hacienda.gob.mx/presupuesto/temas/pef/2015/docs/09/r09_kdh_pie.pdf",
          "id": "CONSTRUCCION DE VIAS DE COMUNICACION",
          "description": "RECURSOS FISCALES",
          "amount": {
            "amount": 150000000,
            "currency": "MXN"
          },
          "project": "Nuevo Aeropuerto Internacional de la Ciudad de Mexico",
          "projectID": "46101",
          "uri": "http://www.apartados.hacienda.gob.mx/presupuesto/temas/pef/2015/docs/09/r09_kdh_pie.pdf"
        },
        "rationale": "Desarrollo del Proyecto Ejecutivo, construccion, equipamiento de mobiliario en instalaciones complementarias para el campamento del Grupo Aeroportuario de la Ciudad de Mexico en el sitio del Nuevo Aeropuerto Internacional de la Ciudad de Mexico.",
        "documents": [
          {
            "id": "doc-1c167577-15db-4880-ab9d-f5bf968e6970",
            "documentType": "projectPlan",
            "title": "Proyecto ejecutivo de la obra",
            "description": "Terminos de referencia",
            "url": "http://189.211.120.220:8880/files/opendata/15066-LPN-OP-DCAGI-SC-066-15/4.-%20TR/4.pdf",
            "datePublished": "2015-08-28T05:00:00.000Z",
            "dateModified": "2015-08-28T05:00:00.000Z",
            "format": "html",
            "language": "es"
          }
        ]
      },
      "tender": {
        "id": "830658",
        "title": "Desarrollo del proyecto ejecutivo, construccion, equipamiento de mobiliario en instalaciones complementarias para el campamento del Grupo Aeroportuario de la Ciudad de Mexico en el sitio del Nuevo Aeropuerto Internacional de la Ciudad de Mexico.",
        "description": "Desarrollo del Proyecto Ejecutivo, construccion, equipamiento de mobiliario en instalaciones complementarias para el campamento del Grupo Aeroportuario de la Ciudad de Mexico en el sitio del Nuevo Aeropuerto Internacional de la Ciudad de Mexico.",
        "status": "active",
        "items": [
          {
            "id": "item-4e5f5461-f31e-463f-baf4-dec02ad26a35",
            "description": "Desarrollo del Proyecto Ejecutivo, construccion, equipamiento de mobiliario en instalaciones complementarias para el campamento del Grupo Aeroportuario de la Ciudad de Mexico en l sitio del Nuevo Aeropuerto Internacional de la Ciudad de Mexico.",
            "classification": {
              "scheme": "CONSTRUCCION DE VIAS DE COMUNICACION",
              "id": "6250"
            },
            "quantity": 1,
            "unit": {
              "name": "sop",
              "value": {
                "amount": 112046320.57,
                "currency": "MXN"
              }
            }
          }
        ],
        "value": {
          "amount": 150000000,
          "currency": "MXN"
        },
        "procurementMethod": "open",
        "procurementMethodRationale": "Nacional",
        "metodoDeAdquisicion": "Licitación pública",
        "awardCriteria": "bestValueToGoverment",
        "awardCriteriaDetails": "Presencial",
        "submissionMethod": [
          "Presencial"
        ],
        "tenderPeriod": {
          "startDate": "2011-05-20T20:00:00.000Z",
          "endDate": "2015-07-27T05:00:00.000Z"
        },
        "enquiryPeriod": {
          "startDate": "2015-07-02T05:00:00.000Z",
          "endDate": "2015-07-10T05:00:00.000Z"
        },
        "eligibilityCriteria": "Ver documento adjunto",
        "awardPeriod": {
          "startDate": "2011-05-20T20:00:00.000Z",
          "endDate": "2015-07-27T05:00:00.000Z"
        },
        "documents": [
          {
            "id": "doc-ee7ccf67-ba4c-4dc9-be4a-69fde103a1b7",
            "documentType": "Clarifications",
            "title": "Actas de la junta de aclaraciones",
            "description": "Actas de la junta de aclaraciones",
            "url": "http://189.211.120.220:8880/files/opendata/15066-LPN-OP-DCAGI-SC-066-15/9.-%20AJ/9.2.pdf",
            "datePublished": "2015-08-28T05:00:00.000Z",
            "dateModified": "2015-08-28T05:00:00.000Z",
            "format": "html",
            "language": "es"
          },
          {
            "id": "doc-4dfb3a61-f2f3-49b0-b23c-64cee0896ca9",
            "documentType": "Clarifications",
            "title": "Actas de la junta de aclaraciones",
            "description": "Actas de la junta de aclaraciones",
            "url": "http://189.211.120.220:8880/files/opendata/15066-LPN-OP-DCAGI-SC-066-15/9.-%20AJ/9.1.pdf",
            "datePublished": "2015-08-28T05:00:00.000Z",
            "dateModified": "2015-08-28T05:00:00.000Z",
            "format": "html",
            "language": "es"
          },
          {
            "id": "doc-2d6b8f99-538f-464a-952d-f3e5a3b92144",
            "documentType": "Clarifications",
            "title": "Actas de la junta de aclaraciones",
            "description": "Actas de la junta de aclaraciones",
            "url": "http://189.211.120.220:8880/files/opendata/15066-LPN-OP-DCAGI-SC-066-15/9.-%20AJ/9.pdf",
            "datePublished": "2015-08-28T05:00:00.000Z",
            "dateModified": "2015-08-28T05:00:00.000Z",
            "format": "html",
            "language": "es"
          },
          {
            "id": "doc-01921f0e-455d-4b54-8364-41898153eb14",
            "documentType": "Tender Notice",
            "title": "Documento que contiene las especificaciones t?cnicas de la obra",
            "description": "Convocatoria al procedimiento de contratacion",
            "url": "http://189.211.120.220:8880/files/opendata/15066-LPN-OP-DCAGI-SC-066-15/8.-%20CC/8.1.pdf",
            "datePublished": "2015-08-28T05:00:00.000Z",
            "dateModified": "2015-08-28T05:00:00.000Z",
            "format": "html",
            "language": "es"
          },
          {
            "id": "doc-d7a85f13-66d9-494a-9396-70856dc615ef",
            "documentType": "Tender Notice",
            "title": "Documento que describe los criterios que deben cumplir los licitantes",
            "description": "Convocatoria al procedimiento de contratacion",
            "url": "http://189.211.120.220:8880/files/opendata/15066-LPN-OP-DCAGI-SC-066-15/8.-%20CC/8.pdf",
            "datePublished": "2015-08-28T05:00:00.000Z",
            "dateModified": "2015-08-28T05:00:00.000Z",
            "format": "html",
            "language": "es"
          },
          {
            "id": "doc-21f850a9-dd85-426e-b71e-93eb7abd223b",
            "documentType": "Tender Notice",
            "title": "Documento que describe los criterios que deben cumplir los licitantes",
            "description": "Convocatoria al procedimiento de contratacion",
            "url": "http://189.211.120.220:8880/files/opendata/15066-LPN-OP-DCAGI-SC-066-15/8.-%20CC/8.1.pdf",
            "datePublished": "2015-08-28T05:00:00.000Z",
            "dateModified": "2015-08-28T05:00:00.000Z",
            "format": "html",
            "language": "es"
          },
          {
            "id": "doc-f033568a-2f45-4e6c-b83c-e0dd8449fb09",
            "documentType": "Tender Notice",
            "title": "Documento que describe los criterios de evaluaci?n",
            "description": "Convocatoria al procedimiento de contratacion",
            "url": "http://189.211.120.220:8880/files/opendata/15066-LPN-OP-DCAGI-SC-066-15/8.-%20CC/8.pdf",
            "datePublished": "2015-08-28T05:00:00.000Z",
            "dateModified": "2015-08-28T05:00:00.000Z",
            "format": "html",
            "language": "es"
          },
          {
            "id": "doc-7c182e1a-85c5-4f42-ac24-fa9c6a2df909",
            "documentType": "Tender Notice",
            "title": "Documento que contiene las especificaciones t?cnicas de la obra",
            "description": "Convocatoria al procedimiento de contratacion",
            "url": "http://189.211.120.220:8880/files/opendata/15066-LPN-OP-DCAGI-SC-066-15/8.-%20CC/8.pdf",
            "datePublished": "2015-08-28T05:00:00.000Z",
            "dateModified": "2015-08-28T05:00:00.000Z",
            "format": "html",
            "language": "es"
          },
          {
            "id": "doc-46197497-ce90-433d-adde-96ad3d5fcd50",
            "documentType": "Tender Notice",
            "title": "Documento que contiene los objetivos y caracter?sticas del contrato y proceso de licitaci?n",
            "description": "Convocatoria al procedimiento de contratacion",
            "url": "http://189.211.120.220:8880/files/opendata/15066-LPN-OP-DCAGI-SC-066-15/8.-%20CC/8.pdf",
            "datePublished": "2015-08-28T05:00:00.000Z",
            "dateModified": "2015-08-28T05:00:00.000Z",
            "format": "html",
            "language": "es"
          },
          {
            "id": "doc-1e190057-c235-46c8-8aaf-29d2ea9cf031",
            "documentType": "Tender Notice",
            "title": "Documento que contiene los objetivos y caracter?sticas del contrato y proceso de licitaci?n",
            "description": "Convocatoria al procedimiento de contratacion",
            "url": "http://189.211.120.220:8880/files/opendata/15066-LPN-OP-DCAGI-SC-066-15/8.-%20CC/8.1.pdf",
            "datePublished": "2015-08-28T05:00:00.000Z",
            "dateModified": "2015-08-28T05:00:00.000Z",
            "format": "html",
            "language": "es"
          },
          {
            "id": "doc-e0c52a03-8ecc-4b54-b161-f8171a2ed810",
            "documentType": "Tender Notice",
            "title": "Convocatoria al procedimiento de contrataci?n",
            "description": "Convocatoria al procedimiento de contratacion",
            "url": "http://189.211.120.220:8880/files/opendata/15066-LPN-OP-DCAGI-SC-066-15/8.-%20CC/8.pdf",
            "datePublished": "2015-08-28T05:00:00.000Z",
            "dateModified": "2015-08-28T05:00:00.000Z",
            "format": "html",
            "language": "es"
          },
          {
            "id": "doc-47b0dce8-1bc4-4a06-bcf2-5215670b1454",
            "documentType": "Tender Notice",
            "title": "Convocatoria al procedimiento de contrataci?n",
            "description": "Convocatoria al procedimiento de contratacion",
            "url": "http://189.211.120.220:8880/files/opendata/15066-LPN-OP-DCAGI-SC-066-15/8.-%20CC/8.1.pdf",
            "datePublished": "2015-08-28T05:00:00.000Z",
            "dateModified": "2015-08-28T05:00:00.000Z",
            "format": "html",
            "language": "es"
          },
          {
            "id": "doc-4aed3eff-e9d5-4314-82b1-45d77de489c2",
            "documentType": "Tender Notice",
            "title": "Documento que describe los criterios de evaluaci?n",
            "description": "Convocatoria al procedimiento de contratacion",
            "url": "http://189.211.120.220:8880/files/opendata/15066-LPN-OP-DCAGI-SC-066-15/8.-%20CC/8.1.pdf",
            "datePublished": "2015-08-28T05:00:00.000Z",
            "dateModified": "2015-08-28T05:00:00.000Z",
            "format": "html",
            "language": "es"
          }
        ]
      },
      "buyer": {
        "identifier": {
          "scheme": "MK-009KDH999",
          "id": "GACM",
          "legalName": "Grupo Aeroportuario de la Ciudad de Mexico, S.A. de C.V.",
          "uri": "http://www.aeropuerto.gob.mx/"
        },
        "name": "Grupo Aeroportuario de la Ciudad de Mexico, S.A. de C.V.",
        "address": {
          "streetAddress": "AV. INSURGENTES SUR NO. 2453 PISO 2 OFICINA 203",
          "locality": "COL. TIZAPAN",
          "region": "DEL. ALVARO OBREGON",
          "postalCode": "01090",
          "countryName": "Mexico"
        },
        "contactPoint": {
          "name": "G05-DIRECCION CORPORATIVA DE ADMINISTRACION Y GESTION INMOBILIARIA",
          "url": "http://www.aeropuerto.gob.mx/"
        }
      },
      "awards": [
        {
          "id": "LO-009KDH999- N47-2015",
          "title": "Desarrollo del Proyecto Ejecutivo, construccion, equipamiento de mobiliario en instalaciones complementarias para el campamento del Grupo Aeroportuario de la Ciudad de Mexico en el sitio del Nuevo Aeropuerto Internacional de la Ciudad de Mexico.",
          "description": "Ver documento adjunto",
          "status": "active",
          "date": "2015-08-28T05:00:00.000Z",
          "value": {
            "amount": 112046320.57,
            "currency": "MXN"
          },
          "suppliers": [
            {
              "identifier": {
                "id": "AGO090512QT4",
                "legalName": "Acciones Grupo Oro, S.A. de C.V."
              },
              "name": "Acciones Grupo Oro, S.A. de C.V.",
              "address": {
                "streetAddress": "Prolongacion 18 de marzo 300",
                "locality": "Ex Hacienda da La Huerta",
                "region": "Morelia",
                "postalCode": "58080",
                "countryName": "Mexico"
              }
            }
          ],
          "items": [
            {
              "id": "item-d3d6522c-9721-4757-8c48-30274db9ff21",
              "description": "Desarrollo del Proyecto Ejecutivo, construccion, equipamiento de mobiliario en instalaciones complementarias para el campamento del Grupo Aeroportuario de la Ciudad de Mexico en l sitio del Nuevo Aeropuerto Internacional de la Ciudad de Mexico.",
              "classification": {
                "scheme": "CONSTRUCCION DE VIAS DE COMUNICACION",
                "id": "6250"
              },
              "quantity": 1,
              "unit": {
                "name": "sop",
                "value": {
                  "amount": 112046320.57,
                  "currency": "MXN"
                }
              }
            }
          ],
          "contractPeriod": {
            "startDate": "2015-09-10T05:00:00.000Z",
            "endDate": "2016-04-06T05:00:00.000Z"
          },
          "documents": [
            {
              "id": "doc-e50b0066-997d-47ee-a271-2e46029153b3",
              "documentType": "Award Notice",
              "title": "Fallo",
              "description": "Acta de fallo",
              "url": "http://189.211.120.220:8880/files/opendata/15066-LPN-OP-DCAGI-SC-066-15/12.-%20AF/12.pdf",
              "datePublished": "2015-08-28T05:00:00.000Z",
              "dateModified": "2015-08-28T05:00:00.000Z",
              "format": "html",
              "language": "es"
            },
            {
              "id": "doc-b3201b9e-7a35-4528-bd2d-8ab99f3ca51f",
              "documentType": "Award Notice",
              "title": "Fallo",
              "description": "Descripcion del acto de presentacion y apertura de proposiciones",
              "url": "http://189.211.120.220:8880/files/opendata/15066-LPN-OP-DCAGI-SC-066-15/10.-%20AP/10.pdf",
              "datePublished": "2015-08-28T05:00:00.000Z",
              "dateModified": "2015-08-28T05:00:00.000Z",
              "format": "html",
              "language": "es"
            }
          ]
        }
      ],
      "contracts": [
        {
          "id": "LPN-OP-DCAGI-SC-066/15",
          "awardID": "LO-009KDH999- N47-2015",
          "title": "Desarrollo del Proyecto Ejecutivo, construccion, equipamiento de mobiliario en instalaciones complementarias para el campamento del Grupo Aeroportuario de la Ciudad de Mexico en el sitio del Nuevo Aeropuerto Internacional de la Ciudad de Mexico.",
          "description": "Ver documento adjunto",
          "status": "active",
          "period": {
            "startDate": "2015-09-10T05:00:00.000Z",
            "endDate": "2016-04-06T05:00:00.000Z"
          },
          "value": {
            "amount": 112046320.57,
            "currency": "MXN"
          },
          "items": [
            {
              "id": "item-7892f8bc-07dc-414a-bdac-7b8cef53ad00",
              "description": "Desarrollo del Proyecto Ejecutivo, construccion, equipamiento de mobiliario en instalaciones complementarias para el campamento del Grupo Aeroportuario de la Ciudad de Mexico en l sitio del Nuevo Aeropuerto Internacional de la Ciudad de Mexico.",
              "classification": {
                "scheme": "CONSTRUCCION DE VIAS DE COMUNICACION",
                "id": "6250"
              },
              "quantity": 1,
              "unit": {
                "name": "sop",
                "value": {
                  "amount": 112046320.57,
                  "currency": "MXN"
                }
              }
            }
          ],
          "dateSigned": "2015-09-10T05:00:00.000Z",
          "documents": [
            {
              "id": "doc-e72a1614-e883-419b-9077-e6426b4bd161",
              "documentType": "Contract Signed",
              "title": "Contrato firmado",
              "description": "Contrato firmado",
              "url": "http://189.211.120.220:8880/files/opendata/15066-LPN-OP-DCAGI-SC-066-15/15.-%20CF/15.pdf",
              "datePublished": "2015-08-28T05:00:00.000Z",
              "dateModified": "2015-08-28T05:00:00.000Z",
              "format": "html",
              "language": "es"
            },
            {
              "id": "doc-0a9a800d-12b6-4ebf-925a-902a23ee3637",
              "documentType": "Contract Signed",
              "title": "Cl?usula sobre las condiciones de entrega de la obra",
              "description": "Contrato firmado",
              "url": "http://189.211.120.220:8880/files/opendata/15066-LPN-OP-DCAGI-SC-066-15/15.-%20CF/15.pdf",
              "datePublished": "2015-08-28T05:00:00.000Z",
              "dateModified": "2015-08-28T05:00:00.000Z",
              "format": "html",
              "language": "es"
            },
            {
              "id": "doc-96180e17-d9a5-48bb-94f5-74391cca4907",
              "documentType": "Contract Guarantees",
              "title": "Fianza de anticipo",
              "description": "Garantia sobre el anticipo",
              "url": "http://189.211.120.220:8880/files/opendata/15066-LPN-OP-DCAGI-SC-066-15/17.-%20GA/17.pdf",
              "datePublished": "2015-08-28T05:00:00.000Z",
              "dateModified": "2015-08-28T05:00:00.000Z",
              "format": "html",
              "language": "es"
            },
            {
              "id": "doc-d086e79d-2eaf-4f01-bc59-cc03cf5bacee",
              "documentType": "Contract Guarantees",
              "title": "Fianza de cumplimiento",
              "description": "Garantias de cumplimiento",
              "url": "http://189.211.120.220:8880/files/opendata/15066-LPN-OP-DCAGI-SC-066-15/18.-%20GC/18.pdf",
              "datePublished": "2015-08-28T05:00:00.000Z",
              "dateModified": "2015-08-28T05:00:00.000Z",
              "format": "html",
              "language": "es"
            }
          ]
        }
      ],
      "language": "es"
    }
  ],
  "publisher": {
    "name": "GACM",
    "scheme": "SERVICIO",
    "uid": "AS",
    "uri": "http://www.aeropuerto.gob.mx/"
  },
  "license": "https://datos.gob.mx/libreusomx/",
  "publicationPolicy": "https://datos.gob.mx/libreusomx/"
}
