{
  "uri": "https://datos.gob.mx/busca/dataset?organization=gacm",
  "publishedDate": "2017-02-15T16:48:25.159Z",
  "releases": [
    {
      "ocid": "45",
      "id": "RELEASE_45_2017-02-15T16:48:25.159Z",
      "date": "2017-02-08T06:00:00.000Z",
      "tag": [
        "contract"
      ],
      "initiationType": "tender",
      "planning": {
        "budget": {
          "source": "http://www.apartados.hacienda.gob.mx/presupuesto/temas/pef/2015/docs/09/r09_kdh_pie.pdf",
          "id": "OBRAS DE CONSTRUCCION PARA EDIFICIOS NO HABITACIONALES",
          "description": "RECURSOS FISCALES",
          "amount": {
            "amount": 100000,
            "currency": "MXN"
          },
          "project": "Nuevo Aeropuerto Internacional de la Ciudad de Mexico",
          "projectID": "46101",
          "uri": "http://www.apartados.hacienda.gob.mx/presupuesto/temas/pef/2015/docs/09/r09_kdh_pie.pdf"
        },
        "rationale": "Adquisicion de equipo de seguridad (botiquines)",
        "documents": [
          {
            "id": "doc-059cae18-2f2e-4e04-b570-cbe15ec9d4e6",
            "documentType": "projectPlan",
            "title": "Proyecto ejecutivo de la obra",
            "description": "Terminos de referencia",
            "url": "http://189.211.120.220:8880/files/opendata/15052-AD-AS-DCAGI-SC-052-15/4.-%20TR/4.pdf",
            "datePublished": "2015-07-27T05:00:00.000Z",
            "dateModified": "2015-07-27T05:00:00.000Z",
            "format": "html",
            "language": "es"
          }
        ]
      },
      "tender": {
        "id": "901604",
        "title": "Equipo de Seguridad (Botiquines para la DCI)",
        "description": "Adquisicion de equipo de seguridad (botiquines)",
        "status": "active",
        "items": [
          {
            "id": "item-165f6deb-8d23-45d7-83ad-212d85dcc438",
            "classification": {
              "scheme": "EDIFICACION NO HABITACIONAL",
              "id": "6220"
            },
            "quantity": 1,
            "unit": {
              "name": "pz",
              "value": {
                "amount": 73256.41,
                "currency": "MXN"
              }
            }
          },
          {
            "id": "item-8da09c72-111c-4d9d-b517-a4bafeb1cb8f",
            "classification": {
              "scheme": "EDIFICACION NO HABITACIONAL",
              "id": "6220"
            },
            "quantity": 1,
            "unit": {
              "name": "pz",
              "value": {
                "amount": 73256.41,
                "currency": "MXN"
              }
            }
          }
        ],
        "value": {
          "amount": 100000,
          "currency": "MXN"
        },
        "procurementMethod": "limited",
        "procurementMethodRationale": "No aplica",
        "metodoDeAdquisicion": "Adjudicación directa",
        "awardCriteria": "bestValueToGoverment",
        "awardCriteriaDetails": "No aplica",
        "submissionMethod": [
          "No aplica"
        ],
        "eligibilityCriteria": "Ver documento adjunto",
        "documents": [
          {
            "id": "doc-a6ed02c7-52ef-4393-812b-441b4fbbdf93",
            "documentType": "Clarifications",
            "title": "Actas de la junta de aclaraciones",
            "description": "Actas de la junta de aclaraciones",
            "url": "http://189.211.120.220:8880/files/opendata/15052-AD-AS-DCAGI-SC-052-15/9.-%20AJ/9.pdf",
            "datePublished": "2015-07-27T05:00:00.000Z",
            "dateModified": "2015-07-27T05:00:00.000Z",
            "format": "html",
            "language": "es"
          },
          {
            "id": "doc-e57ff012-02cb-4e39-90c4-f64d90fbbd23",
            "documentType": "Tender Notice",
            "title": "Documento que describe los criterios de evaluaci?n",
            "description": "Convocatoria al procedimiento de contratacion",
            "url": "http://189.211.120.220:8880/files/opendata/15052-AD-AS-DCAGI-SC-052-15/8.-%20CC/8.pdf",
            "datePublished": "2015-07-27T05:00:00.000Z",
            "dateModified": "2015-07-27T05:00:00.000Z",
            "format": "html",
            "language": "es"
          },
          {
            "id": "doc-a5842068-e645-4294-a2ae-2b9e0137b44b",
            "documentType": "Tender Notice",
            "title": "Documento que contiene los objetivos y caracter?sticas del contrato y proceso de licitaci?n",
            "description": "Convocatoria al procedimiento de contratacion",
            "url": "http://189.211.120.220:8880/files/opendata/15052-AD-AS-DCAGI-SC-052-15/8.-%20CC/8.pdf",
            "datePublished": "2015-07-27T05:00:00.000Z",
            "dateModified": "2015-07-27T05:00:00.000Z",
            "format": "html",
            "language": "es"
          },
          {
            "id": "doc-aa99dc6d-c589-4ab0-88b4-266bd1e1daa6",
            "documentType": "Tender Notice",
            "title": "Documento que contiene las especificaicones t?cnicas de la obra",
            "description": "Convocatoria al procedimiento de contratacion",
            "url": "http://189.211.120.220:8880/files/opendata/15052-AD-AS-DCAGI-SC-052-15/8.-%20CC/8.pdf",
            "datePublished": "2015-07-27T05:00:00.000Z",
            "dateModified": "2015-07-27T05:00:00.000Z",
            "format": "html",
            "language": "es"
          },
          {
            "id": "doc-4156fea7-28d7-495d-9a2c-75dae9450bbe",
            "documentType": "Tender Notice",
            "title": "Convocatoria al procedimiento de contrataci?n",
            "description": "Convocatoria al procedimiento de contratacion",
            "url": "http://189.211.120.220:8880/files/opendata/15052-AD-AS-DCAGI-SC-052-15/8.-%20CC/8.pdf",
            "datePublished": "2015-07-27T05:00:00.000Z",
            "dateModified": "2015-07-27T05:00:00.000Z",
            "format": "html",
            "language": "es"
          },
          {
            "id": "doc-41a7d334-20ba-4eb5-82ae-13c9b583ad2d",
            "documentType": "Tender Notice",
            "title": "Documento que describe los criterios que deben cumplir los licitantes",
            "description": "Convocatoria al procedimiento de contratacion",
            "url": "http://189.211.120.220:8880/files/opendata/15052-AD-AS-DCAGI-SC-052-15/8.-%20CC/8.pdf",
            "datePublished": "2015-07-27T05:00:00.000Z",
            "dateModified": "2015-07-27T05:00:00.000Z",
            "format": "html",
            "language": "es"
          }
        ]
      },
      "buyer": {
        "identifier": {
          "scheme": "MK-009KDH999",
          "id": "GACM",
          "legalName": "Grupo Aeroportuario de la Ciudad de Mexico, S.A. de C.V.",
          "uri": "http://www.aeropuerto.gob.mx/"
        },
        "name": "Grupo Aeroportuario de la Ciudad de Mexico, S.A. de C.V.",
        "address": {
          "streetAddress": "AV. INSURGENTES SUR NO. 2453 PISO 2 OFICINA 203",
          "locality": "COL. TIZAPAN",
          "region": "DEL. ALVARO OBREGON",
          "postalCode": "01090",
          "countryName": "Mexico"
        },
        "contactPoint": {
          "name": "G05-DIRECCION CORPORATIVA DE ADMINISTRACION Y GESTION INMOBILIARIA",
          "url": "http://www.aeropuerto.gob.mx/"
        }
      },
      "awards": [
        {
          "id": "SA-009KDH999-N67-2015",
          "title": "Equipo de Seguridad (Botiquines para la DCI)",
          "description": "Ver documento adjunto",
          "status": "active",
          "value": {
            "amount": 73256.41,
            "currency": "MXN"
          },
          "suppliers": [
            {
              "identifier": {
                "id": "ASA131016MT6",
                "legalName": "Actividades Sustentables Administrativos, S.A. de C.V."
              },
              "name": "Actividades Sustentables Administrativos, S.A. de C.V.",
              "address": {
                "streetAddress": "Tlacotalpan numero 13 despacho 02",
                "locality": "Roma Sur",
                "region": "Cuauhtemoc",
                "postalCode": "6760",
                "countryName": "Mexico"
              }
            }
          ],
          "items": [
            {
              "id": "item-e4dc7b6d-0975-4ad9-a02a-c3d8c7dcb63e",
              "classification": {
                "scheme": "EDIFICACION NO HABITACIONAL",
                "id": "6220"
              },
              "quantity": 1,
              "unit": {
                "name": "pz",
                "value": {
                  "amount": 73256.41,
                  "currency": "MXN"
                }
              }
            },
            {
              "id": "item-455671cd-8947-496f-827c-c1e6d0375f52",
              "classification": {
                "scheme": "EDIFICACION NO HABITACIONAL",
                "id": "6220"
              },
              "quantity": 1,
              "unit": {
                "name": "pz",
                "value": {
                  "amount": 73256.41,
                  "currency": "MXN"
                }
              }
            }
          ],
          "contractPeriod": {
            "startDate": "2015-07-28T05:00:00.000Z",
            "endDate": "2015-08-03T05:00:00.000Z"
          },
          "documents": [
            {
              "id": "doc-ae5c38ab-3135-4211-9b05-e9d7686cee5b",
              "documentType": "Award Notice",
              "title": "Fallo",
              "description": "Acta de Fallo",
              "url": "http://189.211.120.220:8880/files/opendata/15052-AD-AS-DCAGI-SC-052-15/12.-%20AF/12.pdf",
              "datePublished": "2015-07-27T05:00:00.000Z",
              "dateModified": "2015-07-27T05:00:00.000Z",
              "format": "html",
              "language": "es"
            },
            {
              "id": "doc-21a36f4f-d74f-48a0-8917-cecc63a38576",
              "documentType": "Award Notice",
              "title": "Fallo",
              "description": "Descripcion del acto de presentacion y apertura de proposiciones",
              "url": "http://189.211.120.220:8880/files/opendata/15052-AD-AS-DCAGI-SC-052-15/10.-%20AP/10.pdf",
              "datePublished": "2015-07-27T05:00:00.000Z",
              "dateModified": "2015-07-27T05:00:00.000Z",
              "format": "html",
              "language": "es"
            }
          ]
        }
      ],
      "contracts": [
        {
          "id": "AD-AS-DCAGI-SC-052/15",
          "awardID": "SA-009KDH999-N67-2015",
          "title": "Equipo de Seguridad (Botiquines para la DCI)",
          "description": "Ver documento adjunto",
          "status": "active",
          "period": {
            "startDate": "2015-07-28T05:00:00.000Z",
            "endDate": "2015-08-03T05:00:00.000Z"
          },
          "value": {
            "amount": 73256.41,
            "currency": "MXN"
          },
          "items": [
            {
              "id": "item-d720b94e-07b2-49fa-b767-535be7a89f6f",
              "classification": {
                "scheme": "EDIFICACION NO HABITACIONAL",
                "id": "6220"
              },
              "quantity": 1,
              "unit": {
                "name": "pz",
                "value": {
                  "amount": 73256.41,
                  "currency": "MXN"
                }
              }
            },
            {
              "id": "item-a2095905-cb4a-43d2-80e3-39b2ed9f656a",
              "classification": {
                "scheme": "EDIFICACION NO HABITACIONAL",
                "id": "6220"
              },
              "quantity": 1,
              "unit": {
                "name": "pz",
                "value": {
                  "amount": 73256.41,
                  "currency": "MXN"
                }
              }
            }
          ],
          "dateSigned": "2015-07-28T05:00:00.000Z",
          "documents": [
            {
              "id": "doc-31744952-c19f-455b-af3c-96b8c560886d",
              "documentType": "Contract Signed",
              "title": "Contrato firmado",
              "description": "Contrato firmado",
              "url": "http://189.211.120.220:8880/files/opendata/15052-AD-AS-DCAGI-SC-052-15/15.-%20CF/15.pdf",
              "datePublished": "2015-07-27T05:00:00.000Z",
              "dateModified": "2015-07-27T05:00:00.000Z",
              "format": "html",
              "language": "es"
            },
            {
              "id": "doc-e72b4476-de46-4ae5-b962-7b6a88c9caf4",
              "documentType": "Contract Signed",
              "title": "Cl?usula sobre las condiciones de entrega de la obra",
              "description": "Contrato firmado",
              "url": "http://189.211.120.220:8880/files/opendata/15052-AD-AS-DCAGI-SC-052-15/15.-%20CF/15.pdf",
              "datePublished": "2015-07-27T05:00:00.000Z",
              "dateModified": "2015-07-27T05:00:00.000Z",
              "format": "html",
              "language": "es"
            },
            {
              "id": "doc-1df89a3d-d40a-4507-9dc7-6b7992aae54b",
              "documentType": "Contract Guarantees",
              "title": "Fianza de anticipo",
              "description": "Garantia sobre el anticipo",
              "url": "http://189.211.120.220:8880/files/opendata/15052-AD-AS-DCAGI-SC-052-15/17.-%20GA/17.pdf",
              "datePublished": "2015-07-27T05:00:00.000Z",
              "dateModified": "2015-07-27T05:00:00.000Z",
              "format": "html",
              "language": "es"
            },
            {
              "id": "doc-c428edd4-2c13-48ef-9d39-9b38879db714",
              "documentType": "Contract Guarantees",
              "title": "Fianza de cumplimiento",
              "description": "Garantias de cumplimiento",
              "url": "http://189.211.120.220:8880/files/opendata/15052-AD-AS-DCAGI-SC-052-15/18.-%20GC/18.pdf",
              "datePublished": "2015-07-27T05:00:00.000Z",
              "dateModified": "2015-07-27T05:00:00.000Z",
              "format": "html",
              "language": "es"
            }
          ]
        }
      ],
      "language": "es"
    }
  ],
  "publisher": {
    "name": "GACM",
    "scheme": "BIEN",
    "uid": "AB",
    "uri": "http://www.aeropuerto.gob.mx/"
  },
  "license": "https://datos.gob.mx/libreusomx/",
  "publicationPolicy": "https://datos.gob.mx/libreusomx/"
}
