{
  "uri": "https://datos.gob.mx/busca/dataset?organization=gacm",
  "publishedDate": "2017-02-15T16:48:26.084Z",
  "releases": [
    {
      "ocid": "459",
      "id": "RELEASE_459_2017-02-15T16:48:26.083Z",
      "date": "2017-02-09T06:00:00.000Z",
      "tag": [
        "contract"
      ],
      "initiationType": "tender",
      "planning": {
        "budget": {
          "source": "http://www.apartados.hacienda.gob.mx/presupuesto/temas/pef/2016/docs/09/r09_kdh_pie.pdf",
          "id": "APORTACIONES A FIDEICOMISOS PUBLICOS",
          "description": "RECURSOS FISCALES",
          "amount": {
            "amount": 11310000,
            "currency": "MXN"
          },
          "project": "Nuevo Aeropuerto Internacional de la Ciudad de Mexico",
          "projectID": "46101",
          "uri": "http://www.apartados.hacienda.gob.mx/presupuesto/temas/pef/2016/docs/09/r09_kdh_pie.pdf"
        },
        "rationale": "Construccion de la losa de cimentacion del edificio terminal del NAICM",
        "documents": [
          {
            "id": "doc-d1018a36-117a-42bf-93cc-42ef9a0111e2",
            "documentType": "projectPlan",
            "title": "Proyecto ejecutivo de la obra",
            "description": "Terminos de referencia",
            "url": "http://189.211.120.220:8880/files/opendata/16080-LPI-OP-DCAGI-SC-080-16/4.-%20TR/4.pdf",
            "datePublished": "2016-10-21T05:00:00.000Z",
            "dateModified": "2016-10-21T05:00:00.000Z",
            "format": "html",
            "language": "es"
          }
        ]
      },
      "tender": {
        "id": "1101253?",
        "title": "Construccion de la losa de cimentacion del edificio terminal del NAICM",
        "description": "Construccion de la losa de cimentacion del edificio terminal del NAICM",
        "status": "active",
        "items": [
          {
            "id": "item-c6dc0416-c237-4368-96ef-e19e729088b1",
            "description": "Construccion de la losa de cimentacion del edificio terminal del NAICM",
            "classification": {
              "scheme": "EDIFICACION NO HABITACIONAL",
              "id": "6220"
            },
            "quantity": 1,
            "unit": {
              "name": "obr",
              "value": {
                "amount": 7555647477,
                "currency": "MXN"
              }
            }
          }
        ],
        "value": {
          "amount": 11310000,
          "currency": "MXN"
        },
        "procurementMethod": "open",
        "procurementMethodRationale": "Internacional",
        "metodoDeAdquisicion": "Licitación pública",
        "awardCriteria": "bestValueToGoverment",
        "awardCriteriaDetails": "Presencial",
        "submissionMethod": [
          "Presencial"
        ],
        "tenderPeriod": {
          "startDate": "2016-07-04T05:00:00.000Z",
          "endDate": "2016-10-06T05:00:00.000Z"
        },
        "enquiryPeriod": {
          "startDate": "2022-07-20T21:00:00.000Z",
          "endDate": "2026-09-20T21:00:00.000Z"
        },
        "hasEnquiries": true,
        "eligibilityCriteria": "Ver documento adjunto",
        "awardPeriod": {
          "startDate": "2016-07-04T05:00:00.000Z",
          "endDate": "2016-10-06T05:00:00.000Z"
        },
        "documents": [
          {
            "id": "doc-dd31c262-5d60-40f5-878f-fea443234ede",
            "documentType": "Clarifications",
            "title": "Actas de la junta de aclaraciones",
            "description": "Actas de la junta de aclaraciones",
            "url": "http://189.211.120.220:8880/files/opendata/16080-LPI-OP-DCAGI-SC-080-16/9.-%20AJ/9.3.pdf",
            "datePublished": "2016-10-21T05:00:00.000Z",
            "dateModified": "2016-10-21T05:00:00.000Z",
            "format": "html",
            "language": "es"
          },
          {
            "id": "doc-8e3461fb-987d-4e2c-b201-71160d2e7603",
            "documentType": "Clarifications",
            "title": "Actas de la junta de aclaraciones",
            "description": "Actas de la junta de aclaraciones",
            "url": "http://189.211.120.220:8880/files/opendata/16080-LPI-OP-DCAGI-SC-080-16/9.-%20AJ/9.pdf",
            "datePublished": "2016-10-21T05:00:00.000Z",
            "dateModified": "2016-10-21T05:00:00.000Z",
            "format": "html",
            "language": "es"
          },
          {
            "id": "doc-0a05a95c-4bf9-4995-8cd5-645c2f9983e6",
            "documentType": "Clarifications",
            "title": "Actas de la junta de aclaraciones",
            "description": "Actas de la junta de aclaraciones",
            "url": "http://189.211.120.220:8880/files/opendata/16080-LPI-OP-DCAGI-SC-080-16/9.-%20AJ/9.1.pdf",
            "datePublished": "2016-10-21T05:00:00.000Z",
            "dateModified": "2016-10-21T05:00:00.000Z",
            "format": "html",
            "language": "es"
          },
          {
            "id": "doc-2b5524b3-1a46-4c39-9f75-5feaad31fad6",
            "documentType": "Clarifications",
            "title": "Actas de la junta de aclaraciones",
            "description": "Actas de la junta de aclaraciones",
            "url": "http://189.211.120.220:8880/files/opendata/16080-LPI-OP-DCAGI-SC-080-16/9.-%20AJ/9.2.pdf",
            "datePublished": "2016-10-21T05:00:00.000Z",
            "dateModified": "2016-10-21T05:00:00.000Z",
            "format": "html",
            "language": "es"
          },
          {
            "id": "doc-d7072a60-16e1-4bc5-af89-bbab34d37387",
            "documentType": "Clarifications",
            "title": "Actas de la junta de aclaraciones",
            "description": "Actas de la junta de aclaraciones",
            "url": "http://189.211.120.220:8880/files/opendata/16080-LPI-OP-DCAGI-SC-080-16/9.-%20AJ/9.6.pdf",
            "datePublished": "2016-10-21T05:00:00.000Z",
            "dateModified": "2016-10-21T05:00:00.000Z",
            "format": "html",
            "language": "es"
          },
          {
            "id": "doc-ebfb8eaa-de53-44c6-8f56-bcac516e2e55",
            "documentType": "Clarifications",
            "title": "Actas de la junta de aclaraciones",
            "description": "Actas de la junta de aclaraciones",
            "url": "http://189.211.120.220:8880/files/opendata/16080-LPI-OP-DCAGI-SC-080-16/9.-%20AJ/9.7.pdf",
            "datePublished": "2016-10-21T05:00:00.000Z",
            "dateModified": "2016-10-21T05:00:00.000Z",
            "format": "html",
            "language": "es"
          },
          {
            "id": "doc-06c2a898-1505-4e17-bfc4-68f4432ce321",
            "documentType": "Clarifications",
            "title": "Actas de la junta de aclaraciones",
            "description": "Actas de la junta de aclaraciones",
            "url": "http://189.211.120.220:8880/files/opendata/16080-LPI-OP-DCAGI-SC-080-16/9.-%20AJ/9.5.pdf",
            "datePublished": "2016-10-21T05:00:00.000Z",
            "dateModified": "2016-10-21T05:00:00.000Z",
            "format": "html",
            "language": "es"
          },
          {
            "id": "doc-291bcd9d-8502-480e-909c-042c2327fe39",
            "documentType": "Clarifications",
            "title": "Actas de la junta de aclaraciones",
            "description": "Actas de la junta de aclaraciones",
            "url": "http://189.211.120.220:8880/files/opendata/16080-LPI-OP-DCAGI-SC-080-16/9.-%20AJ/9.4.pdf",
            "datePublished": "2016-10-21T05:00:00.000Z",
            "dateModified": "2016-10-21T05:00:00.000Z",
            "format": "html",
            "language": "es"
          },
          {
            "id": "doc-42b208f3-8dd2-4c13-8c14-cc19797d9e36",
            "documentType": "Tender Notice",
            "title": "Documento que contiene las especificaciones t?cnicas de la obra",
            "description": "Convocatoria al procedimiento de contratacion",
            "url": "http://189.211.120.220:8880/files/opendata/16080-LPI-OP-DCAGI-SC-080-16/8.-%20CC/8.pdf",
            "datePublished": "2016-10-21T05:00:00.000Z",
            "dateModified": "2016-10-21T05:00:00.000Z",
            "format": "html",
            "language": "es"
          },
          {
            "id": "doc-06ba4754-2423-4cbc-8e61-f2b781a07798",
            "documentType": "Tender Notice",
            "title": "Documento que describe los criterios que deben cumplir los licitantes",
            "description": "Convocatoria al procedimiento de contratacion",
            "url": "http://189.211.120.220:8880/files/opendata/16080-LPI-OP-DCAGI-SC-080-16/8.-%20CC/8.pdf",
            "datePublished": "2016-10-21T05:00:00.000Z",
            "dateModified": "2016-10-21T05:00:00.000Z",
            "format": "html",
            "language": "es"
          },
          {
            "id": "doc-d0752061-bd96-4912-83ed-714e303eb8d6",
            "documentType": "Tender Notice",
            "title": "Documento que contiene los objetivos y caracter?sticas del contrato y proceso de licitaci?n",
            "description": "Convocatoria al procedimiento de contratacion",
            "url": "http://189.211.120.220:8880/files/opendata/16080-LPI-OP-DCAGI-SC-080-16/8.-%20CC/8.pdf",
            "datePublished": "2016-10-21T05:00:00.000Z",
            "dateModified": "2016-10-21T05:00:00.000Z",
            "format": "html",
            "language": "es"
          },
          {
            "id": "doc-a824862d-53b3-4a58-bbbe-d0532960c036",
            "documentType": "Tender Notice",
            "title": "Convocatoria al procedimiento de contrataci?n",
            "description": "Convocatoria al procedimiento de contratacion",
            "url": "http://189.211.120.220:8880/files/opendata/16080-LPI-OP-DCAGI-SC-080-16/8.-%20CC/8.pdf",
            "datePublished": "2016-10-21T05:00:00.000Z",
            "dateModified": "2016-10-21T05:00:00.000Z",
            "format": "html",
            "language": "es"
          },
          {
            "id": "doc-ff94b87c-6227-4363-8857-b0354510b8c1",
            "documentType": "Tender Notice",
            "title": "Documento que describe los criterios de evaluaci?n",
            "description": "Convocatoria al procedimiento de contratacion",
            "url": "http://189.211.120.220:8880/files/opendata/16080-LPI-OP-DCAGI-SC-080-16/8.-%20CC/8.pdf",
            "datePublished": "2016-10-21T05:00:00.000Z",
            "dateModified": "2016-10-21T05:00:00.000Z",
            "format": "html",
            "language": "es"
          }
        ]
      },
      "buyer": {
        "identifier": {
          "scheme": "MK-009KDH999",
          "id": "GACM",
          "legalName": "Grupo Aeroportuario de la Ciudad de Mexico, S.A. de C.V.",
          "uri": "http://www.aeropuerto.gob.mx/"
        },
        "name": "Grupo Aeroportuario de la Ciudad de Mexico, S.A. de C.V.",
        "address": {
          "streetAddress": "AV. INSURGENTES SUR NO. 2453 PISO 2 OFICINA 203",
          "locality": "COL. TIZAPAN",
          "region": "DEL. ALVARO OBREGON",
          "postalCode": "01090",
          "countryName": "Mexico"
        },
        "contactPoint": {
          "name": "G05-DIRECCION CORPORATIVA DE ADMINISTRACION Y GESTION INMOBILIARIA",
          "url": "http://www.aeropuerto.gob.mx/"
        }
      },
      "awards": [
        {
          "id": "LO-009KDH999-E87-2016",
          "title": "Construccion de la losa de cimentacion del edificio terminal del NAICM",
          "description": "Ver documento adjunto",
          "status": "active",
          "date": "2021-10-20T21:00:00.000Z",
          "value": {
            "amount": 7555647477,
            "currency": "MXN"
          },
          "suppliers": [
            {
              "identifier": {
                "id": "APS100820G57 / IDI930119FX2 / CTR7504156J9 / COI001222UG1 / CCA0304011NA",
                "legalName": "ICA CONSTRUCTORA DE INFRAESTRUCTURA, S.A. DE C.V. /IMPULSORA DE DESARROLLO INTEGRAL, S.A. DE C.V.,CONTROLADORA DE OPERACIONES DE INFRAESTRUCTURA, S.A. DE C.V. /CONSTRUCTORA EL CAJON, S.A. DE C.V.CONSTRUCCIONES Y TRITURACIONES, S.A. DE C.V. /"
              },
              "name": "ICA CONSTRUCTORA DE INFRAESTRUCTURA, S.A. DE C.V. /IMPULSORA DE DESARROLLO INTEGRAL, S.A. DE C.V.,CONTROLADORA DE OPERACIONES DE INFRAESTRUCTURA, S.A. DE C.V. /CONSTRUCTORA EL CAJON, S.A. DE C.V.CONSTRUCCIONES Y TRITURACIONES, S.A. DE C.V. /",
              "address": {
                "streetAddress": "Viaducto Rio Becerra 27",
                "locality": "Napoles",
                "region": "Benito Juarez",
                "postalCode": "03810",
                "countryName": "Mexico"
              }
            }
          ],
          "items": [
            {
              "id": "item-ca9c9351-c950-480d-b517-22fe9ce7faac",
              "description": "Construccion de la losa de cimentacion del edificio terminal del NAICM",
              "classification": {
                "scheme": "EDIFICACION NO HABITACIONAL",
                "id": "6220"
              },
              "quantity": 1,
              "unit": {
                "name": "obr",
                "value": {
                  "amount": 7555647477,
                  "currency": "MXN"
                }
              }
            }
          ],
          "contractPeriod": {
            "startDate": "2020-12-20T22:00:00.000Z",
            "endDate": "2006-12-21T00:00:00.000Z"
          },
          "documents": [
            {
              "id": "doc-042429ed-50b6-4243-9a47-edefc3e4fe9e",
              "documentType": "Award Notice",
              "title": "Fallo",
              "description": "Acta de fallo",
              "url": "http://189.211.120.220:8880/files/opendata/16080-LPI-OP-DCAGI-SC-080-16/12.-%20AF/12.pdf",
              "datePublished": "2016-10-21T05:00:00.000Z",
              "dateModified": "2016-10-21T05:00:00.000Z",
              "format": "html",
              "language": "es"
            }
          ]
        }
      ],
      "contracts": [
        {
          "id": "LPI-OP-DCAGI-SC-080/16",
          "awardID": "LO-009KDH999-E87-2016",
          "title": "Construccion de la losa de cimentacion del edificio terminal del NAICM",
          "description": "Ver documento adjunto",
          "status": "active",
          "period": {
            "startDate": "2016-12-20T06:00:00.000Z",
            "endDate": "2018-12-06T06:00:00.000Z"
          },
          "value": {
            "amount": 7555647477.04,
            "currency": "MXN"
          },
          "items": [
            {
              "id": "item-9abf8e65-5f4e-418a-bd23-fd1bd055badc",
              "description": "Construccion de la losa de cimentacion del edificio terminal del NAICM",
              "classification": {
                "scheme": "EDIFICACION NO HABITACIONAL",
                "id": "6220"
              },
              "quantity": 1,
              "unit": {
                "name": "obr",
                "value": {
                  "amount": 7555647477,
                  "currency": "MXN"
                }
              }
            }
          ],
          "dateSigned": "2016-12-20T06:00:00.000Z",
          "documents": [
            {
              "id": "doc-42a62ec7-bd68-48c2-9aa2-6373d6151adf",
              "documentType": "Contract Signed",
              "title": "Contrato firmado",
              "description": "Contrato firmado",
              "url": "http://189.211.120.220:8880/files/opendata/16080-LPI-OP-DCAGI-SC-080-16/15.-%20CF/15.pdf",
              "datePublished": "2016-10-21T05:00:00.000Z",
              "dateModified": "2016-10-21T05:00:00.000Z",
              "format": "html",
              "language": "es"
            },
            {
              "id": "doc-6cfb865a-e64a-4ef3-862d-3336169a1668",
              "documentType": "Contract Signed",
              "title": "Cl?usula sobre las condiciones de entrega de la obra",
              "description": "Contrato firmado",
              "url": "http://189.211.120.220:8880/files/opendata/16080-LPI-OP-DCAGI-SC-080-16/15.-%20CF/15.pdf",
              "datePublished": "2016-10-21T05:00:00.000Z",
              "dateModified": "2016-10-21T05:00:00.000Z",
              "format": "html",
              "language": "es"
            },
            {
              "id": "doc-2d8dc249-85e0-43f1-9572-1bc008c82c36",
              "documentType": "Contract Guarantees",
              "title": "Fianza de anticipo",
              "description": "Garantia sobre el anticipo",
              "url": "http://189.211.120.220:8880/files/opendata/16080-LPI-OP-DCAGI-SC-080-16/17.-%20GA/17.pdf",
              "datePublished": "2016-10-21T05:00:00.000Z",
              "dateModified": "2016-10-21T05:00:00.000Z",
              "format": "html",
              "language": "es"
            },
            {
              "id": "doc-9c37fba5-02a3-4250-8a9d-f1100e028a8e",
              "documentType": "Contract Guarantees",
              "title": "Fianza de cumplimiento",
              "description": "Garantias de cumplimiento",
              "url": "http://189.211.120.220:8880/files/opendata/16080-LPI-OP-DCAGI-SC-080-16/18.-%20GC/18.pdf",
              "datePublished": "2016-10-21T05:00:00.000Z",
              "dateModified": "2016-10-21T05:00:00.000Z",
              "format": "html",
              "language": "es"
            }
          ]
        }
      ],
      "language": "es"
    }
  ],
  "publisher": {
    "name": "GACM",
    "scheme": "OBRA",
    "uid": "OP",
    "uri": "http://www.aeropuerto.gob.mx/"
  },
  "license": "https://datos.gob.mx/libreusomx/",
  "publicationPolicy": "https://datos.gob.mx/libreusomx/"
}
