{
  "uri": "https://datos.gob.mx/busca/dataset?organization=gacm",
  "publishedDate": "2017-02-15T16:48:26.205Z",
  "releases": [
    {
      "ocid": "473",
      "id": "RELEASE_473_2017-02-15T16:48:26.204Z",
      "date": "2017-02-09T06:00:00.000Z",
      "tag": [
        "contract"
      ],
      "initiationType": "tender",
      "planning": {
        "budget": {
          "id": "Regularizacion de la informacion relativa a la auditoria corporativa de Grupo Aeroportuario de la Ciudad de Mexico S.A. de C.V.",
          "description": "Presupuesto de Egresos de la Fedracion 2014",
          "amount": {
            "amount": 389000,
            "currency": "MXN"
          },
          "project": "Nuevo Aeropuerto Internacional de la Ciudad de Mexico",
          "projectID": "46101"
        },
        "rationale": "Regularizacion de la informacion relativa a la auditoria corporativa de Grupo Aeroportuario de la Ciudad de Mexico S.A. de C.V.",
        "documents": [
          {
            "id": "doc-1ede4bc5-775d-43c8-b3d3-437629cbb029",
            "documentType": "projectPlan",
            "title": "Proyecto ejecutivo de la obra",
            "description": "Terminos de referencia",
            "url": "http://189.211.120.220:8880/files/opendata/14001-AD-DIR-01-SJ-2014/4.-%20TR/4.pdf",
            "datePublished": "2014-11-25T06:00:00.000Z",
            "dateModified": "2014-11-25T06:00:00.000Z",
            "format": "html",
            "language": "es"
          }
        ]
      },
      "tender": {
        "id": "NO APLICA",
        "title": "Servicios de Regularizacion de la Informacion Relativa a la Auditoria Corporativa de Grupo Aeroportuario de la Ciudad de Mexico, S.A De C.V",
        "description": "Regularizacion de la informacion relativa a la auditoria corporativa de Grupo Aeroportuario de la Ciudad de Mexico S.A. de C.V.",
        "status": "active",
        "items": [
          {
            "id": "item-afad7347-6074-4833-a8d7-082ee1232ef7",
            "description": "REGULARIZACION DE LA INFORMACION RELATIVA A LA AUDITORIA CORPORATIVA DEGRUPO AEROPORTUARIO DE LA CIUDAD DE MEXICO S.A DE C.V",
            "classification": {
              "scheme": "SERVICIOS PROFESIONALES, CIENTIFICOS Y TECNICOS INTEGRALES",
              "id": "3390"
            },
            "quantity": 1,
            "unit": {
              "name": "srv",
              "value": {
                "amount": 389000,
                "currency": "MXN"
              }
            }
          }
        ],
        "value": {
          "amount": 389000,
          "currency": "MXN"
        },
        "procurementMethod": "limited",
        "procurementMethodRationale": "Nacional",
        "metodoDeAdquisicion": "Adjudicación directa",
        "awardCriteria": "bestValueToGoverment",
        "awardCriteriaDetails": "No aplica",
        "submissionMethod": [
          "Presencial"
        ],
        "eligibilityCriteria": "Ver documento adjunto",
        "documents": [
          {
            "id": "doc-41008ec2-53a9-4244-8830-f8e11c28f32d",
            "documentType": "Clarifications",
            "title": "Actas de la junta de aclaraciones",
            "description": "Actas de la junta de aclaraciones",
            "url": "http://189.211.120.220:8880/files/opendata/14001-AD-DIR-01-SJ-2014/9.-%20AJ/9.pdf",
            "datePublished": "2014-11-25T06:00:00.000Z",
            "dateModified": "2014-11-25T06:00:00.000Z",
            "format": "html",
            "language": "es"
          },
          {
            "id": "doc-1717ff54-25fd-4a56-8394-790b2b8732fc",
            "documentType": "Tender Notice",
            "title": "Documento que contiene las especificaciones t?cnicas de la obra",
            "description": "Convocatoria al procedimiento de contratacion",
            "url": "http://189.211.120.220:8880/files/opendata/14001-AD-DIR-01-SJ-2014/8.-%20CC/8.pdf",
            "datePublished": "2014-11-25T06:00:00.000Z",
            "dateModified": "2014-11-25T06:00:00.000Z",
            "format": "html",
            "language": "es"
          },
          {
            "id": "doc-157adb34-c676-4d33-9629-7ad9d394fba3",
            "documentType": "Tender Notice",
            "title": "Documento que describe los criterios de evaluaci?n",
            "description": "Convocatoria al procedimiento de contratacion",
            "url": "http://189.211.120.220:8880/files/opendata/14001-AD-DIR-01-SJ-2014/8.-%20CC/8.pdf",
            "datePublished": "2014-11-25T06:00:00.000Z",
            "dateModified": "2014-11-25T06:00:00.000Z",
            "format": "html",
            "language": "es"
          },
          {
            "id": "doc-33f3f629-931d-4f5a-ae92-ba1cf7288219",
            "documentType": "Tender Notice",
            "title": "Documento que contiene los objetivos y caracter?sticas del contrato y proceso de licitaci?n",
            "description": "Convocatoria al procedimiento de contratacion",
            "url": "http://189.211.120.220:8880/files/opendata/14001-AD-DIR-01-SJ-2014/8.-%20CC/8.pdf",
            "datePublished": "2014-11-25T06:00:00.000Z",
            "dateModified": "2014-11-25T06:00:00.000Z",
            "format": "html",
            "language": "es"
          },
          {
            "id": "doc-f52f1c2e-94d1-46fe-9a6e-ab120d329c46",
            "documentType": "Tender Notice",
            "title": "Convocatoria al procedimiento de contrataci?n",
            "description": "Convocatoria al procedimiento de contratacion",
            "url": "http://189.211.120.220:8880/files/opendata/14001-AD-DIR-01-SJ-2014/8.-%20CC/8.pdf",
            "datePublished": "2014-11-25T06:00:00.000Z",
            "dateModified": "2014-11-25T06:00:00.000Z",
            "format": "html",
            "language": "es"
          },
          {
            "id": "doc-a4625704-2210-4ff8-aa00-535b94054cf6",
            "documentType": "Tender Notice",
            "title": "Documento que describe los criterios que deben cumplir los licitantes",
            "description": "Convocatoria al procedimiento de contratacion",
            "url": "http://189.211.120.220:8880/files/opendata/14001-AD-DIR-01-SJ-2014/8.-%20CC/8.pdf",
            "datePublished": "2014-11-25T06:00:00.000Z",
            "dateModified": "2014-11-25T06:00:00.000Z",
            "format": "html",
            "language": "es"
          }
        ]
      },
      "buyer": {
        "identifier": {
          "scheme": "MK-009KDH999",
          "id": "GACM",
          "legalName": "Grupo Aeroportuario de la Ciudad de Mexico, S.A. de C.V.",
          "uri": "http://www.aeropuerto.gob.mx/"
        },
        "name": "Grupo Aeroportuario de la Ciudad de Mexico, S.A. de C.V.",
        "address": {
          "streetAddress": "AV. INSURGENTES SUR NO. 2453 PISO 2 OFICINA 203",
          "locality": "COL. TIZAPAN",
          "region": "DEL. ALVARO OBREGON",
          "postalCode": "01090",
          "countryName": "Mexico"
        },
        "contactPoint": {
          "name": "G05-DIRECCION CORPORATIVA DE ADMINISTRACION Y GESTION INMOBILIARIA",
          "url": "http://www.aeropuerto.gob.mx/"
        }
      },
      "awards": [
        {
          "id": "AA-009KDH999-E65-2016",
          "title": "Sevicios de Regularizacion de la Informacion Relativa a la Auditoria Corporativa de Grupo Aeroportuario de la Ciudad de Mexico, S.A. De C.V.",
          "description": "Ver documento adjunto",
          "status": "active",
          "value": {
            "amount": 389000,
            "currency": "MXN"
          },
          "suppliers": [
            {
              "identifier": {
                "id": "CLA980911IYA",
                "legalName": "CUESTA Y LLACA, S.C."
              },
              "name": "CUESTA Y LLACA, S.C.",
              "address": {
                "streetAddress": "Avenida san Jeronimo numero 369, Torre 1, Piso 2-C",
                "locality": "Tizapan",
                "region": "Alvaro Obregon",
                "postalCode": "1090",
                "countryName": "Mexico"
              }
            }
          ],
          "items": [
            {
              "id": "item-fcbd1223-c63a-4cec-9115-5ed5472d4f56",
              "description": "REGULARIZACION DE LA INFORMACION RELATIVA A LA AUDITORIA CORPORATIVA DEGRUPO AEROPORTUARIO DE LA CIUDAD DE MEXICO S.A DE C.V",
              "classification": {
                "scheme": "SERVICIOS PROFESIONALES, CIENTIFICOS Y TECNICOS INTEGRALES",
                "id": "3390"
              },
              "quantity": 1,
              "unit": {
                "name": "srv",
                "value": {
                  "amount": 389000,
                  "currency": "MXN"
                }
              }
            }
          ],
          "contractPeriod": {
            "startDate": "2014-11-25T06:00:00.000Z",
            "endDate": "2014-12-31T06:00:00.000Z"
          },
          "documents": [
            {
              "id": "doc-c1eaa026-6321-42d9-8d8b-d81f478b5fe2",
              "documentType": "Award Notice",
              "title": "Fallo",
              "description": "Acta de fallo",
              "url": "http://189.211.120.220:8880/files/opendata/14001-AD-DIR-01-SJ-2014/12.-%20AF/12.pdf",
              "datePublished": "2014-11-25T06:00:00.000Z",
              "dateModified": "2014-11-25T06:00:00.000Z",
              "format": "html",
              "language": "es"
            },
            {
              "id": "doc-77a668fa-40a0-4169-bc6a-d72150abbc5d",
              "documentType": "Award Notice",
              "title": "Fallo",
              "description": "Descripcion del acto de presentacion y apertura de proposiciones",
              "url": "http://189.211.120.220:8880/files/opendata/14001-AD-DIR-01-SJ-2014/10.-%20AP/10.pdf",
              "datePublished": "2014-11-25T06:00:00.000Z",
              "dateModified": "2014-11-25T06:00:00.000Z",
              "format": "html",
              "language": "es"
            }
          ]
        }
      ],
      "contracts": [
        {
          "id": "AD.DIR/01/SJ/2014",
          "awardID": "AA-009KDH999-E65-2016",
          "title": "Sevicios de Regularizacion de la Informacion Relativa a la Auditoria Corporativa de Grupo Aeroportuario de la Ciudad de Mexico, S.A. De C.V.",
          "description": "Ver documento adjunto",
          "status": "active",
          "period": {
            "startDate": "2014-11-25T06:00:00.000Z",
            "endDate": "2014-12-31T06:00:00.000Z"
          },
          "value": {
            "amount": 389000,
            "currency": "MXN"
          },
          "items": [
            {
              "id": "item-4f4198bc-d9a3-4d72-b0c3-b05554ad3371",
              "description": "REGULARIZACION DE LA INFORMACION RELATIVA A LA AUDITORIA CORPORATIVA DEGRUPO AEROPORTUARIO DE LA CIUDAD DE MEXICO S.A DE C.V",
              "classification": {
                "scheme": "SERVICIOS PROFESIONALES, CIENTIFICOS Y TECNICOS INTEGRALES",
                "id": "3390"
              },
              "quantity": 1,
              "unit": {
                "name": "srv",
                "value": {
                  "amount": 389000,
                  "currency": "MXN"
                }
              }
            }
          ],
          "dateSigned": "2014-11-25T06:00:00.000Z",
          "documents": [
            {
              "id": "doc-57a14130-79f6-4fa5-a222-c92d587f8c64",
              "documentType": "Contract Signed",
              "title": "Cl?usula sobre las condiciones de entrega de la obra",
              "description": "Contrato firmado",
              "url": "http://189.211.120.220:8880/files/opendata/14001-AD-DIR-01-SJ-2014/15.-%20CF/15.pdf",
              "datePublished": "2014-11-25T06:00:00.000Z",
              "dateModified": "2014-11-25T06:00:00.000Z",
              "format": "html",
              "language": "es"
            },
            {
              "id": "doc-18fc681e-805e-4d66-bf34-5c057dce43a2",
              "documentType": "Contract Signed",
              "title": "Contrato firmado",
              "description": "Contrato firmado",
              "url": "http://189.211.120.220:8880/files/opendata/14001-AD-DIR-01-SJ-2014/15.-%20CF/15.pdf",
              "datePublished": "2014-11-25T06:00:00.000Z",
              "dateModified": "2014-11-25T06:00:00.000Z",
              "format": "html",
              "language": "es"
            },
            {
              "id": "doc-1367241b-c9d3-4c81-b108-1732377b4dd8",
              "documentType": "Contract Guarantees",
              "title": "Fianza de anticipo",
              "description": "Garantia sobre el anticipo",
              "url": "http://189.211.120.220:8880/files/opendata/14001-AD-DIR-01-SJ-2014/17.-%20GA/17.pdf",
              "datePublished": "2014-11-25T06:00:00.000Z",
              "dateModified": "2014-11-25T06:00:00.000Z",
              "format": "html",
              "language": "es"
            },
            {
              "id": "doc-5d71f1fd-bafb-440b-b10a-36edcc500880",
              "documentType": "Contract Guarantees",
              "title": "Fianza de cumplimiento",
              "description": "Garantias de cumplimiento",
              "url": "http://189.211.120.220:8880/files/opendata/14001-AD-DIR-01-SJ-2014/18.-%20GC/18.pdf",
              "datePublished": "2014-11-25T06:00:00.000Z",
              "dateModified": "2014-11-25T06:00:00.000Z",
              "format": "html",
              "language": "es"
            }
          ]
        }
      ],
      "language": "es"
    }
  ],
  "publisher": {
    "name": "GACM",
    "scheme": "SERVICIO",
    "uid": "AS",
    "uri": "http://www.aeropuerto.gob.mx/"
  },
  "license": "https://datos.gob.mx/libreusomx/",
  "publicationPolicy": "https://datos.gob.mx/libreusomx/"
}
