{
  "uri": "https://datos.gob.mx/busca/dataset?organization=gacm",
  "publishedDate": "2017-02-15T16:48:26.200Z",
  "releases": [
    {
      "ocid": "478",
      "id": "RELEASE_478_2017-02-15T16:48:26.200Z",
      "date": "2017-02-09T06:00:00.000Z",
      "tag": [
        "contract"
      ],
      "initiationType": "tender",
      "planning": {
        "budget": {
          "source": "http://www.apartados.hacienda.gob.mx/presupuesto/temas/pef/2015/docs/09/r09_kdh_pie.pdf",
          "id": "Instrumentar un esquema de colaboracion que permita establecer las bases generales para desarrollar la especialidad de Ingenieria Aeroportuaria",
          "description": "No aplica",
          "amount": {
            "currency": "MXN"
          },
          "project": "Nuevo Aeropuerto Internacional de la Ciudad de Mexico",
          "projectID": "46101",
          "uri": "http://www.apartados.hacienda.gob.mx/presupuesto/temas/pef/2015/docs/09/r09_kdh_pie.pdf"
        },
        "rationale": "Instrumentar un esquema de colaboracion que permita establecer las bases generales para desarrollar la especialidad de Ingenieria Aeroportuaria",
        "documents": [
          {
            "id": "doc-3bbe0246-2d87-4403-8728-5cb089e6a329",
            "documentType": "projectPlan",
            "title": "Proyecto ejecutivo de la obra",
            "description": "Terminos de referencia",
            "url": "http://189.211.120.220:8880/files/opendata/15015-GACM-DCI-SJ-CC-015-2015/4.-%20TR/4.pdf",
            "datePublished": "2015-05-12T05:00:00.000Z",
            "dateModified": "2015-05-12T05:00:00.000Z",
            "format": "html",
            "language": "es"
          }
        ]
      },
      "tender": {
        "id": "No aplica",
        "title": "Instrumentar un esquema de colaboracion que permita establecer las bases generales para desarrollar la especialidad de Ingenieria Aeroportuaria",
        "description": "Instrumentar un esquema de colaboracion que permita establecer las bases generales para desarrollar la especialidad de Ingenieria Aeroportuaria",
        "status": "active",
        "items": [
          {
            "id": "item-8d6910a3-80ca-436d-81f4-25bb01774bbf",
            "description": "Instrumentar un esquema de colaboracion que permita establecer las bases generales para desarrollar la especialidad de Ingenieria Aeroportuaria",
            "classification": {
              "scheme": "EDIFICACION NO HABITACIONAL",
              "id": "6220"
            },
            "quantity": 1,
            "unit": {
              "name": "sop",
              "value": {
                "currency": "MXN"
              }
            }
          }
        ],
        "minValue": {
          "currency": "MXN"
        },
        "value": {
          "currency": "MXN"
        },
        "procurementMethod": "open",
        "procurementMethodRationale": "Nacional",
        "metodoDeAdquisicion": "Convenio de colaboración",
        "awardCriteria": "bestValueToGoverment",
        "awardCriteriaDetails": "Presencial",
        "submissionMethod": [
          "Presencial"
        ],
        "eligibilityCriteria": "Ver documento adjunto",
        "documents": [
          {
            "id": "doc-1bc5505e-606b-4d5f-8cf3-874cf2f0fc0b",
            "documentType": "Clarifications",
            "title": "Actas de la junta de aclaraciones",
            "description": "Actas de la junta de aclaraciones",
            "url": "http://189.211.120.220:8880/files/opendata/15015-GACM-DCI-SJ-CC-015-2015/9.-%20AJ/9.pdf",
            "datePublished": "2015-05-12T05:00:00.000Z",
            "dateModified": "2015-05-12T05:00:00.000Z",
            "format": "html",
            "language": "es"
          },
          {
            "id": "doc-5267ff91-6346-4d55-a66b-5c4431b02ebc",
            "documentType": "Tender Notice",
            "title": "Documento que contiene las especificaciones t?cnicas de la obra",
            "description": "Convocatoria al procedimiento de contratacion",
            "url": "http://189.211.120.220:8880/files/opendata/15015-GACM-DCI-SJ-CC-015-2015/8.-%20CC/8.pdf",
            "datePublished": "2015-05-12T05:00:00.000Z",
            "dateModified": "2015-05-12T05:00:00.000Z",
            "format": "html",
            "language": "es"
          },
          {
            "id": "doc-5927b30f-e464-4916-8f65-5f92934bfd1e",
            "documentType": "Tender Notice",
            "title": "Documento que describe los criterios de evaluaci?n",
            "description": "Convocatoria al procedimiento de contratacion",
            "url": "http://189.211.120.220:8880/files/opendata/15015-GACM-DCI-SJ-CC-015-2015/8.-%20CC/8.pdf",
            "datePublished": "2015-05-12T05:00:00.000Z",
            "dateModified": "2015-05-12T05:00:00.000Z",
            "format": "html",
            "language": "es"
          },
          {
            "id": "doc-5a9b32ba-ab71-414e-8868-0d83872331c9",
            "documentType": "Tender Notice",
            "title": "Documento que contiene los objetivos y caracter?sticas del contrato y proceso de licitaci?n",
            "description": "Convocatoria al procedimiento de contratacion",
            "url": "http://189.211.120.220:8880/files/opendata/15015-GACM-DCI-SJ-CC-015-2015/8.-%20CC/8.pdf",
            "datePublished": "2015-05-12T05:00:00.000Z",
            "dateModified": "2015-05-12T05:00:00.000Z",
            "format": "html",
            "language": "es"
          },
          {
            "id": "doc-91e8b6b1-ee94-49d3-bf53-ead6a4984700",
            "documentType": "Tender Notice",
            "title": "Convocatoria al procedimiento de contrataci?n",
            "description": "Convocatoria al procedimiento de contratacion",
            "url": "http://189.211.120.220:8880/files/opendata/15015-GACM-DCI-SJ-CC-015-2015/8.-%20CC/8.pdf",
            "datePublished": "2015-05-12T05:00:00.000Z",
            "dateModified": "2015-05-12T05:00:00.000Z",
            "format": "html",
            "language": "es"
          },
          {
            "id": "doc-c7aabc39-2128-416b-a627-13b3f399ab73",
            "documentType": "Tender Notice",
            "title": "Documento que describe los criterios que deben cumplir los licitantes",
            "description": "Convocatoria al procedimiento de contratacion",
            "url": "http://189.211.120.220:8880/files/opendata/15015-GACM-DCI-SJ-CC-015-2015/8.-%20CC/8.pdf",
            "datePublished": "2015-05-12T05:00:00.000Z",
            "dateModified": "2015-05-12T05:00:00.000Z",
            "format": "html",
            "language": "es"
          }
        ]
      },
      "buyer": {
        "identifier": {
          "scheme": "MK-009KDH999",
          "id": "GACM",
          "legalName": "Grupo Aeroportuario de la Ciudad de Mexico, S.A. de C.V.",
          "uri": "http://www.aeropuerto.gob.mx/"
        },
        "name": "Grupo Aeroportuario de la Ciudad de Mexico, S.A. de C.V.",
        "address": {
          "streetAddress": "AV. INSURGENTES SUR NO. 2453 PISO 2 OFICINA 203",
          "locality": "COL. TIZAPAN",
          "region": "DEL. ALVARO OBREGON",
          "postalCode": "01090",
          "countryName": "Mexico"
        },
        "contactPoint": {
          "name": "G05-DIRECCION CORPORATIVA DE ADMINISTRACION Y GESTION INMOBILIARIA",
          "url": "http://www.aeropuerto.gob.mx/"
        }
      },
      "awards": [
        {
          "id": "No Aplica",
          "title": "Instrumentar un esquema de colaboracion que permita establecer las bases generales para desarrollar la especialidad de Ingenieria Aeroportuaria",
          "description": "Ver documento adjunto",
          "status": "active",
          "value": {
            "currency": "MXN"
          },
          "suppliers": [
            {
              "identifier": {
                "id": "UNA2907227Y5",
                "legalName": "Sociedad de EX Alumnos de la Facultad de Ingenieria de la Universidad Nacional Autonoma de Mexico A.C."
              },
              "name": "Sociedad de EX Alumnos de la Facultad de Ingenieria de la Universidad Nacional Autonoma de Mexico A.C.",
              "address": {
                "streetAddress": "TACUBA 5",
                "locality": "CENTRO",
                "region": "CUAUHTEMOC",
                "postalCode": "06000",
                "countryName": "MEXICO"
              }
            }
          ],
          "items": [
            {
              "id": "item-e37fc25f-5e78-40f9-9e17-be5743fb3d50",
              "description": "Instrumentar un esquema de colaboracion que permita establecer las bases generales para desarrollar la especialidad de Ingenieria Aeroportuaria",
              "classification": {
                "scheme": "EDIFICACION NO HABITACIONAL",
                "id": "6220"
              },
              "quantity": 1,
              "unit": {
                "name": "sop",
                "value": {
                  "currency": "MXN"
                }
              }
            }
          ],
          "contractPeriod": {
            "startDate": "2015-05-12T05:00:00.000Z",
            "endDate": "2025-09-15T05:00:00.000Z"
          },
          "documents": [
            {
              "id": "doc-76d3b6dc-a783-4e53-90d9-9760fa418de5",
              "documentType": "Award Notice",
              "title": "Fallo",
              "description": "Acta de fallo",
              "url": "http://189.211.120.220:8880/files/opendata/15015-GACM-DCI-SJ-CC-015-2015/12.-%20AF/12.pdf",
              "datePublished": "2015-05-12T05:00:00.000Z",
              "dateModified": "2015-05-12T05:00:00.000Z",
              "format": "html",
              "language": "es"
            },
            {
              "id": "doc-f8d0edd8-6ad5-4dfb-ac96-4f0b6512d90c",
              "documentType": "Award Notice",
              "title": "Fallo",
              "description": "Descripcion del acto de presentacion y apertura de proposiciones",
              "url": "http://189.211.120.220:8880/files/opendata/15015-GACM-DCI-SJ-CC-015-2015/10.-%20AP/10.pdf",
              "datePublished": "2015-05-12T05:00:00.000Z",
              "dateModified": "2015-05-12T05:00:00.000Z",
              "format": "html",
              "language": "es"
            }
          ]
        }
      ],
      "contracts": [
        {
          "id": "GACM/DCI/SJ/CC-015-15",
          "awardID": "No Aplica",
          "title": "Instrumentar un esquema de colaboracion que permita establecer las bases generales para desarrollar la especialidad de Ingenieria Aeroportuaria",
          "description": "Ver documento adjunto",
          "status": "active",
          "period": {
            "startDate": "2015-05-12T05:00:00.000Z",
            "endDate": "2025-09-15T05:00:00.000Z"
          },
          "value": {
            "currency": "MXN"
          },
          "items": [
            {
              "id": "item-aef2ca8b-431c-46d8-aeaf-a133497c85ef",
              "description": "Instrumentar un esquema de colaboracion que permita establecer las bases generales para desarrollar la especialidad de Ingenieria Aeroportuaria",
              "classification": {
                "scheme": "EDIFICACION NO HABITACIONAL",
                "id": "6220"
              },
              "quantity": 1,
              "unit": {
                "name": "sop",
                "value": {
                  "currency": "MXN"
                }
              }
            }
          ],
          "dateSigned": "2015-05-12T05:00:00.000Z",
          "documents": [
            {
              "id": "doc-9ba8d295-c08f-45de-8fc5-2a6eb280dcfa",
              "documentType": "Contract Signed",
              "title": "Cl?usula sobre las condiciones de entrega de la obra",
              "description": "Contrato firmado",
              "url": "http://189.211.120.220:8880/files/opendata/15015-GACM-DCI-SJ-CC-015-2015/15.-%20CF/15.pdf",
              "datePublished": "2015-05-12T05:00:00.000Z",
              "dateModified": "2015-05-12T05:00:00.000Z",
              "format": "html",
              "language": "es"
            },
            {
              "id": "doc-f36a108e-ccdf-4a5a-af69-fedc9d4ed091",
              "documentType": "Contract Signed",
              "title": "Contrato firmado",
              "description": "Contrato firmado",
              "url": "http://189.211.120.220:8880/files/opendata/15015-GACM-DCI-SJ-CC-015-2015/15.-%20CF/15.pdf",
              "datePublished": "2015-05-12T05:00:00.000Z",
              "dateModified": "2015-05-12T05:00:00.000Z",
              "format": "html",
              "language": "es"
            },
            {
              "id": "doc-8de28ee5-d424-4372-ad54-e9b286ee8fd9",
              "documentType": "Contract Guarantees",
              "title": "Fianza de anticipo",
              "description": "Garantia sobre el anticipo",
              "url": "http://189.211.120.220:8880/files/opendata/15015-GACM-DCI-SJ-CC-015-2015/17.-%20GA/17.pdf",
              "datePublished": "2015-05-12T05:00:00.000Z",
              "dateModified": "2015-05-12T05:00:00.000Z",
              "format": "html",
              "language": "es"
            },
            {
              "id": "doc-5b87e1b1-de91-4801-95a7-607182bdcb26",
              "documentType": "Contract Guarantees",
              "title": "Fianza de cumplimiento",
              "description": "Garantias de cumplimiento",
              "url": "http://189.211.120.220:8880/files/opendata/15015-GACM-DCI-SJ-CC-015-2015/18.-%20GC/18.pdf",
              "datePublished": "2015-05-12T05:00:00.000Z",
              "dateModified": "2015-05-12T05:00:00.000Z",
              "format": "html",
              "language": "es"
            }
          ]
        }
      ],
      "language": "es"
    }
  ],
  "publisher": {
    "name": "GACM",
    "scheme": "SERVICIO",
    "uid": "AS",
    "uri": "http://www.aeropuerto.gob.mx/"
  },
  "license": "https://datos.gob.mx/libreusomx/",
  "publicationPolicy": "https://datos.gob.mx/libreusomx/"
}
