{
  "uri": "https://datos.gob.mx/busca/dataset?organization=gacm",
  "publishedDate": "2017-02-15T16:48:26.168Z",
  "releases": [
    {
      "ocid": "479",
      "id": "RELEASE_479_2017-02-15T16:48:26.167Z",
      "date": "2017-02-09T06:00:00.000Z",
      "tag": [
        "contract"
      ],
      "initiationType": "tender",
      "planning": {
        "budget": {
          "source": "http://www.apartados.hacienda.gob.mx/presupuesto/temas/pef/2015/docs/09/r09_kdh_pie.pdf",
          "id": "Establecer un mecanismo correspondiente entre GACM y CONAGUA para el mantenimiento y operacion de las obras de infraestructura para llevar a cabo la r",
          "description": "Presupuesto de Egresos de la Federacion 2015 y 2016",
          "amount": {
            "currency": "MXN"
          },
          "project": "Nuevo Aeropuerto Internacional de la Ciudad de Mexico",
          "projectID": "46101",
          "uri": "http://www.apartados.hacienda.gob.mx/presupuesto/temas/pef/2015/docs/09/r09_kdh_pie.pdf"
        },
        "rationale": "Establecer un mecanismo correspondiente entre GACM y CONAGUA para el mantenimiento y operacion de las obras de infraestructura para llevar a cabo la r",
        "documents": [
          {
            "id": "doc-7947a9af-a894-478c-bdf4-e15a1da41d4a",
            "documentType": "projectPlan",
            "title": "Proyecto ejecutivo de la obra",
            "description": "Terminos de referencia",
            "url": "http://189.211.120.220:8880/files/opendata/15010-GACM-DG-DCAGI-SJ-CI-010-15/4.-%20TR/4.pdf",
            "datePublished": "2015-05-12T05:00:00.000Z",
            "dateModified": "2015-05-12T05:00:00.000Z",
            "format": "html",
            "language": "es"
          }
        ]
      },
      "tender": {
        "id": "No aplica",
        "title": "Establecer un mecanismo correspondiente entre GACM y CONAGUA para el mantenimiento y operacion de las obras de infraestructura para llevar a cabo la r",
        "description": "Establecer un mecanismo correspondiente entre GACM y CONAGUA para el mantenimiento y operacion de las obras de infraestructura para llevar a cabo la r",
        "status": "active",
        "items": [
          {
            "id": "item-9f7fb8bd-b90f-44a5-ad5c-e44591559a49",
            "description": "Establecer un mecanismo correspondiente entre GACM y CONAGUA para el mantenimiento y operacion de las obras deinfraestructura para llevar a cabo la regulacion hidraulica en las zonas aledanas al NAICM, que permitan favorecer y mejorar el habitat paralas aves acuaticas migratorias que arriban a la zona, asi como las aves residentes y realizar en forma coordinada la operacion ymantenimiento de las obras hidraulicas de regulacion y conduccion de los escurrimientos pluviales provenientes del interior del perimetro delNAICM, durante su etapa de construccion, a traves de un sistema de drenaje que operara temporalmente, los cuales seran regulados endos lagunas a cargo de GACM y cuyas descargas al Dren General del Valle quedaran bajo el control de CONAGUA.",
            "classification": {
              "scheme": "EDIFICACION NO HABITACIONAL",
              "id": "6220"
            },
            "quantity": 1,
            "unit": {
              "name": "sop",
              "value": {
                "currency": "MXN"
              }
            }
          }
        ],
        "value": {
          "currency": "MXN"
        },
        "procurementMethod": "open",
        "procurementMethodRationale": "Nacional",
        "metodoDeAdquisicion": "Convenio de colaboración",
        "awardCriteria": "bestValueToGoverment",
        "awardCriteriaDetails": "No aplica",
        "submissionMethod": [
          "Presencial"
        ],
        "eligibilityCriteria": "Ver documento adjunto",
        "documents": [
          {
            "id": "doc-a19a889d-e14d-4cbf-a84b-60399322fa12",
            "documentType": "Clarifications",
            "title": "Actas de la junta de aclaraciones",
            "description": "Actas de la junta de aclaraciones",
            "url": "http://189.211.120.220:8880/files/opendata/15010-GACM-DG-DCAGI-SJ-CI-010-15/9.-%20AJ/9.pdf",
            "datePublished": "2015-05-12T05:00:00.000Z",
            "dateModified": "2015-05-12T05:00:00.000Z",
            "format": "html",
            "language": "es"
          },
          {
            "id": "doc-53eaa8e0-43c7-4335-9129-9f4a66cdc1f3",
            "documentType": "Tender Notice",
            "title": "Documento que contiene las especificaciones t?cnicas de la obra",
            "description": "Convocatoria al procedimiento de contratacion",
            "url": "http://189.211.120.220:8880/files/opendata/15010-GACM-DG-DCAGI-SJ-CI-010-15/8.-%20CC/8.pdf",
            "datePublished": "2015-05-12T05:00:00.000Z",
            "dateModified": "2015-05-12T05:00:00.000Z",
            "format": "html",
            "language": "es"
          },
          {
            "id": "doc-7f69eafc-26f1-4d3a-8e7a-441903fa2097",
            "documentType": "Tender Notice",
            "title": "Documento que describe los criterios de evaluaci?n",
            "description": "Convocatoria al procedimiento de contratacion",
            "url": "http://189.211.120.220:8880/files/opendata/15010-GACM-DG-DCAGI-SJ-CI-010-15/8.-%20CC/8.pdf",
            "datePublished": "2015-05-12T05:00:00.000Z",
            "dateModified": "2015-05-12T05:00:00.000Z",
            "format": "html",
            "language": "es"
          },
          {
            "id": "doc-0250997c-e214-4be7-b188-8d610055ec77",
            "documentType": "Tender Notice",
            "title": "Documento que contiene los objetivos y caracter?sticas del contrato y proceso de licitaci?n",
            "description": "Convocatoria al procedimiento de contratacion",
            "url": "http://189.211.120.220:8880/files/opendata/15010-GACM-DG-DCAGI-SJ-CI-010-15/8.-%20CC/8.pdf",
            "datePublished": "2015-05-12T05:00:00.000Z",
            "dateModified": "2015-05-12T05:00:00.000Z",
            "format": "html",
            "language": "es"
          },
          {
            "id": "doc-b58ee540-82b0-487b-ba0e-ae43299c136b",
            "documentType": "Tender Notice",
            "title": "Convocatoria al procedimiento de contrataci?n",
            "description": "Convocatoria al procedimiento de contratacion",
            "url": "http://189.211.120.220:8880/files/opendata/15010-GACM-DG-DCAGI-SJ-CI-010-15/8.-%20CC/8.pdf",
            "datePublished": "2015-05-12T05:00:00.000Z",
            "dateModified": "2015-05-12T05:00:00.000Z",
            "format": "html",
            "language": "es"
          },
          {
            "id": "doc-b5f12c83-279d-4f96-93f3-d8c1b7022afd",
            "documentType": "Tender Notice",
            "title": "Documento que describe los criterios que deben cumplir los licitantes",
            "description": "Convocatoria al procedimiento de contratacion",
            "url": "http://189.211.120.220:8880/files/opendata/15010-GACM-DG-DCAGI-SJ-CI-010-15/8.-%20CC/8.pdf",
            "datePublished": "2015-05-12T05:00:00.000Z",
            "dateModified": "2015-05-12T05:00:00.000Z",
            "format": "html",
            "language": "es"
          }
        ]
      },
      "buyer": {
        "identifier": {
          "scheme": "MK-009KDH999",
          "id": "GACM",
          "legalName": "Grupo Aeroportuario de la Ciudad de Mexico, S.A. de C.V.",
          "uri": "http://www.aeropuerto.gob.mx/"
        },
        "name": "Grupo Aeroportuario de la Ciudad de Mexico, S.A. de C.V.",
        "address": {
          "streetAddress": "AV. INSURGENTES SUR NO. 2453 PISO 2 OFICINA 203",
          "locality": "COL. TIZAPAN",
          "region": "DEL. ALVARO OBREGON",
          "postalCode": "01090",
          "countryName": "Mexico"
        },
        "contactPoint": {
          "name": "G05-DIRECCION CORPORATIVA DE ADMINISTRACION Y GESTION INMOBILIARIA",
          "url": "http://www.aeropuerto.gob.mx/"
        }
      },
      "awards": [
        {
          "id": "No aplica",
          "title": "Establecer un mecanismo correspondiente entre GACM y CONAGUA para el mantenimiento y operacion de las obras de infraestructura para llevar a cabo la r",
          "description": "Ver documento adjunto",
          "status": "active",
          "value": {
            "currency": "MXN"
          },
          "suppliers": [
            {
              "identifier": {
                "id": "CNA060621LL7",
                "legalName": "Comision Nacional del Agua"
              },
              "name": "Comision Nacional del Agua",
              "address": {
                "streetAddress": "Av. Insurgentes Sur 2416",
                "locality": "Copilco el Bajo",
                "region": "Coyoacan",
                "postalCode": "4340",
                "countryName": "Mexico"
              }
            }
          ],
          "items": [
            {
              "id": "item-cc7782dd-6188-4c08-b77c-2537451f6521",
              "description": "Establecer un mecanismo correspondiente entre GACM y CONAGUA para el mantenimiento y operacion de las obras deinfraestructura para llevar a cabo la regulacion hidraulica en las zonas aledanas al NAICM, que permitan favorecer y mejorar el habitat paralas aves acuaticas migratorias que arriban a la zona, asi como las aves residentes y realizar en forma coordinada la operacion ymantenimiento de las obras hidraulicas de regulacion y conduccion de los escurrimientos pluviales provenientes del interior del perimetro delNAICM, durante su etapa de construccion, a traves de un sistema de drenaje que operara temporalmente, los cuales seran regulados endos lagunas a cargo de GACM y cuyas descargas al Dren General del Valle quedaran bajo el control de CONAGUA.",
              "classification": {
                "scheme": "EDIFICACION NO HABITACIONAL",
                "id": "6220"
              },
              "quantity": 1,
              "unit": {
                "name": "sop",
                "value": {
                  "currency": "MXN"
                }
              }
            }
          ],
          "contractPeriod": {
            "startDate": "2015-05-12T05:00:00.000Z",
            "endDate": "2017-06-30T05:00:00.000Z"
          },
          "documents": [
            {
              "id": "doc-7af9243c-9491-4a0f-a8fc-046d7c04100f",
              "documentType": "Award Notice",
              "title": "Fallo",
              "description": "Acta de fallo",
              "url": "http://189.211.120.220:8880/files/opendata/15010-GACM-DG-DCAGI-SJ-CI-010-15/12.-%20AF/12.pdf",
              "datePublished": "2015-05-12T05:00:00.000Z",
              "dateModified": "2015-05-12T05:00:00.000Z",
              "format": "html",
              "language": "es"
            },
            {
              "id": "doc-75222ce3-eb03-47a8-8c55-8d97e64ad60a",
              "documentType": "Award Notice",
              "title": "Fallo",
              "description": "Descripcion del acto de presentacion y apertura de proposiciones",
              "url": "http://189.211.120.220:8880/files/opendata/15010-GACM-DG-DCAGI-SJ-CI-010-15/10.-%20AP/10.pdf",
              "datePublished": "2015-05-12T05:00:00.000Z",
              "dateModified": "2015-05-12T05:00:00.000Z",
              "format": "html",
              "language": "es"
            }
          ]
        }
      ],
      "contracts": [
        {
          "id": "GACM/DG/DCAGI/SJ/CI/010/15",
          "awardID": "No aplica",
          "title": "Establecer un mecanismo correspondiente entre GACM y CONAGUA para el mantenimiento y operacion de las obras de infraestructura para llevar a cabo la r",
          "description": "Ver documento adjunto",
          "status": "active",
          "period": {
            "startDate": "2015-05-12T05:00:00.000Z",
            "endDate": "2017-06-30T05:00:00.000Z"
          },
          "value": {
            "currency": "MXN"
          },
          "items": [
            {
              "id": "item-14b46218-d41e-4e72-9b8c-c206eef39654",
              "description": "Establecer un mecanismo correspondiente entre GACM y CONAGUA para el mantenimiento y operacion de las obras deinfraestructura para llevar a cabo la regulacion hidraulica en las zonas aledanas al NAICM, que permitan favorecer y mejorar el habitat paralas aves acuaticas migratorias que arriban a la zona, asi como las aves residentes y realizar en forma coordinada la operacion ymantenimiento de las obras hidraulicas de regulacion y conduccion de los escurrimientos pluviales provenientes del interior del perimetro delNAICM, durante su etapa de construccion, a traves de un sistema de drenaje que operara temporalmente, los cuales seran regulados endos lagunas a cargo de GACM y cuyas descargas al Dren General del Valle quedaran bajo el control de CONAGUA.",
              "classification": {
                "scheme": "EDIFICACION NO HABITACIONAL",
                "id": "6220"
              },
              "quantity": 1,
              "unit": {
                "name": "sop",
                "value": {
                  "currency": "MXN"
                }
              }
            }
          ],
          "dateSigned": "2015-05-12T05:00:00.000Z",
          "documents": [
            {
              "id": "doc-8f0150ea-a024-4cf1-adb5-4032ff67199d",
              "documentType": "Contract Signed",
              "title": "Cl?usula sobre las condiciones de entrega de la obra",
              "description": "Contrato firmado",
              "url": "http://189.211.120.220:8880/files/opendata/15010-GACM-DG-DCAGI-SJ-CI-010-15/15.-%20CF/15.pdf",
              "datePublished": "2015-05-12T05:00:00.000Z",
              "dateModified": "2015-05-12T05:00:00.000Z",
              "format": "html",
              "language": "es"
            },
            {
              "id": "doc-88097ea2-f15d-43d8-863c-d446142b1582",
              "documentType": "Contract Signed",
              "title": "Contrato firmado",
              "description": "Contrato firmado",
              "url": "http://189.211.120.220:8880/files/opendata/15010-GACM-DG-DCAGI-SJ-CI-010-15/15.-%20CF/15.pdf",
              "datePublished": "2015-05-12T05:00:00.000Z",
              "dateModified": "2015-05-12T05:00:00.000Z",
              "format": "html",
              "language": "es"
            },
            {
              "id": "doc-09dc8dc1-67d6-4bf7-b98e-873a9c63863d",
              "documentType": "Contract Guarantees",
              "title": "Fianza de anticipo",
              "description": "Garantia sobre el anticipo",
              "url": "http://189.211.120.220:8880/files/opendata/15010-GACM-DG-DCAGI-SJ-CI-010-15/17.-%20GA/17.pdf",
              "datePublished": "2015-05-12T05:00:00.000Z",
              "dateModified": "2015-05-12T05:00:00.000Z",
              "format": "html",
              "language": "es"
            },
            {
              "id": "doc-86d734c2-26c0-4405-97c6-5fed693d9c7b",
              "documentType": "Contract Guarantees",
              "title": "Fianza de cumplimiento",
              "description": "Garantias de cumplimiento",
              "url": "http://189.211.120.220:8880/files/opendata/15010-GACM-DG-DCAGI-SJ-CI-010-15/18.-%20GC/18.pdf",
              "datePublished": "2015-05-12T05:00:00.000Z",
              "dateModified": "2015-05-12T05:00:00.000Z",
              "format": "html",
              "language": "es"
            }
          ]
        }
      ],
      "language": "es"
    }
  ],
  "publisher": {
    "name": "GACM",
    "scheme": "SERVICIO",
    "uid": "AS",
    "uri": "http://www.aeropuerto.gob.mx/"
  },
  "license": "https://datos.gob.mx/libreusomx/",
  "publicationPolicy": "https://datos.gob.mx/libreusomx/"
}
