{
  "uri": "https://datos.gob.mx/busca/dataset?organization=gacm",
  "publishedDate": "2017-02-15T16:48:26.319Z",
  "releases": [
    {
      "ocid": "482",
      "id": "RELEASE_482_2017-02-15T16:48:26.318Z",
      "date": "2017-02-10T06:00:00.000Z",
      "tag": [
        "contract"
      ],
      "initiationType": "tender",
      "planning": {
        "budget": {
          "source": "http://www.ppef.hacienda.gob.mx/work/models/PPEF2017/docs/09/r09_kdh_pie.pdf",
          "id": "APORTACIONES A FIDEICOMISOS PUBLICOS",
          "description": "RECURSOS FISCALES",
          "amount": {
            "amount": 108601520000,
            "currency": "MXN"
          },
          "project": "Nuevo Aeropuerto Internacional de la Ciudad de Mexico",
          "projectID": "46101",
          "uri": "http://www.ppef.hacienda.gob.mx/work/models/PPEF2017/docs/09/r09_kdh_pie.pdf"
        },
        "rationale": "Construccion del edificio terminal del nuevo aeropuerto de la Ciudad de Mexico",
        "documents": [
          {
            "id": "doc-a1e74e50-6368-46ae-a13d-246cfe35402e",
            "documentType": "projectPlan",
            "title": "Proyecto ejecutivo de la obra",
            "description": "Terminos de referencia",
            "url": "http://189.211.120.220:8880/files/opendata/17002-LPI-OP-DCAGI-SC-002-17/4.-%20TR/4.1.pdf",
            "datePublished": "2017-01-06T06:00:00.000Z",
            "dateModified": "2017-01-06T06:00:00.000Z",
            "format": "html",
            "language": "es"
          },
          {
            "id": "doc-220693b6-846f-491e-aa30-1083e91d8df7",
            "documentType": "projectPlan",
            "title": "Proyecto ejecutivo de la obra",
            "description": "Terminos de referencia",
            "url": "http://189.211.120.220:8880/files/opendata/17002-LPI-OP-DCAGI-SC-002-17/4.-%20TR/4.3.pdf",
            "datePublished": "2017-01-06T06:00:00.000Z",
            "dateModified": "2017-01-06T06:00:00.000Z",
            "format": "html",
            "language": "es"
          },
          {
            "id": "doc-1a3ac581-f780-419a-92cc-bc25692ba828",
            "documentType": "projectPlan",
            "title": "Proyecto ejecutivo de la obra",
            "description": "Terminos de referencia",
            "url": "http://189.211.120.220:8880/files/opendata/17002-LPI-OP-DCAGI-SC-002-17/4.-%20TR/4.2.pdf",
            "datePublished": "2017-01-06T06:00:00.000Z",
            "dateModified": "2017-01-06T06:00:00.000Z",
            "format": "html",
            "language": "es"
          },
          {
            "id": "doc-b8792d73-42cf-434e-9514-567f9cf16219",
            "documentType": "projectPlan",
            "title": "Proyecto ejecutivo de la obra",
            "description": "Terminos de referencia",
            "url": "http://189.211.120.220:8880/files/opendata/17002-LPI-OP-DCAGI-SC-002-17/4.-%20TR/4.4.pdf",
            "datePublished": "2017-01-06T06:00:00.000Z",
            "dateModified": "2017-01-06T06:00:00.000Z",
            "format": "html",
            "language": "es"
          }
        ]
      },
      "tender": {
        "id": "1110560?",
        "title": "Construccion del edificio terminal del nuevo aeropuerto de la Ciudad de Mexico",
        "description": "Construccion del edificio terminal del nuevo aeropuerto de la Ciudad de Mexico",
        "status": "active",
        "items": [
          {
            "id": "item-f69873f4-2b91-4d1a-9e79-a9de4c9719fa",
            "description": "Construccion del edificio terminal del nuevo aeropuerto de la Ciudad de Mexico",
            "classification": {
              "scheme": "EDIFICACION NO HABITACIONAL",
              "id": "6220"
            },
            "quantity": 1,
            "unit": {
              "name": "obr",
              "value": {
                "amount": 84828337320,
                "currency": "MXN"
              }
            }
          },
          {
            "id": "item-6051af20-38d6-4054-8ba1-dbe73ea1083d",
            "description": "Construccion del edificio terminal del nuevo aeropuerto de la Ciudad de Mexico",
            "classification": {
              "scheme": "EDIFICACION NO HABITACIONAL",
              "id": "6220"
            },
            "quantity": 1,
            "unit": {
              "name": "obr",
              "value": {
                "amount": 84828337320,
                "currency": "MXN"
              }
            }
          }
        ],
        "value": {
          "amount": 108601520000,
          "currency": "MXN"
        },
        "procurementMethod": "open",
        "procurementMethodRationale": "Internacional",
        "metodoDeAdquisicion": "Licitación pública",
        "awardCriteria": "bestValueToGoverment",
        "awardCriteriaDetails": "Presencial",
        "submissionMethod": [
          "Presencial"
        ],
        "tenderPeriod": {
          "startDate": "2016-07-15T05:00:00.000Z",
          "endDate": "2016-12-07T06:00:00.000Z"
        },
        "enquiryPeriod": {
          "startDate": "2016-11-08T06:00:00.000Z",
          "endDate": "2016-10-13T05:00:00.000Z"
        },
        "hasEnquiries": true,
        "eligibilityCriteria": "Ver documento adjunto",
        "awardPeriod": {
          "startDate": "2016-07-15T05:00:00.000Z",
          "endDate": "2016-12-07T06:00:00.000Z"
        },
        "documents": [
          {
            "id": "doc-d1107fa3-87ff-4895-8157-c7b605676055",
            "documentType": "Clarifications",
            "title": "Actas de la junta de aclaraciones",
            "description": "Actas de la junta de aclaraciones",
            "url": "http://189.211.120.220:8880/files/opendata/17002-LPI-OP-DCAGI-SC-002-17/9.-%20AJ/9.4.pdf",
            "datePublished": "2017-01-06T06:00:00.000Z",
            "dateModified": "2017-01-06T06:00:00.000Z",
            "format": "html",
            "language": "es"
          },
          {
            "id": "doc-d0d1c4dd-7b74-43e6-8431-37a1fa6f8dbe",
            "documentType": "Clarifications",
            "title": "Actas de la junta de aclaraciones",
            "description": "Actas de la junta de aclaraciones",
            "url": "http://189.211.120.220:8880/files/opendata/17002-LPI-OP-DCAGI-SC-002-17/9.-%20AJ/9.3.pdf",
            "datePublished": "2017-01-06T06:00:00.000Z",
            "dateModified": "2017-01-06T06:00:00.000Z",
            "format": "html",
            "language": "es"
          },
          {
            "id": "doc-866a68d3-55c5-43b0-bf10-b17e67cf8eb4",
            "documentType": "Clarifications",
            "title": "Actas de la junta de aclaraciones",
            "description": "Actas de la junta de aclaraciones",
            "url": "http://189.211.120.220:8880/files/opendata/17002-LPI-OP-DCAGI-SC-002-17/9.-%20AJ/9.1.pdf",
            "datePublished": "2017-01-06T06:00:00.000Z",
            "dateModified": "2017-01-06T06:00:00.000Z",
            "format": "html",
            "language": "es"
          },
          {
            "id": "doc-34b3d689-13b4-4de6-8530-f01bb1770cbe",
            "documentType": "Clarifications",
            "title": "Actas de la junta de aclaraciones",
            "description": "Actas de la junta de aclaraciones",
            "url": "http://189.211.120.220:8880/files/opendata/17002-LPI-OP-DCAGI-SC-002-17/9.-%20AJ/9.2.pdf",
            "datePublished": "2017-01-06T06:00:00.000Z",
            "dateModified": "2017-01-06T06:00:00.000Z",
            "format": "html",
            "language": "es"
          },
          {
            "id": "doc-8faa1ba3-ff49-4bc0-92d3-f38665c39f1b",
            "documentType": "Tender Notice",
            "title": "Documento que describe los criterios de evaluaci?n",
            "description": "Convocatoria al procedimiento de contratacion",
            "url": "http://189.211.120.220:8880/files/opendata/17002-LPI-OP-DCAGI-SC-002-17/8.-%20CC/8.pdf",
            "datePublished": "2017-01-06T06:00:00.000Z",
            "dateModified": "2017-01-06T06:00:00.000Z",
            "format": "html",
            "language": "es"
          },
          {
            "id": "doc-31f49899-92ec-4f3d-b104-7371c9cd1595",
            "documentType": "Tender Notice",
            "title": "Documento que contiene los objetivos y caracter?sticas del contrato y proceso de licitaci?n",
            "description": "Convocatoria al procedimiento de contratacion",
            "url": "http://189.211.120.220:8880/files/opendata/17002-LPI-OP-DCAGI-SC-002-17/8.-%20CC/8.pdf",
            "datePublished": "2017-01-06T06:00:00.000Z",
            "dateModified": "2017-01-06T06:00:00.000Z",
            "format": "html",
            "language": "es"
          },
          {
            "id": "doc-34495c68-7517-4f9c-a3fb-35e99c9f25a1",
            "documentType": "Tender Notice",
            "title": "Convocatoria al procedimiento de contrataci?n",
            "description": "Convocatoria al procedimiento de contratacion",
            "url": "http://189.211.120.220:8880/files/opendata/17002-LPI-OP-DCAGI-SC-002-17/8.-%20CC/8.pdf",
            "datePublished": "2017-01-06T06:00:00.000Z",
            "dateModified": "2017-01-06T06:00:00.000Z",
            "format": "html",
            "language": "es"
          },
          {
            "id": "doc-a49eff8c-e8e1-4b2c-8780-c5014d7fbb51",
            "documentType": "Tender Notice",
            "title": "Documento que contiene las especificaciones t?cnicas de la obra",
            "description": "Convocatoria al procedimiento de contratacion",
            "url": "http://189.211.120.220:8880/files/opendata/17002-LPI-OP-DCAGI-SC-002-17/8.-%20CC/8.pdf",
            "datePublished": "2017-01-06T06:00:00.000Z",
            "dateModified": "2017-01-06T06:00:00.000Z",
            "format": "html",
            "language": "es"
          },
          {
            "id": "doc-481c0fd2-0eed-4d0b-b1bd-194206b488f2",
            "documentType": "Tender Notice",
            "title": "Documento que describe los criterios que deben cumplir los licitantes",
            "description": "Convocatoria al procedimiento de contratacion",
            "url": "http://189.211.120.220:8880/files/opendata/17002-LPI-OP-DCAGI-SC-002-17/8.-%20CC/8.pdf",
            "datePublished": "2017-01-06T06:00:00.000Z",
            "dateModified": "2017-01-06T06:00:00.000Z",
            "format": "html",
            "language": "es"
          }
        ]
      },
      "buyer": {
        "identifier": {
          "scheme": "MK-009KDH999",
          "id": "GACM",
          "legalName": "Grupo Aeroportuario de la Ciudad de Mexico, S.A. de C.V.",
          "uri": "http://www.aeropuerto.gob.mx/"
        },
        "name": "Grupo Aeroportuario de la Ciudad de Mexico, S.A. de C.V.",
        "address": {
          "streetAddress": "AV. INSURGENTES SUR NO. 2453 PISO 2 OFICINA 203",
          "locality": "COL. TIZAPAN",
          "region": "DEL. ALVARO OBREGON",
          "postalCode": "01090",
          "countryName": "Mexico"
        },
        "contactPoint": {
          "name": "G05-DIRECCION CORPORATIVA DE ADMINISTRACION Y GESTION INMOBILIARIA",
          "url": "http://www.aeropuerto.gob.mx/"
        }
      },
      "awards": [
        {
          "id": "LO-009KDH999-E101-2016",
          "title": "Construccion del edificio terminal del nuevo aeropuerto de la Ciudad de Mexico",
          "description": "Ver documento adjunto",
          "status": "active",
          "date": "2017-01-06T06:00:00.000Z",
          "value": {
            "amount": 84828337320,
            "currency": "MXN"
          },
          "suppliers": [
            {
              "identifier": {
                "id": "0",
                "legalName": "OPERADORA CICSA, S.A. DE C.V. EN PARTICIPACION CONJUNTA CON CONSTRUCTORA Y EDIFICADORA GIA+A, S.A. DE C.V., PROMOTORA Y DESARROLLADORA MEXICANA, S.A.FRAESTRUCTURAS ENERGETICAS, S.A.U, E ICA CONSTRUCTORA DE INFRAESTRUCTURA, S.A. DE C.V."
              },
              "name": "OPERADORA CICSA, S.A. DE C.V. EN PARTICIPACION CONJUNTA CON CONSTRUCTORA Y EDIFICADORA GIA+A, S.A. DE C.V., PROMOTORA Y DESARROLLADORA MEXICANA, S.A.FRAESTRUCTURAS ENERGETICAS, S.A.U, E ICA CONSTRUCTORA DE INFRAESTRUCTURA, S.A. DE C.V.",
              "address": {
                "streetAddress": "0",
                "locality": "0",
                "region": "0",
                "postalCode": "0",
                "countryName": "0"
              }
            }
          ],
          "items": [
            {
              "id": "item-ab7e3a4c-9b20-4710-a257-0a31aa873dbb",
              "description": "Construccion del edificio terminal del nuevo aeropuerto de la Ciudad de Mexico",
              "classification": {
                "scheme": "EDIFICACION NO HABITACIONAL",
                "id": "6220"
              },
              "quantity": 1,
              "unit": {
                "name": "obr",
                "value": {
                  "amount": 84828337320,
                  "currency": "MXN"
                }
              }
            },
            {
              "id": "item-fbe858af-637e-46a8-bffe-58eb44c686b9",
              "description": "Construccion del edificio terminal del nuevo aeropuerto de la Ciudad de Mexico",
              "classification": {
                "scheme": "EDIFICACION NO HABITACIONAL",
                "id": "6220"
              },
              "quantity": 1,
              "unit": {
                "name": "obr",
                "value": {
                  "amount": 84828337320,
                  "currency": "MXN"
                }
              }
            }
          ],
          "contractPeriod": {
            "startDate": "2017-02-13T06:00:00.000Z",
            "endDate": "2020-10-20T05:00:00.000Z"
          },
          "documents": [
            {
              "id": "doc-e899febc-2383-40fa-b7b9-f19ff0774714",
              "documentType": "Award Notice",
              "title": "Fallo",
              "description": "Acta de fallo",
              "url": "http://189.211.120.220:8880/files/opendata/17002-LPI-OP-DCAGI-SC-002-17/12.-%20AF/12.pdf",
              "datePublished": "2017-01-06T06:00:00.000Z",
              "dateModified": "2017-01-06T06:00:00.000Z",
              "format": "html",
              "language": "es"
            },
            {
              "id": "doc-922ad45e-3db5-468c-adcb-ab5ac5caaa89",
              "documentType": "Award Notice",
              "title": "Fallo",
              "description": "Descripcion del acto de presentacion y apertura de proposiciones",
              "url": "http://189.211.120.220:8880/files/opendata/17002-LPI-OP-DCAGI-SC-002-17/10.-%20AP/10.pdf",
              "datePublished": "2017-01-06T06:00:00.000Z",
              "dateModified": "2017-01-06T06:00:00.000Z",
              "format": "html",
              "language": "es"
            }
          ]
        }
      ],
      "contracts": [
        {
          "id": "LPI-OP-DCAGI-SC-002-17",
          "awardID": "LO-009KDH999-E101-2016",
          "title": "Construccion del edificio terminal del nuevo aeropuerto de la Ciudad de Mexico",
          "description": "Ver documento adjunto",
          "status": "active",
          "period": {
            "startDate": "2017-02-13T06:00:00.000Z",
            "endDate": "2020-10-20T05:00:00.000Z"
          },
          "value": {
            "amount": 84828337320,
            "currency": "MXN"
          },
          "items": [
            {
              "id": "item-45334620-099c-4255-be0b-e2d21d6ba8ed",
              "description": "Construccion del edificio terminal del nuevo aeropuerto de la Ciudad de Mexico",
              "classification": {
                "scheme": "EDIFICACION NO HABITACIONAL",
                "id": "6220"
              },
              "quantity": 1,
              "unit": {
                "name": "obr",
                "value": {
                  "amount": 84828337320,
                  "currency": "MXN"
                }
              }
            },
            {
              "id": "item-776f0bd3-aaa6-4649-881b-6b77f7074d8b",
              "description": "Construccion del edificio terminal del nuevo aeropuerto de la Ciudad de Mexico",
              "classification": {
                "scheme": "EDIFICACION NO HABITACIONAL",
                "id": "6220"
              },
              "quantity": 1,
              "unit": {
                "name": "obr",
                "value": {
                  "amount": 84828337320,
                  "currency": "MXN"
                }
              }
            }
          ],
          "dateSigned": "2017-02-07T06:00:00.000Z",
          "documents": [
            {
              "id": "doc-cc8d3028-ba31-4850-8bc0-6dc12cd5db7e",
              "documentType": "Contract Signed",
              "title": "Cl?usula sobre las condiciones de entrega de la obra",
              "description": "Contrato firmado",
              "url": "http://189.211.120.220:8880/files/opendata/17002-LPI-OP-DCAGI-SC-002-17/15.-%20CF/15.pdf",
              "datePublished": "2017-01-06T06:00:00.000Z",
              "dateModified": "2017-01-06T06:00:00.000Z",
              "format": "html",
              "language": "es"
            },
            {
              "id": "doc-c6d7a275-f6c0-45e1-a6b8-f1904375c458",
              "documentType": "Contract Signed",
              "title": "Contrato firmado",
              "description": "Contrato firmado",
              "url": "http://189.211.120.220:8880/files/opendata/17002-LPI-OP-DCAGI-SC-002-17/15.-%20CF/15.pdf",
              "datePublished": "2017-01-06T06:00:00.000Z",
              "dateModified": "2017-01-06T06:00:00.000Z",
              "format": "html",
              "language": "es"
            },
            {
              "id": "doc-bfef4898-5f09-4803-a6ed-8a3e5c8ab74e",
              "documentType": "Contract Guarantees",
              "title": "Fianza de anticipo",
              "description": "Garantia sobre el anticipo",
              "url": "http://189.211.120.220:8880/files/opendata/17002-LPI-OP-DCAGI-SC-002-17/17.-%20GA/17.pdf",
              "datePublished": "2017-01-06T06:00:00.000Z",
              "dateModified": "2017-01-06T06:00:00.000Z",
              "format": "html",
              "language": "es"
            },
            {
              "id": "doc-520ee667-d4e9-4560-a720-2d65d7fde00c",
              "documentType": "Contract Guarantees",
              "title": "Fianza de cumplimiento",
              "description": "Garantias de cumplimiento",
              "url": "http://189.211.120.220:8880/files/opendata/17002-LPI-OP-DCAGI-SC-002-17/18.-%20GC/18.pdf",
              "datePublished": "2017-01-06T06:00:00.000Z",
              "dateModified": "2017-01-06T06:00:00.000Z",
              "format": "html",
              "language": "es"
            }
          ]
        }
      ],
      "language": "es"
    }
  ],
  "publisher": {
    "name": "GACM",
    "scheme": "OBRA",
    "uid": "OP",
    "uri": "http://www.aeropuerto.gob.mx/"
  },
  "license": "https://datos.gob.mx/libreusomx/",
  "publicationPolicy": "https://datos.gob.mx/libreusomx/"
}
