{
  "uri": "https://datos.gob.mx/busca/dataset?organization=gacm",
  "publishedDate": "2017-02-15T16:48:25.144Z",
  "releases": [
    {
      "ocid": "50",
      "id": "RELEASE_50_2017-02-15T16:48:25.143Z",
      "date": "2017-02-08T06:00:00.000Z",
      "tag": [
        "contract"
      ],
      "initiationType": "tender",
      "planning": {
        "budget": {
          "source": "http://www.apartados.hacienda.gob.mx/presupuesto/temas/pef/2015/docs/09/r09_kdh_pie.pdf",
          "id": "CONSTRUCCION DE VIAS DE COMUNICACION",
          "description": "RECURSOS FISCALES",
          "amount": {
            "amount": 9000000,
            "currency": "MXN"
          },
          "project": "Nuevo Aeropuerto Internacional de la Ciudad de Mexico",
          "projectID": "46101",
          "uri": "http://www.apartados.hacienda.gob.mx/presupuesto/temas/pef/2015/docs/09/r09_kdh_pie.pdf"
        },
        "rationale": "Estudio de Suministro Electrico para el Nuevo Aeropuerto Internacional de la Ciudad de Mexico",
        "documents": [
          {
            "id": "doc-7f3a182d-f55c-4115-a9e4-27f5f367fa98",
            "documentType": "projectPlan",
            "title": "Proyecto ejecutivo de la obra",
            "description": "Terminos de referencia",
            "url": "http://189.211.120.220:8880/files/opendata/15025-LPN-SRO-DCAGI-SC-025-15/4.-%20TR/4.pdf",
            "datePublished": "2015-04-30T05:00:00.000Z",
            "dateModified": "2015-04-30T05:00:00.000Z",
            "format": "html",
            "language": "es"
          }
        ]
      },
      "tender": {
        "id": "787229",
        "title": "Estudio de Suministro Electrico para el Nuevo Aeropuerto Internacional de la Ciudad de Mexico",
        "description": "Estudio de Suministro Electrico para el Nuevo Aeropuerto Internacional de la Ciudad de Mexico",
        "status": "active",
        "items": [
          {
            "id": "item-3b278dd3-4769-44c7-be89-e13f22cba223",
            "classification": {
              "scheme": "CONSTRUCCION DE VIAS DE COMUNICACION",
              "id": "6250"
            },
            "quantity": 1,
            "unit": {
              "name": "sop",
              "value": {
                "amount": 7582404.32,
                "currency": "MXN"
              }
            }
          }
        ],
        "value": {
          "amount": 9000000,
          "currency": "MXN"
        },
        "procurementMethod": "open",
        "procurementMethodRationale": "Nacional",
        "metodoDeAdquisicion": "Licitación pública",
        "awardCriteria": "bestValueToGoverment",
        "awardCriteriaDetails": "Presencial",
        "submissionMethod": [
          "Presencial"
        ],
        "tenderPeriod": {
          "endDate": "2015-04-16T05:00:00.000Z"
        },
        "enquiryPeriod": {
          "endDate": "2015-04-08T05:00:00.000Z"
        },
        "eligibilityCriteria": "Ver documento adjunto",
        "awardPeriod": {
          "endDate": "2015-04-16T05:00:00.000Z"
        },
        "documents": [
          {
            "id": "doc-167de787-5fce-4bec-a0d8-4e8187f91cf4",
            "documentType": "Clarifications",
            "title": "Actas de la junta de aclaraciones",
            "description": "Actas de la junta de aclaraciones",
            "url": "http://189.211.120.220:8880/files/opendata/15025-LPN-SRO-DCAGI-SC-025-15/9.-%20AJ/9.pdf",
            "datePublished": "2015-04-30T05:00:00.000Z",
            "dateModified": "2015-04-30T05:00:00.000Z",
            "format": "html",
            "language": "es"
          },
          {
            "id": "doc-8615f61f-94f4-486a-9cbb-c9a45b86c03d",
            "documentType": "Tender Notice",
            "title": "Documento que describe los criterios de evaluaci?n",
            "description": "Convocatoria al procedimiento de contratacion",
            "url": "http://189.211.120.220:8880/files/opendata/15025-LPN-SRO-DCAGI-SC-025-15/8.-%20CC/8.pdf",
            "datePublished": "2015-04-30T05:00:00.000Z",
            "dateModified": "2015-04-30T05:00:00.000Z",
            "format": "html",
            "language": "es"
          },
          {
            "id": "doc-b6d24322-67d6-4b26-b1bc-96a2eff1328e",
            "documentType": "Tender Notice",
            "title": "Documento que contiene los objetivos y caracter?sticas del contrato y proceso de licitaci?n",
            "description": "Convocatoria al procedimiento de contratacion",
            "url": "http://189.211.120.220:8880/files/opendata/15025-LPN-SRO-DCAGI-SC-025-15/8.-%20CC/8.pdf",
            "datePublished": "2015-04-30T05:00:00.000Z",
            "dateModified": "2015-04-30T05:00:00.000Z",
            "format": "html",
            "language": "es"
          },
          {
            "id": "doc-1397a074-6625-4114-b5b4-3b0299290121",
            "documentType": "Tender Notice",
            "title": "Documento que contiene las especificaicones t?cnicas de la obra",
            "description": "Convocatoria al procedimiento de contratacion",
            "url": "http://189.211.120.220:8880/files/opendata/15025-LPN-SRO-DCAGI-SC-025-15/8.-%20CC/8.pdf",
            "datePublished": "2015-04-30T05:00:00.000Z",
            "dateModified": "2015-04-30T05:00:00.000Z",
            "format": "html",
            "language": "es"
          },
          {
            "id": "doc-f5c2e896-27f1-44e9-b23a-e190bfceea4f",
            "documentType": "Tender Notice",
            "title": "Convocatoria al procedimiento de contrataci?n",
            "description": "Convocatoria al procedimiento de contratacion",
            "url": "http://189.211.120.220:8880/files/opendata/15025-LPN-SRO-DCAGI-SC-025-15/8.-%20CC/8.pdf",
            "datePublished": "2015-04-30T05:00:00.000Z",
            "dateModified": "2015-04-30T05:00:00.000Z",
            "format": "html",
            "language": "es"
          },
          {
            "id": "doc-2cde9104-7ce7-4215-8446-2ad8cc0aa2fb",
            "documentType": "Tender Notice",
            "title": "Documento que describe los criterios que deben cumplir los licitantes",
            "description": "Convocatoria al procedimiento de contratacion",
            "url": "http://189.211.120.220:8880/files/opendata/15025-LPN-SRO-DCAGI-SC-025-15/8.-%20CC/8.pdf",
            "datePublished": "2015-04-30T05:00:00.000Z",
            "dateModified": "2015-04-30T05:00:00.000Z",
            "format": "html",
            "language": "es"
          }
        ]
      },
      "buyer": {
        "identifier": {
          "scheme": "MK-009KDH999",
          "id": "GACM",
          "legalName": "Grupo Aeroportuario de la Ciudad de Mexico, S.A. de C.V.",
          "uri": "http://www.aeropuerto.gob.mx/"
        },
        "name": "Grupo Aeroportuario de la Ciudad de Mexico, S.A. de C.V.",
        "address": {
          "streetAddress": "AV. INSURGENTES SUR NO. 2453 PISO 2 OFICINA 203",
          "locality": "COL. TIZAPAN",
          "region": "DEL. ALVARO OBREGON",
          "postalCode": "01090",
          "countryName": "Mexico"
        },
        "contactPoint": {
          "name": "G05-DIRECCION CORPORATIVA DE ADMINISTRACION Y GESTION INMOBILIARIA",
          "url": "http://www.aeropuerto.gob.mx/"
        }
      },
      "awards": [
        {
          "id": "LO-009KDH999-N16-2015",
          "title": "Estudio de Suministro Electrico para el Nuevo Aeropuerto Internacional de la Ciudad de Mexico",
          "description": "Ver documento adjunto",
          "status": "active",
          "date": "2015-04-30T05:00:00.000Z",
          "value": {
            "amount": 7582404.32,
            "currency": "MXN"
          },
          "suppliers": [
            {
              "identifier": {
                "id": "C&#38;B050317SU4",
                "legalName": "Currie &#38; Brown Mexico S. A. de C. V."
              },
              "name": "Currie &#38; Brown Mexico S. A. de C. V.",
              "address": {
                "streetAddress": "Newton numero 16, piso 6",
                "locality": "Aristoteles Polanco Chapultepec",
                "region": "Delegacion Miguel Hidalgo",
                "postalCode": "11560",
                "countryName": "Mexico"
              }
            }
          ],
          "items": [
            {
              "id": "item-bae70ff0-75cf-4235-b024-605b12831ba0",
              "classification": {
                "scheme": "CONSTRUCCION DE VIAS DE COMUNICACION",
                "id": "6250"
              },
              "quantity": 1,
              "unit": {
                "name": "sop",
                "value": {
                  "amount": 7582404.32,
                  "currency": "MXN"
                }
              }
            }
          ],
          "contractPeriod": {
            "startDate": "2015-05-15T05:00:00.000Z",
            "endDate": "2015-08-27T05:00:00.000Z"
          },
          "documents": [
            {
              "id": "doc-6b2e75d8-d19a-4ea7-963a-8e296a9e460a",
              "documentType": "Award Notice",
              "title": "Fallo",
              "description": "Acta de Fallo",
              "url": "http://189.211.120.220:8880/files/opendata/15025-LPN-SRO-DCAGI-SC-025-15/12.-%20AF/12.pdf",
              "datePublished": "2015-04-30T05:00:00.000Z",
              "dateModified": "2015-04-30T05:00:00.000Z",
              "format": "html",
              "language": "es"
            },
            {
              "id": "doc-d2e55dfb-482f-4a38-8e96-63dcfc902aec",
              "documentType": "Award Notice",
              "title": "Fallo",
              "description": "Descripcion del acto de presentacion y apertura de proposiciones",
              "url": "http://189.211.120.220:8880/files/opendata/15025-LPN-SRO-DCAGI-SC-025-15/10.-%20AP/10.pdf",
              "datePublished": "2015-04-30T05:00:00.000Z",
              "dateModified": "2015-04-30T05:00:00.000Z",
              "format": "html",
              "language": "es"
            }
          ]
        }
      ],
      "contracts": [
        {
          "id": "LPN-SRO-DCAGI-SC-025/15",
          "awardID": "LO-009KDH999-N16-2015",
          "title": "Estudio de Suministro Electrico para el Nuevo Aeropuerto Internacional de la Ciudad de Mexico",
          "description": "Ver documento adjunto",
          "status": "active",
          "period": {
            "startDate": "2015-05-15T05:00:00.000Z",
            "endDate": "2015-08-27T05:00:00.000Z"
          },
          "value": {
            "amount": 7582404.32,
            "currency": "MXN"
          },
          "items": [
            {
              "id": "item-f0d09ad0-80f5-4d5a-a588-63ccc2b9a3e7",
              "classification": {
                "scheme": "CONSTRUCCION DE VIAS DE COMUNICACION",
                "id": "6250"
              },
              "quantity": 1,
              "unit": {
                "name": "sop",
                "value": {
                  "amount": 7582404.32,
                  "currency": "MXN"
                }
              }
            }
          ],
          "dateSigned": "2015-05-15T05:00:00.000Z",
          "documents": [
            {
              "id": "doc-8a689183-33ae-4e37-b79e-d13304eae53e",
              "documentType": "Contract Signed",
              "title": "Contrato firmado",
              "description": "Contrato firmado",
              "url": "http://189.211.120.220:8880/files/opendata/15025-LPN-SRO-DCAGI-SC-025-15/15.-%20CF/15.pdf",
              "datePublished": "2015-04-30T05:00:00.000Z",
              "dateModified": "2015-04-30T05:00:00.000Z",
              "format": "html",
              "language": "es"
            },
            {
              "id": "doc-c8548f1a-401d-4fd6-911f-4bd361c11fe5",
              "documentType": "Contract Signed",
              "title": "Cl?usula sobre las condiciones de entrega de la obra",
              "description": "Contrato firmado",
              "url": "http://189.211.120.220:8880/files/opendata/15025-LPN-SRO-DCAGI-SC-025-15/15.-%20CF/15.pdf",
              "datePublished": "2015-04-30T05:00:00.000Z",
              "dateModified": "2015-04-30T05:00:00.000Z",
              "format": "html",
              "language": "es"
            },
            {
              "id": "doc-1c033137-f303-44bb-849a-c30ed4824298",
              "documentType": "Contract Guarantees",
              "title": "Fianza de anticipo",
              "description": "Garantia sobre el anticipo",
              "url": "http://189.211.120.220:8880/files/opendata/15025-LPN-SRO-DCAGI-SC-025-15/17.-%20GA/17.pdf",
              "datePublished": "2015-04-30T05:00:00.000Z",
              "dateModified": "2015-04-30T05:00:00.000Z",
              "format": "html",
              "language": "es"
            },
            {
              "id": "doc-d6c7e8cb-e525-4393-b547-f97d10a646c7",
              "documentType": "Contract Guarantees",
              "title": "Fianza de cumplimiento",
              "description": "Garantias de cumplimiento",
              "url": "http://189.211.120.220:8880/files/opendata/15025-LPN-SRO-DCAGI-SC-025-15/18.-%20GC/18.pdf",
              "datePublished": "2015-04-30T05:00:00.000Z",
              "dateModified": "2015-04-30T05:00:00.000Z",
              "format": "html",
              "language": "es"
            }
          ]
        }
      ],
      "language": "es"
    }
  ],
  "publisher": {
    "name": "GACM",
    "scheme": "SERVICIO",
    "uid": "AS",
    "uri": "http://www.aeropuerto.gob.mx/"
  },
  "license": "https://datos.gob.mx/libreusomx/",
  "publicationPolicy": "https://datos.gob.mx/libreusomx/"
}
