{
  "uri": "https://datos.gob.mx/busca/dataset?organization=gacm",
  "publishedDate": "2017-02-15T16:48:26.022Z",
  "releases": [
    {
      "ocid": "51",
      "id": "RELEASE_51_2017-02-15T16:48:26.021Z",
      "date": "2017-02-09T06:00:00.000Z",
      "tag": [
        "contract"
      ],
      "initiationType": "tender",
      "planning": {
        "budget": {
          "source": "http://www.apartados.hacienda.gob.mx/presupuesto/temas/pef/2015/docs/09/r09_kdh_pie.pdf",
          "id": "OBRAS DE CONSTRUCCION PARA EDIFICIOS NO HABITACIONALES",
          "description": "RECURSOS FISCALES",
          "amount": {
            "amount": 580000,
            "currency": "MXN"
          },
          "project": "Nuevo Aeropuerto Internacional de la Ciudad de Mexico",
          "projectID": "46101",
          "uri": "http://www.apartados.hacienda.gob.mx/presupuesto/temas/pef/2015/docs/09/r09_kdh_pie.pdf"
        },
        "rationale": "Servicio de un Testigo Social para que atestigue las etapas del procedimiento de la Licitacion Publica Nacional, relativa a la contratacion de la obrapublica para la construccion del proyecto ejecutivo de drenaje pluvial temporal para la proteccion de la zona durante la construccion de la primerafase del NAICM",
        "documents": [
          {
            "id": "doc-cc6d4096-9ef3-4ae3-9507-c10e8b562b15",
            "documentType": "projectPlan",
            "title": "Proyecto ejecutivo de la obra",
            "description": "Terminos de referencia",
            "url": "http://189.211.120.220:8880/files/opendata/15056-AD-AS-DCAGI-SC-056-15/4.-%20TR/4.pdf",
            "datePublished": "2015-08-15T05:00:00.000Z",
            "dateModified": "2015-08-15T05:00:00.000Z",
            "format": "html",
            "language": "es"
          }
        ]
      },
      "tender": {
        "id": "982694",
        "title": "Servicio de un Testigo Social para que atestigue las etapas del procedimiento de la Licitacion Publica Nacional, relativa a la contratacion de la obrafase del NAICM",
        "description": "Servicio de un Testigo Social para que atestigue las etapas del procedimiento de la Licitacion Publica Nacional, relativa a la contratacion de la obrapublica para la construccion del proyecto ejecutivo de drenaje pluvial temporal para la proteccion de la zona durante la construccion de la primerafase del NAICM",
        "status": "active",
        "items": [
          {
            "id": "item-b8e994dc-b2de-4be9-bad7-8dbbdc52d77e",
            "description": "Servicio de un Testigo Social para que atestigue las etapas del procedimiento de la Licitacion Publica Nacional, relativa a la contratacion de la obrafase del NAICM",
            "classification": {
              "scheme": "EDIFICACION NO HABITACIONAL",
              "id": "6220"
            },
            "quantity": 1,
            "unit": {
              "name": "sop",
              "value": {
                "amount": 499462.5,
                "currency": "MXN"
              }
            }
          }
        ],
        "value": {
          "amount": 580000,
          "currency": "MXN"
        },
        "procurementMethod": "limited",
        "procurementMethodRationale": "Nacional",
        "metodoDeAdquisicion": "Adjudicación directa",
        "awardCriteria": "bestValueToGoverment",
        "awardCriteriaDetails": "No aplica",
        "submissionMethod": [
          "Presencial"
        ],
        "eligibilityCriteria": "Ver documento adjunto",
        "documents": [
          {
            "id": "doc-48a7b16f-3a7d-4143-9db0-b7c70085c551",
            "documentType": "Clarifications",
            "title": "Actas de la junta de aclaraciones",
            "description": "Actas de la junta de aclaraciones",
            "url": "http://189.211.120.220:8880/files/opendata/15056-AD-AS-DCAGI-SC-056-15/9.-%20AJ/9.pdf",
            "datePublished": "2015-08-15T05:00:00.000Z",
            "dateModified": "2015-08-15T05:00:00.000Z",
            "format": "html",
            "language": "es"
          },
          {
            "id": "doc-70a12202-5c87-4aa1-8c6f-5b7d496d08ad",
            "documentType": "Tender Notice",
            "title": "Documento que contiene las especificaciones t?cnicas de la obra",
            "description": "Convocatoria al procedimiento de contratacion",
            "url": "http://189.211.120.220:8880/files/opendata/15056-AD-AS-DCAGI-SC-056-15/8.-%20CC/8.pdf",
            "datePublished": "2015-08-15T05:00:00.000Z",
            "dateModified": "2015-08-15T05:00:00.000Z",
            "format": "html",
            "language": "es"
          },
          {
            "id": "doc-4bcd2ca5-7303-4ddb-a82d-99b64dadbbc2",
            "documentType": "Tender Notice",
            "title": "Documento que describe los criterios de evaluaci?n",
            "description": "Convocatoria al procedimiento de contratacion",
            "url": "http://189.211.120.220:8880/files/opendata/15056-AD-AS-DCAGI-SC-056-15/8.-%20CC/8.pdf",
            "datePublished": "2015-08-15T05:00:00.000Z",
            "dateModified": "2015-08-15T05:00:00.000Z",
            "format": "html",
            "language": "es"
          },
          {
            "id": "doc-b5af342c-120b-4b42-97ab-518c072f6b01",
            "documentType": "Tender Notice",
            "title": "Documento que contiene los objetivos y caracter?sticas del contrato y proceso de licitaci?n",
            "description": "Convocatoria al procedimiento de contratacion",
            "url": "http://189.211.120.220:8880/files/opendata/15056-AD-AS-DCAGI-SC-056-15/8.-%20CC/8.pdf",
            "datePublished": "2015-08-15T05:00:00.000Z",
            "dateModified": "2015-08-15T05:00:00.000Z",
            "format": "html",
            "language": "es"
          },
          {
            "id": "doc-afafb0f5-09ba-476b-ae10-3567c321fa74",
            "documentType": "Tender Notice",
            "title": "Convocatoria al procedimiento de contrataci?n",
            "description": "Convocatoria al procedimiento de contratacion",
            "url": "http://189.211.120.220:8880/files/opendata/15056-AD-AS-DCAGI-SC-056-15/8.-%20CC/8.pdf",
            "datePublished": "2015-08-15T05:00:00.000Z",
            "dateModified": "2015-08-15T05:00:00.000Z",
            "format": "html",
            "language": "es"
          },
          {
            "id": "doc-dbf6e471-b736-43e3-9c93-a68be5395558",
            "documentType": "Tender Notice",
            "title": "Documento que describe los criterios que deben cumplir los licitantes",
            "description": "Convocatoria al procedimiento de contratacion",
            "url": "http://189.211.120.220:8880/files/opendata/15056-AD-AS-DCAGI-SC-056-15/8.-%20CC/8.pdf",
            "datePublished": "2015-08-15T05:00:00.000Z",
            "dateModified": "2015-08-15T05:00:00.000Z",
            "format": "html",
            "language": "es"
          }
        ]
      },
      "buyer": {
        "identifier": {
          "scheme": "MK-009KDH999",
          "id": "GACM",
          "legalName": "Grupo Aeroportuario de la Ciudad de Mexico, S.A. de C.V.",
          "uri": "http://www.aeropuerto.gob.mx/"
        },
        "name": "Grupo Aeroportuario de la Ciudad de Mexico, S.A. de C.V.",
        "address": {
          "streetAddress": "AV. INSURGENTES SUR NO. 2453 PISO 2 OFICINA 203",
          "locality": "COL. TIZAPAN",
          "region": "DEL. ALVARO OBREGON",
          "postalCode": "01090",
          "countryName": "Mexico"
        },
        "contactPoint": {
          "name": "G05-DIRECCION CORPORATIVA DE ADMINISTRACION Y GESTION INMOBILIARIA",
          "url": "http://www.aeropuerto.gob.mx/"
        }
      },
      "awards": [
        {
          "id": "AA-009KDH999-E3-2016",
          "title": "Servicio de un Testigo Social para que atestigue las etapas del procedimiento de la Licitacion Publica Nacional, relativa a la contratacion de la obrafase del NAICM",
          "description": "Ver documento adjunto",
          "status": "active",
          "value": {
            "amount": 499462.5,
            "currency": "MXN"
          },
          "suppliers": [
            {
              "identifier": {
                "id": "IMA941216HE8",
                "legalName": "INSTITUTO MEXICANO DE AUDITORIA TECNICA, A.C."
              },
              "name": "INSTITUTO MEXICANO DE AUDITORIA TECNICA, A.C.",
              "address": {
                "streetAddress": "San Lorenzo 153 interior 602",
                "locality": "Del Valle",
                "region": "Benito Juarez",
                "postalCode": "3100",
                "countryName": "Mexico"
              }
            }
          ],
          "items": [
            {
              "id": "item-a8b5d28c-bcef-48ea-8863-3b73006fac77",
              "description": "Servicio de un Testigo Social para que atestigue las etapas del procedimiento de la Licitacion Publica Nacional, relativa a la contratacion de la obrafase del NAICM",
              "classification": {
                "scheme": "EDIFICACION NO HABITACIONAL",
                "id": "6220"
              },
              "quantity": 1,
              "unit": {
                "name": "sop",
                "value": {
                  "amount": 499462.5,
                  "currency": "MXN"
                }
              }
            }
          ],
          "contractPeriod": {
            "startDate": "2015-08-15T05:00:00.000Z",
            "endDate": "2015-12-15T06:00:00.000Z"
          },
          "documents": [
            {
              "id": "doc-349a2331-faf0-4d8b-a9b4-2161c8756046",
              "documentType": "Award Notice",
              "title": "Fallo",
              "description": "Acta de Fallo",
              "url": "http://189.211.120.220:8880/files/opendata/15056-AD-AS-DCAGI-SC-056-15/12.-%20AF/12.pdf",
              "datePublished": "2015-08-15T05:00:00.000Z",
              "dateModified": "2015-08-15T05:00:00.000Z",
              "format": "html",
              "language": "es"
            },
            {
              "id": "doc-ae8cb0be-afca-4393-ae2f-6d5eb06e7a59",
              "documentType": "Award Notice",
              "title": "Fallo",
              "description": "Descripcion del acto de presentacion y apertura de proposiciones",
              "url": "http://189.211.120.220:8880/files/opendata/15056-AD-AS-DCAGI-SC-056-15/10.-%20AP/10.pdf",
              "datePublished": "2015-08-15T05:00:00.000Z",
              "dateModified": "2015-08-15T05:00:00.000Z",
              "format": "html",
              "language": "es"
            }
          ]
        }
      ],
      "contracts": [
        {
          "id": "AD-SRO-DCAGI-SC-056-15",
          "awardID": "AA-009KDH999-E3-2016",
          "title": "Servicio de un Testigo Social para que atestigue las etapas del procedimiento de la Licitacion Publica Nacional, relativa a la contratacion de la obrafase del NAICM",
          "description": "Ver documento adjunto",
          "status": "active",
          "period": {
            "startDate": "2015-08-15T05:00:00.000Z",
            "endDate": "2015-12-15T06:00:00.000Z"
          },
          "value": {
            "amount": 499462.5,
            "currency": "MXN"
          },
          "items": [
            {
              "id": "item-d53290bd-93e8-48b5-a35f-2d8a774ef086",
              "description": "Servicio de un Testigo Social para que atestigue las etapas del procedimiento de la Licitacion Publica Nacional, relativa a la contratacion de la obrafase del NAICM",
              "classification": {
                "scheme": "EDIFICACION NO HABITACIONAL",
                "id": "6220"
              },
              "quantity": 1,
              "unit": {
                "name": "sop",
                "value": {
                  "amount": 499462.5,
                  "currency": "MXN"
                }
              }
            }
          ],
          "dateSigned": "2015-08-15T05:00:00.000Z",
          "documents": [
            {
              "id": "doc-a27b099d-389a-4646-a0d5-34b8a119cb14",
              "documentType": "Contract Signed",
              "title": "Cl?usula sobre las condiciones de entrega de la obra",
              "description": "Contrato firmado",
              "url": "http://189.211.120.220:8880/files/opendata/15056-AD-AS-DCAGI-SC-056-15/15.-%20CF/15.pdf",
              "datePublished": "2015-08-15T05:00:00.000Z",
              "dateModified": "2015-08-15T05:00:00.000Z",
              "format": "html",
              "language": "es"
            },
            {
              "id": "doc-0e5c641e-7234-4a6c-9d7e-9914f9ec506d",
              "documentType": "Contract Signed",
              "title": "Contrato firmado",
              "description": "Contrato firmado",
              "url": "http://189.211.120.220:8880/files/opendata/15056-AD-AS-DCAGI-SC-056-15/15.-%20CF/15.pdf",
              "datePublished": "2015-08-15T05:00:00.000Z",
              "dateModified": "2015-08-15T05:00:00.000Z",
              "format": "html",
              "language": "es"
            },
            {
              "id": "doc-ab80a725-2827-411b-a67c-6cca28a0bc03",
              "documentType": "Contract Guarantees",
              "title": "Fianza de anticipo",
              "description": "Garantia sobre el anticipo",
              "url": "http://189.211.120.220:8880/files/opendata/15056-AD-AS-DCAGI-SC-056-15/17.-%20GA/17.pdf",
              "datePublished": "2015-08-15T05:00:00.000Z",
              "dateModified": "2015-08-15T05:00:00.000Z",
              "format": "html",
              "language": "es"
            },
            {
              "id": "doc-c64932c8-59c1-437c-b618-4535be6239de",
              "documentType": "Contract Guarantees",
              "title": "Fianza de cumplimiento",
              "description": "Garantias de cumplimiento",
              "url": "http://189.211.120.220:8880/files/opendata/15056-AD-AS-DCAGI-SC-056-15/18.-%20GC/18.pdf",
              "datePublished": "2015-08-15T05:00:00.000Z",
              "dateModified": "2015-08-15T05:00:00.000Z",
              "format": "html",
              "language": "es"
            }
          ]
        }
      ],
      "language": "es"
    }
  ],
  "publisher": {
    "name": "GACM",
    "scheme": "SERVICIO",
    "uid": "AS",
    "uri": "http://www.aeropuerto.gob.mx/"
  },
  "license": "https://datos.gob.mx/libreusomx/",
  "publicationPolicy": "https://datos.gob.mx/libreusomx/"
}
