{
  "uri": "https://datos.gob.mx/busca/dataset?organization=gacm",
  "publishedDate": "2017-02-15T16:48:25.952Z",
  "releases": [
    {
      "ocid": "56",
      "id": "RELEASE_56_2017-02-15T16:48:25.951Z",
      "date": "2017-02-09T06:00:00.000Z",
      "tag": [
        "contract"
      ],
      "initiationType": "tender",
      "planning": {
        "budget": {
          "source": "http://www.apartados.hacienda.gob.mx/presupuesto/temas/pef/2015/docs/09/r09_kdh_pie.pdf",
          "id": "ARRENDAMIENTO DE EQUIPO Y BIENES INFORMATICOS",
          "description": "RECURSOS FISCALES",
          "amount": {
            "amount": 600000,
            "currency": "MXN"
          },
          "project": "Nuevo Aeropuerto Internacional de la Ciudad de Mexico",
          "projectID": "46101",
          "uri": "http://www.apartados.hacienda.gob.mx/presupuesto/temas/pef/2015/docs/09/r09_kdh_pie.pdf"
        },
        "rationale": "Servicio de renta de bienes informaticos",
        "documents": [
          {
            "id": "doc-cc442401-6c7e-4d8b-a28b-9e7658c9bf01",
            "documentType": "projectPlan",
            "title": "Proyecto ejecutivo de la obra",
            "description": "Terminos de referencia",
            "url": "http://189.211.120.220:8880/files/opendata/15006-AD-DCAGI-SA-GAR-006-15/4.-%20TR/4.pdf",
            "datePublished": "2015-01-02T06:00:00.000Z",
            "dateModified": "2015-01-02T06:00:00.000Z",
            "format": "html",
            "language": "es"
          }
        ]
      },
      "tender": {
        "id": "No aplica",
        "title": "Servicio de renta de bienes informaticos",
        "description": "Servicio de renta de bienes informaticos",
        "status": "active",
        "items": [
          {
            "id": "item-e1a6bd12-0bf1-4c5f-8e6d-8e951e3e2997",
            "description": "Servicio de renta de bienes informaticos",
            "classification": {
              "scheme": "ARRENDAMIENTO DE MOBILIARIO Y EQUIPO DE ADMINISTRACION, EDUCACIONAL Y RECREATIVO",
              "id": "3230"
            },
            "quantity": 1,
            "unit": {
              "name": "srv",
              "value": {
                "amount": 183480,
                "currency": "MXN"
              }
            }
          }
        ],
        "value": {
          "amount": 600000,
          "currency": "MXN"
        },
        "procurementMethod": "limited",
        "procurementMethodRationale": "Nacional",
        "metodoDeAdquisicion": "Adjudicación directa",
        "awardCriteria": "bestValueToGoverment",
        "awardCriteriaDetails": "No aplica",
        "submissionMethod": [
          "Presencial"
        ],
        "eligibilityCriteria": "Ver documento adjunto",
        "documents": [
          {
            "id": "doc-7473b1ac-3497-454e-a8aa-fd68a3053b06",
            "documentType": "Clarifications",
            "title": "Actas de la junta de aclaraciones",
            "description": "Actas de la junta de aclaraciones",
            "url": "http://189.211.120.220:8880/files/opendata/15006-AD-DCAGI-SA-GAR-006-15/9.-%20AJ/9.pdf",
            "datePublished": "2015-01-02T06:00:00.000Z",
            "dateModified": "2015-01-02T06:00:00.000Z",
            "format": "html",
            "language": "es"
          },
          {
            "id": "doc-796de4d7-9ad0-4c3c-996a-df31883f3b60",
            "documentType": "Tender Notice",
            "title": "Documento que contiene las especificaciones t?cnicas de la obra",
            "description": "Convocatoria al procedimiento de contratacion",
            "url": "http://189.211.120.220:8880/files/opendata/15006-AD-DCAGI-SA-GAR-006-15/8.-%20CC/8.pdf",
            "datePublished": "2015-01-02T06:00:00.000Z",
            "dateModified": "2015-01-02T06:00:00.000Z",
            "format": "html",
            "language": "es"
          },
          {
            "id": "doc-31d98883-aaaa-465e-bd81-09c78a4c08ab",
            "documentType": "Tender Notice",
            "title": "Documento que describe los criterios de evaluaci?n",
            "description": "Convocatoria al procedimiento de contratacion",
            "url": "http://189.211.120.220:8880/files/opendata/15006-AD-DCAGI-SA-GAR-006-15/8.-%20CC/8.pdf",
            "datePublished": "2015-01-02T06:00:00.000Z",
            "dateModified": "2015-01-02T06:00:00.000Z",
            "format": "html",
            "language": "es"
          },
          {
            "id": "doc-0a39c55c-79d0-467b-943f-3ce1aee0436b",
            "documentType": "Tender Notice",
            "title": "Documento que contiene los objetivos y caracter?sticas del contrato y proceso de licitaci?n",
            "description": "Convocatoria al procedimiento de contratacion",
            "url": "http://189.211.120.220:8880/files/opendata/15006-AD-DCAGI-SA-GAR-006-15/8.-%20CC/8.pdf",
            "datePublished": "2015-01-02T06:00:00.000Z",
            "dateModified": "2015-01-02T06:00:00.000Z",
            "format": "html",
            "language": "es"
          },
          {
            "id": "doc-ed652d0a-0798-4c32-9267-9793ddae753a",
            "documentType": "Tender Notice",
            "title": "Convocatoria al procedimiento de contrataci?n",
            "description": "Convocatoria al procedimiento de contratacion",
            "url": "http://189.211.120.220:8880/files/opendata/15006-AD-DCAGI-SA-GAR-006-15/8.-%20CC/8.pdf",
            "datePublished": "2015-01-02T06:00:00.000Z",
            "dateModified": "2015-01-02T06:00:00.000Z",
            "format": "html",
            "language": "es"
          },
          {
            "id": "doc-8ce9ed77-1d59-46e6-8f67-e14a85ca0465",
            "documentType": "Tender Notice",
            "title": "Documento que describe los criterios que deben cumplir los licitantes",
            "description": "Convocatoria al procedimiento de contratacion",
            "url": "http://189.211.120.220:8880/files/opendata/15006-AD-DCAGI-SA-GAR-006-15/8.-%20CC/8.pdf",
            "datePublished": "2015-01-02T06:00:00.000Z",
            "dateModified": "2015-01-02T06:00:00.000Z",
            "format": "html",
            "language": "es"
          }
        ]
      },
      "buyer": {
        "identifier": {
          "scheme": "MK-009KDH999",
          "id": "GACM",
          "legalName": "Grupo Aeroportuario de la Ciudad de Mexico, S.A. de C.V.",
          "uri": "http://www.aeropuerto.gob.mx/"
        },
        "name": "Grupo Aeroportuario de la Ciudad de Mexico, S.A. de C.V.",
        "address": {
          "streetAddress": "AV. INSURGENTES SUR NO. 2453 PISO 2 OFICINA 203",
          "locality": "COL. TIZAPAN",
          "region": "DEL. ALVARO OBREGON",
          "postalCode": "01090",
          "countryName": "Mexico"
        },
        "contactPoint": {
          "name": "G05-DIRECCION CORPORATIVA DE ADMINISTRACION Y GESTION INMOBILIARIA",
          "url": "http://www.aeropuerto.gob.mx/"
        }
      },
      "awards": [
        {
          "id": "No aplica",
          "title": "Servicio de renta de Bienes Informaticos",
          "description": "Ver documento adjunto",
          "status": "active",
          "value": {
            "amount": 183480,
            "currency": "MXN"
          },
          "suppliers": [
            {
              "identifier": {
                "id": "SME040527947",
                "legalName": "Servidesca Mexico, S.A. de C.V."
              },
              "name": "Servidesca Mexico, S.A. de C.V.",
              "address": {
                "streetAddress": "Calle Paseo de Tamarindos 90 Edificio Torre II 8",
                "locality": "Bosques de la Lomas",
                "region": "Cuajimalpa",
                "postalCode": "5120",
                "countryName": "Mexico"
              }
            }
          ],
          "items": [
            {
              "id": "item-191c1fd7-6724-4278-9dba-cc157adc3816",
              "description": "Servicio de renta de bienes informaticos",
              "classification": {
                "scheme": "ARRENDAMIENTO DE MOBILIARIO Y EQUIPO DE ADMINISTRACION, EDUCACIONAL Y RECREATIVO",
                "id": "3230"
              },
              "quantity": 1,
              "unit": {
                "name": "srv",
                "value": {
                  "amount": 183480,
                  "currency": "MXN"
                }
              }
            }
          ],
          "contractPeriod": {
            "startDate": "2015-01-02T06:00:00.000Z",
            "endDate": "2015-07-01T05:00:00.000Z"
          },
          "documents": [
            {
              "id": "doc-6ec2c637-b829-4583-a2b1-94fa78116de2",
              "documentType": "Award Notice",
              "title": "Fallo",
              "description": "Acta de fallo",
              "url": "http://189.211.120.220:8880/files/opendata/15006-AD-DCAGI-SA-GAR-006-15/12.-%20AF/12.pdf",
              "datePublished": "2015-01-02T06:00:00.000Z",
              "dateModified": "2015-01-02T06:00:00.000Z",
              "format": "html",
              "language": "es"
            },
            {
              "id": "doc-25c2a10b-2a7b-483d-abc7-d0e75bb3609e",
              "documentType": "Award Notice",
              "title": "Fallo",
              "description": "Descripcion del acto de presentacion y apertura de proposiciones",
              "url": "http://189.211.120.220:8880/files/opendata/15006-AD-DCAGI-SA-GAR-006-15/10.-%20AP/10.pdf",
              "datePublished": "2015-01-02T06:00:00.000Z",
              "dateModified": "2015-01-02T06:00:00.000Z",
              "format": "html",
              "language": "es"
            }
          ]
        }
      ],
      "contracts": [
        {
          "id": "AD-DCAGI-SA-GAR-006/15",
          "awardID": "No aplica",
          "title": "Servicio de renta de Bienes Informaticos",
          "description": "Ver documento adjunto",
          "status": "active",
          "period": {
            "startDate": "2015-01-02T06:00:00.000Z",
            "endDate": "2015-07-01T05:00:00.000Z"
          },
          "value": {
            "amount": 183480,
            "currency": "MXN"
          },
          "items": [
            {
              "id": "item-bdc6ae6b-7dd3-4357-93c7-b41172713559",
              "description": "Servicio de renta de bienes informaticos",
              "classification": {
                "scheme": "ARRENDAMIENTO DE MOBILIARIO Y EQUIPO DE ADMINISTRACION, EDUCACIONAL Y RECREATIVO",
                "id": "3230"
              },
              "quantity": 1,
              "unit": {
                "name": "srv",
                "value": {
                  "amount": 183480,
                  "currency": "MXN"
                }
              }
            }
          ],
          "dateSigned": "2015-01-02T06:00:00.000Z",
          "documents": [
            {
              "id": "doc-a13a36fd-94b8-49db-8dde-b96cae7363e2",
              "documentType": "Contract Signed",
              "title": "Cl?usula sobre las condiciones de entrega de la obra",
              "description": "Contrato firmado",
              "url": "http://189.211.120.220:8880/files/opendata/15006-AD-DCAGI-SA-GAR-006-15/15.-%20CF/15.pdf",
              "datePublished": "2015-01-02T06:00:00.000Z",
              "dateModified": "2015-01-02T06:00:00.000Z",
              "format": "html",
              "language": "es"
            },
            {
              "id": "doc-629aa9e4-9046-4b04-ba10-088fe8963e00",
              "documentType": "Contract Signed",
              "title": "Contrato firmado",
              "description": "Contrato firmado",
              "url": "http://189.211.120.220:8880/files/opendata/15006-AD-DCAGI-SA-GAR-006-15/15.-%20CF/15.pdf",
              "datePublished": "2015-01-02T06:00:00.000Z",
              "dateModified": "2015-01-02T06:00:00.000Z",
              "format": "html",
              "language": "es"
            },
            {
              "id": "doc-71057c5b-4167-4b4b-8d5a-f886db427268",
              "documentType": "Contract Guarantees",
              "title": "Fianza de anticipo",
              "description": "Garantia sobre el anticipo",
              "url": "http://189.211.120.220:8880/files/opendata/15006-AD-DCAGI-SA-GAR-006-15/17.-%20GA/17.pdf",
              "datePublished": "2015-01-02T06:00:00.000Z",
              "dateModified": "2015-01-02T06:00:00.000Z",
              "format": "html",
              "language": "es"
            },
            {
              "id": "doc-44155323-448a-4e53-884b-acb0efffdc98",
              "documentType": "Contract Guarantees",
              "title": "Fianza de cumplimiento",
              "description": "Garantias de cumplimiento",
              "url": "http://189.211.120.220:8880/files/opendata/15006-AD-DCAGI-SA-GAR-006-15/18.-%20GC/18.pdf",
              "datePublished": "2015-01-02T06:00:00.000Z",
              "dateModified": "2015-01-02T06:00:00.000Z",
              "format": "html",
              "language": "es"
            }
          ]
        }
      ],
      "language": "es"
    }
  ],
  "publisher": {
    "name": "GACM",
    "scheme": "SERVICIO",
    "uid": "AS",
    "uri": "http://www.aeropuerto.gob.mx/"
  },
  "license": "https://datos.gob.mx/libreusomx/",
  "publicationPolicy": "https://datos.gob.mx/libreusomx/"
}
