{
  "uri": "https://datos.gob.mx/busca/dataset?organization=gacm",
  "publishedDate": "2017-02-15T16:48:25.207Z",
  "releases": [
    {
      "ocid": "58",
      "id": "RELEASE_58_2017-02-15T16:48:25.206Z",
      "date": "2017-02-08T06:00:00.000Z",
      "tag": [
        "contract"
      ],
      "initiationType": "tender",
      "planning": {
        "budget": {
          "source": "http://www.apartados.hacienda.gob.mx/presupuesto/temas/pef/2015/docs/09/r09_kdh_pie.pdf",
          "id": "OBRAS DE CONSTRUCCION PARA EDIFICIOS NO HABITACIONALES",
          "description": "RECURSOS FISCALES",
          "amount": {
            "amount": 638000,
            "currency": "MXN"
          },
          "project": "Nuevo Aeropuerto Internacional de la Ciudad de Mexico",
          "projectID": "46101",
          "uri": "http://www.apartados.hacienda.gob.mx/presupuesto/temas/pef/2015/docs/09/r09_kdh_pie.pdf"
        },
        "rationale": "Prestacion de los Servicios consistentes en la elaboracion del Estudio Tecnico-Economico de la Ejecucion de las medidas de mitigacion restauracion y compensacion y otras acciones ambientales del proyecto Nuevo Aeropuerto Internacional de la Ciudad de Mexico",
        "documents": [
          {
            "id": "doc-6d72c37b-b774-4e1d-aac7-d076827433fa",
            "documentType": "projectPlan",
            "title": "Proyecto ejecutivo de la obra",
            "description": "Terminos de referencia",
            "url": "http://189.211.120.220:8880/files/opendata/15008-AD-SRO-DCAGI-SC-008-15/4.-%20TR/4.pdf",
            "datePublished": "2015-02-20T06:00:00.000Z",
            "dateModified": "2015-02-20T06:00:00.000Z",
            "format": "html",
            "language": "es"
          }
        ]
      },
      "tender": {
        "id": "789535",
        "title": "Prestacion de los Servicios consistentes en la elaboracion del Estudio Tecnico-Economico de la Ejecucion de las medidas de mitigacion restauracion y compensacion y otras acciones ambientales del proyecto Nuevo Aeropuerto Internacional de la Ciudad de Mexico",
        "description": "Prestacion de los Servicios consistentes en la elaboracion del Estudio Tecnico-Economico de la Ejecucion de las medidas de mitigacion restauracion y compensacion y otras acciones ambientales del proyecto Nuevo Aeropuerto Internacional de la Ciudad de Mexico",
        "status": "active",
        "items": [
          {
            "id": "item-6a64809a-6636-4afa-be48-e8300509627a",
            "description": "Elaboracion del Estudio Tecnico-Economico de la Ejecucion de las medidas de mitigacion restauracion y compensacion y otras acciones ambientales del proyecto Nuevo Aeropuerto Internacional de la Ciudad de Mexico",
            "classification": {
              "scheme": "EDIFICACION NO HABITACIONAL",
              "id": "6220"
            },
            "quantity": 1,
            "unit": {
              "name": "sop",
              "value": {
                "amount": 550000,
                "currency": "MXN"
              }
            }
          }
        ],
        "value": {
          "amount": 638000,
          "currency": "MXN"
        },
        "procurementMethod": "limited",
        "procurementMethodRationale": "Nacional",
        "metodoDeAdquisicion": "Adjudicación directa",
        "awardCriteria": "bestValueToGoverment",
        "awardCriteriaDetails": "No aplica",
        "submissionMethod": [
          "Presencial"
        ],
        "eligibilityCriteria": "Ver documento adjunto",
        "documents": [
          {
            "id": "doc-736dcd3e-3871-43d7-b38b-9f3fff5b7110",
            "documentType": "Clarifications",
            "title": "Actas de la junta de aclaraciones",
            "description": "Actas de la junta de aclaraciones",
            "url": "http://189.211.120.220:8880/files/opendata/15008-AD-SRO-DCAGI-SC-008-15/9.-%20AJ/9.pdf",
            "datePublished": "2015-02-20T06:00:00.000Z",
            "dateModified": "2015-02-20T06:00:00.000Z",
            "format": "html",
            "language": "es"
          },
          {
            "id": "doc-8dcba132-4d3d-4830-aced-99ea2211ebae",
            "documentType": "Tender Notice",
            "title": "Documento que describe los criterios de evaluaci?n",
            "description": "Convocatoria al procedimiento de contratacion",
            "url": "http://189.211.120.220:8880/files/opendata/15008-AD-SRO-DCAGI-SC-008-15/8.-%20CC/8.pdf",
            "datePublished": "2015-02-20T06:00:00.000Z",
            "dateModified": "2015-02-20T06:00:00.000Z",
            "format": "html",
            "language": "es"
          },
          {
            "id": "doc-9c5daab3-320d-4490-9bc6-32a4772ec500",
            "documentType": "Tender Notice",
            "title": "Documento que contiene los objetivos y caracter?sticas del contrato y proceso de licitaci?n",
            "description": "Convocatoria al procedimiento de contratacion",
            "url": "http://189.211.120.220:8880/files/opendata/15008-AD-SRO-DCAGI-SC-008-15/8.-%20CC/8.pdf",
            "datePublished": "2015-02-20T06:00:00.000Z",
            "dateModified": "2015-02-20T06:00:00.000Z",
            "format": "html",
            "language": "es"
          },
          {
            "id": "doc-58ec0052-eece-468f-897d-46f0fff3639b",
            "documentType": "Tender Notice",
            "title": "Documento que contiene las especificaicones t?cnicas de la obra",
            "description": "Convocatoria al procedimiento de contratacion",
            "url": "http://189.211.120.220:8880/files/opendata/15008-AD-SRO-DCAGI-SC-008-15/8.-%20CC/8.pdf",
            "datePublished": "2015-02-20T06:00:00.000Z",
            "dateModified": "2015-02-20T06:00:00.000Z",
            "format": "html",
            "language": "es"
          },
          {
            "id": "doc-20c9d830-d6b4-458f-ad3c-c0d3a1281dab",
            "documentType": "Tender Notice",
            "title": "Convocatoria al procedimiento de contrataci?n",
            "description": "Convocatoria al procedimiento de contratacion",
            "url": "http://189.211.120.220:8880/files/opendata/15008-AD-SRO-DCAGI-SC-008-15/8.-%20CC/8.pdf",
            "datePublished": "2015-02-20T06:00:00.000Z",
            "dateModified": "2015-02-20T06:00:00.000Z",
            "format": "html",
            "language": "es"
          },
          {
            "id": "doc-6a12e87b-1739-4733-8047-b1b6d2cd1ec5",
            "documentType": "Tender Notice",
            "title": "Documento que describe los criterios que deben cumplir los licitantes",
            "description": "Convocatoria al procedimiento de contratacion",
            "url": "http://189.211.120.220:8880/files/opendata/15008-AD-SRO-DCAGI-SC-008-15/8.-%20CC/8.pdf",
            "datePublished": "2015-02-20T06:00:00.000Z",
            "dateModified": "2015-02-20T06:00:00.000Z",
            "format": "html",
            "language": "es"
          }
        ]
      },
      "buyer": {
        "identifier": {
          "scheme": "MK-009KDH999",
          "id": "GACM",
          "legalName": "Grupo Aeroportuario de la Ciudad de Mexico, S.A. de C.V.",
          "uri": "http://www.aeropuerto.gob.mx/"
        },
        "name": "Grupo Aeroportuario de la Ciudad de Mexico, S.A. de C.V.",
        "address": {
          "streetAddress": "AV. INSURGENTES SUR NO. 2453 PISO 2 OFICINA 203",
          "locality": "COL. TIZAPAN",
          "region": "DEL. ALVARO OBREGON",
          "postalCode": "01090",
          "countryName": "Mexico"
        },
        "contactPoint": {
          "name": "G05-DIRECCION CORPORATIVA DE ADMINISTRACION Y GESTION INMOBILIARIA",
          "url": "http://www.aeropuerto.gob.mx/"
        }
      },
      "awards": [
        {
          "id": "SO-009KDH999-N17-2015",
          "title": "Prestacion de los Servicios consistentes en la elaboracion del Estudio Tecnico-Economico de la Ejecucion de las medidas de mitigacion restauracion y compensacion y otras acciones ambientales del proyecto Nuevo Aeropuerto Internacional de la Ciudad de Mexico",
          "description": "Ver documento adjunto",
          "status": "active",
          "value": {
            "amount": 550000,
            "currency": "MXN"
          },
          "suppliers": [
            {
              "identifier": {
                "id": "EAM9803104KO",
                "legalName": "Especialistas  Ambientales, S.A. de C.V."
              },
              "name": "Especialistas  Ambientales, S.A. de C.V.",
              "address": {
                "streetAddress": "Camino al Olivo Numero15 Interior 301",
                "locality": "Lomas de Vista Hermosa",
                "region": "Cuajimalpa",
                "postalCode": "5100",
                "countryName": "Mexico"
              }
            }
          ],
          "items": [
            {
              "id": "item-d1bdcc46-de2f-4f94-a257-e04e109ca36a",
              "description": "Elaboracion del Estudio Tecnico-Economico de la Ejecucion de las medidas de mitigacion restauracion y compensacion y otras acciones ambientales del proyecto Nuevo Aeropuerto Internacional de la Ciudad de Mexico",
              "classification": {
                "scheme": "EDIFICACION NO HABITACIONAL",
                "id": "6220"
              },
              "quantity": 1,
              "unit": {
                "name": "sop",
                "value": {
                  "amount": 550000,
                  "currency": "MXN"
                }
              }
            }
          ],
          "contractPeriod": {
            "startDate": "2015-02-23T06:00:00.000Z",
            "endDate": "2015-03-30T06:00:00.000Z"
          },
          "documents": [
            {
              "id": "doc-02bd7264-5b0d-450f-af30-8d817aff1369",
              "documentType": "Award Notice",
              "title": "Fallo",
              "description": "Acta de Fallo",
              "url": "http://189.211.120.220:8880/files/opendata/15008-AD-SRO-DCAGI-SC-008-15/12.-%20AF/12.pdf",
              "datePublished": "2015-02-20T06:00:00.000Z",
              "dateModified": "2015-02-20T06:00:00.000Z",
              "format": "html",
              "language": "es"
            },
            {
              "id": "doc-85f80e5f-1716-4ebd-a745-f232cb71b5d5",
              "documentType": "Award Notice",
              "title": "Fallo",
              "description": "Descripcion del acto de presentacion y apertura de proposiciones",
              "url": "http://189.211.120.220:8880/files/opendata/15008-AD-SRO-DCAGI-SC-008-15/10.-%20AP/10.pdf",
              "datePublished": "2015-02-20T06:00:00.000Z",
              "dateModified": "2015-02-20T06:00:00.000Z",
              "format": "html",
              "language": "es"
            }
          ]
        }
      ],
      "contracts": [
        {
          "id": "AD-SRO-DCAGI-SC-008/15",
          "awardID": "SO-009KDH999-N17-2015",
          "title": "Prestacion de los Servicios consistentes en la elaboracion del Estudio Tecnico-Economico de la Ejecucion de las medidas de mitigacion restauracion y compensacion y otras acciones ambientales del proyecto Nuevo Aeropuerto Internacional de la Ciudad de Mexico",
          "description": "Ver documento adjunto",
          "status": "active",
          "period": {
            "startDate": "2015-02-23T06:00:00.000Z",
            "endDate": "2015-03-30T06:00:00.000Z"
          },
          "value": {
            "amount": 550000,
            "currency": "MXN"
          },
          "items": [
            {
              "id": "item-72c599af-4c95-44ac-8904-88389b3e4a2a",
              "description": "Elaboracion del Estudio Tecnico-Economico de la Ejecucion de las medidas de mitigacion restauracion y compensacion y otras acciones ambientales del proyecto Nuevo Aeropuerto Internacional de la Ciudad de Mexico",
              "classification": {
                "scheme": "EDIFICACION NO HABITACIONAL",
                "id": "6220"
              },
              "quantity": 1,
              "unit": {
                "name": "sop",
                "value": {
                  "amount": 550000,
                  "currency": "MXN"
                }
              }
            }
          ],
          "dateSigned": "2015-02-20T06:00:00.000Z",
          "documents": [
            {
              "id": "doc-fa5284d1-37ad-40c8-b687-d908a2f6e743",
              "documentType": "Contract Signed",
              "title": "Contrato firmado",
              "description": "Contrato firmado",
              "url": "http://189.211.120.220:8880/files/opendata/15008-AD-SRO-DCAGI-SC-008-15/15.-%20CF/15.pdf",
              "datePublished": "2015-02-20T06:00:00.000Z",
              "dateModified": "2015-02-20T06:00:00.000Z",
              "format": "html",
              "language": "es"
            },
            {
              "id": "doc-b90d47b6-a8e9-45c8-b17f-a91f42ec60b2",
              "documentType": "Contract Signed",
              "title": "Cl?usula sobre las condiciones de entrega de la obra",
              "description": "Contrato firmado",
              "url": "http://189.211.120.220:8880/files/opendata/15008-AD-SRO-DCAGI-SC-008-15/15.-%20CF/15.pdf",
              "datePublished": "2015-02-20T06:00:00.000Z",
              "dateModified": "2015-02-20T06:00:00.000Z",
              "format": "html",
              "language": "es"
            },
            {
              "id": "doc-baa05c0c-e737-490a-af86-578c76c83945",
              "documentType": "Contract Guarantees",
              "title": "Fianza de anticipo",
              "description": "Garantia sobre el anticipo",
              "url": "http://189.211.120.220:8880/files/opendata/15008-AD-SRO-DCAGI-SC-008-15/17.-%20GA/17.pdf",
              "datePublished": "2015-02-20T06:00:00.000Z",
              "dateModified": "2015-02-20T06:00:00.000Z",
              "format": "html",
              "language": "es"
            },
            {
              "id": "doc-87872600-e8bf-46b4-86b3-bb04ed08781e",
              "documentType": "Contract Guarantees",
              "title": "Fianza de cumplimiento",
              "description": "Garantias de cumplimiento",
              "url": "http://189.211.120.220:8880/files/opendata/15008-AD-SRO-DCAGI-SC-008-15/18.-%20GC/18.pdf",
              "datePublished": "2015-02-20T06:00:00.000Z",
              "dateModified": "2015-02-20T06:00:00.000Z",
              "format": "html",
              "language": "es"
            }
          ]
        }
      ],
      "language": "es"
    }
  ],
  "publisher": {
    "name": "GACM",
    "scheme": "SERVICIO",
    "uid": "AS",
    "uri": "http://www.aeropuerto.gob.mx/"
  },
  "license": "https://datos.gob.mx/libreusomx/",
  "publicationPolicy": "https://datos.gob.mx/libreusomx/"
}
