{
  "uri": "https://datos.gob.mx/busca/dataset?organization=gacm",
  "publishedDate": "2017-02-15T16:48:25.037Z",
  "releases": [
    {
      "ocid": "59",
      "id": "RELEASE_59_2017-02-15T16:48:25.036Z",
      "date": "2017-02-07T06:00:00.000Z",
      "tag": [
        "contract"
      ],
      "initiationType": "tender",
      "planning": {
        "budget": {
          "source": "http://www.apartados.hacienda.gob.mx/presupuesto/temas/pef/2015/docs/09/r09_kdh_pie.pdf",
          "id": "OBRAS DE CONSTRUCCION PARA EDIFICIOS NO HABITACIONALES",
          "description": "RECURSOS FISCALES",
          "amount": {
            "amount": 1508620.7,
            "currency": "MXN"
          },
          "project": "Nuevo Aeropuerto Internacional de la Ciudad de Mexico",
          "projectID": "46101",
          "uri": "http://www.apartados.hacienda.gob.mx/presupuesto/temas/pef/2015/docs/09/r09_kdh_pie.pdf"
        },
        "rationale": "ASESORIA TECNICA ESPECIALIZADA EN MATERIA DE GESTION SOCIAL ANTE COMUNIDADES VECINAS DEL NUEVO AEROPUERTO INTERNACIONAL DE LA CIUDAD DE MEXICO",
        "documents": [
          {
            "id": "doc-ff8f07cf-248a-4047-a3e8-5220ddcd8392",
            "documentType": "projectPlan",
            "title": "Proyecto ejecutivo de la obra",
            "description": "Terminos de referencia",
            "url": "http://189.211.120.220:8880/files/opendata/15020-AD-AS-DCAGI-SC-020-15/4.-%20TR/4.pdf",
            "datePublished": "2015-04-01T06:00:00.000Z",
            "dateModified": "2015-04-01T06:00:00.000Z",
            "format": "html",
            "language": "es"
          }
        ]
      },
      "tender": {
        "id": "818235",
        "title": "ASESORIA TECNICA ESPECIALIZADA EN MATERIA DE GESTION SOCIAL ANTE COMUNIDADES VECINAS DEL NUEVO AEROPUERTO INTERNACIONAL DE LA CIUDAD DE MEXICO",
        "description": "ASESORIA TECNICA ESPECIALIZADA EN MATERIA DE GESTION SOCIAL ANTE COMUNIDADES VECINAS DEL NUEVO AEROPUERTO INTERNACIONAL DE LA CIUDAD DE MEXICO",
        "status": "active",
        "items": [
          {
            "id": "item-88c586ec-2647-460d-9cac-15ba8607f184",
            "description": "ASESORIA TECNICA ESPECIALIZADA EN MATERIA DE GESTION SOCIAL ANTE COMUNIDADES VECINAS DEL NUEVO AEROPUERTO INTERNACIONAL DE LA CIUDAD DE MEXICO",
            "classification": {
              "scheme": "EDIFICACION NO HABITACIONAL",
              "id": "6220"
            },
            "quantity": 1,
            "unit": {
              "name": "sop",
              "value": {
                "amount": 1508620.69,
                "currency": "MXN"
              }
            }
          }
        ],
        "minValue": {
          "currency": "MXN"
        },
        "value": {
          "amount": 1508620.7,
          "currency": "MXN"
        },
        "procurementMethod": "limited",
        "procurementMethodRationale": "No aplica",
        "metodoDeAdquisicion": "Adjudicación directa",
        "awardCriteria": "bestValueToGoverment",
        "eligibilityCriteria": "Ver documento adjunto",
        "documents": [
          {
            "id": "doc-208f3780-04ad-413a-b88f-299a1743f913",
            "documentType": "Clarifications",
            "title": "Actas de la junta de aclaraciones",
            "description": "Actas de la junta de aclaraciones",
            "url": "http://189.211.120.220:8880/files/opendata/15020-AD-AS-DCAGI-SC-020-15/9.-%20AJ/9.pdf",
            "datePublished": "2015-04-01T06:00:00.000Z",
            "dateModified": "2015-04-01T06:00:00.000Z",
            "format": "html",
            "language": "es"
          },
          {
            "id": "doc-ad567683-da8d-4735-85ed-ce7edcdbc8c7",
            "documentType": "Tender Notice",
            "title": "Documento que describe los criterios de evaluaci?n",
            "description": "Convocatoria al procedimiento de contratacion",
            "url": "http://189.211.120.220:8880/files/opendata/15020-AD-AS-DCAGI-SC-020-15/8.-%20CC/8.pdf",
            "datePublished": "2015-04-01T06:00:00.000Z",
            "dateModified": "2015-04-01T06:00:00.000Z",
            "format": "html",
            "language": "es"
          },
          {
            "id": "doc-f30be95f-7b1d-43c2-a5c9-fab2dba35861",
            "documentType": "Tender Notice",
            "title": "Documento que contiene los objetivos y caracter?sticas del contrato y proceso de licitaci?n",
            "description": "Convocatoria al procedimiento de contratacion",
            "url": "http://189.211.120.220:8880/files/opendata/15020-AD-AS-DCAGI-SC-020-15/8.-%20CC/8.pdf",
            "datePublished": "2015-04-01T06:00:00.000Z",
            "dateModified": "2015-04-01T06:00:00.000Z",
            "format": "html",
            "language": "es"
          },
          {
            "id": "doc-fb0bb3de-6280-49bc-bdf2-2d004d675ae1",
            "documentType": "Tender Notice",
            "title": "Documento que contiene las especificaicones t?cnicas de la obra",
            "description": "Convocatoria al procedimiento de contratacion",
            "url": "http://189.211.120.220:8880/files/opendata/15020-AD-AS-DCAGI-SC-020-15/8.-%20CC/8.pdf",
            "datePublished": "2015-04-01T06:00:00.000Z",
            "dateModified": "2015-04-01T06:00:00.000Z",
            "format": "html",
            "language": "es"
          },
          {
            "id": "doc-840abdef-4bae-491b-9065-4794c4352aba",
            "documentType": "Tender Notice",
            "title": "Convocatoria al procedimiento de contrataci?n",
            "description": "Convocatoria al procedimiento de contratacion",
            "url": "http://189.211.120.220:8880/files/opendata/15020-AD-AS-DCAGI-SC-020-15/8.-%20CC/8.pdf",
            "datePublished": "2015-04-01T06:00:00.000Z",
            "dateModified": "2015-04-01T06:00:00.000Z",
            "format": "html",
            "language": "es"
          },
          {
            "id": "doc-7fd8039b-e59f-435b-b87c-2fe702882c97",
            "documentType": "Tender Notice",
            "title": "Documento que describe los criterios que deben cumplir los licitantes",
            "description": "Convocatoria al procedimiento de contratacion",
            "url": "http://189.211.120.220:8880/files/opendata/15020-AD-AS-DCAGI-SC-020-15/8.-%20CC/8.pdf",
            "datePublished": "2015-04-01T06:00:00.000Z",
            "dateModified": "2015-04-01T06:00:00.000Z",
            "format": "html",
            "language": "es"
          }
        ]
      },
      "buyer": {
        "identifier": {
          "scheme": "MK-009KDH999",
          "id": "GACM",
          "legalName": "Grupo Aeroportuario de la Ciudad de Mexico, S.A. de C.V.",
          "uri": "http://www.aeropuerto.gob.mx/"
        },
        "name": "Grupo Aeroportuario de la Ciudad de Mexico, S.A. de C.V.",
        "address": {
          "streetAddress": "AV. INSURGENTES SUR NO. 2453 PISO 2 OFICINA 203",
          "locality": "COL. TIZAPAN",
          "region": "DEL. ALVARO OBREGON",
          "postalCode": "01090",
          "countryName": "Mexico"
        },
        "contactPoint": {
          "name": "G05-DIRECCION CORPORATIVA DE ADMINISTRACION Y GESTION INMOBILIARIA",
          "url": "http://www.aeropuerto.gob.mx/"
        }
      },
      "awards": [
        {
          "id": "SA-009KDH999-N36-2015",
          "title": "ASESORIA TECNICA ESPECIALIZADA EN MATERIA DE GESTION SOCIAL ANTE COMUNIDADES VECINAS DEL NUEVO AEROPUERTO INTERNACIONAL DE LA CIUDAD DE MEXICO",
          "description": "Ver documento adjunto",
          "status": "active",
          "value": {
            "amount": 1508620.69,
            "currency": "MXN"
          },
          "suppliers": [
            {
              "identifier": {
                "id": "MAHA521229MKA",
                "legalName": "AURELIO MARIN HUAZO"
              },
              "name": "AURELIO MARIN HUAZO",
              "address": {
                "streetAddress": "Boulevard Valle de San Javier",
                "locality": "Valle de San Javier",
                "region": "Tulancingo de Bravo",
                "postalCode": "42080",
                "countryName": "Mexico"
              }
            }
          ],
          "items": [
            {
              "id": "item-3e1bb607-304b-46a2-a3dd-500b1384e619",
              "description": "ASESORIA TECNICA ESPECIALIZADA EN MATERIA DE GESTION SOCIAL ANTE COMUNIDADES VECINAS DEL NUEVO AEROPUERTO INTERNACIONAL DE LA CIUDAD DE MEXICO",
              "classification": {
                "scheme": "EDIFICACION NO HABITACIONAL",
                "id": "6220"
              },
              "quantity": 1,
              "unit": {
                "name": "sop",
                "value": {
                  "amount": 1508620.69,
                  "currency": "MXN"
                }
              }
            }
          ],
          "contractPeriod": {
            "startDate": "2015-04-01T06:00:00.000Z",
            "endDate": "2015-12-31T06:00:00.000Z"
          },
          "documents": [
            {
              "id": "doc-04504396-86f4-4ef1-adc4-d551d34377a5",
              "documentType": "Award Notice",
              "title": "Fallo",
              "description": "Acta de Fallo",
              "url": "http://189.211.120.220:8880/files/opendata/15020-AD-AS-DCAGI-SC-020-15/12.-%20AF/12.pdf",
              "datePublished": "2015-04-01T06:00:00.000Z",
              "dateModified": "2015-04-01T06:00:00.000Z",
              "format": "html",
              "language": "es"
            },
            {
              "id": "doc-599fccad-da81-4401-88ca-77069d7e2b09",
              "documentType": "Award Notice",
              "title": "Fallo",
              "description": "Descripcion del acto de presentacion y apertura de proposiciones",
              "url": "http://189.211.120.220:8880/files/opendata/15020-AD-AS-DCAGI-SC-020-15/10.-%20AP/10.pdf",
              "datePublished": "2015-04-01T06:00:00.000Z",
              "dateModified": "2015-04-01T06:00:00.000Z",
              "format": "html",
              "language": "es"
            }
          ]
        }
      ],
      "contracts": [
        {
          "id": "AD-AS-DCAGI-SC-020-2015",
          "awardID": "SA-009KDH999-N36-2015",
          "title": "ASESORIA TECNICA ESPECIALIZADA EN MATERIA DE GESTION SOCIAL ANTE COMUNIDADES VECINAS DEL NUEVO AEROPUERTO INTERNACIONAL DE LA CIUDAD DE MEXICO",
          "description": "Ver documento adjunto",
          "status": "active",
          "period": {
            "startDate": "2015-04-01T06:00:00.000Z",
            "endDate": "2015-12-31T06:00:00.000Z"
          },
          "value": {
            "amount": 1508620.69,
            "currency": "MXN"
          },
          "items": [
            {
              "id": "item-4965f255-f589-4865-b6da-c99fad6659c1",
              "description": "ASESORIA TECNICA ESPECIALIZADA EN MATERIA DE GESTION SOCIAL ANTE COMUNIDADES VECINAS DEL NUEVO AEROPUERTO INTERNACIONAL DE LA CIUDAD DE MEXICO",
              "classification": {
                "scheme": "EDIFICACION NO HABITACIONAL",
                "id": "6220"
              },
              "quantity": 1,
              "unit": {
                "name": "sop",
                "value": {
                  "amount": 1508620.69,
                  "currency": "MXN"
                }
              }
            }
          ],
          "dateSigned": "2015-04-01T06:00:00.000Z",
          "documents": [
            {
              "id": "doc-c849d4ec-71ff-4cd6-9c63-66de531bd7f6",
              "documentType": "Contract Signed",
              "title": "Contrato firmado",
              "description": "Contrato firmado",
              "url": "http://189.211.120.220:8880/files/opendata/15020-AD-AS-DCAGI-SC-020-15/15.-%20CF/15.pdf",
              "datePublished": "2015-04-01T06:00:00.000Z",
              "dateModified": "2015-04-01T06:00:00.000Z",
              "format": "html",
              "language": "es"
            },
            {
              "id": "doc-842beba8-0beb-48db-b8b9-41328b46a6a7",
              "documentType": "Contract Signed",
              "title": "Cl?usula sobre las condiciones de entrega de la obra",
              "description": "Contrato firmado",
              "url": "http://189.211.120.220:8880/files/opendata/15020-AD-AS-DCAGI-SC-020-15/15.-%20CF/15.pdf",
              "datePublished": "2015-04-01T06:00:00.000Z",
              "dateModified": "2015-04-01T06:00:00.000Z",
              "format": "html",
              "language": "es"
            },
            {
              "id": "doc-a9b984bd-830e-4f59-8a58-e560ddc1bd4d",
              "documentType": "Contract Guarantees",
              "title": "Fianza de anticipo",
              "description": "Garantia sobre el anticipo",
              "url": "http://189.211.120.220:8880/files/opendata/15020-AD-AS-DCAGI-SC-020-15/17.-%20GA/17.pdf",
              "datePublished": "2015-04-01T06:00:00.000Z",
              "dateModified": "2015-04-01T06:00:00.000Z",
              "format": "html",
              "language": "es"
            },
            {
              "id": "doc-ad11c3f8-51e8-4d2c-bd1b-51be9760057f",
              "documentType": "Contract Guarantees",
              "title": "Fianza de cumplimiento",
              "description": "Garantias de cumplimiento",
              "url": "http://189.211.120.220:8880/files/opendata/15020-AD-AS-DCAGI-SC-020-15/18.-%20GC/18.pdf",
              "datePublished": "2015-04-01T06:00:00.000Z",
              "dateModified": "2015-04-01T06:00:00.000Z",
              "format": "html",
              "language": "es"
            }
          ]
        }
      ],
      "language": "es"
    }
  ],
  "publisher": {
    "name": "GACM",
    "scheme": "SERVICIO",
    "uid": "AS",
    "uri": "http://www.aeropuerto.gob.mx/"
  },
  "license": "https://datos.gob.mx/libreusomx/",
  "publicationPolicy": "https://datos.gob.mx/libreusomx/"
}
