{
  "uri": "https://datos.gob.mx/busca/dataset?organization=gacm",
  "publishedDate": "2017-02-15T16:48:25.193Z",
  "releases": [
    {
      "ocid": "6",
      "id": "RELEASE_6_2017-02-15T16:48:25.192Z",
      "date": "2017-02-08T06:00:00.000Z",
      "tag": [
        "contract"
      ],
      "initiationType": "tender",
      "planning": {
        "budget": {
          "source": "http://www.apartados.hacienda.gob.mx/presupuesto/temas/pef/2015/docs/09/r09_kdh_pie.pdf",
          "id": "CONSTRUCCION DE VIAS DE COMUNICACION",
          "description": "RECURSOS FISCALES",
          "amount": {
            "amount": 8530640,
            "currency": "MXN"
          },
          "project": "Nuevo Aeropuerto Internacional de la Ciudad de Mexico",
          "projectID": "46101",
          "uri": "http://www.apartados.hacienda.gob.mx/presupuesto/temas/pef/2015/docs/09/r09_kdh_pie.pdf"
        },
        "rationale": "Programa de Rescate de Fauna para el Nuevo Aeropuerto Internacional de la Ciudad de Mexico.",
        "documents": [
          {
            "id": "doc-f30a1780-8c2c-419c-8530-20d3992df41b",
            "documentType": "projectPlan",
            "title": "Proyecto ejecutivo de la obra",
            "description": "Terminos de referencia",
            "url": "http://189.211.120.220:8880/files/opendata/15006-AD-SRO-DCAGI-SC-006-15/4.-%20TR/4.pdf",
            "datePublished": "2015-02-04T06:00:00.000Z",
            "dateModified": "2015-02-04T06:00:00.000Z",
            "format": "html",
            "language": "es"
          }
        ]
      },
      "tender": {
        "id": "798942",
        "title": "Programa de Rescate de Fauna para el Nuevo Aeropuerto Internacional de la Ciudad de Mexico.",
        "description": "Programa de Rescate de Fauna para el Nuevo Aeropuerto Internacional de la Ciudad de Mexico.",
        "status": "active",
        "items": [
          {
            "id": "item-f9b5ecbd-0596-4357-91fb-500c95045a10",
            "description": "Programa de Rescate de Fauna para el Nuevo Aeropuerto Internacional de la Ciudad de Mexico.",
            "classification": {
              "scheme": "CONSTRUCCION DE VIAS DE COMUNICACION",
              "id": "6250"
            },
            "quantity": 1,
            "unit": {
              "name": "sop",
              "value": {
                "amount": 374999.1,
                "currency": "MXN"
              }
            }
          }
        ],
        "value": {
          "amount": 8530640,
          "currency": "MXN"
        },
        "procurementMethod": "limited",
        "procurementMethodRationale": "Nacional",
        "metodoDeAdquisicion": "Adjudicación directa",
        "awardCriteria": "bestValueToGoverment",
        "awardCriteriaDetails": "No aplica",
        "submissionMethod": [
          "Presencial"
        ],
        "eligibilityCriteria": "Ver documento adjunto",
        "documents": [
          {
            "id": "doc-4beedcaa-8e73-4314-ad98-0541b4fbd48d",
            "documentType": "Clarifications",
            "title": "Actas de la junta de aclaraciones",
            "description": "Actas de la junta de aclaraciones",
            "url": "http://189.211.120.220:8880/files/opendata/15006-AD-SRO-DCAGI-SC-006-15/9.-%20AJ/9.pdf",
            "datePublished": "2015-02-04T06:00:00.000Z",
            "dateModified": "2015-02-04T06:00:00.000Z",
            "format": "html",
            "language": "es"
          },
          {
            "id": "doc-d678e5aa-6183-4114-ade6-b677cd890091",
            "documentType": "Tender Notice",
            "title": "Documento que describe los criterios de evaluaci?n",
            "description": "Convocatoria al procedimiento de contratacion",
            "url": "http://189.211.120.220:8880/files/opendata/15006-AD-SRO-DCAGI-SC-006-15/8.-%20CC/8.pdf",
            "datePublished": "2015-02-04T06:00:00.000Z",
            "dateModified": "2015-02-04T06:00:00.000Z",
            "format": "html",
            "language": "es"
          },
          {
            "id": "doc-9d955abe-7707-4619-863e-bfcf06256c10",
            "documentType": "Tender Notice",
            "title": "Documento que contiene los objetivos y caracter?sticas del contrato y proceso de licitaci?n",
            "description": "Convocatoria al procedimiento de contratacion",
            "url": "http://189.211.120.220:8880/files/opendata/15006-AD-SRO-DCAGI-SC-006-15/8.-%20CC/8.pdf",
            "datePublished": "2015-02-04T06:00:00.000Z",
            "dateModified": "2015-02-04T06:00:00.000Z",
            "format": "html",
            "language": "es"
          },
          {
            "id": "doc-6e5d76e9-b467-43a5-90cc-21d336cbe4cc",
            "documentType": "Tender Notice",
            "title": "Documento que contiene las especificaicones t?cnicas de la obra",
            "description": "Convocatoria al procedimiento de contratacion",
            "url": "http://189.211.120.220:8880/files/opendata/15006-AD-SRO-DCAGI-SC-006-15/8.-%20CC/8.pdf",
            "datePublished": "2015-02-04T06:00:00.000Z",
            "dateModified": "2015-02-04T06:00:00.000Z",
            "format": "html",
            "language": "es"
          },
          {
            "id": "doc-889fa893-8587-4f79-b7cf-f82d5658c789",
            "documentType": "Tender Notice",
            "title": "Convocatoria al procedimiento de contrataci?n",
            "description": "Convocatoria al procedimiento de contratacion",
            "url": "http://189.211.120.220:8880/files/opendata/15006-AD-SRO-DCAGI-SC-006-15/8.-%20CC/8.pdf",
            "datePublished": "2015-02-04T06:00:00.000Z",
            "dateModified": "2015-02-04T06:00:00.000Z",
            "format": "html",
            "language": "es"
          },
          {
            "id": "doc-ff28137f-83f2-49d4-86fd-b2125eee99a2",
            "documentType": "Tender Notice",
            "title": "Documento que describe los criterios que deben cumplir los licitantes",
            "description": "Convocatoria al procedimiento de contratacion",
            "url": "http://189.211.120.220:8880/files/opendata/15006-AD-SRO-DCAGI-SC-006-15/8.-%20CC/8.pdf",
            "datePublished": "2015-02-04T06:00:00.000Z",
            "dateModified": "2015-02-04T06:00:00.000Z",
            "format": "html",
            "language": "es"
          }
        ]
      },
      "buyer": {
        "identifier": {
          "scheme": "MK-009KDH999",
          "id": "GACM",
          "legalName": "Grupo Aeroportuario de la Ciudad de Mexico, S.A. de C.V.",
          "uri": "http://www.aeropuerto.gob.mx/"
        },
        "name": "Grupo Aeroportuario de la Ciudad de Mexico, S.A. de C.V.",
        "address": {
          "streetAddress": "AV. INSURGENTES SUR NO. 2453 PISO 2 OFICINA 203",
          "locality": "COL. TIZAPAN",
          "region": "DEL. ALVARO OBREGON",
          "postalCode": "01090",
          "countryName": "Mexico"
        },
        "contactPoint": {
          "name": "G05-DIRECCION CORPORATIVA DE ADMINISTRACION Y GESTION INMOBILIARIA",
          "url": "http://www.aeropuerto.gob.mx/"
        }
      },
      "awards": [
        {
          "id": "SO-009KDH999-N3-2015",
          "title": "Programa de Rescate de Fauna para el Nuevo Aeropuerto Internacional de la Ciudad de Mexico. de fecha enero de 2015 por Instituto de Investigacion y Capacitacion para las Ciencias Biologicas, A.C.",
          "description": "Ver documento adjunto",
          "status": "active",
          "value": {
            "amount": 374999.1,
            "currency": "MXN"
          },
          "suppliers": [
            {
              "identifier": {
                "id": "IIC140227RA0",
                "legalName": "Instituto de Investigacion y Capacitacion para las Ciencias Biologicas, A.C."
              },
              "name": "Instituto de Investigacion y Capacitacion para las Ciencias Biologicas, A.C.",
              "address": {
                "streetAddress": "Cecilio Robelo numero 381",
                "locality": "Jardin Balbuena",
                "region": "Venustiano Carranza",
                "postalCode": "15900",
                "countryName": "Mexico"
              }
            }
          ],
          "items": [
            {
              "id": "item-03f2a6fd-ce36-4644-bab7-2d5b2db9bfe1",
              "description": "Programa de Rescate de Fauna para el Nuevo Aeropuerto Internacional de la Ciudad de Mexico.",
              "classification": {
                "scheme": "CONSTRUCCION DE VIAS DE COMUNICACION",
                "id": "6250"
              },
              "quantity": 1,
              "unit": {
                "name": "sop",
                "value": {
                  "amount": 374999.1,
                  "currency": "MXN"
                }
              }
            }
          ],
          "contractPeriod": {
            "startDate": "2015-02-20T06:00:00.000Z",
            "endDate": "2015-03-20T06:00:00.000Z"
          },
          "documents": [
            {
              "id": "doc-0c063510-2b73-4607-82f6-ae2257e06bd5",
              "documentType": "Award Notice",
              "title": "Fallo",
              "description": "Acta de Fallo",
              "url": "http://189.211.120.220:8880/files/opendata/15006-AD-SRO-DCAGI-SC-006-15/12.-%20AF/12.pdf",
              "datePublished": "2015-02-04T06:00:00.000Z",
              "dateModified": "2015-02-04T06:00:00.000Z",
              "format": "html",
              "language": "es"
            },
            {
              "id": "doc-75e6ef04-a56b-490b-b860-b5368b4dd09c",
              "documentType": "Award Notice",
              "title": "Fallo",
              "description": "Descripcion del acto de presentacion y apertura de proposiciones",
              "url": "http://189.211.120.220:8880/files/opendata/15006-AD-SRO-DCAGI-SC-006-15/10.-%20AP/10.pdf",
              "datePublished": "2015-02-04T06:00:00.000Z",
              "dateModified": "2015-02-04T06:00:00.000Z",
              "format": "html",
              "language": "es"
            }
          ]
        }
      ],
      "contracts": [
        {
          "id": "AD-SRO-DCAGI-SC-006/15",
          "awardID": "SO-009KDH999-N3-2015",
          "title": "Programa de Rescate de Fauna para el Nuevo Aeropuerto Internacional de la Ciudad de Mexico. de fecha enero de 2015 por Instituto de Investigacion y Capacitacion para las Ciencias Biologicas, A.C.",
          "description": "Ver documento adjunto",
          "status": "active",
          "period": {
            "startDate": "2015-02-20T06:00:00.000Z",
            "endDate": "2015-03-20T06:00:00.000Z"
          },
          "value": {
            "amount": 374999.1,
            "currency": "MXN"
          },
          "items": [
            {
              "id": "item-dc2726a8-3c9f-42d5-a7a1-cba321370ad5",
              "description": "Programa de Rescate de Fauna para el Nuevo Aeropuerto Internacional de la Ciudad de Mexico.",
              "classification": {
                "scheme": "CONSTRUCCION DE VIAS DE COMUNICACION",
                "id": "6250"
              },
              "quantity": 1,
              "unit": {
                "name": "sop",
                "value": {
                  "amount": 374999.1,
                  "currency": "MXN"
                }
              }
            }
          ],
          "dateSigned": "2015-02-19T06:00:00.000Z",
          "documents": [
            {
              "id": "doc-37e9aaca-7299-4258-ae5a-d35e9e6e1f9a",
              "documentType": "Contract Signed",
              "title": "Contrato firmado",
              "description": "Contrato firmado",
              "url": "http://189.211.120.220:8880/files/opendata/15006-AD-SRO-DCAGI-SC-006-15/15.-%20CF/15.pdf",
              "datePublished": "2015-02-04T06:00:00.000Z",
              "dateModified": "2015-02-04T06:00:00.000Z",
              "format": "html",
              "language": "es"
            },
            {
              "id": "doc-7938a4f6-b06f-4876-b1f8-1ab559a8b2ef",
              "documentType": "Contract Signed",
              "title": "Cl?usula sobre las condiciones de entrega de la obra",
              "description": "Contrato firmado",
              "url": "http://189.211.120.220:8880/files/opendata/15006-AD-SRO-DCAGI-SC-006-15/15.-%20CF/15.pdf",
              "datePublished": "2015-02-04T06:00:00.000Z",
              "dateModified": "2015-02-04T06:00:00.000Z",
              "format": "html",
              "language": "es"
            },
            {
              "id": "doc-5a67bb2a-ee79-43fc-9566-9c8bab7a8144",
              "documentType": "Contract Guarantees",
              "title": "Fianza de anticipo",
              "description": "Garantia sobre el anticipo",
              "url": "http://189.211.120.220:8880/files/opendata/15006-AD-SRO-DCAGI-SC-006-15/17.-%20GA/17.pdf",
              "datePublished": "2015-02-04T06:00:00.000Z",
              "dateModified": "2015-02-04T06:00:00.000Z",
              "format": "html",
              "language": "es"
            },
            {
              "id": "doc-defd1083-9835-4e14-ac52-25d0bd989230",
              "documentType": "Contract Guarantees",
              "title": "Fianza de cumplimiento",
              "description": "Garantias de cumplimiento",
              "url": "http://189.211.120.220:8880/files/opendata/15006-AD-SRO-DCAGI-SC-006-15/18.-%20GC/18.pdf",
              "datePublished": "2015-02-04T06:00:00.000Z",
              "dateModified": "2015-02-04T06:00:00.000Z",
              "format": "html",
              "language": "es"
            }
          ]
        }
      ],
      "language": "es"
    }
  ],
  "publisher": {
    "name": "GACM",
    "scheme": "SERVICIO",
    "uid": "AS",
    "uri": "http://www.aeropuerto.gob.mx/"
  },
  "license": "https://datos.gob.mx/libreusomx/",
  "publicationPolicy": "https://datos.gob.mx/libreusomx/"
}
