{
  "uri": "https://datos.gob.mx/busca/dataset?organization=gacm",
  "publishedDate": "2017-02-15T16:48:25.309Z",
  "releases": [
    {
      "ocid": "60",
      "id": "RELEASE_60_2017-02-15T16:48:25.309Z",
      "date": "2017-02-08T06:00:00.000Z",
      "tag": [
        "contract"
      ],
      "initiationType": "tender",
      "planning": {
        "budget": {
          "source": "http://www.apartados.hacienda.gob.mx/presupuesto/temas/pef/2015/docs/09/r09_kdh_pie.pdf",
          "id": "ARRENDAMIENTO DE MOBILIARIO",
          "description": "RECURSOS FISCALES",
          "amount": {
            "amount": 250000,
            "currency": "MXN"
          },
          "project": "Nuevo Aeropuerto Internacional de la Ciudad de Mexico",
          "projectID": "46101",
          "uri": "http://www.apartados.hacienda.gob.mx/presupuesto/temas/pef/2015/docs/09/r09_kdh_pie.pdf"
        },
        "rationale": "Arrendamiento de Mobiliario consistente en Mesas de Trabajo y Sillas Secretaria",
        "documents": [
          {
            "id": "doc-b625df39-518b-49f4-b70b-e267d7a55ba1",
            "documentType": "projectPlan",
            "title": "Proyecto ejecutivo de la obra",
            "description": "Terminos de referencia",
            "url": "http://189.211.120.220:8880/files/opendata/15078-AD-AS-DCAGI-SC-078-15/4.-%20TR/4.pdf",
            "datePublished": "2015-05-06T05:00:00.000Z",
            "dateModified": "2015-05-06T05:00:00.000Z",
            "format": "html",
            "language": "es"
          }
        ]
      },
      "tender": {
        "id": "1045668",
        "title": "Arrendamiento de Mobiliario consistente en Mesas de Trabajo y Sillas Secretaria",
        "description": "Arrendamiento de Mobiliario consistente en Mesas de Trabajo y Sillas Secretaria",
        "status": "active",
        "items": [
          {
            "id": "item-ee0aeab8-dc4d-4351-bb21-78327e6b85e5",
            "description": "Arrendamiento de mobiliario consistentes en mesas de trabajo y sillas secretaria",
            "classification": {
              "scheme": "ARRENDAMIENTO DE MOBILIARIO Y EQUIPO DE ADMINISTRACION, EDUCACIONAL Y RECREATIVO",
              "id": "3230"
            },
            "quantity": 1,
            "unit": {
              "name": "srv",
              "value": {
                "amount": 214860.15,
                "currency": "MXN"
              }
            }
          }
        ],
        "value": {
          "amount": 250000,
          "currency": "MXN"
        },
        "procurementMethod": "limited",
        "procurementMethodRationale": "Nacional",
        "metodoDeAdquisicion": "Adjudicación directa",
        "awardCriteria": "bestValueToGoverment",
        "awardCriteriaDetails": "Presencial",
        "submissionMethod": [
          "Presencial"
        ],
        "eligibilityCriteria": "Ver documento adjunto",
        "documents": [
          {
            "id": "doc-b80a4065-152e-4f9a-8e4e-ac8a3175632e",
            "documentType": "Clarifications",
            "title": "Actas de la junta de aclaraciones",
            "description": "Actas de la junta de aclaraciones",
            "url": "http://189.211.120.220:8880/files/opendata/15078-AD-AS-DCAGI-SC-078-15/9.-%20AJ/9.pdf",
            "datePublished": "2015-05-06T05:00:00.000Z",
            "dateModified": "2015-05-06T05:00:00.000Z",
            "format": "html",
            "language": "es"
          },
          {
            "id": "doc-c7e84946-648b-43d4-8fae-02ea3e7261b1",
            "documentType": "Tender Notice",
            "title": "Documento que describe los criterios de evaluaci?n",
            "description": "Convocatoria al procedimiento de contratacion",
            "url": "http://189.211.120.220:8880/files/opendata/15078-AD-AS-DCAGI-SC-078-15/8.-%20CC/8.pdf",
            "datePublished": "2015-05-06T05:00:00.000Z",
            "dateModified": "2015-05-06T05:00:00.000Z",
            "format": "html",
            "language": "es"
          },
          {
            "id": "doc-7be5b6f3-cb63-473b-be68-048d601cd0cc",
            "documentType": "Tender Notice",
            "title": "Documento que contiene los objetivos y caracter?sticas del contrato y proceso de licitaci?n",
            "description": "Convocatoria al procedimiento de contratacion",
            "url": "http://189.211.120.220:8880/files/opendata/15078-AD-AS-DCAGI-SC-078-15/8.-%20CC/8.pdf",
            "datePublished": "2015-05-06T05:00:00.000Z",
            "dateModified": "2015-05-06T05:00:00.000Z",
            "format": "html",
            "language": "es"
          },
          {
            "id": "doc-8330c396-133b-434f-acb9-60e0db4fe9da",
            "documentType": "Tender Notice",
            "title": "Documento que contiene las especificaicones t?cnicas de la obra",
            "description": "Convocatoria al procedimiento de contratacion",
            "url": "http://189.211.120.220:8880/files/opendata/15078-AD-AS-DCAGI-SC-078-15/8.-%20CC/8.pdf",
            "datePublished": "2015-05-06T05:00:00.000Z",
            "dateModified": "2015-05-06T05:00:00.000Z",
            "format": "html",
            "language": "es"
          },
          {
            "id": "doc-8b5f4459-36e9-44c6-866d-83480db62e4d",
            "documentType": "Tender Notice",
            "title": "Convocatoria al procedimiento de contrataci?n",
            "description": "Convocatoria al procedimiento de contratacion",
            "url": "http://189.211.120.220:8880/files/opendata/15078-AD-AS-DCAGI-SC-078-15/8.-%20CC/8.pdf",
            "datePublished": "2015-05-06T05:00:00.000Z",
            "dateModified": "2015-05-06T05:00:00.000Z",
            "format": "html",
            "language": "es"
          },
          {
            "id": "doc-882ee2ac-89ae-4404-9bdc-52ae2d1e5d23",
            "documentType": "Tender Notice",
            "title": "Documento que describe los criterios que deben cumplir los licitantes",
            "description": "Convocatoria al procedimiento de contratacion",
            "url": "http://189.211.120.220:8880/files/opendata/15078-AD-AS-DCAGI-SC-078-15/8.-%20CC/8.pdf",
            "datePublished": "2015-05-06T05:00:00.000Z",
            "dateModified": "2015-05-06T05:00:00.000Z",
            "format": "html",
            "language": "es"
          }
        ]
      },
      "buyer": {
        "identifier": {
          "scheme": "MK-009KDH999",
          "id": "GACM",
          "legalName": "Grupo Aeroportuario de la Ciudad de Mexico, S.A. de C.V.",
          "uri": "http://www.aeropuerto.gob.mx/"
        },
        "name": "Grupo Aeroportuario de la Ciudad de Mexico, S.A. de C.V.",
        "address": {
          "streetAddress": "AV. INSURGENTES SUR NO. 2453 PISO 2 OFICINA 203",
          "locality": "COL. TIZAPAN",
          "region": "DEL. ALVARO OBREGON",
          "postalCode": "01090",
          "countryName": "Mexico"
        },
        "contactPoint": {
          "name": "G05-DIRECCION CORPORATIVA DE ADMINISTRACION Y GESTION INMOBILIARIA",
          "url": "http://www.aeropuerto.gob.mx/"
        }
      },
      "awards": [
        {
          "id": "AA-009KDH999-E60-2016",
          "title": "Arrendamiento de Mobiliario consistente en Mesas de Trabajo y Sillas Secretariales",
          "description": "Ver documento adjunto",
          "status": "active",
          "value": {
            "amount": 214860.15,
            "currency": "MXN"
          },
          "suppliers": [
            {
              "identifier": {
                "id": "EEL030217T72",
                "legalName": "ESPACIOS ELVYCK, S. DE R.L. DE C.V."
              },
              "name": "ESPACIOS ELVYCK, S. DE R.L. DE C.V.",
              "address": {
                "streetAddress": "Calle Privada de Trabajadores Sociales numero 43 accesoria",
                "locality": "Aculco",
                "region": "Iztapalapa",
                "postalCode": "9410",
                "countryName": "Mexico"
              }
            }
          ],
          "items": [
            {
              "id": "item-2b4abfdb-d50c-4b55-92b8-7ff529969ec2",
              "description": "Arrendamiento de mobiliario consistentes en mesas de trabajo y sillas secretaria",
              "classification": {
                "scheme": "ARRENDAMIENTO DE MOBILIARIO Y EQUIPO DE ADMINISTRACION, EDUCACIONAL Y RECREATIVO",
                "id": "3230"
              },
              "quantity": 1,
              "unit": {
                "name": "srv",
                "value": {
                  "amount": 214860.15,
                  "currency": "MXN"
                }
              }
            }
          ],
          "contractPeriod": {
            "startDate": "2015-05-21T05:00:00.000Z",
            "endDate": "2015-12-31T06:00:00.000Z"
          },
          "documents": [
            {
              "id": "doc-bd14871b-a083-4320-a332-78f398be3cd6",
              "documentType": "Award Notice",
              "title": "Fallo",
              "description": "Acta de Fallo",
              "url": "http://189.211.120.220:8880/files/opendata/15078-AD-AS-DCAGI-SC-078-15/12.-%20AF/12.pdf",
              "datePublished": "2015-05-06T05:00:00.000Z",
              "dateModified": "2015-05-06T05:00:00.000Z",
              "format": "html",
              "language": "es"
            },
            {
              "id": "doc-c2a150dd-2332-480a-8991-7987a15d7785",
              "documentType": "Award Notice",
              "title": "Fallo",
              "description": "Descripcion del acto de presentacion y apertura de proposiciones",
              "url": "http://189.211.120.220:8880/files/opendata/15078-AD-AS-DCAGI-SC-078-15/10.-%20AP/10.pdf",
              "datePublished": "2015-05-06T05:00:00.000Z",
              "dateModified": "2015-05-06T05:00:00.000Z",
              "format": "html",
              "language": "es"
            }
          ]
        }
      ],
      "contracts": [
        {
          "id": "AD-AS-DCAGI-SC-78/15",
          "awardID": "AA-009KDH999-E60-2016",
          "title": "Arrendamiento de Mobiliario consistente en Mesas de Trabajo y Sillas Secretariales",
          "description": "Ver documento adjunto",
          "status": "active",
          "period": {
            "startDate": "2015-05-21T05:00:00.000Z",
            "endDate": "2015-12-31T06:00:00.000Z"
          },
          "value": {
            "amount": 214860.15,
            "currency": "MXN"
          },
          "items": [
            {
              "id": "item-a4084392-e361-48e9-a96a-4040d24a12fd",
              "description": "Arrendamiento de mobiliario consistentes en mesas de trabajo y sillas secretaria",
              "classification": {
                "scheme": "ARRENDAMIENTO DE MOBILIARIO Y EQUIPO DE ADMINISTRACION, EDUCACIONAL Y RECREATIVO",
                "id": "3230"
              },
              "quantity": 1,
              "unit": {
                "name": "srv",
                "value": {
                  "amount": 214860.15,
                  "currency": "MXN"
                }
              }
            }
          ],
          "dateSigned": "2015-07-10T05:00:00.000Z",
          "documents": [
            {
              "id": "doc-e3ad2062-6e2f-4c35-baac-d8579c58be6e",
              "documentType": "Contract Signed",
              "title": "Contrato firmado",
              "description": "Contrato firmado",
              "url": "http://189.211.120.220:8880/files/opendata/15078-AD-AS-DCAGI-SC-078-15/15.-%20CF/15.pdf",
              "datePublished": "2015-05-06T05:00:00.000Z",
              "dateModified": "2015-05-06T05:00:00.000Z",
              "format": "html",
              "language": "es"
            },
            {
              "id": "doc-2da922ec-e2bf-4a09-a165-0ea29b08d9d8",
              "documentType": "Contract Signed",
              "title": "Cl?usula sobre las condiciones de entrega de la obra",
              "description": "Contrato firmado",
              "url": "http://189.211.120.220:8880/files/opendata/15078-AD-AS-DCAGI-SC-078-15/15.-%20CF/15.pdf",
              "datePublished": "2015-05-06T05:00:00.000Z",
              "dateModified": "2015-05-06T05:00:00.000Z",
              "format": "html",
              "language": "es"
            },
            {
              "id": "doc-62b01bcd-b5af-4a97-963d-afcc10c47bfa",
              "documentType": "Contract Guarantees",
              "title": "Fianza de anticipo",
              "description": "Garantia sobre el anticipo",
              "url": "http://189.211.120.220:8880/files/opendata/15078-AD-AS-DCAGI-SC-078-15/17.-%20GA/17.pdf",
              "datePublished": "2015-05-06T05:00:00.000Z",
              "dateModified": "2015-05-06T05:00:00.000Z",
              "format": "html",
              "language": "es"
            },
            {
              "id": "doc-67747a82-ab96-4500-9634-66cc2ea9d165",
              "documentType": "Contract Guarantees",
              "title": "Fianza de cumplimiento",
              "description": "Garantias de cumplimiento",
              "url": "http://189.211.120.220:8880/files/opendata/15078-AD-AS-DCAGI-SC-078-15/18.-%20GC/18.pdf",
              "datePublished": "2015-05-06T05:00:00.000Z",
              "dateModified": "2015-05-06T05:00:00.000Z",
              "format": "html",
              "language": "es"
            }
          ]
        }
      ],
      "language": "es"
    }
  ],
  "publisher": {
    "name": "GACM",
    "scheme": "SERVICIO",
    "uid": "AS",
    "uri": "http://www.aeropuerto.gob.mx/"
  },
  "license": "https://datos.gob.mx/libreusomx/",
  "publicationPolicy": "https://datos.gob.mx/libreusomx/"
}
