{
  "uri": "https://datos.gob.mx/busca/dataset?organization=gacm",
  "publishedDate": "2017-02-15T16:48:25.432Z",
  "releases": [
    {
      "ocid": "61",
      "id": "RELEASE_61_2017-02-15T16:48:25.431Z",
      "date": "2017-02-08T06:00:00.000Z",
      "tag": [
        "contract"
      ],
      "initiationType": "tender",
      "planning": {
        "budget": {
          "source": "http://www.apartados.hacienda.gob.mx/presupuesto/temas/pef/2015/docs/09/r09_kdh_pie.pdf",
          "id": "OBRAS DE CONSTRUCCION PARA EDIFICIOS NO HABITACIONALES",
          "description": "RECURSOS FISCALES",
          "amount": {
            "amount": 1705000,
            "currency": "MXN"
          },
          "project": "Nuevo Aeropuerto Internacional de la Ciudad de Mexico",
          "projectID": "46101",
          "uri": "http://www.apartados.hacienda.gob.mx/presupuesto/temas/pef/2015/docs/09/r09_kdh_pie.pdf"
        },
        "rationale": "Prestacion de los Servicios consistentes en la Asesoria tecnica especializada para la debida consecucion de los objeticos encomendados a esta empresade participacion estatal mayoritaria y de esta forma asegurar la adecuada operacion de la Infraestructura Aeroportuaria del Valle de Mexico (IAVM).",
        "documents": [
          {
            "id": "doc-c059c3ca-bb48-4f21-ba6b-de7972cae408",
            "documentType": "projectPlan",
            "title": "Proyecto ejecutivo de la obra",
            "description": "Terminos de referencia",
            "url": "http://189.211.120.220:8880/files/opendata/15019-AD-SRO-DCAGI-SC-019-15/4.-%20TR/4.pdf",
            "datePublished": "2015-04-01T06:00:00.000Z",
            "dateModified": "2015-04-01T06:00:00.000Z",
            "format": "html",
            "language": "es"
          }
        ]
      },
      "tender": {
        "id": "902535",
        "title": "Prestacion de los Servicios consistentes en la Asesoria tecnica especializada para la debida consecucion de los objetivos encomendados a esta empresade participacion estatal mayoritaria y de esta forma asegurar la adecuada operacion de la Infraestructura Aeroportuaria del Valle de Mexico (IAVM).",
        "description": "Prestacion de los Servicios consistentes en la Asesoria tecnica especializada para la debida consecucion de los objeticos encomendados a esta empresade participacion estatal mayoritaria y de esta forma asegurar la adecuada operacion de la Infraestructura Aeroportuaria del Valle de Mexico (IAVM).",
        "status": "active",
        "items": [
          {
            "id": "item-e3e5b750-d618-4da9-ac81-5f2f54548ba5",
            "description": "Asesoria tecnica especializada para la debida consecucion de los objetivos encomendados a esta empresa de participacion estatal mayoritaria y de estaforma asegurar la adecuada operacion de la Infraestructura Aeroportuaria del Valle de Mexico (IAVM)",
            "classification": {
              "scheme": "EDIFICACION NO HABITACIONAL",
              "id": "6220"
            },
            "quantity": 1,
            "unit": {
              "name": "sop",
              "value": {
                "amount": 1469580.45,
                "currency": "MXN"
              }
            }
          }
        ],
        "value": {
          "amount": 1705000,
          "currency": "MXN"
        },
        "procurementMethod": "limited",
        "procurementMethodRationale": "Nacional",
        "metodoDeAdquisicion": "Adjudicación directa",
        "awardCriteria": "bestValueToGoverment",
        "awardCriteriaDetails": "No aplica",
        "submissionMethod": [
          "Presencial"
        ],
        "eligibilityCriteria": "Ver documento adjunto",
        "documents": [
          {
            "id": "doc-dcf5f2bd-3e98-4685-b442-cb4fae2e57fe",
            "documentType": "Clarifications",
            "title": "Actas de la junta de aclaraciones",
            "description": "Actas de la junta de aclaraciones",
            "url": "http://189.211.120.220:8880/files/opendata/15019-AD-SRO-DCAGI-SC-019-15/9.-%20AJ/9.pdf",
            "datePublished": "2015-04-01T06:00:00.000Z",
            "dateModified": "2015-04-01T06:00:00.000Z",
            "format": "html",
            "language": "es"
          },
          {
            "id": "doc-e70dd7c4-4dd0-4eed-980d-952f90770c89",
            "documentType": "Tender Notice",
            "title": "Documento que describe los criterios que deben cumplir los licitantes",
            "description": "Convocatoria al procedimiento de contratacion",
            "url": "http://189.211.120.220:8880/files/opendata/15019-AD-SRO-DCAGI-SC-019-15/8.-%20CC/8.pdf",
            "datePublished": "2015-04-01T06:00:00.000Z",
            "dateModified": "2015-04-01T06:00:00.000Z",
            "format": "html",
            "language": "es"
          },
          {
            "id": "doc-c76a4e08-7312-4e6e-97f0-94625f1fa578",
            "documentType": "Tender Notice",
            "title": "Documento que contiene los objetivos y caracter?sticas del contrato y proceso de licitaci?n",
            "description": "Convocatoria al procedimiento de contratacion",
            "url": "http://189.211.120.220:8880/files/opendata/15019-AD-SRO-DCAGI-SC-019-15/8.-%20CC/8.pdf",
            "datePublished": "2015-04-01T06:00:00.000Z",
            "dateModified": "2015-04-01T06:00:00.000Z",
            "format": "html",
            "language": "es"
          },
          {
            "id": "doc-1e7c88fc-ff2e-4e01-8f5c-32da0f4af396",
            "documentType": "Tender Notice",
            "title": "Documento que contiene las especificaicones t?cnicas de la obra",
            "description": "Convocatoria al procedimiento de contratacion",
            "url": "http://189.211.120.220:8880/files/opendata/15019-AD-SRO-DCAGI-SC-019-15/8.-%20CC/8.pdf",
            "datePublished": "2015-04-01T06:00:00.000Z",
            "dateModified": "2015-04-01T06:00:00.000Z",
            "format": "html",
            "language": "es"
          },
          {
            "id": "doc-413f3714-6804-47ad-8995-da5780b83a24",
            "documentType": "Tender Notice",
            "title": "Convocatoria al procedimiento de contrataci?n",
            "description": "Convocatoria al procedimiento de contratacion",
            "url": "http://189.211.120.220:8880/files/opendata/15019-AD-SRO-DCAGI-SC-019-15/8.-%20CC/8.pdf",
            "datePublished": "2015-04-01T06:00:00.000Z",
            "dateModified": "2015-04-01T06:00:00.000Z",
            "format": "html",
            "language": "es"
          },
          {
            "id": "doc-604505a7-b41a-4d50-a663-9c164d8cc884",
            "documentType": "Tender Notice",
            "title": "Documento que describe los criterios de evaluaci?n",
            "description": "Convocatoria al procedimiento de contratacion",
            "url": "http://189.211.120.220:8880/files/opendata/15019-AD-SRO-DCAGI-SC-019-15/8.-%20CC/8.pdf",
            "datePublished": "2015-04-01T06:00:00.000Z",
            "dateModified": "2015-04-01T06:00:00.000Z",
            "format": "html",
            "language": "es"
          }
        ]
      },
      "buyer": {
        "identifier": {
          "scheme": "MK-009KDH999",
          "id": "GACM",
          "legalName": "Grupo Aeroportuario de la Ciudad de Mexico, S.A. de C.V.",
          "uri": "http://www.aeropuerto.gob.mx/"
        },
        "name": "Grupo Aeroportuario de la Ciudad de Mexico, S.A. de C.V.",
        "address": {
          "streetAddress": "AV. INSURGENTES SUR NO. 2453 PISO 2 OFICINA 203",
          "locality": "COL. TIZAPAN",
          "region": "DEL. ALVARO OBREGON",
          "postalCode": "01090",
          "countryName": "Mexico"
        },
        "contactPoint": {
          "name": "G05-DIRECCION CORPORATIVA DE ADMINISTRACION Y GESTION INMOBILIARIA",
          "url": "http://www.aeropuerto.gob.mx/"
        }
      },
      "awards": [
        {
          "id": "SO-009KDH999-N72-2015",
          "title": "Prestacion de los Servicios consistentes en la Asesoria tecnica especializada para la debia consecucion de los objeticos encomendados a esta empresade participacion estatal mayoritaria y de esta forma asegurar la adecuada operacion de la Infraestructura Aeroportuaria del Valle de Mexico (IAVM).",
          "description": "Ver documento adjunto",
          "status": "active",
          "value": {
            "amount": 1469580.45,
            "currency": "MXN"
          },
          "suppliers": [
            {
              "identifier": {
                "id": "MAVJ411101JXA",
                "legalName": "Ing. Jorge De la Madrid Virgen"
              },
              "name": "Ing. Jorge De la Madrid Virgen",
              "address": {
                "streetAddress": "Canal de Miramontes 30",
                "locality": "Hacienda de San Juan",
                "region": "Tlalpan",
                "postalCode": "14370",
                "countryName": "Mexico"
              }
            }
          ],
          "items": [
            {
              "id": "item-3137affb-bc76-45a7-89b3-492b9d401cda",
              "description": "Asesoria tecnica especializada para la debida consecucion de los objetivos encomendados a esta empresa de participacion estatal mayoritaria y de estaforma asegurar la adecuada operacion de la Infraestructura Aeroportuaria del Valle de Mexico (IAVM)",
              "classification": {
                "scheme": "EDIFICACION NO HABITACIONAL",
                "id": "6220"
              },
              "quantity": 1,
              "unit": {
                "name": "sop",
                "value": {
                  "amount": 1469580.45,
                  "currency": "MXN"
                }
              }
            }
          ],
          "contractPeriod": {
            "startDate": "2015-04-01T06:00:00.000Z",
            "endDate": "2015-12-31T06:00:00.000Z"
          },
          "documents": [
            {
              "id": "doc-ae6030e6-fc18-45bc-9062-f6900fe3d34d",
              "documentType": "Award Notice",
              "title": "Fallo",
              "description": "Acta de Fallo",
              "url": "http://189.211.120.220:8880/files/opendata/15019-AD-SRO-DCAGI-SC-019-15/12.-%20AF/12.pdf",
              "datePublished": "2015-04-01T06:00:00.000Z",
              "dateModified": "2015-04-01T06:00:00.000Z",
              "format": "html",
              "language": "es"
            },
            {
              "id": "doc-6ef1f56e-2e91-48a1-bae2-03a4f3a282d3",
              "documentType": "Award Notice",
              "title": "Fallo",
              "description": "Descripcion del acto de presentacion y apertura de proposiciones",
              "url": "http://189.211.120.220:8880/files/opendata/15019-AD-SRO-DCAGI-SC-019-15/10.-%20AP/10.pdf",
              "datePublished": "2015-04-01T06:00:00.000Z",
              "dateModified": "2015-04-01T06:00:00.000Z",
              "format": "html",
              "language": "es"
            }
          ]
        }
      ],
      "contracts": [
        {
          "id": "AD-SRO-DCAGI-SC-019/15",
          "awardID": "SO-009KDH999-N72-2015",
          "title": "Prestacion de los Servicios consistentes en la Asesoria tecnica especializada para la debia consecucion de los objeticos encomendados a esta empresade participacion estatal mayoritaria y de esta forma asegurar la adecuada operacion de la Infraestructura Aeroportuaria del Valle de Mexico (IAVM).",
          "description": "Ver documento adjunto",
          "status": "active",
          "period": {
            "startDate": "2015-04-01T06:00:00.000Z",
            "endDate": "2015-12-31T06:00:00.000Z"
          },
          "value": {
            "amount": 1469580.45,
            "currency": "MXN"
          },
          "items": [
            {
              "id": "item-a0b3259d-ef20-4d90-a00b-db6abefe15d9",
              "description": "Asesoria tecnica especializada para la debida consecucion de los objetivos encomendados a esta empresa de participacion estatal mayoritaria y de estaforma asegurar la adecuada operacion de la Infraestructura Aeroportuaria del Valle de Mexico (IAVM)",
              "classification": {
                "scheme": "EDIFICACION NO HABITACIONAL",
                "id": "6220"
              },
              "quantity": 1,
              "unit": {
                "name": "sop",
                "value": {
                  "amount": 1469580.45,
                  "currency": "MXN"
                }
              }
            }
          ],
          "dateSigned": "2015-04-04T06:00:00.000Z",
          "documents": [
            {
              "id": "doc-a6baf4d3-fd45-4f8a-b99c-6a8b5b40a51d",
              "documentType": "Contract Signed",
              "title": "Cl?usula sobre las condiciones de entrega de la obra",
              "description": "Contrato firmado",
              "url": "http://189.211.120.220:8880/files/opendata/15019-AD-SRO-DCAGI-SC-019-15/15.-%20CF/15.pdf",
              "datePublished": "2015-04-01T06:00:00.000Z",
              "dateModified": "2015-04-01T06:00:00.000Z",
              "format": "html",
              "language": "es"
            },
            {
              "id": "doc-8fe0e127-9746-4b0b-aa3e-45b0d5235934",
              "documentType": "Contract Signed",
              "title": "Contrato firmado",
              "description": "Contrato firmado",
              "url": "http://189.211.120.220:8880/files/opendata/15019-AD-SRO-DCAGI-SC-019-15/15.-%20CF/15.pdf",
              "datePublished": "2015-04-01T06:00:00.000Z",
              "dateModified": "2015-04-01T06:00:00.000Z",
              "format": "html",
              "language": "es"
            },
            {
              "id": "doc-ba1b8f05-a13f-424e-acad-9b9e2cd229a8",
              "documentType": "Contract Guarantees",
              "title": "Fianza de anticipo",
              "description": "Garantia sobre el anticipo",
              "url": "http://189.211.120.220:8880/files/opendata/15019-AD-SRO-DCAGI-SC-019-15/17.-%20GA/17.pdf",
              "datePublished": "2015-04-01T06:00:00.000Z",
              "dateModified": "2015-04-01T06:00:00.000Z",
              "format": "html",
              "language": "es"
            },
            {
              "id": "doc-1bb76d28-8ed6-4370-a300-59a4779debc7",
              "documentType": "Contract Guarantees",
              "title": "Fianza de cumplimiento",
              "description": "Garantias de cumplimiento",
              "url": "http://189.211.120.220:8880/files/opendata/15019-AD-SRO-DCAGI-SC-019-15/18.-%20GC/18.pdf",
              "datePublished": "2015-04-01T06:00:00.000Z",
              "dateModified": "2015-04-01T06:00:00.000Z",
              "format": "html",
              "language": "es"
            }
          ]
        }
      ],
      "language": "es"
    }
  ],
  "publisher": {
    "name": "GACM",
    "scheme": "SERVICIO",
    "uid": "AS",
    "uri": "http://www.aeropuerto.gob.mx/"
  },
  "license": "https://datos.gob.mx/libreusomx/",
  "publicationPolicy": "https://datos.gob.mx/libreusomx/"
}
