{
  "uri": "https://datos.gob.mx/busca/dataset?organization=gacm",
  "publishedDate": "2017-02-15T16:48:25.181Z",
  "releases": [
    {
      "ocid": "62",
      "id": "RELEASE_62_2017-02-15T16:48:25.180Z",
      "date": "2017-02-08T06:00:00.000Z",
      "tag": [
        "contract"
      ],
      "initiationType": "tender",
      "planning": {
        "budget": {
          "source": "http://www.apartados.hacienda.gob.mx/presupuesto/temas/pef/2015/docs/09/r09_kdh_pie.pdf",
          "id": "OBRAS DE CONSTRUCCION PARA EDIFICIOS NO HABITACIONALES",
          "description": "RECURSOS FISCALES",
          "amount": {
            "amount": 420000,
            "currency": "MXN"
          },
          "project": "No aplica",
          "projectID": "46101",
          "uri": "http://www.apartados.hacienda.gob.mx/presupuesto/temas/pef/2015/docs/09/r09_kdh_pie.pdf"
        },
        "rationale": "Suministro de Herramienta para la DCI",
        "documents": [
          {
            "id": "doc-fb68ec32-da3e-4bf2-99fd-8e66bf4d99d5",
            "documentType": "projectPlan",
            "title": "Proyecto ejecutivo de la obra",
            "description": "Terminos de referencia",
            "url": "http://189.211.120.220:8880/files/opendata/15053-AD-AS-DCAGI-SC-053-15/4.-%20TR/4.pdf",
            "datePublished": "2015-06-26T05:00:00.000Z",
            "dateModified": "2015-06-26T05:00:00.000Z",
            "format": "html",
            "language": "es"
          }
        ]
      },
      "tender": {
        "id": "901363",
        "title": "Suministro de Herramienta para la DCI",
        "description": "Suministro de Herramienta para la DCI",
        "status": "active",
        "items": [
          {
            "id": "item-5154d979-4166-474f-b873-50681dc348dd",
            "description": "Suministro de Herramienta para la DCI",
            "classification": {
              "scheme": "EDIFICACION NO HABITACIONAL",
              "id": "6220"
            },
            "quantity": 1,
            "unit": {
              "name": "kg",
              "value": {
                "amount": 87094.7,
                "currency": "MXN"
              }
            }
          },
          {
            "id": "item-3f8b38d8-a745-4d6f-8d66-5b5d46226bd0",
            "description": "Suministro de Herramienta para la DCI",
            "classification": {
              "scheme": "EDIFICACION NO HABITACIONAL",
              "id": "6220"
            },
            "quantity": 1,
            "unit": {
              "name": "pz",
              "value": {
                "amount": 87094.7,
                "currency": "MXN"
              }
            }
          }
        ],
        "value": {
          "amount": 420000,
          "currency": "MXN"
        },
        "procurementMethod": "limited",
        "procurementMethodRationale": "No aplica",
        "metodoDeAdquisicion": "Adjudicación directa",
        "awardCriteria": "bestValueToGoverment",
        "awardCriteriaDetails": "No aplica",
        "submissionMethod": [
          "No aplica"
        ],
        "eligibilityCriteria": "Ver documento adjunto",
        "documents": [
          {
            "id": "doc-fe83000a-a8d0-4efb-86c5-15cc34ce49f9",
            "documentType": "Clarifications",
            "title": "Actas de la junta de aclaraciones",
            "description": "Actas de la junta de aclaraciones",
            "url": "http://189.211.120.220:8880/files/opendata/15053-AD-AS-DCAGI-SC-053-15/9.-%20AJ/9.pdf",
            "datePublished": "2015-06-26T05:00:00.000Z",
            "dateModified": "2015-06-26T05:00:00.000Z",
            "format": "html",
            "language": "es"
          },
          {
            "id": "doc-bec75d57-738d-4b3e-9954-7c1d3aff3543",
            "documentType": "Tender Notice",
            "title": "Documento que describe los criterios de evaluaci?n",
            "description": "Convocatoria al procedimiento de contratacion",
            "url": "http://189.211.120.220:8880/files/opendata/15053-AD-AS-DCAGI-SC-053-15/8.-%20CC/8.pdf",
            "datePublished": "2015-06-26T05:00:00.000Z",
            "dateModified": "2015-06-26T05:00:00.000Z",
            "format": "html",
            "language": "es"
          },
          {
            "id": "doc-94edd8db-ec2e-49ae-a6c6-390b8116bc24",
            "documentType": "Tender Notice",
            "title": "Documento que contiene los objetivos y caracter?sticas del contrato y proceso de licitaci?n",
            "description": "Convocatoria al procedimiento de contratacion",
            "url": "http://189.211.120.220:8880/files/opendata/15053-AD-AS-DCAGI-SC-053-15/8.-%20CC/8.pdf",
            "datePublished": "2015-06-26T05:00:00.000Z",
            "dateModified": "2015-06-26T05:00:00.000Z",
            "format": "html",
            "language": "es"
          },
          {
            "id": "doc-2deaba59-f777-4e46-996a-9a114da7285d",
            "documentType": "Tender Notice",
            "title": "Documento que contiene las especificaicones t?cnicas de la obra",
            "description": "Convocatoria al procedimiento de contratacion",
            "url": "http://189.211.120.220:8880/files/opendata/15053-AD-AS-DCAGI-SC-053-15/8.-%20CC/8.pdf",
            "datePublished": "2015-06-26T05:00:00.000Z",
            "dateModified": "2015-06-26T05:00:00.000Z",
            "format": "html",
            "language": "es"
          },
          {
            "id": "doc-8ec4582c-d2f4-4234-b538-ed1409932238",
            "documentType": "Tender Notice",
            "title": "Convocatoria al procedimiento de contrataci?n",
            "description": "Convocatoria al procedimiento de contratacion",
            "url": "http://189.211.120.220:8880/files/opendata/15053-AD-AS-DCAGI-SC-053-15/8.-%20CC/8.pdf",
            "datePublished": "2015-06-26T05:00:00.000Z",
            "dateModified": "2015-06-26T05:00:00.000Z",
            "format": "html",
            "language": "es"
          },
          {
            "id": "doc-d1148168-f10a-480f-96d3-892ea44f6acd",
            "documentType": "Tender Notice",
            "title": "Documento que describe los criterios que deben cumplir los licitantes",
            "description": "Convocatoria al procedimiento de contratacion",
            "url": "http://189.211.120.220:8880/files/opendata/15053-AD-AS-DCAGI-SC-053-15/8.-%20CC/8.pdf",
            "datePublished": "2015-06-26T05:00:00.000Z",
            "dateModified": "2015-06-26T05:00:00.000Z",
            "format": "html",
            "language": "es"
          }
        ]
      },
      "buyer": {
        "identifier": {
          "scheme": "MK-009KDH999",
          "id": "GACM",
          "legalName": "Grupo Aeroportuario de la Ciudad de Mexico, S.A. de C.V.",
          "uri": "http://www.aeropuerto.gob.mx/"
        },
        "name": "Grupo Aeroportuario de la Ciudad de Mexico, S.A. de C.V.",
        "address": {
          "streetAddress": "AV. INSURGENTES SUR NO. 2453 PISO 2 OFICINA 203",
          "locality": "COL. TIZAPAN",
          "region": "DEL. ALVARO OBREGON",
          "postalCode": "01090",
          "countryName": "Mexico"
        },
        "contactPoint": {
          "name": "G05-DIRECCION CORPORATIVA DE ADMINISTRACION Y GESTION INMOBILIARIA",
          "url": "http://www.aeropuerto.gob.mx/"
        }
      },
      "awards": [
        {
          "id": "SA-009KDH999-N66-2015",
          "title": "Suministro de Herramienta para la DCI",
          "description": "Ver documento adjunto",
          "status": "active",
          "value": {
            "amount": 87094.7,
            "currency": "MXN"
          },
          "suppliers": [
            {
              "identifier": {
                "id": "AEJ120403NI0",
                "legalName": "Alternativas Ejecutivas S.A. de C.V."
              },
              "name": "Alternativas Ejecutivas S.A. de C.V.",
              "address": {
                "streetAddress": "Yucatan 11 Depto. 9",
                "locality": "Roma",
                "region": "Cuauhtemoc",
                "postalCode": "6700",
                "countryName": "Mexico"
              }
            }
          ],
          "items": [
            {
              "id": "item-f78c58a0-4ec0-4bf2-addb-259ced9b3b7e",
              "description": "Suministro de Herramienta para la DCI",
              "classification": {
                "scheme": "EDIFICACION NO HABITACIONAL",
                "id": "6220"
              },
              "quantity": 1,
              "unit": {
                "name": "kg",
                "value": {
                  "amount": 87094.7,
                  "currency": "MXN"
                }
              }
            },
            {
              "id": "item-5871a856-1ba5-4d62-a065-2ad34f8ad6d1",
              "description": "Suministro de Herramienta para la DCI",
              "classification": {
                "scheme": "EDIFICACION NO HABITACIONAL",
                "id": "6220"
              },
              "quantity": 1,
              "unit": {
                "name": "pz",
                "value": {
                  "amount": 87094.7,
                  "currency": "MXN"
                }
              }
            }
          ],
          "contractPeriod": {
            "startDate": "2015-07-10T05:00:00.000Z",
            "endDate": "2015-07-25T05:00:00.000Z"
          },
          "documents": [
            {
              "id": "doc-43b1a332-07bc-4d89-b395-fc6982984549",
              "documentType": "Award Notice",
              "title": "Fallo",
              "description": "Acta de Fallo",
              "url": "http://189.211.120.220:8880/files/opendata/15053-AD-AS-DCAGI-SC-053-15/12.-%20AF/12.pdf",
              "datePublished": "2015-06-26T05:00:00.000Z",
              "dateModified": "2015-06-26T05:00:00.000Z",
              "format": "html",
              "language": "es"
            },
            {
              "id": "doc-80777cd0-5524-4dd6-a400-98e0da08e3f7",
              "documentType": "Award Notice",
              "title": "Fallo",
              "description": "Descripcion del acto de presentacion y apertura de proposiciones",
              "url": "http://189.211.120.220:8880/files/opendata/15053-AD-AS-DCAGI-SC-053-15/10.-%20AP/10.pdf",
              "datePublished": "2015-06-26T05:00:00.000Z",
              "dateModified": "2015-06-26T05:00:00.000Z",
              "format": "html",
              "language": "es"
            }
          ]
        }
      ],
      "contracts": [
        {
          "id": "AD-AS-DCAGI-SC-053/15",
          "awardID": "SA-009KDH999-N66-2015",
          "title": "Suministro de Herramienta para la DCI",
          "description": "Ver documento adjunto",
          "status": "active",
          "period": {
            "startDate": "2015-07-10T05:00:00.000Z",
            "endDate": "2015-07-25T05:00:00.000Z"
          },
          "value": {
            "amount": 87094.7,
            "currency": "MXN"
          },
          "items": [
            {
              "id": "item-bf278035-3271-45c6-85c8-91943fa171d2",
              "description": "Suministro de Herramienta para la DCI",
              "classification": {
                "scheme": "EDIFICACION NO HABITACIONAL",
                "id": "6220"
              },
              "quantity": 1,
              "unit": {
                "name": "kg",
                "value": {
                  "amount": 87094.7,
                  "currency": "MXN"
                }
              }
            },
            {
              "id": "item-6b5ae5f7-9603-4709-a1ac-d0442813d454",
              "description": "Suministro de Herramienta para la DCI",
              "classification": {
                "scheme": "EDIFICACION NO HABITACIONAL",
                "id": "6220"
              },
              "quantity": 1,
              "unit": {
                "name": "pz",
                "value": {
                  "amount": 87094.7,
                  "currency": "MXN"
                }
              }
            }
          ],
          "dateSigned": "2015-07-10T05:00:00.000Z",
          "documents": [
            {
              "id": "doc-c80cb390-4778-41d6-b6cc-e78a25c886e0",
              "documentType": "Contract Signed",
              "title": "Contrato firmado",
              "description": "Contrato firmado",
              "url": "http://189.211.120.220:8880/files/opendata/15053-AD-AS-DCAGI-SC-053-15/15.-%20CF/15.pdf",
              "datePublished": "2015-06-26T05:00:00.000Z",
              "dateModified": "2015-06-26T05:00:00.000Z",
              "format": "html",
              "language": "es"
            },
            {
              "id": "doc-8c6325de-55cf-4960-a073-600fe2e4b0e5",
              "documentType": "Contract Signed",
              "title": "Cl?usula sobre las condiciones de entrega de la obra",
              "description": "Contrato firmado",
              "url": "http://189.211.120.220:8880/files/opendata/15053-AD-AS-DCAGI-SC-053-15/15.-%20CF/15.pdf",
              "datePublished": "2015-06-26T05:00:00.000Z",
              "dateModified": "2015-06-26T05:00:00.000Z",
              "format": "html",
              "language": "es"
            },
            {
              "id": "doc-62778522-91d9-4f1b-a237-2e0343302a81",
              "documentType": "Contract Guarantees",
              "title": "Fianza de anticipo",
              "description": "Garantia sobre el anticipo",
              "url": "http://189.211.120.220:8880/files/opendata/15053-AD-AS-DCAGI-SC-053-15/17.-%20GA/17.pdf",
              "datePublished": "2015-06-26T05:00:00.000Z",
              "dateModified": "2015-06-26T05:00:00.000Z",
              "format": "html",
              "language": "es"
            },
            {
              "id": "doc-88973582-a2d5-4d25-b687-d94d9e1487ae",
              "documentType": "Contract Guarantees",
              "title": "Fianza de cumplimiento",
              "description": "Garantias de cumplimiento",
              "url": "http://189.211.120.220:8880/files/opendata/15053-AD-AS-DCAGI-SC-053-15/18.-%20GC/18.pdf",
              "datePublished": "2015-06-26T05:00:00.000Z",
              "dateModified": "2015-06-26T05:00:00.000Z",
              "format": "html",
              "language": "es"
            }
          ]
        }
      ],
      "language": "es"
    }
  ],
  "publisher": {
    "name": "GACM",
    "scheme": "BIEN",
    "uid": "AB",
    "uri": "http://www.aeropuerto.gob.mx/"
  },
  "license": "https://datos.gob.mx/libreusomx/",
  "publicationPolicy": "https://datos.gob.mx/libreusomx/"
}
