{
  "uri": "https://datos.gob.mx/busca/dataset?organization=gacm",
  "publishedDate": "2017-02-15T16:48:25.228Z",
  "releases": [
    {
      "ocid": "64",
      "id": "RELEASE_64_2017-02-15T16:48:25.227Z",
      "date": "2017-02-08T06:00:00.000Z",
      "tag": [
        "contract"
      ],
      "initiationType": "tender",
      "planning": {
        "budget": {
          "source": "http://www.apartados.hacienda.gob.mx/presupuesto/temas/pef/2015/docs/09/r09_kdh_pie.pdf",
          "id": "OBRAS DE CONSTRUCCION PARA EDIFICIOS NO HABITACIONALES",
          "description": "RECURSOS FISCALES",
          "amount": {
            "amount": 688000,
            "currency": "MXN"
          },
          "project": "Nuevo Aeropuerto Internacional de la Ciudad de Mexico",
          "projectID": "46101",
          "uri": "http://www.apartados.hacienda.gob.mx/presupuesto/temas/pef/2015/docs/09/r09_kdh_pie.pdf"
        },
        "rationale": "Adquisicion de bienes consistentes en vestuario",
        "documents": [
          {
            "id": "doc-bab8ad74-5853-43d3-9518-8d69ea49698e",
            "documentType": "projectPlan",
            "title": "Proyecto ejecutivo de la obra",
            "description": "Terminos de referencia",
            "url": "http://189.211.120.220:8880/files/opendata/15054-AD-AS-DCAGI-SC-054-15/4.-%20TR/4.pdf",
            "datePublished": "2015-06-25T05:00:00.000Z",
            "dateModified": "2015-06-25T05:00:00.000Z",
            "format": "html",
            "language": "es"
          }
        ]
      },
      "tender": {
        "id": "901152",
        "title": "Adquisicion de bienes consistentes en vestuario",
        "description": "Adquisicion de bienes consistentes en vestuario",
        "status": "active",
        "items": [
          {
            "id": "item-1e888936-1df0-4fd1-8a13-7504210cfca1",
            "description": "Adquisicion de bienes consistentes en vestuario",
            "classification": {
              "scheme": "EDIFICACION NO HABITACIONAL",
              "id": "6220"
            },
            "quantity": 1,
            "unit": {
              "name": "pz",
              "value": {
                "amount": 28320,
                "currency": "MXN"
              }
            }
          }
        ],
        "value": {
          "amount": 688000,
          "currency": "MXN"
        },
        "procurementMethod": "limited",
        "procurementMethodRationale": "No aplica",
        "metodoDeAdquisicion": "Adjudicación directa",
        "awardCriteria": "bestValueToGoverment",
        "awardCriteriaDetails": "No aplica",
        "submissionMethod": [
          "No aplica"
        ],
        "eligibilityCriteria": "Ver documento adjunto",
        "documents": [
          {
            "id": "doc-8fdcdd42-089b-4542-92ac-556f497bf5e5",
            "documentType": "Clarifications",
            "title": "Actas de la junta de aclaraciones",
            "description": "Actas de la junta de aclaraciones",
            "url": "http://189.211.120.220:8880/files/opendata/15054-AD-AS-DCAGI-SC-054-15/9.-%20AJ/9.pdf",
            "datePublished": "2015-06-25T05:00:00.000Z",
            "dateModified": "2015-06-25T05:00:00.000Z",
            "format": "html",
            "language": "es"
          },
          {
            "id": "doc-d2ca21bc-df35-4847-9111-d7e8d2815b0b",
            "documentType": "Tender Notice",
            "title": "Documento que describe los criterios de evaluaci?n",
            "description": "Convocatoria al procedimiento de contratacion",
            "url": "http://189.211.120.220:8880/files/opendata/15054-AD-AS-DCAGI-SC-054-15/8.-%20CC/8.pdf",
            "datePublished": "2015-06-25T05:00:00.000Z",
            "dateModified": "2015-06-25T05:00:00.000Z",
            "format": "html",
            "language": "es"
          },
          {
            "id": "doc-86d8d6bc-0a69-4b97-8c52-6ff1c93c9e6d",
            "documentType": "Tender Notice",
            "title": "Documento que contiene los objetivos y caracter?sticas del contrato y proceso de licitaci?n",
            "description": "Convocatoria al procedimiento de contratacion",
            "url": "http://189.211.120.220:8880/files/opendata/15054-AD-AS-DCAGI-SC-054-15/8.-%20CC/8.pdf",
            "datePublished": "2015-06-25T05:00:00.000Z",
            "dateModified": "2015-06-25T05:00:00.000Z",
            "format": "html",
            "language": "es"
          },
          {
            "id": "doc-c593c12e-04c7-4ed9-a5f2-09b262fb419c",
            "documentType": "Tender Notice",
            "title": "Documento que contiene las especificaicones t?cnicas de la obra",
            "description": "Convocatoria al procedimiento de contratacion",
            "url": "http://189.211.120.220:8880/files/opendata/15054-AD-AS-DCAGI-SC-054-15/8.-%20CC/8.pdf",
            "datePublished": "2015-06-25T05:00:00.000Z",
            "dateModified": "2015-06-25T05:00:00.000Z",
            "format": "html",
            "language": "es"
          },
          {
            "id": "doc-5c6da86d-1790-42db-84bb-b15e4a64765e",
            "documentType": "Tender Notice",
            "title": "Convocatoria al procedimiento de contrataci?n",
            "description": "Convocatoria al procedimiento de contratacion",
            "url": "http://189.211.120.220:8880/files/opendata/15054-AD-AS-DCAGI-SC-054-15/8.-%20CC/8.pdf",
            "datePublished": "2015-06-25T05:00:00.000Z",
            "dateModified": "2015-06-25T05:00:00.000Z",
            "format": "html",
            "language": "es"
          },
          {
            "id": "doc-5e2411e3-922c-4922-ae9e-d5d576d59bf5",
            "documentType": "Tender Notice",
            "title": "Documento que describe los criterios que deben cumplir los licitantes",
            "description": "Convocatoria al procedimiento de contratacion",
            "url": "http://189.211.120.220:8880/files/opendata/15054-AD-AS-DCAGI-SC-054-15/8.-%20CC/8.pdf",
            "datePublished": "2015-06-25T05:00:00.000Z",
            "dateModified": "2015-06-25T05:00:00.000Z",
            "format": "html",
            "language": "es"
          }
        ]
      },
      "buyer": {
        "identifier": {
          "scheme": "MK-009KDH999",
          "id": "GACM",
          "legalName": "Grupo Aeroportuario de la Ciudad de Mexico, S.A. de C.V.",
          "uri": "http://www.aeropuerto.gob.mx/"
        },
        "name": "Grupo Aeroportuario de la Ciudad de Mexico, S.A. de C.V.",
        "address": {
          "streetAddress": "AV. INSURGENTES SUR NO. 2453 PISO 2 OFICINA 203",
          "locality": "COL. TIZAPAN",
          "region": "DEL. ALVARO OBREGON",
          "postalCode": "01090",
          "countryName": "Mexico"
        },
        "contactPoint": {
          "name": "G05-DIRECCION CORPORATIVA DE ADMINISTRACION Y GESTION INMOBILIARIA",
          "url": "http://www.aeropuerto.gob.mx/"
        }
      },
      "awards": [
        {
          "id": "SA-009KDH999-N65-2015",
          "title": "Adquisicion de bienes consistentes en vestuario",
          "description": "Ver documento adjunto",
          "status": "active",
          "value": {
            "amount": 28320,
            "currency": "MXN"
          },
          "suppliers": [
            {
              "identifier": {
                "id": "MALL590222RI8",
                "legalName": "Jose Luis Macazaga Lara"
              },
              "name": "Jose Luis Macazaga Lara",
              "address": {
                "streetAddress": "Medellin 194",
                "locality": "Roma Norte",
                "region": "Cuauhtemoc",
                "postalCode": "6700",
                "countryName": "Mexico"
              }
            }
          ],
          "items": [
            {
              "id": "item-e6ef1342-9f70-4aed-8e89-d0b6a69347d8",
              "description": "Adquisicion de bienes consistentes en vestuario",
              "classification": {
                "scheme": "EDIFICACION NO HABITACIONAL",
                "id": "6220"
              },
              "quantity": 1,
              "unit": {
                "name": "pz",
                "value": {
                  "amount": 28320,
                  "currency": "MXN"
                }
              }
            }
          ],
          "contractPeriod": {
            "startDate": "2015-07-11T05:00:00.000Z",
            "endDate": "2015-07-31T05:00:00.000Z"
          },
          "documents": [
            {
              "id": "doc-ad27fc9e-72dc-46af-96ea-cad7297292bf",
              "documentType": "Award Notice",
              "title": "Fallo",
              "description": "Acta de Fallo",
              "url": "http://189.211.120.220:8880/files/opendata/15054-AD-AS-DCAGI-SC-054-15/12.-%20AF/12.pdf",
              "datePublished": "2015-06-25T05:00:00.000Z",
              "dateModified": "2015-06-25T05:00:00.000Z",
              "format": "html",
              "language": "es"
            },
            {
              "id": "doc-8873a644-2b33-49c1-a252-3e3bbb7a6773",
              "documentType": "Award Notice",
              "title": "Fallo",
              "description": "Descripcion del acto de presentacion y apertura de proposiciones",
              "url": "http://189.211.120.220:8880/files/opendata/15054-AD-AS-DCAGI-SC-054-15/10.-%20AP/10.pdf",
              "datePublished": "2015-06-25T05:00:00.000Z",
              "dateModified": "2015-06-25T05:00:00.000Z",
              "format": "html",
              "language": "es"
            }
          ]
        }
      ],
      "contracts": [
        {
          "id": "AD-AS-DCAGI-SC-54/15",
          "awardID": "SA-009KDH999-N65-2015",
          "title": "Adquisicion de bienes consistentes en vestuario",
          "description": "Ver documento adjunto",
          "status": "active",
          "period": {
            "startDate": "2015-07-11T05:00:00.000Z",
            "endDate": "2015-07-31T05:00:00.000Z"
          },
          "value": {
            "amount": 28320,
            "currency": "MXN"
          },
          "items": [
            {
              "id": "item-dd15e21c-0d9c-45f8-abde-9a812186d155",
              "description": "Adquisicion de bienes consistentes en vestuario",
              "classification": {
                "scheme": "EDIFICACION NO HABITACIONAL",
                "id": "6220"
              },
              "quantity": 1,
              "unit": {
                "name": "pz",
                "value": {
                  "amount": 28320,
                  "currency": "MXN"
                }
              }
            }
          ],
          "dateSigned": "2015-07-10T05:00:00.000Z",
          "documents": [
            {
              "id": "doc-559487f3-8696-495d-9580-92c4e417e1cc",
              "documentType": "Contract Signed",
              "title": "Contrato firmado",
              "description": "Contrato firmado",
              "url": "http://189.211.120.220:8880/files/opendata/15054-AD-AS-DCAGI-SC-054-15/15.-%20CF/15.pdf",
              "datePublished": "2015-06-25T05:00:00.000Z",
              "dateModified": "2015-06-25T05:00:00.000Z",
              "format": "html",
              "language": "es"
            },
            {
              "id": "doc-e79dced4-8b76-4496-a849-1d1eb4c380f2",
              "documentType": "Contract Signed",
              "title": "Cl?usula sobre las condiciones de entrega de la obra",
              "description": "Contrato firmado",
              "url": "http://189.211.120.220:8880/files/opendata/15054-AD-AS-DCAGI-SC-054-15/15.-%20CF/15.pdf",
              "datePublished": "2015-06-25T05:00:00.000Z",
              "dateModified": "2015-06-25T05:00:00.000Z",
              "format": "html",
              "language": "es"
            },
            {
              "id": "doc-0b703a7d-4f88-4e4e-b0b4-9ad6bc390edb",
              "documentType": "Contract Guarantees",
              "title": "Fianza de anticipo",
              "description": "Garantia sobre el anticipo",
              "url": "http://189.211.120.220:8880/files/opendata/15054-AD-AS-DCAGI-SC-054-15/17.-%20GA/17.pdf",
              "datePublished": "2015-06-25T05:00:00.000Z",
              "dateModified": "2015-06-25T05:00:00.000Z",
              "format": "html",
              "language": "es"
            },
            {
              "id": "doc-0ed625ee-b268-48a7-b888-fa320091a972",
              "documentType": "Contract Guarantees",
              "title": "Fianza de cumplimiento",
              "description": "Garantias de cumplimiento",
              "url": "http://189.211.120.220:8880/files/opendata/15054-AD-AS-DCAGI-SC-054-15/18.-%20GC/18.pdf",
              "datePublished": "2015-06-25T05:00:00.000Z",
              "dateModified": "2015-06-25T05:00:00.000Z",
              "format": "html",
              "language": "es"
            }
          ]
        }
      ],
      "language": "es"
    }
  ],
  "publisher": {
    "name": "GACM",
    "scheme": "BIEN",
    "uid": "AB",
    "uri": "http://www.aeropuerto.gob.mx/"
  },
  "license": "https://datos.gob.mx/libreusomx/",
  "publicationPolicy": "https://datos.gob.mx/libreusomx/"
}
