{
  "uri": "https://datos.gob.mx/busca/dataset?organization=gacm",
  "publishedDate": "2017-02-15T16:48:25.535Z",
  "releases": [
    {
      "ocid": "66",
      "id": "RELEASE_66_2017-02-15T16:48:25.534Z",
      "date": "2017-02-08T06:00:00.000Z",
      "tag": [
        "contract"
      ],
      "initiationType": "tender",
      "planning": {
        "budget": {
          "id": "Servicio de un Testigo Social para que atestigue en las etapas de la licitacion publica nacional presencial relativa a la contratacion del servicio dead de Mexico (NAICM).",
          "description": "Presupuesto de Egresos de la Federacion 2014",
          "amount": {
            "amount": 527973.49,
            "currency": "MXN"
          },
          "project": "Nuevo Aeropuerto Internacional de la Ciudad de Mexico",
          "projectID": "46101"
        },
        "rationale": "Servicio de un Testigo Social para que atestigue en las etapas de la licitacion publica nacional presencial relativa a la contratacion del servicio dead de Mexico (NAICM).",
        "documents": [
          {
            "id": "doc-2d3108d1-ab04-46ac-83b4-798ae5b41a40",
            "documentType": "projectPlan",
            "title": "Proyecto ejecutivo de la obra",
            "description": "Terminos de referencia",
            "url": "http://189.211.120.220:8880/files/opendata/14016-AD-S-DCAGI-SC-016-14/4.-%20TR/4.pdf",
            "datePublished": "2014-10-29T06:00:00.000Z",
            "dateModified": "2014-10-29T06:00:00.000Z",
            "format": "html",
            "language": "es"
          }
        ]
      },
      "tender": {
        "id": "762905",
        "title": "Servicio de un Testigo Social para que atestigue en las etapas de la licitacion publica nacional presencial relativa a la contratacion del servicio dead de Mexico (NAICM).",
        "description": "Servicio de un Testigo Social para que atestigue en las etapas de la licitacion publica nacional presencial relativa a la contratacion del servicio dead de Mexico (NAICM).",
        "status": "active",
        "items": [
          {
            "id": "item-d83cb942-be92-428f-b517-a28762af0bfb",
            "description": "Servicio de un testigo social para que atestigue en las etapas de la licitacion publica nacional presencial relativa a la contratacion del serviciode extraccion de ademes y restitucion de terreno que ocupa dichos elementos ibicados en la poligonal para el nuevo aeropuerto de la ciudad de mexico(NAICM)",
            "classification": {
              "scheme": "EDIFICACION NO HABITACIONAL",
              "id": "6220"
            },
            "quantity": 1,
            "unit": {
              "name": "sop",
              "value": {
                "amount": 455149.56,
                "currency": "MXN"
              }
            }
          }
        ],
        "value": {
          "amount": 527973.49,
          "currency": "MXN"
        },
        "procurementMethod": "limited",
        "procurementMethodRationale": "Nacional",
        "metodoDeAdquisicion": "Adjudicación directa",
        "awardCriteria": "bestValueToGoverment",
        "awardCriteriaDetails": "No aplica para procedimientos realizados bajo la Ley de Obras Publicas y Servicios Relacionados con las Mismas",
        "submissionMethod": [
          "Presencial"
        ],
        "eligibilityCriteria": "Ver documento adjunto",
        "documents": [
          {
            "id": "doc-c0afe8ac-8f37-4950-be90-694dcefcdc58",
            "documentType": "Clarifications",
            "title": "Actas de la junta de aclaraciones",
            "description": "Actas de la junta de aclaraciones",
            "url": "http://189.211.120.220:8880/files/opendata/14016-AD-S-DCAGI-SC-016-14/9.-%20AJ/9.pdf",
            "datePublished": "2014-10-29T06:00:00.000Z",
            "dateModified": "2014-10-29T06:00:00.000Z",
            "format": "html",
            "language": "es"
          },
          {
            "id": "doc-7731833b-d779-47dd-b462-d39b77005dc4",
            "documentType": "Tender Notice",
            "title": "Documento que describe los criterios que deben cumplir los licitantes",
            "description": "Convocatoria al procedimiento de contratacion",
            "url": "http://189.211.120.220:8880/files/opendata/14016-AD-S-DCAGI-SC-016-14/8.-%20CC/8.pdf",
            "datePublished": "2014-10-29T06:00:00.000Z",
            "dateModified": "2014-10-29T06:00:00.000Z",
            "format": "html",
            "language": "es"
          },
          {
            "id": "doc-813f1ee3-b72d-40d5-89ef-49c0e9daeac8",
            "documentType": "Tender Notice",
            "title": "Documento que contiene los objetivos y caracter?sticas del contrato y proceso de licitaci?n",
            "description": "Convocatoria al procedimiento de contratacion",
            "url": "http://189.211.120.220:8880/files/opendata/14016-AD-S-DCAGI-SC-016-14/8.-%20CC/8.pdf",
            "datePublished": "2014-10-29T06:00:00.000Z",
            "dateModified": "2014-10-29T06:00:00.000Z",
            "format": "html",
            "language": "es"
          },
          {
            "id": "doc-66459109-e943-47e3-9c40-409db07474a4",
            "documentType": "Tender Notice",
            "title": "Documento que contiene las especificaicones t?cnicas de la obra",
            "description": "Convocatoria al procedimiento de contratacion",
            "url": "http://189.211.120.220:8880/files/opendata/14016-AD-S-DCAGI-SC-016-14/8.-%20CC/8.pdf",
            "datePublished": "2014-10-29T06:00:00.000Z",
            "dateModified": "2014-10-29T06:00:00.000Z",
            "format": "html",
            "language": "es"
          },
          {
            "id": "doc-af5604f9-6b20-4100-a79e-40b64e0ca1c0",
            "documentType": "Tender Notice",
            "title": "Convocatoria al procedimiento de contrataci?n",
            "description": "Convocatoria al procedimiento de contratacion",
            "url": "http://189.211.120.220:8880/files/opendata/14016-AD-S-DCAGI-SC-016-14/8.-%20CC/8.pdf",
            "datePublished": "2014-10-29T06:00:00.000Z",
            "dateModified": "2014-10-29T06:00:00.000Z",
            "format": "html",
            "language": "es"
          },
          {
            "id": "doc-7885ebb4-7ea1-4835-a188-8067820854ff",
            "documentType": "Tender Notice",
            "title": "Documento que describe los criterios de evaluaci?n",
            "description": "Convocatoria al procedimiento de contratacion",
            "url": "http://189.211.120.220:8880/files/opendata/14016-AD-S-DCAGI-SC-016-14/8.-%20CC/8.pdf",
            "datePublished": "2014-10-29T06:00:00.000Z",
            "dateModified": "2014-10-29T06:00:00.000Z",
            "format": "html",
            "language": "es"
          }
        ]
      },
      "buyer": {
        "identifier": {
          "scheme": "MK-009KDH999",
          "id": "GACM",
          "legalName": "Grupo Aeroportuario de la Ciudad de Mexico, S.A. de C.V.",
          "uri": "http://www.aeropuerto.gob.mx/"
        },
        "name": "Grupo Aeroportuario de la Ciudad de Mexico, S.A. de C.V.",
        "address": {
          "streetAddress": "AV. INSURGENTES SUR NO. 2453 PISO 2 OFICINA 203",
          "locality": "COL. TIZAPAN",
          "region": "DEL. ALVARO OBREGON",
          "postalCode": "01090",
          "countryName": "Mexico"
        },
        "contactPoint": {
          "name": "G05-DIRECCION CORPORATIVA DE ADMINISTRACION Y GESTION INMOBILIARIA",
          "url": "http://www.aeropuerto.gob.mx/"
        }
      },
      "awards": [
        {
          "id": "SA-009KDH999-N13-2015",
          "title": "Servicio de un Testigo Social para que atestigue en las etapas de la licitacion publica nacional presencial relativa a la contratacion del servicio dead de Mexico (NAICM).",
          "description": "Ver documento adjunto",
          "status": "active",
          "value": {
            "amount": 455149.56,
            "currency": "MXN"
          },
          "suppliers": [
            {
              "identifier": {
                "id": "AIN0203116A1",
                "legalName": "Academia de Ingenieria, S. A."
              },
              "name": "Academia de Ingenieria, S. A.",
              "address": {
                "streetAddress": "Tacuba 5",
                "locality": "Centro Historico",
                "region": "Cuauhtemoc",
                "postalCode": "6000",
                "countryName": "Mexico"
              }
            }
          ],
          "items": [
            {
              "id": "item-ee473b7c-f8f9-4a3b-aa69-f3f5af09cc53",
              "description": "Servicio de un testigo social para que atestigue en las etapas de la licitacion publica nacional presencial relativa a la contratacion del serviciode extraccion de ademes y restitucion de terreno que ocupa dichos elementos ibicados en la poligonal para el nuevo aeropuerto de la ciudad de mexico(NAICM)",
              "classification": {
                "scheme": "EDIFICACION NO HABITACIONAL",
                "id": "6220"
              },
              "quantity": 1,
              "unit": {
                "name": "sop",
                "value": {
                  "amount": 455149.56,
                  "currency": "MXN"
                }
              }
            }
          ],
          "contractPeriod": {
            "startDate": "2029-10-20T19:00:00.000Z",
            "endDate": "2030-06-20T22:00:00.000Z"
          },
          "documents": [
            {
              "id": "doc-4c194a5d-362f-4cfb-aed7-5fdd9d7da6b2",
              "documentType": "Award Notice",
              "title": "Fallo",
              "description": "Acta de fallo",
              "url": "http://189.211.120.220:8880/files/opendata/14016-AD-S-DCAGI-SC-016-14/12.-%20AF/12.pdf",
              "datePublished": "2014-10-29T06:00:00.000Z",
              "dateModified": "2014-10-29T06:00:00.000Z",
              "format": "html",
              "language": "es"
            },
            {
              "id": "doc-59ead966-2fb6-4eb7-bf21-ec2b7bc04f39",
              "documentType": "Award Notice",
              "title": "Fallo",
              "description": "Descripcion del acto de presentacion y apertura de proposiciones",
              "url": "http://189.211.120.220:8880/files/opendata/14016-AD-S-DCAGI-SC-016-14/10.-%20AP/10.pdf",
              "datePublished": "2014-10-29T06:00:00.000Z",
              "dateModified": "2014-10-29T06:00:00.000Z",
              "format": "html",
              "language": "es"
            }
          ]
        }
      ],
      "contracts": [
        {
          "id": "AD-S-DCAGI-SC-016/2014",
          "awardID": "SA-009KDH999-N13-2015",
          "title": "Servicio de un Testigo Social para que atestigue en las etapas de la licitacion publica nacional presencial relativa a la contratacion del servicio dead de Mexico (NAICM).",
          "description": "Ver documento adjunto",
          "status": "active",
          "period": {
            "startDate": "2014-10-29T06:00:00.000Z",
            "endDate": "2017-06-30T05:00:00.000Z"
          },
          "value": {
            "amount": 455149.56,
            "currency": "MXN"
          },
          "items": [
            {
              "id": "item-8150c523-fc8b-4e36-8fd9-63043e96f34a",
              "description": "Servicio de un testigo social para que atestigue en las etapas de la licitacion publica nacional presencial relativa a la contratacion del serviciode extraccion de ademes y restitucion de terreno que ocupa dichos elementos ibicados en la poligonal para el nuevo aeropuerto de la ciudad de mexico(NAICM)",
              "classification": {
                "scheme": "EDIFICACION NO HABITACIONAL",
                "id": "6220"
              },
              "quantity": 1,
              "unit": {
                "name": "sop",
                "value": {
                  "amount": 455149.56,
                  "currency": "MXN"
                }
              }
            }
          ],
          "dateSigned": "2014-10-29T06:00:00.000Z",
          "documents": [
            {
              "id": "doc-c8e9a6d2-7965-4b9c-a403-c0defde33a02",
              "documentType": "Contract Signed",
              "title": "Cl?usula sobre las condiciones de entrega de la obra",
              "description": "Contrato firmado",
              "url": "http://189.211.120.220:8880/files/opendata/14016-AD-S-DCAGI-SC-016-14/15.-%20CF/15.pdf",
              "datePublished": "2014-10-29T06:00:00.000Z",
              "dateModified": "2014-10-29T06:00:00.000Z",
              "format": "html",
              "language": "es"
            },
            {
              "id": "doc-3843ab34-7fc3-4af6-a321-177fb0ea77a9",
              "documentType": "Contract Signed",
              "title": "Contrato firmado",
              "description": "Contrato firmado",
              "url": "http://189.211.120.220:8880/files/opendata/14016-AD-S-DCAGI-SC-016-14/15.-%20CF/15.pdf",
              "datePublished": "2014-10-29T06:00:00.000Z",
              "dateModified": "2014-10-29T06:00:00.000Z",
              "format": "html",
              "language": "es"
            },
            {
              "id": "doc-6d568bad-2ecd-4918-8ae9-edfa4a50c47b",
              "documentType": "Contract Guarantees",
              "title": "Fianza de anticipo",
              "description": "Garantia sobre el anticipo",
              "url": "http://189.211.120.220:8880/files/opendata/14016-AD-S-DCAGI-SC-016-14/17.-%20GA/17.pdf",
              "datePublished": "2014-10-29T06:00:00.000Z",
              "dateModified": "2014-10-29T06:00:00.000Z",
              "format": "html",
              "language": "es"
            },
            {
              "id": "doc-688493c6-13af-4bb5-a6a3-65d726be2728",
              "documentType": "Contract Guarantees",
              "title": "Fianza de cumplimiento",
              "description": "Garantias de cumplimiento",
              "url": "http://189.211.120.220:8880/files/opendata/14016-AD-S-DCAGI-SC-016-14/18.-%20GC/18.pdf",
              "datePublished": "2014-10-29T06:00:00.000Z",
              "dateModified": "2014-10-29T06:00:00.000Z",
              "format": "html",
              "language": "es"
            }
          ]
        }
      ],
      "language": "es"
    }
  ],
  "publisher": {
    "name": "GACM",
    "scheme": "SERVICIO",
    "uid": "AS",
    "uri": "http://www.aeropuerto.gob.mx/"
  },
  "license": "https://datos.gob.mx/libreusomx/",
  "publicationPolicy": "https://datos.gob.mx/libreusomx/"
}
