{
  "uri": "https://datos.gob.mx/busca/dataset?organization=gacm",
  "publishedDate": "2017-02-15T16:48:26.045Z",
  "releases": [
    {
      "ocid": "67",
      "id": "RELEASE_67_2017-02-15T16:48:26.044Z",
      "date": "2017-02-09T06:00:00.000Z",
      "tag": [
        "contract"
      ],
      "initiationType": "tender",
      "planning": {
        "budget": {
          "id": "CONSTRUCCION DE VIAS DE COMUNICACION",
          "description": "RECURSOS FISCALES",
          "amount": {
            "amount": 2136433615,
            "currency": "MXN"
          },
          "project": "Nuevo Aeropuerto Internacional de la Ciudad de Mexico",
          "projectID": "46101"
        },
        "rationale": "Servicios de diseno y arquitectura consistentes en forma enunciativa mas no limitativa, en la elaboracion de los proyectos ejecutivos (diseno arquitece control y centros de control de operaciones del NAICM asi como el acompanamiento arquitectonico.",
        "documents": [
          {
            "id": "doc-8214a597-a5d0-4ff9-84da-0e9f6629c931",
            "documentType": "projectPlan",
            "title": "Proyecto ejecutivo de la obra",
            "description": "Terminos de referencia",
            "url": "http://189.211.120.220:8880/files/opendata/14MTO-AD-01-CTO.MTO.-2014/4.-%20TR/4.pdf",
            "datePublished": "2014-12-01T06:00:00.000Z",
            "dateModified": "2014-12-01T06:00:00.000Z",
            "format": "html",
            "language": "es"
          }
        ]
      },
      "tender": {
        "id": "NO APLICA",
        "title": "Servicios de diseno y arquitectura consistentes en forma enunciativa mas no limitativa, en la elaboracion de los proyectos ejecutivos (diseno arquitece control y centros de control de operaciones del NAICM asi como el acompanamiento arquitectonico.",
        "description": "Servicios de diseno y arquitectura consistentes en forma enunciativa mas no limitativa, en la elaboracion de los proyectos ejecutivos (diseno arquitece control y centros de control de operaciones del NAICM asi como el acompanamiento arquitectonico.",
        "status": "active",
        "items": [
          {
            "id": "item-ca074932-4caf-4ff7-98d9-19adb066f63c",
            "description": "Servicios de diseno y arquitectura consistentes en forma enunciativa mas no limitativa, en la elaboracion de los proyectos ejecutivos (diseno arquitece control y centros de control de operaciones del NAICM asi como el acompanamiento arquitectonico.",
            "classification": {
              "scheme": "CONSTRUCCION DE VIAS DE COMUNICACION",
              "id": "6250"
            },
            "quantity": 1,
            "unit": {
              "name": "sop",
              "value": {
                "amount": 2276050569.98,
                "currency": "MXN"
              }
            }
          }
        ],
        "value": {
          "amount": 2136433615,
          "currency": "MXN"
        },
        "procurementMethod": "open",
        "procurementMethodRationale": "Nacional",
        "metodoDeAdquisicion": "Contrataciones ASA",
        "awardCriteria": "bestValueToGoverment",
        "awardCriteriaDetails": "Presencial",
        "submissionMethod": [
          "Presencial"
        ],
        "eligibilityCriteria": "Ver documento adjunto",
        "documents": [
          {
            "id": "doc-5c14bcff-9920-4354-93d0-55360da122c0",
            "documentType": "Clarifications",
            "title": "Actas de la junta de aclaraciones",
            "description": "Actas de la junta de aclaraciones",
            "url": "http://189.211.120.220:8880/files/opendata/14MTO-AD-01-CTO.MTO.-2014/9.-%20AJ/9.pdf",
            "datePublished": "2014-12-01T06:00:00.000Z",
            "dateModified": "2014-12-01T06:00:00.000Z",
            "format": "html",
            "language": "es"
          },
          {
            "id": "doc-6d797678-1cb4-4207-b96d-68a9909e588c",
            "documentType": "Tender Notice",
            "title": "Documento que contiene las especificaciones t?cnicas de la obra",
            "description": "Convocatoria al procedimiento de contratacion",
            "url": "http://189.211.120.220:8880/files/opendata/14MTO-AD-01-CTO.MTO.-2014/8.-%20CC/8.pdf",
            "datePublished": "2014-12-01T06:00:00.000Z",
            "dateModified": "2014-12-01T06:00:00.000Z",
            "format": "html",
            "language": "es"
          },
          {
            "id": "doc-3ea9550d-1f4b-4fff-938b-0f2ea0810d06",
            "documentType": "Tender Notice",
            "title": "Documento que describe los criterios de evaluaci?n",
            "description": "Convocatoria al procedimiento de contratacion",
            "url": "http://189.211.120.220:8880/files/opendata/14MTO-AD-01-CTO.MTO.-2014/8.-%20CC/8.pdf",
            "datePublished": "2014-12-01T06:00:00.000Z",
            "dateModified": "2014-12-01T06:00:00.000Z",
            "format": "html",
            "language": "es"
          },
          {
            "id": "doc-30ac8638-b0ea-4ae7-84de-075bab92bda1",
            "documentType": "Tender Notice",
            "title": "Documento que contiene los objetivos y caracter?sticas del contrato y proceso de licitaci?n",
            "description": "Convocatoria al procedimiento de contratacion",
            "url": "http://189.211.120.220:8880/files/opendata/14MTO-AD-01-CTO.MTO.-2014/8.-%20CC/8.pdf",
            "datePublished": "2014-12-01T06:00:00.000Z",
            "dateModified": "2014-12-01T06:00:00.000Z",
            "format": "html",
            "language": "es"
          },
          {
            "id": "doc-17b3043a-f93a-4444-a942-0a9931cb3b42",
            "documentType": "Tender Notice",
            "title": "Convocatoria al procedimiento de contrataci?n",
            "description": "Convocatoria al procedimiento de contratacion",
            "url": "http://189.211.120.220:8880/files/opendata/14MTO-AD-01-CTO.MTO.-2014/8.-%20CC/8.pdf",
            "datePublished": "2014-12-01T06:00:00.000Z",
            "dateModified": "2014-12-01T06:00:00.000Z",
            "format": "html",
            "language": "es"
          },
          {
            "id": "doc-410e6aaa-3b7b-4eb8-b8a8-8d84ed120684",
            "documentType": "Tender Notice",
            "title": "Documento que describe los criterios que deben cumplir los licitantes",
            "description": "Convocatoria al procedimiento de contratacion",
            "url": "http://189.211.120.220:8880/files/opendata/14MTO-AD-01-CTO.MTO.-2014/8.-%20CC/8.pdf",
            "datePublished": "2014-12-01T06:00:00.000Z",
            "dateModified": "2014-12-01T06:00:00.000Z",
            "format": "html",
            "language": "es"
          }
        ]
      },
      "buyer": {
        "identifier": {
          "scheme": "MK-009KDH999",
          "id": "GACM",
          "legalName": "Grupo Aeroportuario de la Ciudad de Mexico, S.A. de C.V.",
          "uri": "http://www.aeropuerto.gob.mx/"
        },
        "name": "Grupo Aeroportuario de la Ciudad de Mexico, S.A. de C.V.",
        "address": {
          "streetAddress": "AV. INSURGENTES SUR NO. 2453 PISO 2 OFICINA 203",
          "locality": "COL. TIZAPAN",
          "region": "DEL. ALVARO OBREGON",
          "postalCode": "01090",
          "countryName": "Mexico"
        },
        "contactPoint": {
          "name": "G05-DIRECCION CORPORATIVA DE ADMINISTRACION Y GESTION INMOBILIARIA",
          "url": "http://www.aeropuerto.gob.mx/"
        }
      },
      "awards": [
        {
          "id": "AD/01CTO.MTO./2014",
          "title": "Servicios de diseno y arquitectura consistentes en forma enunciativa mas no limitativa, en la elaboracion de los proyectos ejecutivos (diseno arquitece control y centros de control de operaciones del NAICM asi como el acompanamiento arquitectonico.",
          "description": "Ver documento adjunto",
          "status": "active",
          "value": {
            "amount": 2276050569.98,
            "currency": "MXN"
          },
          "suppliers": [
            {
              "identifier": {
                "id": "FPF1411048H7",
                "legalName": "FP-FREE S. DE R.L. DE C.V."
              },
              "name": "FP-FREE S. DE R.L. DE C.V.",
              "address": {
                "streetAddress": "Paseo de la Reforma 412",
                "locality": "Cuauhtemoc",
                "region": "Cuauhtemoc",
                "postalCode": "6500",
                "countryName": "Mexico"
              }
            }
          ],
          "items": [
            {
              "id": "item-c152e182-2476-47fd-905d-346ae83fde35",
              "description": "Servicios de diseno y arquitectura consistentes en forma enunciativa mas no limitativa, en la elaboracion de los proyectos ejecutivos (diseno arquitece control y centros de control de operaciones del NAICM asi como el acompanamiento arquitectonico.",
              "classification": {
                "scheme": "CONSTRUCCION DE VIAS DE COMUNICACION",
                "id": "6250"
              },
              "quantity": 1,
              "unit": {
                "name": "sop",
                "value": {
                  "amount": 2276050569.98,
                  "currency": "MXN"
                }
              }
            }
          ],
          "contractPeriod": {
            "startDate": "2014-12-01T06:00:00.000Z",
            "endDate": "2018-11-29T06:00:00.000Z"
          },
          "documents": [
            {
              "id": "doc-e00ae550-8ff3-46f2-a29b-1e33950614fb",
              "documentType": "Award Notice",
              "title": "Fallo",
              "description": "Acta de fallo",
              "url": "http://189.211.120.220:8880/files/opendata/14MTO-AD-01-CTO.MTO.-2014/12.-%20AF/12.pdf",
              "datePublished": "2014-12-01T06:00:00.000Z",
              "dateModified": "2014-12-01T06:00:00.000Z",
              "format": "html",
              "language": "es"
            },
            {
              "id": "doc-91baf4c4-a7aa-4dfb-a9bb-5e24e47b1fb9",
              "documentType": "Award Notice",
              "title": "Fallo",
              "description": "Descripcion del acto de presentacion y apertura de proposiciones",
              "url": "http://189.211.120.220:8880/files/opendata/14MTO-AD-01-CTO.MTO.-2014/10.-%20AP/10.pdf",
              "datePublished": "2014-12-01T06:00:00.000Z",
              "dateModified": "2014-12-01T06:00:00.000Z",
              "format": "html",
              "language": "es"
            }
          ]
        }
      ],
      "contracts": [
        {
          "id": "AD/01CTO.MTO./2014",
          "awardID": "AD/01CTO.MTO./2014",
          "title": "Servicios de diseno y arquitectura consistentes en forma enunciativa mas no limitativa, en la elaboracion de los proyectos ejecutivos (diseno arquitece control y centros de control de operaciones del NAICM asi como el acompanamiento arquitectonico.",
          "description": "Ver documento adjunto",
          "status": "active",
          "period": {
            "startDate": "2014-12-01T06:00:00.000Z",
            "endDate": "2018-11-29T06:00:00.000Z"
          },
          "value": {
            "amount": 2276050569.98,
            "currency": "MXN"
          },
          "items": [
            {
              "id": "item-85209f5a-86d0-453d-87ee-cabd76d7818d",
              "description": "Servicios de diseno y arquitectura consistentes en forma enunciativa mas no limitativa, en la elaboracion de los proyectos ejecutivos (diseno arquitece control y centros de control de operaciones del NAICM asi como el acompanamiento arquitectonico.",
              "classification": {
                "scheme": "CONSTRUCCION DE VIAS DE COMUNICACION",
                "id": "6250"
              },
              "quantity": 1,
              "unit": {
                "name": "sop",
                "value": {
                  "amount": 2276050569.98,
                  "currency": "MXN"
                }
              }
            }
          ],
          "dateSigned": "2014-12-01T06:00:00.000Z",
          "documents": [
            {
              "id": "doc-f748a119-3020-4680-a821-a4f383f42d0c",
              "documentType": "Contract Signed",
              "title": "Cl?usula sobre las condiciones de entrega de la obra",
              "description": "Contrato firmado",
              "url": "http://189.211.120.220:8880/files/opendata/14MTO-AD-01-CTO.MTO.-2014/15.-%20CF/15.pdf",
              "datePublished": "2014-12-01T06:00:00.000Z",
              "dateModified": "2014-12-01T06:00:00.000Z",
              "format": "html",
              "language": "es"
            },
            {
              "id": "doc-b29c81cf-0038-442a-9510-6b07f588c653",
              "documentType": "Contract Signed",
              "title": "Contrato firmado",
              "description": "Contrato firmado",
              "url": "http://189.211.120.220:8880/files/opendata/14MTO-AD-01-CTO.MTO.-2014/15.-%20CF/15.pdf",
              "datePublished": "2014-12-01T06:00:00.000Z",
              "dateModified": "2014-12-01T06:00:00.000Z",
              "format": "html",
              "language": "es"
            },
            {
              "id": "doc-89eab677-2216-42ae-aba9-c7851816168d",
              "documentType": "Contract Guarantees",
              "title": "Fianza de anticipo",
              "description": "Garantia sobre el anticipo",
              "url": "http://189.211.120.220:8880/files/opendata/14MTO-AD-01-CTO.MTO.-2014/17.-%20GA/17.pdf",
              "datePublished": "2014-12-01T06:00:00.000Z",
              "dateModified": "2014-12-01T06:00:00.000Z",
              "format": "html",
              "language": "es"
            },
            {
              "id": "doc-455b27a3-4820-41dd-a99b-9238d6c808db",
              "documentType": "Contract Guarantees",
              "title": "Fianza de cumplimiento",
              "description": "Garantias de cumplimiento",
              "url": "http://189.211.120.220:8880/files/opendata/14MTO-AD-01-CTO.MTO.-2014/18.-%20GC/18.pdf",
              "datePublished": "2014-12-01T06:00:00.000Z",
              "dateModified": "2014-12-01T06:00:00.000Z",
              "format": "html",
              "language": "es"
            }
          ]
        }
      ],
      "language": "es"
    }
  ],
  "publisher": {
    "name": "GACM",
    "scheme": "SERVICIO",
    "uid": "AS",
    "uri": "http://www.aeropuerto.gob.mx/"
  },
  "license": "https://datos.gob.mx/libreusomx/",
  "publicationPolicy": "https://datos.gob.mx/libreusomx/"
}
