{
  "uri": "https://datos.gob.mx/busca/dataset?organization=gacm",
  "publishedDate": "2017-02-15T16:48:25.344Z",
  "releases": [
    {
      "ocid": "68",
      "id": "RELEASE_68_2017-02-15T16:48:25.343Z",
      "date": "2017-02-08T06:00:00.000Z",
      "tag": [
        "contract"
      ],
      "initiationType": "tender",
      "planning": {
        "budget": {
          "source": "http://www.apartados.hacienda.gob.mx/presupuesto/temas/pef/2015/docs/09/r09_kdh_pie.pdf",
          "id": "OBRAS DE CONSTRUCCION PARA EDIFICIOS NO HABITACIONALES",
          "description": "RECURSOS FISCALES",
          "amount": {
            "amount": 10400000,
            "currency": "MXN"
          },
          "project": "Nuevo Aeropuerto Internacional de la Ciudad de Mexico",
          "projectID": "46101",
          "uri": "http://www.apartados.hacienda.gob.mx/presupuesto/temas/pef/2015/docs/09/r09_kdh_pie.pdf"
        },
        "rationale": "Construccion de accesos y plataformas para exploracion geotecnica para la pista numero 2 del Nuevo Aeropuerto Internacional de la Ciudad de Mexico.",
        "documents": [
          {
            "id": "doc-b8db70db-ff08-44c6-9316-dd88a7aec21f",
            "documentType": "projectPlan",
            "title": "Proyecto ejecutivo de la obra",
            "description": "Terminos de referencia",
            "url": "http://189.211.120.220:8880/files/opendata/15024-LPN-O-DCAGI-SC-024-15/4.-%20TR/4.pdf",
            "datePublished": "2015-04-29T05:00:00.000Z",
            "dateModified": "2015-04-29T05:00:00.000Z",
            "format": "html",
            "language": "es"
          }
        ]
      },
      "tender": {
        "id": "790388",
        "title": "Construccion de accesos y plataformas para exploracion geotecnica para la pista numero 2 del Nuevo Aeropuerto Internacional de la Ciudad de Mexico.",
        "description": "Construccion de accesos y plataformas para exploracion geotecnica para la pista numero 2 del Nuevo Aeropuerto Internacional de la Ciudad de Mexico.",
        "status": "active",
        "items": [
          {
            "id": "item-b53316c9-8883-41d2-aa82-e0a875eaeae4",
            "description": "Construccion de accesos y plataformas para exploracion geotecnica para la pista numero 2 del Nuevo Aeropuerto Internacional de la Ciudad de Mexico.",
            "classification": {
              "scheme": "EDIFICACION NO HABITACIONAL",
              "id": "6220"
            },
            "quantity": 1,
            "unit": {
              "name": "obr",
              "value": {
                "amount": 5038656,
                "currency": "MXN"
              }
            }
          }
        ],
        "value": {
          "amount": 10400000,
          "currency": "MXN"
        },
        "procurementMethod": "open",
        "procurementMethodRationale": "Nacional",
        "metodoDeAdquisicion": "Licitación pública",
        "awardCriteria": "bestValueToGoverment",
        "awardCriteriaDetails": "Presencial",
        "submissionMethod": [
          "Presencial"
        ],
        "tenderPeriod": {
          "endDate": "2015-04-20T05:00:00.000Z"
        },
        "enquiryPeriod": {
          "startDate": "2015-04-08T05:00:00.000Z",
          "endDate": "2015-04-10T05:00:00.000Z"
        },
        "eligibilityCriteria": "Ver documento adjunto",
        "awardPeriod": {
          "endDate": "2015-04-20T05:00:00.000Z"
        },
        "documents": [
          {
            "id": "doc-6b2bf5a2-87e8-49e4-98df-ba29db655be1",
            "documentType": "Clarifications",
            "title": "Actas de la junta de aclaraciones",
            "description": "Actas de la junta de aclaraciones",
            "url": "http://189.211.120.220:8880/files/opendata/15024-LPN-O-DCAGI-SC-024-15/9.-%20AJ/9.2.pdf",
            "datePublished": "2015-04-29T05:00:00.000Z",
            "dateModified": "2015-04-29T05:00:00.000Z",
            "format": "html",
            "language": "es"
          },
          {
            "id": "doc-4d6dcb3b-3cd4-428f-be9e-1fcaf3d32efe",
            "documentType": "Clarifications",
            "title": "Actas de la junta de aclaraciones",
            "description": "Actas de la junta de aclaraciones",
            "url": "http://189.211.120.220:8880/files/opendata/15024-LPN-O-DCAGI-SC-024-15/9.-%20AJ/9.1.pdf",
            "datePublished": "2015-04-29T05:00:00.000Z",
            "dateModified": "2015-04-29T05:00:00.000Z",
            "format": "html",
            "language": "es"
          },
          {
            "id": "doc-9d8b6da4-b1f1-4d47-8d4f-b71acbe1ce5a",
            "documentType": "Tender Notice",
            "title": "Documento que describe los criterios de evaluaci?n",
            "description": "Convocatoria al procedimiento de contratacion",
            "url": "http://189.211.120.220:8880/files/opendata/15024-LPN-O-DCAGI-SC-024-15/8.-%20CC/8.pdf",
            "datePublished": "2015-04-29T05:00:00.000Z",
            "dateModified": "2015-04-29T05:00:00.000Z",
            "format": "html",
            "language": "es"
          },
          {
            "id": "doc-d7542748-c3c2-4330-b163-70c6af95feea",
            "documentType": "Tender Notice",
            "title": "Documento que contiene los objetivos y caracter?sticas del contrato y proceso de licitaci?n",
            "description": "Convocatoria al procedimiento de contratacion",
            "url": "http://189.211.120.220:8880/files/opendata/15024-LPN-O-DCAGI-SC-024-15/8.-%20CC/8.pdf",
            "datePublished": "2015-04-29T05:00:00.000Z",
            "dateModified": "2015-04-29T05:00:00.000Z",
            "format": "html",
            "language": "es"
          },
          {
            "id": "doc-513a7de0-8bd1-4f9e-954d-2052a5e93ed0",
            "documentType": "Tender Notice",
            "title": "Documento que contiene las especificaicones t?cnicas de la obra",
            "description": "Convocatoria al procedimiento de contratacion",
            "url": "http://189.211.120.220:8880/files/opendata/15024-LPN-O-DCAGI-SC-024-15/8.-%20CC/8.pdf",
            "datePublished": "2015-04-29T05:00:00.000Z",
            "dateModified": "2015-04-29T05:00:00.000Z",
            "format": "html",
            "language": "es"
          },
          {
            "id": "doc-78653caf-daad-4620-8118-213ba05c9e7f",
            "documentType": "Tender Notice",
            "title": "Convocatoria al procedimiento de contrataci?n",
            "description": "Convocatoria al procedimiento de contratacion",
            "url": "http://189.211.120.220:8880/files/opendata/15024-LPN-O-DCAGI-SC-024-15/8.-%20CC/8.pdf",
            "datePublished": "2015-04-29T05:00:00.000Z",
            "dateModified": "2015-04-29T05:00:00.000Z",
            "format": "html",
            "language": "es"
          },
          {
            "id": "doc-af6ac979-f0fa-43b3-a4bd-b5a2c58c665c",
            "documentType": "Tender Notice",
            "title": "Documento que describe los criterios que deben cumplir los licitantes",
            "description": "Convocatoria al procedimiento de contratacion",
            "url": "http://189.211.120.220:8880/files/opendata/15024-LPN-O-DCAGI-SC-024-15/8.-%20CC/8.pdf",
            "datePublished": "2015-04-29T05:00:00.000Z",
            "dateModified": "2015-04-29T05:00:00.000Z",
            "format": "html",
            "language": "es"
          }
        ]
      },
      "buyer": {
        "identifier": {
          "scheme": "MK-009KDH999",
          "id": "GACM",
          "legalName": "Grupo Aeroportuario de la Ciudad de Mexico, S.A. de C.V.",
          "uri": "http://www.aeropuerto.gob.mx/"
        },
        "name": "Grupo Aeroportuario de la Ciudad de Mexico, S.A. de C.V.",
        "address": {
          "streetAddress": "AV. INSURGENTES SUR NO. 2453 PISO 2 OFICINA 203",
          "locality": "COL. TIZAPAN",
          "region": "DEL. ALVARO OBREGON",
          "postalCode": "01090",
          "countryName": "Mexico"
        },
        "contactPoint": {
          "name": "G05-DIRECCION CORPORATIVA DE ADMINISTRACION Y GESTION INMOBILIARIA",
          "url": "http://www.aeropuerto.gob.mx/"
        }
      },
      "awards": [
        {
          "id": "LO-009KDH999-N20-2015",
          "title": "Construccion de accesos y plataformas para exploracion geotecnica para la pista numero 2 del Nuevo Aeropuerto Internacional de la Ciudad de Mexico.",
          "description": "Ver documento adjunto",
          "status": "active",
          "date": "2015-04-24T05:00:00.000Z",
          "value": {
            "amount": 5038656,
            "currency": "MXN"
          },
          "suppliers": [
            {
              "identifier": {
                "id": "CAL070605NA9",
                "legalName": "Construcciones Aldesem, S. A. de C. V."
              },
              "name": "Construcciones Aldesem, S. A. de C. V.",
              "address": {
                "streetAddress": "Plaza Melchor Ocampo #38, interior, piso 9",
                "locality": "Cuahutemoc",
                "region": "Cuahutemoc",
                "postalCode": "6500",
                "countryName": "Mexico"
              }
            }
          ],
          "items": [
            {
              "id": "item-5151d039-7656-453d-98b1-207a5c385858",
              "description": "Construccion de accesos y plataformas para exploracion geotecnica para la pista numero 2 del Nuevo Aeropuerto Internacional de la Ciudad de Mexico.",
              "classification": {
                "scheme": "EDIFICACION NO HABITACIONAL",
                "id": "6220"
              },
              "quantity": 1,
              "unit": {
                "name": "obr",
                "value": {
                  "amount": 5038656,
                  "currency": "MXN"
                }
              }
            }
          ],
          "contractPeriod": {
            "startDate": "2015-05-14T05:00:00.000Z",
            "endDate": "2015-06-27T05:00:00.000Z"
          },
          "documents": [
            {
              "id": "doc-7c35d9ea-d51a-4784-a188-9394088fb885",
              "documentType": "Award Notice",
              "title": "Fallo",
              "description": "Acta de Fallo",
              "url": "http://189.211.120.220:8880/files/opendata/15024-LPN-O-DCAGI-SC-024-15/12.-%20AF/12.pdf",
              "datePublished": "2015-04-29T05:00:00.000Z",
              "dateModified": "2015-04-29T05:00:00.000Z",
              "format": "html",
              "language": "es"
            },
            {
              "id": "doc-ea0ca6cb-17c6-4905-b54d-4c7d189b48c7",
              "documentType": "Award Notice",
              "title": "Fallo",
              "description": "Descripcion del acto de presentacion y apertura de proposiciones",
              "url": "http://189.211.120.220:8880/files/opendata/15024-LPN-O-DCAGI-SC-024-15/10.-%20AP/10.pdf",
              "datePublished": "2015-04-29T05:00:00.000Z",
              "dateModified": "2015-04-29T05:00:00.000Z",
              "format": "html",
              "language": "es"
            }
          ]
        }
      ],
      "contracts": [
        {
          "id": "LPN-O-DCAGI-SC-024/15",
          "awardID": "LO-009KDH999-N20-2015",
          "title": "Construccion de accesos y plataformas para exploracion geotecnica para la pista numero 2 del Nuevo Aeropuerto Internacional de la Ciudad de Mexico.",
          "description": "Ver documento adjunto",
          "status": "active",
          "period": {
            "startDate": "2015-05-14T05:00:00.000Z",
            "endDate": "2015-06-27T05:00:00.000Z"
          },
          "value": {
            "amount": 5038656,
            "currency": "MXN"
          },
          "items": [
            {
              "id": "item-9211208f-8959-4166-b240-ed3d652cb16d",
              "description": "Construccion de accesos y plataformas para exploracion geotecnica para la pista numero 2 del Nuevo Aeropuerto Internacional de la Ciudad de Mexico.",
              "classification": {
                "scheme": "EDIFICACION NO HABITACIONAL",
                "id": "6220"
              },
              "quantity": 1,
              "unit": {
                "name": "obr",
                "value": {
                  "amount": 5038656,
                  "currency": "MXN"
                }
              }
            }
          ],
          "dateSigned": "2015-05-14T05:00:00.000Z",
          "documents": [
            {
              "id": "doc-deeb8b2e-0d2a-4c7c-ad43-1ca442e4b08c",
              "documentType": "Contract Signed",
              "title": "Contrato firmado",
              "description": "Contrato firmado",
              "url": "http://189.211.120.220:8880/files/opendata/15024-LPN-O-DCAGI-SC-024-15/15.-%20CF/15.pdf",
              "datePublished": "2015-04-29T05:00:00.000Z",
              "dateModified": "2015-04-29T05:00:00.000Z",
              "format": "html",
              "language": "es"
            },
            {
              "id": "doc-15a3c452-6500-4656-80ef-babb239531f0",
              "documentType": "Contract Signed",
              "title": "Cl?usula sobre las condiciones de entrega de la obra",
              "description": "Contrato firmado",
              "url": "http://189.211.120.220:8880/files/opendata/15024-LPN-O-DCAGI-SC-024-15/15.-%20CF/15.pdf",
              "datePublished": "2015-04-29T05:00:00.000Z",
              "dateModified": "2015-04-29T05:00:00.000Z",
              "format": "html",
              "language": "es"
            },
            {
              "id": "doc-816a02b6-f1f9-488d-b1a6-be3e7cbeeec2",
              "documentType": "Contract Guarantees",
              "title": "Fianza de anticipo",
              "description": "Garantia sobre el anticipo",
              "url": "http://189.211.120.220:8880/files/opendata/15024-LPN-O-DCAGI-SC-024-15/17.-%20GA/17.pdf",
              "datePublished": "2015-04-29T05:00:00.000Z",
              "dateModified": "2015-04-29T05:00:00.000Z",
              "format": "html",
              "language": "es"
            },
            {
              "id": "doc-aa7ff547-25b6-4a40-9de2-28460b72be09",
              "documentType": "Contract Guarantees",
              "title": "Fianza de cumplimiento",
              "description": "Garantias de cumplimiento",
              "url": "http://189.211.120.220:8880/files/opendata/15024-LPN-O-DCAGI-SC-024-15/18.-%20GC/18.pdf",
              "datePublished": "2015-04-29T05:00:00.000Z",
              "dateModified": "2015-04-29T05:00:00.000Z",
              "format": "html",
              "language": "es"
            }
          ]
        }
      ],
      "language": "es"
    }
  ],
  "publisher": {
    "name": "GACM",
    "scheme": "OBRA",
    "uid": "OP",
    "uri": "http://www.aeropuerto.gob.mx/"
  },
  "license": "https://datos.gob.mx/libreusomx/",
  "publicationPolicy": "https://datos.gob.mx/libreusomx/"
}
