{
  "uri": "https://datos.gob.mx/busca/dataset?organization=gacm",
  "publishedDate": "2017-02-15T16:48:25.645Z",
  "releases": [
    {
      "ocid": "70",
      "id": "RELEASE_70_2017-02-15T16:48:25.644Z",
      "date": "2017-02-08T06:00:00.000Z",
      "tag": [
        "contract"
      ],
      "initiationType": "tender",
      "planning": {
        "budget": {
          "source": "http://www.apartados.hacienda.gob.mx/presupuesto/temas/pef/2015/docs/09/r09_kdh_pie.pdf",
          "id": "CONSTRUCCION DE VIAS DE COMUNICACION",
          "description": "RECURSOS FISCALES",
          "amount": {
            "amount": 39000000,
            "currency": "MXN"
          },
          "project": "Nuevo Aeropuerto Internacional de la Ciudad de Mexico",
          "projectID": "46101",
          "uri": "http://www.apartados.hacienda.gob.mx/presupuesto/temas/pef/2015/docs/09/r09_kdh_pie.pdf"
        },
        "rationale": "Estudio e instalaciones complementarias para el de las caracteristicas topograficas del terreno del Nuevo Aeropuerto Internacional de la Ciudad de Mexico (NAICM)",
        "documents": [
          {
            "id": "doc-b5bece4a-50f8-4fb9-ba8a-f60a3cbbda8f",
            "documentType": "projectPlan",
            "title": "Proyecto ejecutivo de la obra",
            "description": "Terminos de referencia",
            "url": "http://189.211.120.220:8880/files/opendata/15048-ITP-SRO-DCAGI-SC-048-15/4.-%20TR/4.pdf",
            "datePublished": "2015-07-14T05:00:00.000Z",
            "dateModified": "2015-07-14T05:00:00.000Z",
            "format": "html",
            "language": "es"
          }
        ]
      },
      "tender": {
        "id": "799484",
        "title": "Estudio e instalaciones complementarias para el de las caracteristicas topograficas del terreno del Nuevo Aeropuerto Internacional de la Ciudad de Mexico (NAICM)",
        "description": "Estudio e instalaciones complementarias para el de las caracteristicas topograficas del terreno del Nuevo Aeropuerto Internacional de la Ciudad de Mexico (NAICM)",
        "status": "active",
        "items": [
          {
            "id": "item-aded6ea1-c6cb-4021-b377-8fa9ceb17d82",
            "description": "Elaboracion del estudio de las caracteristicas topograficas del terreno del Nuevo Aeropuerto Internacional de la Ciudad de Mexico (NAICM).",
            "classification": {
              "scheme": "CONSTRUCCION DE VIAS DE COMUNICACION",
              "id": "6250"
            },
            "quantity": 1,
            "unit": {
              "name": "sop",
              "value": {
                "amount": 33577144.97,
                "currency": "MXN"
              }
            }
          }
        ],
        "value": {
          "amount": 39000000,
          "currency": "MXN"
        },
        "procurementMethod": "selective",
        "procurementMethodRationale": "Nacional",
        "metodoDeAdquisicion": "Invitación a tres",
        "awardCriteria": "bestValueToGoverment",
        "awardCriteriaDetails": "Presencial",
        "submissionMethod": [
          "Presencial"
        ],
        "tenderPeriod": {
          "endDate": "2015-06-30T05:00:00.000Z"
        },
        "enquiryPeriod": {
          "startDate": "2015-06-08T05:00:00.000Z",
          "endDate": "2015-06-23T05:00:00.000Z"
        },
        "eligibilityCriteria": "Ver documento adjunto",
        "awardPeriod": {
          "endDate": "2015-06-30T05:00:00.000Z"
        },
        "documents": [
          {
            "id": "doc-2c1134f9-8d00-41b8-bd49-4229ae6438f8",
            "documentType": "Clarifications",
            "title": "Actas de la junta de aclaraciones",
            "description": "Actas de la junta de aclaraciones",
            "url": "http://189.211.120.220:8880/files/opendata/15048-ITP-SRO-DCAGI-SC-048-15/9.-%20AJ/9.pdf",
            "datePublished": "2015-07-14T05:00:00.000Z",
            "dateModified": "2015-07-14T05:00:00.000Z",
            "format": "html",
            "language": "es"
          },
          {
            "id": "doc-dfa50781-8cb1-48c6-a8a6-6f9b791d39de",
            "documentType": "Tender Notice",
            "title": "Documento que contiene las especificaciones t?cnicas de la obra",
            "description": "Convocatoria al procedimiento de contratacion",
            "url": "http://189.211.120.220:8880/files/opendata/15048-ITP-SRO-DCAGI-SC-048-15/8.-%20CC/8.pdf",
            "datePublished": "2015-07-14T05:00:00.000Z",
            "dateModified": "2015-07-14T05:00:00.000Z",
            "format": "html",
            "language": "es"
          },
          {
            "id": "doc-c78d6761-0000-4d3a-a970-0a87ac4cb588",
            "documentType": "Tender Notice",
            "title": "Documento que describe los criterios de evaluaci?n",
            "description": "Convocatoria al procedimiento de contratacion",
            "url": "http://189.211.120.220:8880/files/opendata/15048-ITP-SRO-DCAGI-SC-048-15/8.-%20CC/8.pdf",
            "datePublished": "2015-07-14T05:00:00.000Z",
            "dateModified": "2015-07-14T05:00:00.000Z",
            "format": "html",
            "language": "es"
          },
          {
            "id": "doc-d925f06f-8cac-4267-9b59-7195250e1eb7",
            "documentType": "Tender Notice",
            "title": "Documento que contiene los objetivos y caracter?sticas del contrato y proceso de licitaci?n",
            "description": "Convocatoria al procedimiento de contratacion",
            "url": "http://189.211.120.220:8880/files/opendata/15048-ITP-SRO-DCAGI-SC-048-15/8.-%20CC/8.pdf",
            "datePublished": "2015-07-14T05:00:00.000Z",
            "dateModified": "2015-07-14T05:00:00.000Z",
            "format": "html",
            "language": "es"
          },
          {
            "id": "doc-67709ef1-4de0-434e-8206-527e7516b63f",
            "documentType": "Tender Notice",
            "title": "Convocatoria al procedimiento de contrataci?n",
            "description": "Convocatoria al procedimiento de contratacion",
            "url": "http://189.211.120.220:8880/files/opendata/15048-ITP-SRO-DCAGI-SC-048-15/8.-%20CC/8.pdf",
            "datePublished": "2015-07-14T05:00:00.000Z",
            "dateModified": "2015-07-14T05:00:00.000Z",
            "format": "html",
            "language": "es"
          },
          {
            "id": "doc-c0fe7241-8d69-4b4a-b4de-4efc9b34ec1f",
            "documentType": "Tender Notice",
            "title": "Documento que describe los criterios que deben cumplir los licitantes",
            "description": "Convocatoria al procedimiento de contratacion",
            "url": "http://189.211.120.220:8880/files/opendata/15048-ITP-SRO-DCAGI-SC-048-15/8.-%20CC/8.pdf",
            "datePublished": "2015-07-14T05:00:00.000Z",
            "dateModified": "2015-07-14T05:00:00.000Z",
            "format": "html",
            "language": "es"
          }
        ]
      },
      "buyer": {
        "identifier": {
          "scheme": "MK-009KDH999",
          "id": "GACM",
          "legalName": "Grupo Aeroportuario de la Ciudad de Mexico, S.A. de C.V.",
          "uri": "http://www.aeropuerto.gob.mx/"
        },
        "name": "Grupo Aeroportuario de la Ciudad de Mexico, S.A. de C.V.",
        "address": {
          "streetAddress": "AV. INSURGENTES SUR NO. 2453 PISO 2 OFICINA 203",
          "locality": "COL. TIZAPAN",
          "region": "DEL. ALVARO OBREGON",
          "postalCode": "01090",
          "countryName": "Mexico"
        },
        "contactPoint": {
          "name": "G05-DIRECCION CORPORATIVA DE ADMINISTRACION Y GESTION INMOBILIARIA",
          "url": "http://www.aeropuerto.gob.mx/"
        }
      },
      "awards": [
        {
          "id": "IO-009KDH999-N41-2015",
          "title": "Elaboracion del estudio de las caracteristicas topograficas del terreno del Nuevo Aeropuerto Internacional de la Ciudad de Mexico (NAICM).",
          "description": "Ver documento adjunto",
          "status": "active",
          "date": "2015-07-14T05:00:00.000Z",
          "value": {
            "amount": 33577144.97,
            "currency": "MXN"
          },
          "suppliers": [
            {
              "identifier": {
                "id": "CIU9905071G7",
                "legalName": "Consorcio IUYET S.A. de C.V."
              },
              "name": "Consorcio IUYET S.A. de C.V.",
              "address": {
                "streetAddress": "San Borja 1358",
                "locality": "Vertiz Narvarte",
                "region": "Benito Juarez",
                "postalCode": "58080",
                "countryName": "Mexico"
              }
            }
          ],
          "items": [
            {
              "id": "item-b59af313-62dd-4f93-b3a2-646b32b9281a",
              "description": "Elaboracion del estudio de las caracteristicas topograficas del terreno del Nuevo Aeropuerto Internacional de la Ciudad de Mexico (NAICM).",
              "classification": {
                "scheme": "CONSTRUCCION DE VIAS DE COMUNICACION",
                "id": "6250"
              },
              "quantity": 1,
              "unit": {
                "name": "sop",
                "value": {
                  "amount": 33577144.97,
                  "currency": "MXN"
                }
              }
            }
          ],
          "contractPeriod": {
            "startDate": "2015-07-29T05:00:00.000Z",
            "endDate": "2015-09-26T05:00:00.000Z"
          },
          "documents": [
            {
              "id": "doc-14f908d5-05a4-42e9-8440-2bd1b5af0388",
              "documentType": "Award Notice",
              "title": "Fallo",
              "description": "Acta de Fallo",
              "url": "http://189.211.120.220:8880/files/opendata/15048-ITP-SRO-DCAGI-SC-048-15/12.-%20AF/12.pdf",
              "datePublished": "2015-07-14T05:00:00.000Z",
              "dateModified": "2015-07-14T05:00:00.000Z",
              "format": "html",
              "language": "es"
            },
            {
              "id": "doc-f2e5f156-f99e-4e92-aee0-00557b12a230",
              "documentType": "Award Notice",
              "title": "Fallo",
              "description": "Descripcion del acto de presentacion y apertura de proposiciones",
              "url": "http://189.211.120.220:8880/files/opendata/15048-ITP-SRO-DCAGI-SC-048-15/10.-%20AP/10.pdf",
              "datePublished": "2015-07-14T05:00:00.000Z",
              "dateModified": "2015-07-14T05:00:00.000Z",
              "format": "html",
              "language": "es"
            }
          ]
        }
      ],
      "contracts": [
        {
          "id": "ITP-SRO-DCAGI-SC-048/15",
          "awardID": "IO-009KDH999-N41-2015",
          "title": "Elaboracion del estudio de las caracteristicas topograficas del terreno del Nuevo Aeropuerto Internacional de la Ciudad de Mexico (NAICM).",
          "description": "Ver documento adjunto",
          "status": "active",
          "period": {
            "startDate": "2015-07-29T05:00:00.000Z",
            "endDate": "2015-09-26T05:00:00.000Z"
          },
          "value": {
            "amount": 33577144.97,
            "currency": "MXN"
          },
          "items": [
            {
              "id": "item-6c7e16d4-1881-416f-9d31-aa116c8d3409",
              "description": "Elaboracion del estudio de las caracteristicas topograficas del terreno del Nuevo Aeropuerto Internacional de la Ciudad de Mexico (NAICM).",
              "classification": {
                "scheme": "CONSTRUCCION DE VIAS DE COMUNICACION",
                "id": "6250"
              },
              "quantity": 1,
              "unit": {
                "name": "sop",
                "value": {
                  "amount": 33577144.97,
                  "currency": "MXN"
                }
              }
            }
          ],
          "dateSigned": "2015-07-29T05:00:00.000Z",
          "documents": [
            {
              "id": "doc-e82d33b4-e4bd-4cb1-bfb2-7642cca1d81f",
              "documentType": "Contract Signed",
              "title": "Cl?usula sobre las condiciones de entrega de la obra",
              "description": "Contrato firmado",
              "url": "http://189.211.120.220:8880/files/opendata/15048-ITP-SRO-DCAGI-SC-048-15/15.-%20CF/15.pdf",
              "datePublished": "2015-07-14T05:00:00.000Z",
              "dateModified": "2015-07-14T05:00:00.000Z",
              "format": "html",
              "language": "es"
            },
            {
              "id": "doc-942035b3-bed3-475c-98a7-123c3a0a5f50",
              "documentType": "Contract Signed",
              "title": "Contrato firmado",
              "description": "Contrato firmado",
              "url": "http://189.211.120.220:8880/files/opendata/15048-ITP-SRO-DCAGI-SC-048-15/15.-%20CF/15.pdf",
              "datePublished": "2015-07-14T05:00:00.000Z",
              "dateModified": "2015-07-14T05:00:00.000Z",
              "format": "html",
              "language": "es"
            },
            {
              "id": "doc-bf754b3f-4a37-4308-a2ea-9da452484375",
              "documentType": "Contract Guarantees",
              "title": "Fianza de anticipo",
              "description": "Garantia sobre el anticipo",
              "url": "http://189.211.120.220:8880/files/opendata/15048-ITP-SRO-DCAGI-SC-048-15/17.-%20GA/17.pdf",
              "datePublished": "2015-07-14T05:00:00.000Z",
              "dateModified": "2015-07-14T05:00:00.000Z",
              "format": "html",
              "language": "es"
            },
            {
              "id": "doc-5b4ba2eb-8bcf-474f-9333-5ac83dfc206b",
              "documentType": "Contract Guarantees",
              "title": "Fianza de cumplimiento",
              "description": "Garantias de cumplimiento",
              "url": "http://189.211.120.220:8880/files/opendata/15048-ITP-SRO-DCAGI-SC-048-15/18.-%20GC/18.pdf",
              "datePublished": "2015-07-14T05:00:00.000Z",
              "dateModified": "2015-07-14T05:00:00.000Z",
              "format": "html",
              "language": "es"
            }
          ]
        }
      ],
      "language": "es"
    }
  ],
  "publisher": {
    "name": "GACM",
    "scheme": "SERVICIO",
    "uid": "AS",
    "uri": "http://www.aeropuerto.gob.mx/"
  },
  "license": "https://datos.gob.mx/libreusomx/",
  "publicationPolicy": "https://datos.gob.mx/libreusomx/"
}
