{
  "uri": "https://datos.gob.mx/busca/dataset?organization=gacm",
  "publishedDate": "2017-02-15T16:48:25.853Z",
  "releases": [
    {
      "ocid": "73",
      "id": "RELEASE_73_2017-02-15T16:48:25.852Z",
      "date": "2017-02-09T06:00:00.000Z",
      "tag": [
        "contract"
      ],
      "initiationType": "tender",
      "planning": {
        "budget": {
          "source": "http://www.apartados.hacienda.gob.mx/presupuesto/temas/pef/2015/docs/09/r09_kdh_pie.pdf",
          "id": "Servicio de asesoria tecnica y capacitacion a 800 trabajadores del programa empleo temporal de mano de obra campesina o urbana marginada para los 7 ejidos colindantes al predio del Nuevo Aeropuerto Internacional de la Ciudad de Mexico (NAICM).",
          "description": "Presupuesto de Egresos de la Fedracion 2015",
          "amount": {
            "amount": 7582463.99,
            "currency": "MXN"
          },
          "project": "Nuevo Aeropuerto Internacional de la Ciudad de Mexico",
          "projectID": "46101",
          "uri": "http://www.apartados.hacienda.gob.mx/presupuesto/temas/pef/2015/docs/09/r09_kdh_pie.pdf"
        },
        "rationale": "Servicio de asesoria tecnica y capacitacion a 800 trabajadores del programa empleo temporal de mano de obra campesina o urbana marginada para los 7 ejidos colindantes al predio del Nuevo Aeropuerto Internacional de la Ciudad de Mexico (NAICM).",
        "documents": [
          {
            "id": "doc-fd61a9f8-9db4-46ab-be40-5c5f00c99768",
            "documentType": "projectPlan",
            "title": "Proyecto ejecutivo de la obra",
            "description": "Terminos de referencia",
            "url": "http://189.211.120.220:8880/files/opendata/15058-ITP-AS-DCAGI-SC-058-15/4.-%20TR/4.pdf",
            "datePublished": "2015-08-13T05:00:00.000Z",
            "dateModified": "2015-08-13T05:00:00.000Z",
            "format": "html",
            "language": "es"
          }
        ]
      },
      "tender": {
        "id": "867226",
        "title": "Servicio de asesoria tecnica y capacitacion a 800 trabajadores del programa empleo temporal de mano de obra campesina o urbana marginada para los 7 ejidos colindantes al predio del NAICM.",
        "description": "Servicio de asesoria tecnica y capacitacion a 800 trabajadores del programa empleo temporal de mano de obra campesina o urbana marginada para los 7 ejidos colindantes al predio del Nuevo Aeropuerto Internacional de la Ciudad de Mexico (NAICM).",
        "status": "active",
        "items": [
          {
            "id": "item-e3c1b6e3-e18a-42a0-a877-d9c288b0ae1b",
            "description": "Servicio de asesoria tecnica y capacitacion a 800 trabajadores del programa empleo temporal de mano de obra campesina o urbana marginada para los 7ejidos colindantes al predio del Nuevo Aeropuerto Internacional de la Ciudad de Mexico (NAICM).",
            "classification": {
              "scheme": "EDIFICACION NO HABITACIONAL",
              "id": "6220"
            },
            "quantity": 1,
            "unit": {
              "name": "sop",
              "value": {
                "amount": 7582463.99,
                "currency": "MXN"
              }
            }
          }
        ],
        "value": {
          "amount": 7582463.99,
          "currency": "MXN"
        },
        "procurementMethod": "selective",
        "procurementMethodRationale": "Nacional",
        "metodoDeAdquisicion": "Invitación a tres",
        "awardCriteria": "bestValueToGoverment",
        "awardCriteriaDetails": "Presencial",
        "submissionMethod": [
          "Presencial"
        ],
        "tenderPeriod": {
          "endDate": "2015-08-10T05:00:00.000Z"
        },
        "enquiryPeriod": {
          "startDate": "2015-08-06T05:00:00.000Z",
          "endDate": "2015-08-06T05:00:00.000Z"
        },
        "eligibilityCriteria": "Ver documento adjunto",
        "awardPeriod": {
          "endDate": "2015-08-10T05:00:00.000Z"
        },
        "documents": [
          {
            "id": "doc-a4c096bb-44ed-477f-bf9d-be0888b2075d",
            "documentType": "Clarifications",
            "title": "Actas de la junta de aclaraciones",
            "description": "Actas de la junta de aclaraciones",
            "url": "http://189.211.120.220:8880/files/opendata/15058-ITP-AS-DCAGI-SC-058-15/9.-%20AJ/9.pdf",
            "datePublished": "2015-08-13T05:00:00.000Z",
            "dateModified": "2015-08-13T05:00:00.000Z",
            "format": "html",
            "language": "es"
          },
          {
            "id": "doc-9ad89437-59c3-43d3-8841-73c760c83b33",
            "documentType": "Tender Notice",
            "title": "Documento que contiene las especificaciones t?cnicas de la obra",
            "description": "Convocatoria al procedimiento de contratacion",
            "url": "http://189.211.120.220:8880/files/opendata/15058-ITP-AS-DCAGI-SC-058-15/8.-%20CC/8.pdf",
            "datePublished": "2015-08-13T05:00:00.000Z",
            "dateModified": "2015-08-13T05:00:00.000Z",
            "format": "html",
            "language": "es"
          },
          {
            "id": "doc-c4c4219a-60cf-4ecb-844a-739aa7558a33",
            "documentType": "Tender Notice",
            "title": "Documento que describe los criterios de evaluaci?n",
            "description": "Convocatoria al procedimiento de contratacion",
            "url": "http://189.211.120.220:8880/files/opendata/15058-ITP-AS-DCAGI-SC-058-15/8.-%20CC/8.pdf",
            "datePublished": "2015-08-13T05:00:00.000Z",
            "dateModified": "2015-08-13T05:00:00.000Z",
            "format": "html",
            "language": "es"
          },
          {
            "id": "doc-745cbe21-0524-4214-898f-78e595fb20c6",
            "documentType": "Tender Notice",
            "title": "Documento que contiene los objetivos y caracter?sticas del contrato y proceso de licitaci?n",
            "description": "Convocatoria al procedimiento de contratacion",
            "url": "http://189.211.120.220:8880/files/opendata/15058-ITP-AS-DCAGI-SC-058-15/8.-%20CC/8.pdf",
            "datePublished": "2015-08-13T05:00:00.000Z",
            "dateModified": "2015-08-13T05:00:00.000Z",
            "format": "html",
            "language": "es"
          },
          {
            "id": "doc-f6c4c85b-62d1-4636-b384-f8cf24805bf1",
            "documentType": "Tender Notice",
            "title": "Convocatoria al procedimiento de contrataci?n",
            "description": "Convocatoria al procedimiento de contratacion",
            "url": "http://189.211.120.220:8880/files/opendata/15058-ITP-AS-DCAGI-SC-058-15/8.-%20CC/8.pdf",
            "datePublished": "2015-08-13T05:00:00.000Z",
            "dateModified": "2015-08-13T05:00:00.000Z",
            "format": "html",
            "language": "es"
          },
          {
            "id": "doc-27c8708a-afbb-45f7-b78c-4c8c0adce390",
            "documentType": "Tender Notice",
            "title": "Documento que describe los criterios que deben cumplir los licitantes",
            "description": "Convocatoria al procedimiento de contratacion",
            "url": "http://189.211.120.220:8880/files/opendata/15058-ITP-AS-DCAGI-SC-058-15/8.-%20CC/8.pdf",
            "datePublished": "2015-08-13T05:00:00.000Z",
            "dateModified": "2015-08-13T05:00:00.000Z",
            "format": "html",
            "language": "es"
          }
        ]
      },
      "buyer": {
        "identifier": {
          "scheme": "MK-009KDH999",
          "id": "GACM",
          "legalName": "Grupo Aeroportuario de la Ciudad de Mexico, S.A. de C.V.",
          "uri": "http://www.aeropuerto.gob.mx/"
        },
        "name": "Grupo Aeroportuario de la Ciudad de Mexico, S.A. de C.V.",
        "address": {
          "streetAddress": "AV. INSURGENTES SUR NO. 2453 PISO 2 OFICINA 203",
          "locality": "COL. TIZAPAN",
          "region": "DEL. ALVARO OBREGON",
          "postalCode": "01090",
          "countryName": "Mexico"
        },
        "contactPoint": {
          "name": "G05-DIRECCION CORPORATIVA DE ADMINISTRACION Y GESTION INMOBILIARIA",
          "url": "http://www.aeropuerto.gob.mx/"
        }
      },
      "awards": [
        {
          "id": "IA-009KDH999-N56-2015",
          "title": "Servicio de asesoria tecnica y capacitacion a 800 trabajadores del programa empleo temporal de mano de obra campesina o urbana marginada para los 7 ejidos colindantes al predio del NAICM.",
          "description": "Ver documento adjunto",
          "status": "active",
          "date": "2015-08-13T05:00:00.000Z",
          "value": {
            "amount": 7582463.99,
            "currency": "MXN"
          },
          "suppliers": [
            {
              "identifier": {
                "id": "ADR120111NV2",
                "legalName": "Agencia de Desarrollo Rural Martelli, S. C. de R. L. M.I."
              },
              "name": "Agencia de Desarrollo Rural Martelli, S. C. de R. L. M.I.",
              "address": {
                "streetAddress": "Insurgentes 46",
                "locality": "Col. Irolo",
                "region": "Tepeapulco",
                "postalCode": "43991",
                "countryName": "Mexico"
              }
            }
          ],
          "items": [
            {
              "id": "item-c63d8a4c-032e-4355-97a9-25b212bfa193",
              "description": "Servicio de asesoria tecnica y capacitacion a 800 trabajadores del programa empleo temporal de mano de obra campesina o urbana marginada para los 7ejidos colindantes al predio del Nuevo Aeropuerto Internacional de la Ciudad de Mexico (NAICM).",
              "classification": {
                "scheme": "EDIFICACION NO HABITACIONAL",
                "id": "6220"
              },
              "quantity": 1,
              "unit": {
                "name": "sop",
                "value": {
                  "amount": 7582463.99,
                  "currency": "MXN"
                }
              }
            }
          ],
          "contractPeriod": {
            "startDate": "2015-08-19T05:00:00.000Z",
            "endDate": "2015-12-31T06:00:00.000Z"
          },
          "documents": [
            {
              "id": "doc-38ba9515-9b27-4754-ab71-052fb8b7e0a1",
              "documentType": "Award Notice",
              "title": "Fallo",
              "description": "Acta de Fallo",
              "url": "http://189.211.120.220:8880/files/opendata/15058-ITP-AS-DCAGI-SC-058-15/12.-%20AF/12.pdf",
              "datePublished": "2015-08-13T05:00:00.000Z",
              "dateModified": "2015-08-13T05:00:00.000Z",
              "format": "html",
              "language": "es"
            },
            {
              "id": "doc-7305945c-93df-41de-8995-f2816059e6d2",
              "documentType": "Award Notice",
              "title": "Fallo",
              "description": "Descripcion del acto de presentacion y apertura de proposiciones",
              "url": "http://189.211.120.220:8880/files/opendata/15058-ITP-AS-DCAGI-SC-058-15/10.-%20AP/10.pdf",
              "datePublished": "2015-08-13T05:00:00.000Z",
              "dateModified": "2015-08-13T05:00:00.000Z",
              "format": "html",
              "language": "es"
            }
          ]
        }
      ],
      "contracts": [
        {
          "id": "ITP-AS-DCAGI-SC-058/15",
          "awardID": "IA-009KDH999-N56-2015",
          "title": "Servicio de asesoria tecnica y capacitacion a 800 trabajadores del programa empleo temporal de mano de obra campesina o urbana marginada para los 7 ejidos colindantes al predio del NAICM.",
          "description": "Ver documento adjunto",
          "status": "active",
          "period": {
            "startDate": "2015-08-19T05:00:00.000Z",
            "endDate": "2015-12-31T06:00:00.000Z"
          },
          "value": {
            "amount": 7582463.99,
            "currency": "MXN"
          },
          "items": [
            {
              "id": "item-9712ff4b-d396-40d6-a69f-6945a1ffcb6d",
              "description": "Servicio de asesoria tecnica y capacitacion a 800 trabajadores del programa empleo temporal de mano de obra campesina o urbana marginada para los 7ejidos colindantes al predio del Nuevo Aeropuerto Internacional de la Ciudad de Mexico (NAICM).",
              "classification": {
                "scheme": "EDIFICACION NO HABITACIONAL",
                "id": "6220"
              },
              "quantity": 1,
              "unit": {
                "name": "sop",
                "value": {
                  "amount": 7582463.99,
                  "currency": "MXN"
                }
              }
            }
          ],
          "dateSigned": "2015-08-19T05:00:00.000Z",
          "documents": [
            {
              "id": "doc-8431e4d5-e5c8-479e-bacb-0b7373b5a8c2",
              "documentType": "Contract Signed",
              "title": "Cl?usula sobre las condiciones de entrega de la obra",
              "description": "Contrato firmado",
              "url": "http://189.211.120.220:8880/files/opendata/15058-ITP-AS-DCAGI-SC-058-15/15.-%20CF/15.pdf",
              "datePublished": "2015-08-13T05:00:00.000Z",
              "dateModified": "2015-08-13T05:00:00.000Z",
              "format": "html",
              "language": "es"
            },
            {
              "id": "doc-d8b663f4-db23-47e0-bca5-c1e93971cfe6",
              "documentType": "Contract Signed",
              "title": "Contrato firmado",
              "description": "Contrato firmado",
              "url": "http://189.211.120.220:8880/files/opendata/15058-ITP-AS-DCAGI-SC-058-15/15.-%20CF/15.pdf",
              "datePublished": "2015-08-13T05:00:00.000Z",
              "dateModified": "2015-08-13T05:00:00.000Z",
              "format": "html",
              "language": "es"
            },
            {
              "id": "doc-5336c0a1-8531-4704-bb11-da28b9d8bfb1",
              "documentType": "Contract Guarantees",
              "title": "Fianza de anticipo",
              "description": "Garantia sobre el anticipo",
              "url": "http://189.211.120.220:8880/files/opendata/15058-ITP-AS-DCAGI-SC-058-15/17.-%20GA/17.pdf",
              "datePublished": "2015-08-13T05:00:00.000Z",
              "dateModified": "2015-08-13T05:00:00.000Z",
              "format": "html",
              "language": "es"
            },
            {
              "id": "doc-ad0492b9-40e7-43a5-9ed8-c97b361c44c4",
              "documentType": "Contract Guarantees",
              "title": "Fianza de cumplimiento",
              "description": "Garantias de cumplimiento",
              "url": "http://189.211.120.220:8880/files/opendata/15058-ITP-AS-DCAGI-SC-058-15/18.-%20GC/18.pdf",
              "datePublished": "2015-08-13T05:00:00.000Z",
              "dateModified": "2015-08-13T05:00:00.000Z",
              "format": "html",
              "language": "es"
            }
          ]
        }
      ],
      "language": "es"
    }
  ],
  "publisher": {
    "name": "GACM",
    "scheme": "SERVICIO",
    "uid": "AS",
    "uri": "http://www.aeropuerto.gob.mx/"
  },
  "license": "https://datos.gob.mx/libreusomx/",
  "publicationPolicy": "https://datos.gob.mx/libreusomx/"
}
