{
  "uri": "https://datos.gob.mx/busca/dataset?organization=gacm",
  "publishedDate": "2017-02-15T16:48:25.121Z",
  "releases": [
    {
      "ocid": "75",
      "id": "RELEASE_75_2017-02-15T16:48:25.120Z",
      "date": "2017-02-07T06:00:00.000Z",
      "tag": [
        "contract"
      ],
      "initiationType": "tender",
      "planning": {
        "budget": {
          "source": "http://www.apartados.hacienda.gob.mx/presupuesto/temas/pef/2015/docs/09/r09_kdh_pie.pdf",
          "id": "OBRAS DE CONSTRUCCION PARA EDIFICIOS NO HABITACIONALES",
          "description": "RECURSOS FISCALES",
          "amount": {
            "amount": 14655172.41,
            "currency": "MXN"
          },
          "project": "Nuevo Aeropuerto Internacional de la Ciudad de Mexico",
          "projectID": "46101",
          "uri": "http://www.apartados.hacienda.gob.mx/presupuesto/temas/pef/2015/docs/09/r09_kdh_pie.pdf"
        },
        "rationale": "Servicios de Consultoria Tecnica Especializada en Revision e Integracion de Terminos de Referencia y Especificaciones Tecnicas, de Proyectos de Licitacion de Obras Publicas",
        "documents": [
          {
            "id": "doc-0d2d509c-81d1-4a0f-a2e5-214994ebcdc5",
            "documentType": "projectPlan",
            "title": "Proyecto ejecutivo de la obra",
            "description": "Terminos de referencia",
            "url": "http://189.211.120.220:8880/files/opendata/15027-ITP-SRO-DCAGI-SC-027-15/4.-%20TR/4.pdf",
            "datePublished": "2015-05-12T05:00:00.000Z",
            "dateModified": "2015-05-12T05:00:00.000Z",
            "format": "html",
            "language": "es"
          }
        ]
      },
      "tender": {
        "id": "799505",
        "title": "Servicios de Consultoria Tecnica Especializada en Revision e Integracion de Terminos de Referencia y Especificaciones Tecnicas, de Proyectos de Licitacion de Obras Publicas",
        "description": "Servicios de Consultoria Tecnica Especializada en Revision e Integracion de Terminos de Referencia y Especificaciones Tecnicas, de Proyectos de Licitacion de Obras Publicas",
        "status": "active",
        "items": [
          {
            "id": "item-35b45f37-f709-4424-bdeb-a50c94070292",
            "description": "Servicios de Consultoria Tecnica Especializada en Revision e Integracion de Terminos de Referencia y Especificaciones Tecnicas, de Proyectos de Licitacion de Obras Publicas",
            "classification": {
              "scheme": "EDIFICACION NO HABITACIONAL",
              "id": "6220"
            },
            "quantity": 1,
            "unit": {
              "name": "sop",
              "value": {
                "amount": 12633769.32,
                "currency": "MXN"
              }
            }
          }
        ],
        "value": {
          "amount": 14655172.41,
          "currency": "MXN"
        },
        "procurementMethod": "selective",
        "procurementMethodRationale": "Nacional",
        "metodoDeAdquisicion": "Invitación a tres",
        "awardCriteria": "bestValueToGoverment",
        "awardCriteriaDetails": "Presencial",
        "submissionMethod": [
          "Presencial"
        ],
        "tenderPeriod": {
          "endDate": "2015-05-04T05:00:00.000Z"
        },
        "enquiryPeriod": {
          "startDate": "2015-04-23T05:00:00.000Z",
          "endDate": "2015-04-23T05:00:00.000Z"
        },
        "eligibilityCriteria": "Ver documento adjunto",
        "awardPeriod": {
          "endDate": "2015-05-04T05:00:00.000Z"
        },
        "documents": [
          {
            "id": "doc-09df56af-e056-4486-b9cc-5b364a5af2c0",
            "documentType": "Clarifications",
            "title": "Actas de la junta de aclaraciones",
            "description": "Actas de la junta de aclaraciones",
            "url": "http://189.211.120.220:8880/files/opendata/15027-ITP-SRO-DCAGI-SC-027-15/9.-%20AJ/9.pdf",
            "datePublished": "2015-05-12T05:00:00.000Z",
            "dateModified": "2015-05-12T05:00:00.000Z",
            "format": "html",
            "language": "es"
          },
          {
            "id": "doc-d965aca4-2fa2-4c6c-a895-e3d0d74c1390",
            "documentType": "Tender Notice",
            "title": "Documento que describe los criterios de evaluaci?n",
            "description": "Convocatoria al procedimiento de contratacion",
            "url": "http://189.211.120.220:8880/files/opendata/15027-ITP-SRO-DCAGI-SC-027-15/8.-%20CC/8.pdf",
            "datePublished": "2015-05-12T05:00:00.000Z",
            "dateModified": "2015-05-12T05:00:00.000Z",
            "format": "html",
            "language": "es"
          },
          {
            "id": "doc-ea2406c7-1fbd-4e49-9b20-3f0fdc369f75",
            "documentType": "Tender Notice",
            "title": "Documento que contiene los objetivos y caracter?sticas del contrato y proceso de licitaci?n",
            "description": "Convocatoria al procedimiento de contratacion",
            "url": "http://189.211.120.220:8880/files/opendata/15027-ITP-SRO-DCAGI-SC-027-15/8.-%20CC/8.pdf",
            "datePublished": "2015-05-12T05:00:00.000Z",
            "dateModified": "2015-05-12T05:00:00.000Z",
            "format": "html",
            "language": "es"
          },
          {
            "id": "doc-6bb5a349-5030-4583-9f85-7d68da024151",
            "documentType": "Tender Notice",
            "title": "Documento que contiene las especificaicones t?cnicas de la obra",
            "description": "Convocatoria al procedimiento de contratacion",
            "url": "http://189.211.120.220:8880/files/opendata/15027-ITP-SRO-DCAGI-SC-027-15/8.-%20CC/8.pdf",
            "datePublished": "2015-05-12T05:00:00.000Z",
            "dateModified": "2015-05-12T05:00:00.000Z",
            "format": "html",
            "language": "es"
          },
          {
            "id": "doc-992fc998-2bc6-4c3b-b1fb-1efaf55315f2",
            "documentType": "Tender Notice",
            "title": "Convocatoria al procedimiento de contrataci?n",
            "description": "Convocatoria al procedimiento de contratacion",
            "url": "http://189.211.120.220:8880/files/opendata/15027-ITP-SRO-DCAGI-SC-027-15/8.-%20CC/8.pdf",
            "datePublished": "2015-05-12T05:00:00.000Z",
            "dateModified": "2015-05-12T05:00:00.000Z",
            "format": "html",
            "language": "es"
          },
          {
            "id": "doc-9ed8da31-6616-4c3f-a2b2-e6c6cf734199",
            "documentType": "Tender Notice",
            "title": "Documento que describe los criterios que deben cumplir los licitantes",
            "description": "Convocatoria al procedimiento de contratacion",
            "url": "http://189.211.120.220:8880/files/opendata/15027-ITP-SRO-DCAGI-SC-027-15/8.-%20CC/8.pdf",
            "datePublished": "2015-05-12T05:00:00.000Z",
            "dateModified": "2015-05-12T05:00:00.000Z",
            "format": "html",
            "language": "es"
          }
        ]
      },
      "buyer": {
        "identifier": {
          "scheme": "MK-009KDH999",
          "id": "GACM",
          "legalName": "Grupo Aeroportuario de la Ciudad de Mexico, S.A. de C.V.",
          "uri": "http://www.aeropuerto.gob.mx/"
        },
        "name": "Grupo Aeroportuario de la Ciudad de Mexico, S.A. de C.V.",
        "address": {
          "streetAddress": "AV. INSURGENTES SUR NO. 2453 PISO 2 OFICINA 203",
          "locality": "COL. TIZAPAN",
          "region": "DEL. ALVARO OBREGON",
          "postalCode": "01090",
          "countryName": "Mexico"
        },
        "contactPoint": {
          "name": "G05-DIRECCION CORPORATIVA DE ADMINISTRACION Y GESTION INMOBILIARIA",
          "url": "http://www.aeropuerto.gob.mx/"
        }
      },
      "awards": [
        {
          "id": "IO-009KDH999-N29-2015",
          "title": "Servicios de Consultoria Tecnica Especializada en Revision e Integracion de Terminos de Referencia y Especificaciones Tecnicas, de Proyectos de Licitacion de Obras Publicas",
          "description": "Ver documento adjunto",
          "status": "active",
          "date": "2015-05-12T05:00:00.000Z",
          "value": {
            "amount": 12633769.32,
            "currency": "MXN"
          },
          "suppliers": [
            {
              "identifier": {
                "id": "JIN960911BY9",
                "legalName": "JACE INTERNACIONAL S.A. DE C.V."
              },
              "name": "JACE INTERNACIONAL S.A. DE C.V.",
              "address": {
                "streetAddress": "Lopez Cotilla 1605, Despacho 102",
                "locality": "Del Valle",
                "region": "Benito Juarez",
                "postalCode": "3100",
                "countryName": "Mexico"
              }
            }
          ],
          "items": [
            {
              "id": "item-dd608987-d83d-488b-b628-efe8ae29f0b8",
              "description": "Servicios de Consultoria Tecnica Especializada en Revision e Integracion de Terminos de Referencia y Especificaciones Tecnicas, de Proyectos de Licitacion de Obras Publicas",
              "classification": {
                "scheme": "EDIFICACION NO HABITACIONAL",
                "id": "6220"
              },
              "quantity": 1,
              "unit": {
                "name": "sop",
                "value": {
                  "amount": 12633769.32,
                  "currency": "MXN"
                }
              }
            }
          ],
          "contractPeriod": {
            "startDate": "2015-05-22T05:00:00.000Z",
            "endDate": "2015-12-31T06:00:00.000Z"
          },
          "documents": [
            {
              "id": "doc-0f4bd4a8-59db-4fdf-ac20-37c6804a55cd",
              "documentType": "Award Notice",
              "title": "Fallo",
              "description": "Acta de Fallo",
              "url": "http://189.211.120.220:8880/files/opendata/15027-ITP-SRO-DCAGI-SC-027-15/12.-%20AF/12.pdf",
              "datePublished": "2015-05-12T05:00:00.000Z",
              "dateModified": "2015-05-12T05:00:00.000Z",
              "format": "html",
              "language": "es"
            },
            {
              "id": "doc-541d854b-ef6b-4b81-9323-93e20d8039c1",
              "documentType": "Award Notice",
              "title": "Fallo",
              "description": "Descripcion del acto de presentacion y apertura de proposiciones",
              "url": "http://189.211.120.220:8880/files/opendata/15027-ITP-SRO-DCAGI-SC-027-15/10.-%20AP/10.pdf",
              "datePublished": "2015-05-12T05:00:00.000Z",
              "dateModified": "2015-05-12T05:00:00.000Z",
              "format": "html",
              "language": "es"
            }
          ]
        }
      ],
      "contracts": [
        {
          "id": "ITP-SRO-DCAGI-SC-027/15",
          "awardID": "IO-009KDH999-N29-2015",
          "title": "Servicios de Consultoria Tecnica Especializada en Revision e Integracion de Terminos de Referencia y Especificaciones Tecnicas, de Proyectos de Licitacion de Obras Publicas",
          "description": "Ver documento adjunto",
          "status": "active",
          "period": {
            "startDate": "2015-05-22T05:00:00.000Z",
            "endDate": "2015-12-31T06:00:00.000Z"
          },
          "value": {
            "amount": 12633769.32,
            "currency": "MXN"
          },
          "items": [
            {
              "id": "item-f9734e2b-f385-43ca-8157-a3ac979df847",
              "description": "Servicios de Consultoria Tecnica Especializada en Revision e Integracion de Terminos de Referencia y Especificaciones Tecnicas, de Proyectos de Licitacion de Obras Publicas",
              "classification": {
                "scheme": "EDIFICACION NO HABITACIONAL",
                "id": "6220"
              },
              "quantity": 1,
              "unit": {
                "name": "sop",
                "value": {
                  "amount": 12633769.32,
                  "currency": "MXN"
                }
              }
            }
          ],
          "dateSigned": "2015-05-22T05:00:00.000Z",
          "documents": [
            {
              "id": "doc-a82bf8b6-dc8d-4fbb-9c34-27079eee77f8",
              "documentType": "Contract Signed",
              "title": "Contrato firmado",
              "description": "Contrato firmado",
              "url": "http://189.211.120.220:8880/files/opendata/15027-ITP-SRO-DCAGI-SC-027-15/15.-%20CF/15.pdf",
              "datePublished": "2015-05-12T05:00:00.000Z",
              "dateModified": "2015-05-12T05:00:00.000Z",
              "format": "html",
              "language": "es"
            },
            {
              "id": "doc-6d67afe1-e2df-4d94-b2ac-b666a306130d",
              "documentType": "Contract Signed",
              "title": "Cl?usula sobre las condiciones de entrega de la obra",
              "description": "Contrato firmado",
              "url": "http://189.211.120.220:8880/files/opendata/15027-ITP-SRO-DCAGI-SC-027-15/15.-%20CF/15.pdf",
              "datePublished": "2015-05-12T05:00:00.000Z",
              "dateModified": "2015-05-12T05:00:00.000Z",
              "format": "html",
              "language": "es"
            },
            {
              "id": "doc-2263cd7c-d125-481e-a059-ed5836ab07a4",
              "documentType": "Contract Guarantees",
              "title": "Fianza de anticipo",
              "description": "Garantia sobre el anticipo",
              "url": "http://189.211.120.220:8880/files/opendata/15027-ITP-SRO-DCAGI-SC-027-15/17.-%20GA/17.pdf",
              "datePublished": "2015-05-12T05:00:00.000Z",
              "dateModified": "2015-05-12T05:00:00.000Z",
              "format": "html",
              "language": "es"
            },
            {
              "id": "doc-9bc8d80b-b39c-4ad2-9629-4f5c03f5a135",
              "documentType": "Contract Guarantees",
              "title": "Fianza de cumplimiento",
              "description": "Garantias de cumplimiento",
              "url": "http://189.211.120.220:8880/files/opendata/15027-ITP-SRO-DCAGI-SC-027-15/18.-%20GC/18.pdf",
              "datePublished": "2015-05-12T05:00:00.000Z",
              "dateModified": "2015-05-12T05:00:00.000Z",
              "format": "html",
              "language": "es"
            }
          ]
        }
      ],
      "language": "es"
    }
  ],
  "publisher": {
    "name": "GACM",
    "scheme": "SERVICIO",
    "uid": "AS",
    "uri": "http://www.aeropuerto.gob.mx/"
  },
  "license": "https://datos.gob.mx/libreusomx/",
  "publicationPolicy": "https://datos.gob.mx/libreusomx/"
}
