{
  "uri": "https://datos.gob.mx/busca/dataset?organization=gacm",
  "publishedDate": "2017-02-15T16:48:25.252Z",
  "releases": [
    {
      "ocid": "8",
      "id": "RELEASE_8_2017-02-15T16:48:25.251Z",
      "date": "2017-02-08T06:00:00.000Z",
      "tag": [
        "contract"
      ],
      "initiationType": "tender",
      "planning": {
        "budget": {
          "source": "http://www.apartados.hacienda.gob.mx/presupuesto/temas/pef/2015/docs/09/r09_kdh_pie.pdf",
          "id": "CONSTRUCCION DE VIAS DE COMUNICACION",
          "description": "RECURSOS FISCALES",
          "amount": {
            "amount": 638000,
            "currency": "MXN"
          },
          "project": "Nuevo Aeropuerto Internacional de la Ciudad de Mexico",
          "projectID": "46101",
          "uri": "http://www.apartados.hacienda.gob.mx/presupuesto/temas/pef/2015/docs/09/r09_kdh_pie.pdf"
        },
        "rationale": "Elaboracion de programa de monitoreo de ruido perimetral para las etapas de preparacion del sitio, construccion, operacion y mantenimiento del Nuevo Aeropuerto Internacional de la Ciudad de Mexico",
        "documents": [
          {
            "id": "doc-9b12ecf4-ceb5-4fab-a05f-e899630c73b8",
            "documentType": "projectPlan",
            "title": "Proyecto ejecutivo de la obra",
            "description": "Terminos de referencia",
            "url": "http://189.211.120.220:8880/files/opendata/15009-AD-SRO-DCAGI-SC-009-15/4.-%20TR/4.pdf",
            "datePublished": "2015-02-04T06:00:00.000Z",
            "dateModified": "2015-02-04T06:00:00.000Z",
            "format": "html",
            "language": "es"
          }
        ]
      },
      "tender": {
        "id": "798870",
        "title": "Elaboracion de programa de monitoreo de ruido perimetral para las etapas de preparacion del sitio, construccion, operacion y mantenimiento del Nuevo Aeropuerto Internacional de la Ciudad de Mexico",
        "description": "Elaboracion de programa de monitoreo de ruido perimetral para las etapas de preparacion del sitio, construccion, operacion y mantenimiento del Nuevo Aeropuerto Internacional de la Ciudad de Mexico",
        "status": "active",
        "items": [
          {
            "id": "item-ff1c4300-f622-4c5a-8bbb-dca7cf41c021",
            "description": "Elaboracion de programa de monitoreo de ruido perimetral para las etapas de preparacion del sitio, construccion, operacion y mantenimiento del Nuevo Aeropuerto Internacional de la Ciudad de Mexico",
            "classification": {
              "scheme": "CONSTRUCCION DE VIAS DE COMUNICACION",
              "id": "6250"
            },
            "quantity": 1,
            "unit": {
              "name": "sop",
              "value": {
                "amount": 550000,
                "currency": "MXN"
              }
            }
          }
        ],
        "value": {
          "amount": 638000,
          "currency": "MXN"
        },
        "procurementMethod": "limited",
        "procurementMethodRationale": "Nacional",
        "metodoDeAdquisicion": "Adjudicación directa",
        "awardCriteria": "bestValueToGoverment",
        "awardCriteriaDetails": "No aplica",
        "submissionMethod": [
          "Presencial"
        ],
        "eligibilityCriteria": "Ver documento adjunto",
        "documents": [
          {
            "id": "doc-8f9aedab-5836-4ca3-a183-14cd2ca7d8a6",
            "documentType": "Clarifications",
            "title": "Actas de la junta de aclaraciones",
            "description": "Actas de la junta de aclaraciones",
            "url": "http://189.211.120.220:8880/files/opendata/15009-AD-SRO-DCAGI-SC-009-15/9.-%20AJ/9.pdf",
            "datePublished": "2015-02-04T06:00:00.000Z",
            "dateModified": "2015-02-04T06:00:00.000Z",
            "format": "html",
            "language": "es"
          },
          {
            "id": "doc-d19aebc4-aed9-44e0-ac87-300de0e95f6d",
            "documentType": "Tender Notice",
            "title": "Documento que describe los criterios de evaluaci?n",
            "description": "Convocatoria al procedimiento de contratacion",
            "url": "http://189.211.120.220:8880/files/opendata/15009-AD-SRO-DCAGI-SC-009-15/8.-%20CC/8.pdf",
            "datePublished": "2015-02-04T06:00:00.000Z",
            "dateModified": "2015-02-04T06:00:00.000Z",
            "format": "html",
            "language": "es"
          },
          {
            "id": "doc-bb7b721d-d230-4ae6-a8f0-2ca641a39d5b",
            "documentType": "Tender Notice",
            "title": "Documento que contiene los objetivos y caracter?sticas del contrato y proceso de licitaci?n",
            "description": "Convocatoria al procedimiento de contratacion",
            "url": "http://189.211.120.220:8880/files/opendata/15009-AD-SRO-DCAGI-SC-009-15/8.-%20CC/8.pdf",
            "datePublished": "2015-02-04T06:00:00.000Z",
            "dateModified": "2015-02-04T06:00:00.000Z",
            "format": "html",
            "language": "es"
          },
          {
            "id": "doc-f471e17c-56ba-47b9-8169-0cd6eb384382",
            "documentType": "Tender Notice",
            "title": "Documento que contiene las especificaicones t?cnicas de la obra",
            "description": "Convocatoria al procedimiento de contratacion",
            "url": "http://189.211.120.220:8880/files/opendata/15009-AD-SRO-DCAGI-SC-009-15/8.-%20CC/8.pdf",
            "datePublished": "2015-02-04T06:00:00.000Z",
            "dateModified": "2015-02-04T06:00:00.000Z",
            "format": "html",
            "language": "es"
          },
          {
            "id": "doc-0f4e854a-6510-4d87-b1fe-44abe3bd0c92",
            "documentType": "Tender Notice",
            "title": "Convocatoria al procedimiento de contrataci?n",
            "description": "Convocatoria al procedimiento de contratacion",
            "url": "http://189.211.120.220:8880/files/opendata/15009-AD-SRO-DCAGI-SC-009-15/8.-%20CC/8.pdf",
            "datePublished": "2015-02-04T06:00:00.000Z",
            "dateModified": "2015-02-04T06:00:00.000Z",
            "format": "html",
            "language": "es"
          },
          {
            "id": "doc-ed4dca99-cc67-4e97-b5cb-cb165d2df921",
            "documentType": "Tender Notice",
            "title": "Documento que describe los criterios que deben cumplir los licitantes",
            "description": "Convocatoria al procedimiento de contratacion",
            "url": "http://189.211.120.220:8880/files/opendata/15009-AD-SRO-DCAGI-SC-009-15/8.-%20CC/8.pdf",
            "datePublished": "2015-02-04T06:00:00.000Z",
            "dateModified": "2015-02-04T06:00:00.000Z",
            "format": "html",
            "language": "es"
          }
        ]
      },
      "buyer": {
        "identifier": {
          "scheme": "MK-009KDH999",
          "id": "GACM",
          "legalName": "Grupo Aeroportuario de la Ciudad de Mexico, S.A. de C.V.",
          "uri": "http://www.aeropuerto.gob.mx/"
        },
        "name": "Grupo Aeroportuario de la Ciudad de Mexico, S.A. de C.V.",
        "address": {
          "streetAddress": "AV. INSURGENTES SUR NO. 2453 PISO 2 OFICINA 203",
          "locality": "COL. TIZAPAN",
          "region": "DEL. ALVARO OBREGON",
          "postalCode": "01090",
          "countryName": "Mexico"
        },
        "contactPoint": {
          "name": "G05-DIRECCION CORPORATIVA DE ADMINISTRACION Y GESTION INMOBILIARIA",
          "url": "http://www.aeropuerto.gob.mx/"
        }
      },
      "awards": [
        {
          "id": "SO-009KDH999-N23-2015",
          "title": "Elaboracion de programa de monitoreo de ruido perimetral para las etapas de preparacion del sitio, construccion, operacion y mantenimiento del Nuevo Aeropuerto Internacional de la Ciudad de Mexico",
          "description": "Ver documento adjunto",
          "status": "active",
          "value": {
            "amount": 550000,
            "currency": "MXN"
          },
          "suppliers": [
            {
              "identifier": {
                "id": "EAM9803104K0",
                "legalName": "ESPECIALISTAS AMBIENTALES, S.A. DE C.V."
              },
              "name": "ESPECIALISTAS AMBIENTALES, S.A. DE C.V.",
              "address": {
                "streetAddress": "Camino al Olivo 15 interior 301",
                "locality": "Lomas de Vista Hermosa",
                "region": "Cuajimalpa de Morelos",
                "postalCode": "5100",
                "countryName": "Mexico"
              }
            }
          ],
          "items": [
            {
              "id": "item-2bf2341a-03c6-4127-9fea-dfab83486557",
              "description": "Elaboracion de programa de monitoreo de ruido perimetral para las etapas de preparacion del sitio, construccion, operacion y mantenimiento del Nuevo Aeropuerto Internacional de la Ciudad de Mexico",
              "classification": {
                "scheme": "CONSTRUCCION DE VIAS DE COMUNICACION",
                "id": "6250"
              },
              "quantity": 1,
              "unit": {
                "name": "sop",
                "value": {
                  "amount": 550000,
                  "currency": "MXN"
                }
              }
            }
          ],
          "contractPeriod": {
            "startDate": "2015-02-21T06:00:00.000Z",
            "endDate": "2015-03-22T06:00:00.000Z"
          },
          "documents": [
            {
              "id": "doc-076ff30b-c1c1-424b-bb66-92009d403098",
              "documentType": "Award Notice",
              "title": "Fallo",
              "description": "Acta de Fallo",
              "url": "http://189.211.120.220:8880/files/opendata/15009-AD-SRO-DCAGI-SC-009-15/12.-%20AF/12.pdf",
              "datePublished": "2015-02-04T06:00:00.000Z",
              "dateModified": "2015-02-04T06:00:00.000Z",
              "format": "html",
              "language": "es"
            },
            {
              "id": "doc-d2a63937-414e-4177-8531-b62265a07651",
              "documentType": "Award Notice",
              "title": "Fallo",
              "description": "Descripcion del acto de presentacion y apertura de proposiciones",
              "url": "http://189.211.120.220:8880/files/opendata/15009-AD-SRO-DCAGI-SC-009-15/10.-%20AP/10.pdf",
              "datePublished": "2015-02-04T06:00:00.000Z",
              "dateModified": "2015-02-04T06:00:00.000Z",
              "format": "html",
              "language": "es"
            }
          ]
        }
      ],
      "contracts": [
        {
          "id": "AD-SRO-DCAGI-SC-009/15",
          "awardID": "SO-009KDH999-N23-2015",
          "title": "Elaboracion de programa de monitoreo de ruido perimetral para las etapas de preparacion del sitio, construccion, operacion y mantenimiento del Nuevo Aeropuerto Internacional de la Ciudad de Mexico",
          "description": "Ver documento adjunto",
          "status": "active",
          "period": {
            "startDate": "2015-02-21T06:00:00.000Z",
            "endDate": "2015-03-22T06:00:00.000Z"
          },
          "value": {
            "amount": 550000,
            "currency": "MXN"
          },
          "items": [
            {
              "id": "item-ad530a24-df6c-45d0-9fd0-3b6f5abd4725",
              "description": "Elaboracion de programa de monitoreo de ruido perimetral para las etapas de preparacion del sitio, construccion, operacion y mantenimiento del Nuevo Aeropuerto Internacional de la Ciudad de Mexico",
              "classification": {
                "scheme": "CONSTRUCCION DE VIAS DE COMUNICACION",
                "id": "6250"
              },
              "quantity": 1,
              "unit": {
                "name": "sop",
                "value": {
                  "amount": 550000,
                  "currency": "MXN"
                }
              }
            }
          ],
          "dateSigned": "2015-02-20T06:00:00.000Z",
          "documents": [
            {
              "id": "doc-4d7fe470-3faa-4a16-b521-6c01fc4d6fca",
              "documentType": "Contract Signed",
              "title": "Contrato firmado",
              "description": "Contrato firmado",
              "url": "http://189.211.120.220:8880/files/opendata/15009-AD-SRO-DCAGI-SC-009-15/15.-%20CF/15.pdf",
              "datePublished": "2015-02-04T06:00:00.000Z",
              "dateModified": "2015-02-04T06:00:00.000Z",
              "format": "html",
              "language": "es"
            },
            {
              "id": "doc-7502224c-be45-4699-ac36-570ff2a5f7e6",
              "documentType": "Contract Signed",
              "title": "Cl?usula sobre las condiciones de entrega de la obra",
              "description": "Contrato firmado",
              "url": "http://189.211.120.220:8880/files/opendata/15009-AD-SRO-DCAGI-SC-009-15/15.-%20CF/15.pdf",
              "datePublished": "2015-02-04T06:00:00.000Z",
              "dateModified": "2015-02-04T06:00:00.000Z",
              "format": "html",
              "language": "es"
            },
            {
              "id": "doc-db395bda-7c02-4fff-8046-299ead8d5d49",
              "documentType": "Contract Guarantees",
              "title": "Fianza de anticipo",
              "description": "Garantia sobre el anticipo",
              "url": "http://189.211.120.220:8880/files/opendata/15009-AD-SRO-DCAGI-SC-009-15/17.-%20GA/17.pdf",
              "datePublished": "2015-02-04T06:00:00.000Z",
              "dateModified": "2015-02-04T06:00:00.000Z",
              "format": "html",
              "language": "es"
            },
            {
              "id": "doc-1a8cb763-f2da-4f38-b71d-21bef820ae23",
              "documentType": "Contract Guarantees",
              "title": "Fianza de cumplimiento",
              "description": "Garantias de cumplimiento",
              "url": "http://189.211.120.220:8880/files/opendata/15009-AD-SRO-DCAGI-SC-009-15/18.-%20GC/18.pdf",
              "datePublished": "2015-02-04T06:00:00.000Z",
              "dateModified": "2015-02-04T06:00:00.000Z",
              "format": "html",
              "language": "es"
            }
          ]
        }
      ],
      "language": "es"
    }
  ],
  "publisher": {
    "name": "GACM",
    "scheme": "SERVICIO",
    "uid": "AS",
    "uri": "http://www.aeropuerto.gob.mx/"
  },
  "license": "https://datos.gob.mx/libreusomx/",
  "publicationPolicy": "https://datos.gob.mx/libreusomx/"
}
