{
  "uri": "https://datos.gob.mx/busca/dataset?organization=gacm",
  "publishedDate": "2017-02-15T16:48:25.190Z",
  "releases": [
    {
      "ocid": "80",
      "id": "RELEASE_80_2017-02-15T16:48:25.189Z",
      "date": "2017-02-08T06:00:00.000Z",
      "tag": [
        "contract"
      ],
      "initiationType": "tender",
      "planning": {
        "budget": {
          "source": "http://www.apartados.hacienda.gob.mx/presupuesto/temas/pef/2015/docs/09/r09_kdh_pie.pdf",
          "id": "OBRAS DE CONSTRUCCION PARA EDIFICIOS NO HABITACIONALES",
          "description": "RECURSOS FISCALES",
          "amount": {
            "amount": 432601.1,
            "currency": "MXN"
          },
          "project": "Nuevo Aeropuerto Internacional de la Ciudad de Mexico",
          "projectID": "46101",
          "uri": "http://www.apartados.hacienda.gob.mx/presupuesto/temas/pef/2015/docs/09/r09_kdh_pie.pdf"
        },
        "rationale": "Servicio de un testigo social para que atestigue las etapas del procedimiento de la licitacion publica internacional bajo la cobertura de tratados delibre comercio, consistente en disenar e instrumentar el modelo virtual de informacion para la construccion del BIM del NAICM",
        "documents": [
          {
            "id": "doc-0eab8ef8-c5a2-4893-abe0-6f68a25f5149",
            "documentType": "projectPlan",
            "title": "Proyecto ejecutivo de la obra",
            "description": "Terminos de referencia",
            "url": "http://189.211.120.220:8880/files/opendata/15062-AD-AS-DCAGI-SC-062-15/4.-%20TR/4.pdf",
            "datePublished": "2015-07-31T05:00:00.000Z",
            "dateModified": "2015-07-31T05:00:00.000Z",
            "format": "html",
            "language": "es"
          }
        ]
      },
      "tender": {
        "id": "983798",
        "title": "Servicio de un testigo social para que atestigue las etapas del procedimiento de la licitacion publica internacional bajo la cobertura de tratados delibre comercio, consistente en disenar e instrumentar el modelo virtual de informacion para la construccion del BIM del NAICM",
        "description": "Servicio de un testigo social para que atestigue las etapas del procedimiento de la licitacion publica internacional bajo la cobertura de tratados delibre comercio, consistente en disenar e instrumentar el modelo virtual de informacion para la construccion del BIM del NAICM",
        "status": "active",
        "items": [
          {
            "id": "item-7caac899-41e8-4a94-a163-68ea742bd99f",
            "description": "Servicio de un Testigo Social para que atestigue las etapas del procedimiento de la Licitacion Publica Internacional Bajo la Cobertura de Tratados deLibre Comercio, consistente en Disenar e Instrumentar el Modelo Virtual de Informacion para la Construccion del BIM del NAICM.",
            "classification": {
              "scheme": "EDIFICACION NO HABITACIONAL",
              "id": "6220"
            },
            "quantity": 1,
            "unit": {
              "name": "sop",
              "value": {
                "amount": 372932,
                "currency": "MXN"
              }
            }
          }
        ],
        "value": {
          "amount": 432601.1,
          "currency": "MXN"
        },
        "procurementMethod": "limited",
        "procurementMethodRationale": "Nacional",
        "metodoDeAdquisicion": "Adjudicación directa",
        "awardCriteria": "bestValueToGoverment",
        "awardCriteriaDetails": "No aplica",
        "submissionMethod": [
          "Presencial"
        ],
        "eligibilityCriteria": "Ver documento adjunto",
        "documents": [
          {
            "id": "doc-ef5c44b8-0530-4d9c-a7e0-19949045be5e",
            "documentType": "Clarifications",
            "title": "Actas de la junta de aclaraciones",
            "description": "Actas de la junta de aclaraciones",
            "url": "http://189.211.120.220:8880/files/opendata/15062-AD-AS-DCAGI-SC-062-15/9.-%20AJ/9.pdf",
            "datePublished": "2015-07-31T05:00:00.000Z",
            "dateModified": "2015-07-31T05:00:00.000Z",
            "format": "html",
            "language": "es"
          },
          {
            "id": "doc-7fd0b475-1b81-4643-bb9f-9aed41e1ad03",
            "documentType": "Tender Notice",
            "title": "Documento que describe los criterios de evaluaci?n",
            "description": "Convocatoria al procedimiento de contratacion",
            "url": "http://189.211.120.220:8880/files/opendata/15062-AD-AS-DCAGI-SC-062-15/8.-%20CC/8.pdf",
            "datePublished": "2015-07-31T05:00:00.000Z",
            "dateModified": "2015-07-31T05:00:00.000Z",
            "format": "html",
            "language": "es"
          },
          {
            "id": "doc-000c2df1-87a8-4587-a0a7-da77fde4a84e",
            "documentType": "Tender Notice",
            "title": "Documento que contiene los objetivos y caracter?sticas del contrato y proceso de licitaci?n",
            "description": "Convocatoria al procedimiento de contratacion",
            "url": "http://189.211.120.220:8880/files/opendata/15062-AD-AS-DCAGI-SC-062-15/8.-%20CC/8.pdf",
            "datePublished": "2015-07-31T05:00:00.000Z",
            "dateModified": "2015-07-31T05:00:00.000Z",
            "format": "html",
            "language": "es"
          },
          {
            "id": "doc-96f2db85-f283-402b-8293-4af0c4fa4999",
            "documentType": "Tender Notice",
            "title": "Documento que contiene las especificaicones t?cnicas de la obra",
            "description": "Convocatoria al procedimiento de contratacion",
            "url": "http://189.211.120.220:8880/files/opendata/15062-AD-AS-DCAGI-SC-062-15/8.-%20CC/8.pdf",
            "datePublished": "2015-07-31T05:00:00.000Z",
            "dateModified": "2015-07-31T05:00:00.000Z",
            "format": "html",
            "language": "es"
          },
          {
            "id": "doc-d7f9da42-7ecc-4159-bdc0-85821f8eb184",
            "documentType": "Tender Notice",
            "title": "Convocatoria al procedimiento de contrataci?n",
            "description": "Convocatoria al procedimiento de contratacion",
            "url": "http://189.211.120.220:8880/files/opendata/15062-AD-AS-DCAGI-SC-062-15/8.-%20CC/8.pdf",
            "datePublished": "2015-07-31T05:00:00.000Z",
            "dateModified": "2015-07-31T05:00:00.000Z",
            "format": "html",
            "language": "es"
          },
          {
            "id": "doc-0ed86863-2206-4c6d-94fd-c4bec6af4c7c",
            "documentType": "Tender Notice",
            "title": "Documento que describe los criterios que deben cumplir los licitantes",
            "description": "Convocatoria al procedimiento de contratacion",
            "url": "http://189.211.120.220:8880/files/opendata/15062-AD-AS-DCAGI-SC-062-15/8.-%20CC/8.pdf",
            "datePublished": "2015-07-31T05:00:00.000Z",
            "dateModified": "2015-07-31T05:00:00.000Z",
            "format": "html",
            "language": "es"
          }
        ]
      },
      "buyer": {
        "identifier": {
          "scheme": "MK-009KDH999",
          "id": "GACM",
          "legalName": "Grupo Aeroportuario de la Ciudad de Mexico, S.A. de C.V.",
          "uri": "http://www.aeropuerto.gob.mx/"
        },
        "name": "Grupo Aeroportuario de la Ciudad de Mexico, S.A. de C.V.",
        "address": {
          "streetAddress": "AV. INSURGENTES SUR NO. 2453 PISO 2 OFICINA 203",
          "locality": "COL. TIZAPAN",
          "region": "DEL. ALVARO OBREGON",
          "postalCode": "01090",
          "countryName": "Mexico"
        },
        "contactPoint": {
          "name": "G05-DIRECCION CORPORATIVA DE ADMINISTRACION Y GESTION INMOBILIARIA",
          "url": "http://www.aeropuerto.gob.mx/"
        }
      },
      "awards": [
        {
          "id": "AA-009KDH999-E4-2016",
          "title": "Servicio de un testigo social para que atestigue las etapas del procedimiento de la licitacion publica internacional bajo la cobertura de tratados delibre comercio, consistente en disenar e instrumentar el modelo virtual de informacion para la construccion del BIM del NAICM",
          "description": "Ver documento adjunto",
          "status": "active",
          "value": {
            "amount": 372932,
            "currency": "MXN"
          },
          "suppliers": [
            {
              "identifier": {
                "id": "CUMJ500320CB9",
                "legalName": "Ing. Jorge Jimenez Mendez"
              },
              "name": "Ing. Jorge Jimenez Mendez",
              "address": {
                "streetAddress": "Castillo de Edinburgh Numero 72",
                "locality": "Fraccionamiento 'Condado de Sayavedra",
                "region": "Atizapan de Zaragoza",
                "postalCode": "52938",
                "countryName": "Mexico"
              }
            }
          ],
          "items": [
            {
              "id": "item-63be9324-bc80-4e32-a35e-4169626fcba7",
              "description": "Servicio de un Testigo Social para que atestigue las etapas del procedimiento de la Licitacion Publica Internacional Bajo la Cobertura de Tratados deLibre Comercio, consistente en Disenar e Instrumentar el Modelo Virtual de Informacion para la Construccion del BIM del NAICM.",
              "classification": {
                "scheme": "EDIFICACION NO HABITACIONAL",
                "id": "6220"
              },
              "quantity": 1,
              "unit": {
                "name": "sop",
                "value": {
                  "amount": 372932,
                  "currency": "MXN"
                }
              }
            }
          ],
          "contractPeriod": {
            "startDate": "2015-08-14T05:00:00.000Z",
            "endDate": "2015-12-31T06:00:00.000Z"
          },
          "documents": [
            {
              "id": "doc-30f0d60d-d059-459b-8f75-8e8c92e62f7d",
              "documentType": "Award Notice",
              "title": "Fallo",
              "description": "Acta de Fallo",
              "url": "http://189.211.120.220:8880/files/opendata/15062-AD-AS-DCAGI-SC-062-15/12.-%20AF/12.pdf",
              "datePublished": "2015-07-31T05:00:00.000Z",
              "dateModified": "2015-07-31T05:00:00.000Z",
              "format": "html",
              "language": "es"
            },
            {
              "id": "doc-885f91c1-27b1-4869-8117-b3af66b86990",
              "documentType": "Award Notice",
              "title": "Fallo",
              "description": "Descripcion del acto de presentacion y apertura de proposiciones",
              "url": "http://189.211.120.220:8880/files/opendata/15062-AD-AS-DCAGI-SC-062-15/10.-%20AP/10.pdf",
              "datePublished": "2015-07-31T05:00:00.000Z",
              "dateModified": "2015-07-31T05:00:00.000Z",
              "format": "html",
              "language": "es"
            }
          ]
        }
      ],
      "contracts": [
        {
          "id": "AD-AS-DCAGI-SC-62/15",
          "awardID": "AA-009KDH999-E4-2016",
          "title": "Servicio de un testigo social para que atestigue las etapas del procedimiento de la licitacion publica internacional bajo la cobertura de tratados delibre comercio, consistente en disenar e instrumentar el modelo virtual de informacion para la construccion del BIM del NAICM",
          "description": "Ver documento adjunto",
          "status": "active",
          "period": {
            "startDate": "2015-08-14T05:00:00.000Z",
            "endDate": "2015-12-31T06:00:00.000Z"
          },
          "value": {
            "amount": 372932,
            "currency": "MXN"
          },
          "items": [
            {
              "id": "item-fee179c4-11fc-46b1-b249-e79cb8113f23",
              "description": "Servicio de un Testigo Social para que atestigue las etapas del procedimiento de la Licitacion Publica Internacional Bajo la Cobertura de Tratados deLibre Comercio, consistente en Disenar e Instrumentar el Modelo Virtual de Informacion para la Construccion del BIM del NAICM.",
              "classification": {
                "scheme": "EDIFICACION NO HABITACIONAL",
                "id": "6220"
              },
              "quantity": 1,
              "unit": {
                "name": "sop",
                "value": {
                  "amount": 372932,
                  "currency": "MXN"
                }
              }
            }
          ],
          "dateSigned": "2015-08-14T05:00:00.000Z",
          "documents": [
            {
              "id": "doc-f34edade-468e-4d51-806e-031922ca5094",
              "documentType": "Contract Signed",
              "title": "Contrato firmado",
              "description": "Contrato firmado",
              "url": "http://189.211.120.220:8880/files/opendata/15062-AD-AS-DCAGI-SC-062-15/15.-%20CF/15.pdf",
              "datePublished": "2015-07-31T05:00:00.000Z",
              "dateModified": "2015-07-31T05:00:00.000Z",
              "format": "html",
              "language": "es"
            },
            {
              "id": "doc-70588e3b-641e-4cfe-a72c-61e90e907033",
              "documentType": "Contract Signed",
              "title": "Cl?usula sobre las condiciones de entrega de la obra",
              "description": "Contrato firmado",
              "url": "http://189.211.120.220:8880/files/opendata/15062-AD-AS-DCAGI-SC-062-15/15.-%20CF/15.pdf",
              "datePublished": "2015-07-31T05:00:00.000Z",
              "dateModified": "2015-07-31T05:00:00.000Z",
              "format": "html",
              "language": "es"
            },
            {
              "id": "doc-6e4ffe73-e2f5-4dc8-82fa-6bf948ad0c9c",
              "documentType": "Contract Guarantees",
              "title": "Fianza de anticipo",
              "description": "Garantia sobre el anticipo",
              "url": "http://189.211.120.220:8880/files/opendata/15062-AD-AS-DCAGI-SC-062-15/17.-%20GA/17.pdf",
              "datePublished": "2015-07-31T05:00:00.000Z",
              "dateModified": "2015-07-31T05:00:00.000Z",
              "format": "html",
              "language": "es"
            },
            {
              "id": "doc-7c2d52df-82f8-4749-8704-3fb0026eb4a0",
              "documentType": "Contract Guarantees",
              "title": "Fianza de cumplimiento",
              "description": "Garantias de cumplimiento",
              "url": "http://189.211.120.220:8880/files/opendata/15062-AD-AS-DCAGI-SC-062-15/18.-%20GC/18.pdf",
              "datePublished": "2015-07-31T05:00:00.000Z",
              "dateModified": "2015-07-31T05:00:00.000Z",
              "format": "html",
              "language": "es"
            }
          ]
        }
      ],
      "language": "es"
    }
  ],
  "publisher": {
    "name": "GACM",
    "scheme": "SERVICIO",
    "uid": "AS",
    "uri": "http://www.aeropuerto.gob.mx/"
  },
  "license": "https://datos.gob.mx/libreusomx/",
  "publicationPolicy": "https://datos.gob.mx/libreusomx/"
}
