{
  "uri": "https://datos.gob.mx/busca/dataset?organization=gacm",
  "publishedDate": "2017-02-15T16:48:25.588Z",
  "releases": [
    {
      "ocid": "84",
      "id": "RELEASE_84_2017-02-15T16:48:25.587Z",
      "date": "2017-02-08T06:00:00.000Z",
      "tag": [
        "contract"
      ],
      "initiationType": "tender",
      "planning": {
        "budget": {
          "source": "http://www.apartados.hacienda.gob.mx/presupuesto/temas/pef/2015/docs/09/r09_kdh_pie.pdf",
          "id": "OBRAS DE CONSTRUCCION PARA EDIFICIOS NO HABITACIONALES",
          "description": "RECURSOS FISCALES",
          "amount": {
            "amount": 400000,
            "currency": "MXN"
          },
          "project": "Nuevo Aeropuerto Internacional de la Ciudad de Mexico",
          "projectID": "46101",
          "uri": "http://www.apartados.hacienda.gob.mx/presupuesto/temas/pef/2015/docs/09/r09_kdh_pie.pdf"
        },
        "rationale": "Adquisicion de materiales para la Construccion",
        "documents": [
          {
            "id": "doc-b43fce6f-d26f-4920-8a75-cd76a1735658",
            "documentType": "projectPlan",
            "title": "Proyecto ejecutivo de la obra",
            "description": "Terminos de referencia",
            "url": "http://189.211.120.220:8880/files/opendata/15084-AD-AS-DCAGI-SC-084-15/4.-%20TR/4.pdf",
            "datePublished": "2015-12-07T06:00:00.000Z",
            "dateModified": "2015-12-07T06:00:00.000Z",
            "format": "html",
            "language": "es"
          }
        ]
      },
      "tender": {
        "id": "1043484",
        "title": "Materiales para la Construccion",
        "description": "Adquisicion de materiales para la Construccion",
        "status": "active",
        "items": [
          {
            "id": "item-8f9c7291-b106-4214-aeba-b48f15ff309d",
            "description": "Materiales para la Construccion",
            "classification": {
              "scheme": "EDIFICACION NO HABITACIONAL",
              "id": "6220"
            },
            "quantity": 1,
            "unit": {
              "name": "m3",
              "value": {
                "amount": 276173.65,
                "currency": "MXN"
              }
            }
          },
          {
            "id": "item-5ea715d3-b68b-4dd1-917a-a4a534826faf",
            "description": "Materiales para la Construccion",
            "classification": {
              "scheme": "EDIFICACION NO HABITACIONAL",
              "id": "6220"
            },
            "quantity": 1,
            "unit": {
              "name": "kg",
              "value": {
                "amount": 276173.65,
                "currency": "MXN"
              }
            }
          },
          {
            "id": "item-df383e05-935a-4834-9750-8eb319228083",
            "description": "Materiales para la Construccion",
            "classification": {
              "scheme": "EDIFICACION NO HABITACIONAL",
              "id": "6220"
            },
            "quantity": 1,
            "unit": {
              "name": "pz",
              "value": {
                "amount": 276173.65,
                "currency": "MXN"
              }
            }
          },
          {
            "id": "item-58b7e69a-3e9a-436b-bf09-5c34d5ce7a88",
            "description": "Materiales para la Construccion",
            "classification": {
              "scheme": "EDIFICACION NO HABITACIONAL",
              "id": "6220"
            },
            "quantity": 1,
            "unit": {
              "name": "rll",
              "value": {
                "amount": 276173.65,
                "currency": "MXN"
              }
            }
          }
        ],
        "value": {
          "amount": 400000,
          "currency": "MXN"
        },
        "procurementMethod": "limited",
        "procurementMethodRationale": "Nacional",
        "metodoDeAdquisicion": "Adjudicación directa",
        "awardCriteria": "bestValueToGoverment",
        "awardCriteriaDetails": "Presencial",
        "submissionMethod": [
          "No aplica"
        ],
        "eligibilityCriteria": "Ver documento adjunto",
        "documents": [
          {
            "id": "doc-e035d16b-17d0-4e96-bc8e-f2708a2c781e",
            "documentType": "Clarifications",
            "title": "Actas de la junta de aclaraciones",
            "description": "Actas de la junta de aclaraciones",
            "url": "http://189.211.120.220:8880/files/opendata/15084-AD-AS-DCAGI-SC-084-15/9.-%20AJ/9.pdf",
            "datePublished": "2015-12-07T06:00:00.000Z",
            "dateModified": "2015-12-07T06:00:00.000Z",
            "format": "html",
            "language": "es"
          },
          {
            "id": "doc-09765f85-37d1-4612-a5f1-7c812ef9544a",
            "documentType": "Tender Notice",
            "title": "Documento que describe los criterios que deben cumplir los licitantes",
            "description": "Convocatoria al procedimiento de contratacion",
            "url": "http://189.211.120.220:8880/files/opendata/15084-AD-AS-DCAGI-SC-084-15/8.-%20CC/8.pdf",
            "datePublished": "2015-12-07T06:00:00.000Z",
            "dateModified": "2015-12-07T06:00:00.000Z",
            "format": "html",
            "language": "es"
          },
          {
            "id": "doc-95208ddf-03bf-40c7-82f9-605a976b44c4",
            "documentType": "Tender Notice",
            "title": "Documento que contiene los objetivos y caracter?sticas del contrato y proceso de licitaci?n",
            "description": "Convocatoria al procedimiento de contratacion",
            "url": "http://189.211.120.220:8880/files/opendata/15084-AD-AS-DCAGI-SC-084-15/8.-%20CC/8.pdf",
            "datePublished": "2015-12-07T06:00:00.000Z",
            "dateModified": "2015-12-07T06:00:00.000Z",
            "format": "html",
            "language": "es"
          },
          {
            "id": "doc-a64d8bda-adbf-4597-8784-d933f3e03be3",
            "documentType": "Tender Notice",
            "title": "Documento que contiene las especificaicones t?cnicas de la obra",
            "description": "Convocatoria al procedimiento de contratacion",
            "url": "http://189.211.120.220:8880/files/opendata/15084-AD-AS-DCAGI-SC-084-15/8.-%20CC/8.pdf",
            "datePublished": "2015-12-07T06:00:00.000Z",
            "dateModified": "2015-12-07T06:00:00.000Z",
            "format": "html",
            "language": "es"
          },
          {
            "id": "doc-b1bf7cae-fcd5-435e-b0d1-6055991f91aa",
            "documentType": "Tender Notice",
            "title": "Convocatoria al procedimiento de contrataci?n",
            "description": "Convocatoria al procedimiento de contratacion",
            "url": "http://189.211.120.220:8880/files/opendata/15084-AD-AS-DCAGI-SC-084-15/8.-%20CC/8.pdf",
            "datePublished": "2015-12-07T06:00:00.000Z",
            "dateModified": "2015-12-07T06:00:00.000Z",
            "format": "html",
            "language": "es"
          },
          {
            "id": "doc-5885372b-f302-43db-a6e8-3082d389d1e9",
            "documentType": "Tender Notice",
            "title": "Documento que describe los criterios de evaluaci?n",
            "description": "Convocatoria al procedimiento de contratacion",
            "url": "http://189.211.120.220:8880/files/opendata/15084-AD-AS-DCAGI-SC-084-15/8.-%20CC/8.pdf",
            "datePublished": "2015-12-07T06:00:00.000Z",
            "dateModified": "2015-12-07T06:00:00.000Z",
            "format": "html",
            "language": "es"
          }
        ]
      },
      "buyer": {
        "identifier": {
          "scheme": "MK-009KDH999",
          "id": "GACM",
          "legalName": "Grupo Aeroportuario de la Ciudad de Mexico, S.A. de C.V.",
          "uri": "http://www.aeropuerto.gob.mx/"
        },
        "name": "Grupo Aeroportuario de la Ciudad de Mexico, S.A. de C.V.",
        "address": {
          "streetAddress": "AV. INSURGENTES SUR NO. 2453 PISO 2 OFICINA 203",
          "locality": "COL. TIZAPAN",
          "region": "DEL. ALVARO OBREGON",
          "postalCode": "01090",
          "countryName": "Mexico"
        },
        "contactPoint": {
          "name": "G05-DIRECCION CORPORATIVA DE ADMINISTRACION Y GESTION INMOBILIARIA",
          "url": "http://www.aeropuerto.gob.mx/"
        }
      },
      "awards": [
        {
          "id": "AA-009KDH999-E53-2016",
          "title": "Materiales para la Construccion",
          "description": "Ver documento adjunto",
          "status": "active",
          "value": {
            "amount": 276173.65,
            "currency": "MXN"
          },
          "suppliers": [
            {
              "identifier": {
                "id": "RAGA8807022R4",
                "legalName": "ALAN MAURICIO RAMIREZ GRANIEL"
              },
              "name": "ALAN MAURICIO RAMIREZ GRANIEL",
              "address": {
                "streetAddress": "Real del Rosario Lote 401",
                "locality": "Real del Valle",
                "region": "Pachuca de Soto",
                "postalCode": "42086",
                "countryName": "Mexico"
              }
            }
          ],
          "items": [
            {
              "id": "item-3c2721b3-bacc-4589-a904-dcd1ae52b0e5",
              "description": "Materiales para la Construccion",
              "classification": {
                "scheme": "EDIFICACION NO HABITACIONAL",
                "id": "6220"
              },
              "quantity": 1,
              "unit": {
                "name": "m3",
                "value": {
                  "amount": 276173.65,
                  "currency": "MXN"
                }
              }
            },
            {
              "id": "item-a9e4629f-2137-4741-b70a-43a85ce558fa",
              "description": "Materiales para la Construccion",
              "classification": {
                "scheme": "EDIFICACION NO HABITACIONAL",
                "id": "6220"
              },
              "quantity": 1,
              "unit": {
                "name": "kg",
                "value": {
                  "amount": 276173.65,
                  "currency": "MXN"
                }
              }
            },
            {
              "id": "item-958374aa-9e4d-4304-94ce-d8fb75483878",
              "description": "Materiales para la Construccion",
              "classification": {
                "scheme": "EDIFICACION NO HABITACIONAL",
                "id": "6220"
              },
              "quantity": 1,
              "unit": {
                "name": "pz",
                "value": {
                  "amount": 276173.65,
                  "currency": "MXN"
                }
              }
            },
            {
              "id": "item-3e40c16b-c3db-40d7-90e8-e5967995d3b8",
              "description": "Materiales para la Construccion",
              "classification": {
                "scheme": "EDIFICACION NO HABITACIONAL",
                "id": "6220"
              },
              "quantity": 1,
              "unit": {
                "name": "rll",
                "value": {
                  "amount": 276173.65,
                  "currency": "MXN"
                }
              }
            }
          ],
          "contractPeriod": {
            "startDate": "2015-12-07T06:00:00.000Z",
            "endDate": "2015-12-17T06:00:00.000Z"
          },
          "documents": [
            {
              "id": "doc-57fe1574-ae37-4a79-a832-6b52bb87d538",
              "documentType": "Award Notice",
              "title": "Fallo",
              "description": "Acta de Fallo",
              "url": "http://189.211.120.220:8880/files/opendata/15084-AD-AS-DCAGI-SC-084-15/12.-%20AF/12.pdf",
              "datePublished": "2015-12-07T06:00:00.000Z",
              "dateModified": "2015-12-07T06:00:00.000Z",
              "format": "html",
              "language": "es"
            },
            {
              "id": "doc-5fb99ae0-4982-4d5b-81c9-84152b90499b",
              "documentType": "Award Notice",
              "title": "Fallo",
              "description": "Descripcion del acto de presentacion y apertura de proposiciones",
              "url": "http://189.211.120.220:8880/files/opendata/15084-AD-AS-DCAGI-SC-084-15/10.-%20AP/10.pdf",
              "datePublished": "2015-12-07T06:00:00.000Z",
              "dateModified": "2015-12-07T06:00:00.000Z",
              "format": "html",
              "language": "es"
            }
          ]
        }
      ],
      "contracts": [
        {
          "id": "AD-AS-DCAGI-SC-84/15",
          "awardID": "AA-009KDH999-E53-2016",
          "title": "Materiales para la Construccion",
          "description": "Ver documento adjunto",
          "status": "active",
          "period": {
            "startDate": "2015-12-07T06:00:00.000Z",
            "endDate": "2015-12-17T06:00:00.000Z"
          },
          "value": {
            "amount": 276173.65,
            "currency": "MXN"
          },
          "items": [
            {
              "id": "item-062b2178-2a6b-460f-ae99-a43813db9260",
              "description": "Materiales para la Construccion",
              "classification": {
                "scheme": "EDIFICACION NO HABITACIONAL",
                "id": "6220"
              },
              "quantity": 1,
              "unit": {
                "name": "m3",
                "value": {
                  "amount": 276173.65,
                  "currency": "MXN"
                }
              }
            },
            {
              "id": "item-7c13cd9a-340b-4f70-8ed8-b1b77daf3be1",
              "description": "Materiales para la Construccion",
              "classification": {
                "scheme": "EDIFICACION NO HABITACIONAL",
                "id": "6220"
              },
              "quantity": 1,
              "unit": {
                "name": "kg",
                "value": {
                  "amount": 276173.65,
                  "currency": "MXN"
                }
              }
            },
            {
              "id": "item-df601b5f-9e7b-464a-8bdc-80930fed734e",
              "description": "Materiales para la Construccion",
              "classification": {
                "scheme": "EDIFICACION NO HABITACIONAL",
                "id": "6220"
              },
              "quantity": 1,
              "unit": {
                "name": "pz",
                "value": {
                  "amount": 276173.65,
                  "currency": "MXN"
                }
              }
            },
            {
              "id": "item-77b98078-02fd-42f6-a221-5dbe6adb1e52",
              "description": "Materiales para la Construccion",
              "classification": {
                "scheme": "EDIFICACION NO HABITACIONAL",
                "id": "6220"
              },
              "quantity": 1,
              "unit": {
                "name": "rll",
                "value": {
                  "amount": 276173.65,
                  "currency": "MXN"
                }
              }
            }
          ],
          "dateSigned": "2015-12-07T06:00:00.000Z",
          "documents": [
            {
              "id": "doc-85998a37-b077-44a2-a362-dddb74ef5c62",
              "documentType": "Contract Signed",
              "title": "Cl?usula sobre las condiciones de entrega de la obra",
              "description": "Contrato firmado",
              "url": "http://189.211.120.220:8880/files/opendata/15084-AD-AS-DCAGI-SC-084-15/15.-%20CF/15.pdf",
              "datePublished": "2015-12-07T06:00:00.000Z",
              "dateModified": "2015-12-07T06:00:00.000Z",
              "format": "html",
              "language": "es"
            },
            {
              "id": "doc-7d598d3a-ef33-4360-ab72-5ec2c88712e4",
              "documentType": "Contract Signed",
              "title": "Contrato firmado",
              "description": "Contrato firmado",
              "url": "http://189.211.120.220:8880/files/opendata/15084-AD-AS-DCAGI-SC-084-15/15.-%20CF/15.pdf",
              "datePublished": "2015-12-07T06:00:00.000Z",
              "dateModified": "2015-12-07T06:00:00.000Z",
              "format": "html",
              "language": "es"
            },
            {
              "id": "doc-42c9d9c0-54f3-4eaa-ad40-03cdf73d35ac",
              "documentType": "Contract Guarantees",
              "title": "Fianza de anticipo",
              "description": "Garantia sobre el anticipo",
              "url": "http://189.211.120.220:8880/files/opendata/15084-AD-AS-DCAGI-SC-084-15/17.-%20GA/17.pdf",
              "datePublished": "2015-12-07T06:00:00.000Z",
              "dateModified": "2015-12-07T06:00:00.000Z",
              "format": "html",
              "language": "es"
            },
            {
              "id": "doc-8a4ded7c-1895-4b51-99cd-5c85cb023087",
              "documentType": "Contract Guarantees",
              "title": "Fianza de cumplimiento",
              "description": "Garantias de cumplimiento",
              "url": "http://189.211.120.220:8880/files/opendata/15084-AD-AS-DCAGI-SC-084-15/18.-%20GC/18.pdf",
              "datePublished": "2015-12-07T06:00:00.000Z",
              "dateModified": "2015-12-07T06:00:00.000Z",
              "format": "html",
              "language": "es"
            }
          ]
        }
      ],
      "language": "es"
    }
  ],
  "publisher": {
    "name": "GACM",
    "scheme": "BIEN",
    "uid": "AB",
    "uri": "http://www.aeropuerto.gob.mx/"
  },
  "license": "https://datos.gob.mx/libreusomx/",
  "publicationPolicy": "https://datos.gob.mx/libreusomx/"
}
