{
  "uri": "https://datos.gob.mx/busca/dataset?organization=gacm",
  "publishedDate": "2017-02-15T16:48:25.318Z",
  "releases": [
    {
      "ocid": "85",
      "id": "RELEASE_85_2017-02-15T16:48:25.317Z",
      "date": "2017-02-08T06:00:00.000Z",
      "tag": [
        "contract"
      ],
      "initiationType": "tender",
      "planning": {
        "budget": {
          "source": "http://www.apartados.hacienda.gob.mx/presupuesto/temas/pef/2015/docs/09/r09_kdh_pie.pdf",
          "id": "OBRAS DE CONSTRUCCION PARA EDIFICIOS NO HABITACIONALES",
          "description": "RECURSOS FISCALES",
          "amount": {
            "amount": 1750000,
            "currency": "MXN"
          },
          "project": "Nuevo Aeropuerto Internacional de la Ciudad de Mexico",
          "projectID": "46101",
          "uri": "http://www.apartados.hacienda.gob.mx/presupuesto/temas/pef/2015/docs/09/r09_kdh_pie.pdf"
        },
        "rationale": "Control, Prevencion e identificacion de plagas en el Poligono del Nuevo Aeropuerto Internacional de la Ciudad de Mexico (Primera Etapa)",
        "documents": [
          {
            "id": "doc-91698c11-afe3-468c-b914-99c4b271c86c",
            "documentType": "projectPlan",
            "title": "Proyecto ejecutivo de la obra",
            "description": "Terminos de referencia",
            "url": "http://189.211.120.220:8880/files/opendata/15080-ITP-SRO-DCAGI-SC-080-15/4.-%20TR/4.pdf",
            "datePublished": "2015-09-28T05:00:00.000Z",
            "dateModified": "2015-09-28T05:00:00.000Z",
            "format": "html",
            "language": "es"
          }
        ]
      },
      "tender": {
        "id": "900950",
        "title": "Control, Prevencion e identificacion de plagas en el Poligono del Nuevo Aeropuerto Internacional de la Ciudad de Mexico (Primera Etapa)",
        "description": "Control, Prevencion e identificacion de plagas en el Poligono del Nuevo Aeropuerto Internacional de la Ciudad de Mexico (Primera Etapa)",
        "status": "active",
        "items": [
          {
            "id": "item-1bd2de4b-549c-4760-9b29-6a3e6274dd6e",
            "description": "Control, Prevencion e identificacion de plagas en el Poligono del Nuevo Aeropuerto Internacional de la Ciudad de Mexico (Primera Etapa)",
            "classification": {
              "scheme": "EDIFICACION NO HABITACIONAL",
              "id": "6220"
            },
            "quantity": 1,
            "unit": {
              "name": "srv",
              "value": {
                "amount": 1495559.05,
                "currency": "MXN"
              }
            }
          }
        ],
        "value": {
          "amount": 1750000,
          "currency": "MXN"
        },
        "procurementMethod": "selective",
        "procurementMethodRationale": "Nacional",
        "metodoDeAdquisicion": "Invitación a tres",
        "awardCriteria": "bestValueToGoverment",
        "awardCriteriaDetails": "Presencial",
        "submissionMethod": [
          "Presencial"
        ],
        "tenderPeriod": {
          "endDate": "2015-09-24T05:00:00.000Z"
        },
        "enquiryPeriod": {
          "startDate": "2015-09-21T05:00:00.000Z",
          "endDate": "2015-09-21T05:00:00.000Z"
        },
        "eligibilityCriteria": "Ver documento adjunto",
        "awardPeriod": {
          "endDate": "2015-09-24T05:00:00.000Z"
        },
        "documents": [
          {
            "id": "doc-dfb89a30-4595-405e-85ec-9827f5780283",
            "documentType": "Clarifications",
            "title": "Actas de la junta de aclaraciones",
            "description": "Actas de la junta de aclaraciones",
            "url": "http://189.211.120.220:8880/files/opendata/15080-ITP-SRO-DCAGI-SC-080-15/9.-%20AJ/9.pdf",
            "datePublished": "2015-09-28T05:00:00.000Z",
            "dateModified": "2015-09-28T05:00:00.000Z",
            "format": "html",
            "language": "es"
          },
          {
            "id": "doc-5d61caa7-49c9-4c5d-8ed4-3793acbae977",
            "documentType": "Tender Notice",
            "title": "Documento que describe los criterios de evaluaci?n",
            "description": "Convocatoria al procedimiento de contratacion",
            "url": "http://189.211.120.220:8880/files/opendata/15080-ITP-SRO-DCAGI-SC-080-15/8.-%20CC/8.pdf",
            "datePublished": "2015-09-28T05:00:00.000Z",
            "dateModified": "2015-09-28T05:00:00.000Z",
            "format": "html",
            "language": "es"
          },
          {
            "id": "doc-b30c5037-ab0d-4e45-894d-eb53a58a639b",
            "documentType": "Tender Notice",
            "title": "Documento que contiene los objetivos y caracter?sticas del contrato y proceso de licitaci?n",
            "description": "Convocatoria al procedimiento de contratacion",
            "url": "http://189.211.120.220:8880/files/opendata/15080-ITP-SRO-DCAGI-SC-080-15/8.-%20CC/8.pdf",
            "datePublished": "2015-09-28T05:00:00.000Z",
            "dateModified": "2015-09-28T05:00:00.000Z",
            "format": "html",
            "language": "es"
          },
          {
            "id": "doc-0ac7a04d-648f-4d5a-b94c-17d72273e6cc",
            "documentType": "Tender Notice",
            "title": "Documento que contiene las especificaicones t?cnicas de la obra",
            "description": "Convocatoria al procedimiento de contratacion",
            "url": "http://189.211.120.220:8880/files/opendata/15080-ITP-SRO-DCAGI-SC-080-15/8.-%20CC/8.pdf",
            "datePublished": "2015-09-28T05:00:00.000Z",
            "dateModified": "2015-09-28T05:00:00.000Z",
            "format": "html",
            "language": "es"
          },
          {
            "id": "doc-df6fd8d9-95bf-4c40-b6b4-07fabda1e97a",
            "documentType": "Tender Notice",
            "title": "Convocatoria al procedimiento de contrataci?n",
            "description": "Convocatoria al procedimiento de contratacion",
            "url": "http://189.211.120.220:8880/files/opendata/15080-ITP-SRO-DCAGI-SC-080-15/8.-%20CC/8.pdf",
            "datePublished": "2015-09-28T05:00:00.000Z",
            "dateModified": "2015-09-28T05:00:00.000Z",
            "format": "html",
            "language": "es"
          },
          {
            "id": "doc-db12171a-1aca-4b58-8076-1bd06bc10524",
            "documentType": "Tender Notice",
            "title": "Documento que describe los criterios que deben cumplir los licitantes",
            "description": "Convocatoria al procedimiento de contratacion",
            "url": "http://189.211.120.220:8880/files/opendata/15080-ITP-SRO-DCAGI-SC-080-15/8.-%20CC/8.pdf",
            "datePublished": "2015-09-28T05:00:00.000Z",
            "dateModified": "2015-09-28T05:00:00.000Z",
            "format": "html",
            "language": "es"
          }
        ]
      },
      "buyer": {
        "identifier": {
          "scheme": "MK-009KDH999",
          "id": "GACM",
          "legalName": "Grupo Aeroportuario de la Ciudad de Mexico, S.A. de C.V.",
          "uri": "http://www.aeropuerto.gob.mx/"
        },
        "name": "Grupo Aeroportuario de la Ciudad de Mexico, S.A. de C.V.",
        "address": {
          "streetAddress": "AV. INSURGENTES SUR NO. 2453 PISO 2 OFICINA 203",
          "locality": "COL. TIZAPAN",
          "region": "DEL. ALVARO OBREGON",
          "postalCode": "01090",
          "countryName": "Mexico"
        },
        "contactPoint": {
          "name": "G05-DIRECCION CORPORATIVA DE ADMINISTRACION Y GESTION INMOBILIARIA",
          "url": "http://www.aeropuerto.gob.mx/"
        }
      },
      "awards": [
        {
          "id": "IO-009KDH999-N75-2015",
          "title": "Control, Prevencion e identificacion de plagas en el Poligono del Nuevo Aeropuerto Internacional de la Ciudad de Mexico (Primera Etapa)",
          "description": "Ver documento adjunto",
          "status": "active",
          "date": "2015-09-28T05:00:00.000Z",
          "value": {
            "amount": 1495559.05,
            "currency": "MXN"
          },
          "suppliers": [
            {
              "identifier": {
                "id": "SFH080118R25",
                "legalName": "SERVICIOS FORESTALES DE HIDALGO, SERFORH, S.C."
              },
              "name": "SERVICIOS FORESTALES DE HIDALGO, SERFORH, S.C.",
              "address": {
                "streetAddress": "Ciruelos 135",
                "locality": "Fraccionamiento Las Peras",
                "region": "Mineral de la Reforma",
                "postalCode": "42183",
                "countryName": "Mexico"
              }
            }
          ],
          "items": [
            {
              "id": "item-7a275cf6-f9c6-4cfb-ae95-4884e2a4e745",
              "description": "Control, Prevencion e identificacion de plagas en el Poligono del Nuevo Aeropuerto Internacional de la Ciudad de Mexico (Primera Etapa)",
              "classification": {
                "scheme": "EDIFICACION NO HABITACIONAL",
                "id": "6220"
              },
              "quantity": 1,
              "unit": {
                "name": "srv",
                "value": {
                  "amount": 1495559.05,
                  "currency": "MXN"
                }
              }
            }
          ],
          "contractPeriod": {
            "startDate": "2015-10-13T05:00:00.000Z",
            "endDate": "2015-04-12T05:00:00.000Z"
          },
          "documents": [
            {
              "id": "doc-75b8f02a-c7ac-4c9e-a412-d247bbc6e77d",
              "documentType": "Award Notice",
              "title": "Fallo",
              "description": "Acta de Fallo",
              "url": "http://189.211.120.220:8880/files/opendata/15080-ITP-SRO-DCAGI-SC-080-15/12.-%20AF/12.pdf",
              "datePublished": "2015-09-28T05:00:00.000Z",
              "dateModified": "2015-09-28T05:00:00.000Z",
              "format": "html",
              "language": "es"
            },
            {
              "id": "doc-997f04af-6e82-4e46-b864-1cb39d59de07",
              "documentType": "Award Notice",
              "title": "Fallo",
              "description": "Descripcion del acto de presentacion y apertura de proposiciones",
              "url": "http://189.211.120.220:8880/files/opendata/15080-ITP-SRO-DCAGI-SC-080-15/10.-%20AP/10.pdf",
              "datePublished": "2015-09-28T05:00:00.000Z",
              "dateModified": "2015-09-28T05:00:00.000Z",
              "format": "html",
              "language": "es"
            }
          ]
        }
      ],
      "contracts": [
        {
          "id": "ITP-SRO-DCAGI-SC-080/15",
          "awardID": "IO-009KDH999-N75-2015",
          "title": "Control, Prevencion e identificacion de plagas en el Poligono del Nuevo Aeropuerto Internacional de la Ciudad de Mexico (Primera Etapa)",
          "description": "Ver documento adjunto",
          "status": "active",
          "period": {
            "startDate": "2015-10-13T05:00:00.000Z",
            "endDate": "2015-04-12T05:00:00.000Z"
          },
          "value": {
            "amount": 1495559.05,
            "currency": "MXN"
          },
          "items": [
            {
              "id": "item-3765d729-8982-4066-8a32-fe2d8a185d03",
              "description": "Control, Prevencion e identificacion de plagas en el Poligono del Nuevo Aeropuerto Internacional de la Ciudad de Mexico (Primera Etapa)",
              "classification": {
                "scheme": "EDIFICACION NO HABITACIONAL",
                "id": "6220"
              },
              "quantity": 1,
              "unit": {
                "name": "srv",
                "value": {
                  "amount": 1495559.05,
                  "currency": "MXN"
                }
              }
            }
          ],
          "dateSigned": "2015-10-13T05:00:00.000Z",
          "documents": [
            {
              "id": "doc-5028e422-14d8-4140-9aa4-aab0405afdb6",
              "documentType": "Contract Signed",
              "title": "Contrato firmado",
              "description": "Contrato firmado",
              "url": "http://189.211.120.220:8880/files/opendata/15080-ITP-SRO-DCAGI-SC-080-15/15.-%20CF/15.pdf",
              "datePublished": "2015-09-28T05:00:00.000Z",
              "dateModified": "2015-09-28T05:00:00.000Z",
              "format": "html",
              "language": "es"
            },
            {
              "id": "doc-f1d943b9-9059-45b7-988e-fafd40ba4573",
              "documentType": "Contract Signed",
              "title": "Cl?usula sobre las condiciones de entrega de la obra",
              "description": "Contrato firmado",
              "url": "http://189.211.120.220:8880/files/opendata/15080-ITP-SRO-DCAGI-SC-080-15/15.-%20CF/15.pdf",
              "datePublished": "2015-09-28T05:00:00.000Z",
              "dateModified": "2015-09-28T05:00:00.000Z",
              "format": "html",
              "language": "es"
            },
            {
              "id": "doc-390aca3c-5637-47fa-8dc5-580f5249d05d",
              "documentType": "Contract Guarantees",
              "title": "Fianza de anticipo",
              "description": "Garantia sobre el anticipo",
              "url": "http://189.211.120.220:8880/files/opendata/15080-ITP-SRO-DCAGI-SC-080-15/17.-%20GA/17.pdf",
              "datePublished": "2015-09-28T05:00:00.000Z",
              "dateModified": "2015-09-28T05:00:00.000Z",
              "format": "html",
              "language": "es"
            },
            {
              "id": "doc-5e7dba44-fc02-424f-b2fc-a8e4df48f1d6",
              "documentType": "Contract Guarantees",
              "title": "Fianza de cumplimiento",
              "description": "Garantias de cumplimiento",
              "url": "http://189.211.120.220:8880/files/opendata/15080-ITP-SRO-DCAGI-SC-080-15/18.-%20GC/18.pdf",
              "datePublished": "2015-09-28T05:00:00.000Z",
              "dateModified": "2015-09-28T05:00:00.000Z",
              "format": "html",
              "language": "es"
            }
          ]
        }
      ],
      "language": "es"
    }
  ],
  "publisher": {
    "name": "GACM",
    "scheme": "SERVICIO",
    "uid": "AS",
    "uri": "http://www.aeropuerto.gob.mx/"
  },
  "license": "https://datos.gob.mx/libreusomx/",
  "publicationPolicy": "https://datos.gob.mx/libreusomx/"
}
