{
  "uri": "https://datos.gob.mx/busca/dataset?organization=gacm",
  "publishedDate": "2017-02-15T16:48:25.267Z",
  "releases": [
    {
      "ocid": "87",
      "id": "RELEASE_87_2017-02-15T16:48:25.266Z",
      "date": "2017-02-08T06:00:00.000Z",
      "tag": [
        "contract"
      ],
      "initiationType": "tender",
      "planning": {
        "budget": {
          "source": "http://www.apartados.hacienda.gob.mx/presupuesto/temas/pef/2015/docs/09/r09_kdh_pie.pdf",
          "id": "OBRAS DE CONSTRUCCION PARA EDIFICIOS NO HABITACIONALES",
          "description": "RECURSOS FISCALES",
          "amount": {
            "amount": 18500000,
            "currency": "MXN"
          },
          "project": "Nuevo Aeropuerto Internacional de la Ciudad de Mexico",
          "projectID": "46101",
          "uri": "http://www.apartados.hacienda.gob.mx/presupuesto/temas/pef/2015/docs/09/r09_kdh_pie.pdf"
        },
        "rationale": "Implementacion del Programa de Rescate de Flora y Fauna para el Nuevo Aeropuerto Internacional de la Ciudad de Mexico",
        "documents": [
          {
            "id": "doc-33518853-1541-4d8c-93bd-3c90cac0175d",
            "documentType": "projectPlan",
            "title": "Proyecto ejecutivo de la obra",
            "description": "Terminos de referencia",
            "url": "http://189.211.120.220:8880/files/opendata/15042-LPN-SRO-DCAGI-SC-042-15/4.-%20TR/4.pdf",
            "datePublished": "2015-07-06T05:00:00.000Z",
            "dateModified": "2015-07-06T05:00:00.000Z",
            "format": "html",
            "language": "es"
          }
        ]
      },
      "tender": {
        "id": "824118",
        "title": "Implementacion del Programa de Rescate de Flora y Fauna para el Nuevo Aeropuerto Internacional de la Ciudad de Mexico",
        "description": "Implementacion del Programa de Rescate de Flora y Fauna para el Nuevo Aeropuerto Internacional de la Ciudad de Mexico",
        "status": "active",
        "items": [
          {
            "id": "item-677ec9a8-bd73-4dbe-9900-21254c09809e",
            "description": "Implementacion del Programa de Rescate de Flora y Fauna para el Nuevo Aeropuerto Internacional de la Ciudad de Mexico",
            "classification": {
              "scheme": "EDIFICACION NO HABITACIONAL",
              "id": "6220"
            },
            "quantity": 1,
            "unit": {
              "name": "sop",
              "value": {
                "amount": 11924906.62,
                "currency": "MXN"
              }
            }
          }
        ],
        "value": {
          "amount": 18500000,
          "currency": "MXN"
        },
        "procurementMethod": "open",
        "procurementMethodRationale": "Nacional",
        "metodoDeAdquisicion": "Licitación pública",
        "awardCriteria": "bestValueToGoverment",
        "awardCriteriaDetails": "Presencial",
        "submissionMethod": [
          "Presencial"
        ],
        "tenderPeriod": {
          "startDate": "2019-05-20T20:00:00.000Z",
          "endDate": "2015-06-29T05:00:00.000Z"
        },
        "enquiryPeriod": {
          "startDate": "2015-06-18T05:00:00.000Z",
          "endDate": "2015-06-18T05:00:00.000Z"
        },
        "eligibilityCriteria": "Ver documento adjunto",
        "awardPeriod": {
          "startDate": "2019-05-20T20:00:00.000Z",
          "endDate": "2015-06-29T05:00:00.000Z"
        },
        "documents": [
          {
            "id": "doc-af8761b9-f960-41ca-ab37-480c1c9e2fd5",
            "documentType": "Clarifications",
            "title": "Actas de la junta de aclaraciones",
            "description": "Actas de la junta de aclaraciones",
            "url": "http://189.211.120.220:8880/files/opendata/15042-LPN-SRO-DCAGI-SC-042-15/9.-%20AJ/9.pdf",
            "datePublished": "2015-07-06T05:00:00.000Z",
            "dateModified": "2015-07-06T05:00:00.000Z",
            "format": "html",
            "language": "es"
          },
          {
            "id": "doc-6fbdddac-b4fa-492a-a703-c801a461cf64",
            "documentType": "Tender Notice",
            "title": "Documento que describe los criterios de evaluaci?n",
            "description": "Convocatoria al procedimiento de contratacion",
            "url": "http://189.211.120.220:8880/files/opendata/15042-LPN-SRO-DCAGI-SC-042-15/8.-%20CC/8.pdf",
            "datePublished": "2015-07-06T05:00:00.000Z",
            "dateModified": "2015-07-06T05:00:00.000Z",
            "format": "html",
            "language": "es"
          },
          {
            "id": "doc-ac302396-681b-4937-bbdd-225e1a45876e",
            "documentType": "Tender Notice",
            "title": "Documento que contiene los objetivos y caracter?sticas del contrato y proceso de licitaci?n",
            "description": "Convocatoria al procedimiento de contratacion",
            "url": "http://189.211.120.220:8880/files/opendata/15042-LPN-SRO-DCAGI-SC-042-15/8.-%20CC/8.pdf",
            "datePublished": "2015-07-06T05:00:00.000Z",
            "dateModified": "2015-07-06T05:00:00.000Z",
            "format": "html",
            "language": "es"
          },
          {
            "id": "doc-937ecb9c-caab-4f59-8784-2406d6984c19",
            "documentType": "Tender Notice",
            "title": "Documento que contiene las especificaicones t?cnicas de la obra",
            "description": "Convocatoria al procedimiento de contratacion",
            "url": "http://189.211.120.220:8880/files/opendata/15042-LPN-SRO-DCAGI-SC-042-15/8.-%20CC/8.pdf",
            "datePublished": "2015-07-06T05:00:00.000Z",
            "dateModified": "2015-07-06T05:00:00.000Z",
            "format": "html",
            "language": "es"
          },
          {
            "id": "doc-364f67ee-4da2-43b8-a6fa-8d1632dc1e39",
            "documentType": "Tender Notice",
            "title": "Convocatoria al procedimiento de contrataci?n",
            "description": "Convocatoria al procedimiento de contratacion",
            "url": "http://189.211.120.220:8880/files/opendata/15042-LPN-SRO-DCAGI-SC-042-15/8.-%20CC/8.pdf",
            "datePublished": "2015-07-06T05:00:00.000Z",
            "dateModified": "2015-07-06T05:00:00.000Z",
            "format": "html",
            "language": "es"
          },
          {
            "id": "doc-63e74a16-033d-41b1-a0b8-c02dc49fc051",
            "documentType": "Tender Notice",
            "title": "Documento que describe los criterios que deben cumplir los licitantes",
            "description": "Convocatoria al procedimiento de contratacion",
            "url": "http://189.211.120.220:8880/files/opendata/15042-LPN-SRO-DCAGI-SC-042-15/8.-%20CC/8.pdf",
            "datePublished": "2015-07-06T05:00:00.000Z",
            "dateModified": "2015-07-06T05:00:00.000Z",
            "format": "html",
            "language": "es"
          }
        ]
      },
      "buyer": {
        "identifier": {
          "scheme": "MK-009KDH999",
          "id": "GACM",
          "legalName": "Grupo Aeroportuario de la Ciudad de Mexico, S.A. de C.V.",
          "uri": "http://www.aeropuerto.gob.mx/"
        },
        "name": "Grupo Aeroportuario de la Ciudad de Mexico, S.A. de C.V.",
        "address": {
          "streetAddress": "AV. INSURGENTES SUR NO. 2453 PISO 2 OFICINA 203",
          "locality": "COL. TIZAPAN",
          "region": "DEL. ALVARO OBREGON",
          "postalCode": "01090",
          "countryName": "Mexico"
        },
        "contactPoint": {
          "name": "G05-DIRECCION CORPORATIVA DE ADMINISTRACION Y GESTION INMOBILIARIA",
          "url": "http://www.aeropuerto.gob.mx/"
        }
      },
      "awards": [
        {
          "id": "LO-009KDH999-N42-2015",
          "title": "Implementacion del Programa de Rescate de Flora y Fauna para el Nuevo Aeropuerto Internacional de la Ciudad de Mexico",
          "description": "Ver documento adjunto",
          "status": "active",
          "date": "2015-07-06T05:00:00.000Z",
          "value": {
            "amount": 11924906.62,
            "currency": "MXN"
          },
          "suppliers": [
            {
              "identifier": {
                "id": "RCO010901MP3",
                "legalName": "RAGAMEX Constructores SA de CV"
              },
              "name": "RAGAMEX Constructores SA de CV",
              "address": {
                "streetAddress": "Peru 218A",
                "locality": "America SUR",
                "region": "Oaxaca de Juarez",
                "postalCode": "68020",
                "countryName": "Mexico"
              }
            }
          ],
          "items": [
            {
              "id": "item-c3ed2bdd-6b65-4287-a3f0-7638a8a4a97f",
              "description": "Implementacion del Programa de Rescate de Flora y Fauna para el Nuevo Aeropuerto Internacional de la Ciudad de Mexico",
              "classification": {
                "scheme": "EDIFICACION NO HABITACIONAL",
                "id": "6220"
              },
              "quantity": 1,
              "unit": {
                "name": "sop",
                "value": {
                  "amount": 11924906.62,
                  "currency": "MXN"
                }
              }
            }
          ],
          "contractPeriod": {
            "startDate": "2015-07-21T05:00:00.000Z",
            "endDate": "2016-12-31T06:00:00.000Z"
          },
          "documents": [
            {
              "id": "doc-8e9327ab-6312-4c98-99cb-df91810ccfdf",
              "documentType": "Award Notice",
              "title": "Fallo",
              "description": "Acta de Fallo",
              "url": "http://189.211.120.220:8880/files/opendata/15042-LPN-SRO-DCAGI-SC-042-15/12.-%20AF/12.pdf",
              "datePublished": "2015-07-06T05:00:00.000Z",
              "dateModified": "2015-07-06T05:00:00.000Z",
              "format": "html",
              "language": "es"
            },
            {
              "id": "doc-4b91c57a-a64e-4c3e-a6b7-d709db307be0",
              "documentType": "Award Notice",
              "title": "Fallo",
              "description": "Descripcion del acto de presentacion y apertura de proposiciones",
              "url": "http://189.211.120.220:8880/files/opendata/15042-LPN-SRO-DCAGI-SC-042-15/10.-%20AP/10.pdf",
              "datePublished": "2015-07-06T05:00:00.000Z",
              "dateModified": "2015-07-06T05:00:00.000Z",
              "format": "html",
              "language": "es"
            }
          ]
        }
      ],
      "contracts": [
        {
          "id": "LPN-SRO-DCAGI-SC-042/15",
          "awardID": "LO-009KDH999-N42-2015",
          "title": "Implementacion del Programa de Rescate de Flora y Fauna para el Nuevo Aeropuerto Internacional de la Ciudad de Mexico",
          "description": "Ver documento adjunto",
          "status": "active",
          "period": {
            "startDate": "2015-07-21T05:00:00.000Z",
            "endDate": "2016-12-31T06:00:00.000Z"
          },
          "value": {
            "amount": 11924906.62,
            "currency": "MXN"
          },
          "items": [
            {
              "id": "item-c2056f60-5b86-4d36-b3f4-2454e846ddc4",
              "description": "Implementacion del Programa de Rescate de Flora y Fauna para el Nuevo Aeropuerto Internacional de la Ciudad de Mexico",
              "classification": {
                "scheme": "EDIFICACION NO HABITACIONAL",
                "id": "6220"
              },
              "quantity": 1,
              "unit": {
                "name": "sop",
                "value": {
                  "amount": 11924906.62,
                  "currency": "MXN"
                }
              }
            }
          ],
          "dateSigned": "2015-07-21T05:00:00.000Z",
          "documents": [
            {
              "id": "doc-8db76c63-3946-4e56-a1e5-fa25be3c8104",
              "documentType": "Contract Signed",
              "title": "Contrato firmado",
              "description": "Contrato firmado",
              "url": "http://189.211.120.220:8880/files/opendata/15042-LPN-SRO-DCAGI-SC-042-15/15.-%20CF/15.pdf",
              "datePublished": "2015-07-06T05:00:00.000Z",
              "dateModified": "2015-07-06T05:00:00.000Z",
              "format": "html",
              "language": "es"
            },
            {
              "id": "doc-96c373b5-5e38-42e5-b04c-fcdc6a23327f",
              "documentType": "Contract Signed",
              "title": "Cl?usula sobre las condiciones de entrega de la obra",
              "description": "Contrato firmado",
              "url": "http://189.211.120.220:8880/files/opendata/15042-LPN-SRO-DCAGI-SC-042-15/15.-%20CF/15.pdf",
              "datePublished": "2015-07-06T05:00:00.000Z",
              "dateModified": "2015-07-06T05:00:00.000Z",
              "format": "html",
              "language": "es"
            },
            {
              "id": "doc-5618be0b-943b-4054-b1db-f7555e38545a",
              "documentType": "Contract Guarantees",
              "title": "Fianza de anticipo",
              "description": "Garantia sobre el anticipo",
              "url": "http://189.211.120.220:8880/files/opendata/15042-LPN-SRO-DCAGI-SC-042-15/17.-%20GA/17.pdf",
              "datePublished": "2015-07-06T05:00:00.000Z",
              "dateModified": "2015-07-06T05:00:00.000Z",
              "format": "html",
              "language": "es"
            },
            {
              "id": "doc-78fe2eef-855e-4c40-b498-4339edc86329",
              "documentType": "Contract Guarantees",
              "title": "Fianza de cumplimiento",
              "description": "Garantias de cumplimiento",
              "url": "http://189.211.120.220:8880/files/opendata/15042-LPN-SRO-DCAGI-SC-042-15/18.-%20GC/18.pdf",
              "datePublished": "2015-07-06T05:00:00.000Z",
              "dateModified": "2015-07-06T05:00:00.000Z",
              "format": "html",
              "language": "es"
            }
          ]
        }
      ],
      "language": "es"
    }
  ],
  "publisher": {
    "name": "GACM",
    "scheme": "SERVICIO",
    "uid": "AS",
    "uri": "http://www.aeropuerto.gob.mx/"
  },
  "license": "https://datos.gob.mx/libreusomx/",
  "publicationPolicy": "https://datos.gob.mx/libreusomx/"
}
