{
  "uri": "https://datos.gob.mx/busca/dataset?organization=gacm",
  "publishedDate": "2017-02-15T16:48:25.248Z",
  "releases": [
    {
      "ocid": "88",
      "id": "RELEASE_88_2017-02-15T16:48:25.247Z",
      "date": "2017-02-08T06:00:00.000Z",
      "tag": [
        "contract"
      ],
      "initiationType": "tender",
      "planning": {
        "budget": {
          "source": "http://www.apartados.hacienda.gob.mx/presupuesto/temas/pef/2015/docs/09/r09_kdh_pie.pdf",
          "id": "OBRAS DE CONSTRUCCION PARA EDIFICIOS NO HABITACIONALES",
          "description": "RECURSOS FISCALES",
          "amount": {
            "amount": 26000000,
            "currency": "MXN"
          },
          "project": "Nuevo Aeropuerto Internacional de la Ciudad de Mexico",
          "projectID": "46101",
          "uri": "http://www.apartados.hacienda.gob.mx/presupuesto/temas/pef/2015/docs/09/r09_kdh_pie.pdf"
        },
        "rationale": "Implementacion del plan de restauracion ecologica para el Nuevo Aeropuerto Internacional de la Ciudad de Mexico.",
        "documents": [
          {
            "id": "doc-e03dfc6c-4f77-42d1-8cab-1ef1094d5571",
            "documentType": "projectPlan",
            "title": "Proyecto ejecutivo de la obra",
            "description": "Terminos de referencia",
            "url": "http://189.211.120.220:8880/files/opendata/15043-LPN-SRO-DCAGI-SC-043-15/4.-%20TR/4.pdf",
            "datePublished": "2015-07-06T05:00:00.000Z",
            "dateModified": "2015-07-06T05:00:00.000Z",
            "format": "html",
            "language": "es"
          }
        ]
      },
      "tender": {
        "id": "830617",
        "title": "Implementacion del plan de restauracion ecologica para el Nuevo Aeropuerto Internacional de la Ciudad de Mexico.",
        "description": "Implementacion del plan de restauracion ecologica para el Nuevo Aeropuerto Internacional de la Ciudad de Mexico.",
        "status": "active",
        "items": [
          {
            "id": "item-23f637d0-3126-4a81-81ae-c44508df4853",
            "description": "Implementacion del plan de restauracion ecologica para el Nuevo Aeropuerto Internacional de la Ciudad de Mexico.",
            "classification": {
              "scheme": "EDIFICACION NO HABITACIONAL",
              "id": "6220"
            },
            "quantity": 1,
            "unit": {
              "name": "sop",
              "value": {
                "amount": 18934197.76,
                "currency": "MXN"
              }
            }
          }
        ],
        "value": {
          "amount": 26000000,
          "currency": "MXN"
        },
        "procurementMethod": "open",
        "procurementMethodRationale": "Nacional",
        "metodoDeAdquisicion": "Licitación pública",
        "awardCriteria": "bestValueToGoverment",
        "awardCriteriaDetails": "Presencial",
        "submissionMethod": [
          "Presencial"
        ],
        "tenderPeriod": {
          "startDate": "2019-05-20T20:00:00.000Z",
          "endDate": "2015-06-29T05:00:00.000Z"
        },
        "enquiryPeriod": {
          "startDate": "2015-06-19T05:00:00.000Z",
          "endDate": "2015-06-19T05:00:00.000Z"
        },
        "eligibilityCriteria": "Ver documento adjunto",
        "awardPeriod": {
          "startDate": "2019-05-20T20:00:00.000Z",
          "endDate": "2015-06-29T05:00:00.000Z"
        },
        "documents": [
          {
            "id": "doc-1976b6b0-da07-48e6-84da-61c45db066c7",
            "documentType": "Clarifications",
            "title": "Actas de la junta de aclaraciones",
            "description": "Actas de la junta de aclaraciones",
            "url": "http://189.211.120.220:8880/files/opendata/15043-LPN-SRO-DCAGI-SC-043-15/9.-%20AJ/9.pdf",
            "datePublished": "2015-07-06T05:00:00.000Z",
            "dateModified": "2015-07-06T05:00:00.000Z",
            "format": "html",
            "language": "es"
          },
          {
            "id": "doc-8dab8b7b-2e4c-4188-bffc-4ad9e9ed0465",
            "documentType": "Tender Notice",
            "title": "Documento que describe los criterios de evaluaci?n",
            "description": "Convocatoria al procedimiento de contratacion",
            "url": "http://189.211.120.220:8880/files/opendata/15043-LPN-SRO-DCAGI-SC-043-15/8.-%20CC/8.pdf",
            "datePublished": "2015-07-06T05:00:00.000Z",
            "dateModified": "2015-07-06T05:00:00.000Z",
            "format": "html",
            "language": "es"
          },
          {
            "id": "doc-56d0e866-a1d7-423f-a852-0f1e5f44a215",
            "documentType": "Tender Notice",
            "title": "Documento que contiene los objetivos y caracter?sticas del contrato y proceso de licitaci?n",
            "description": "Convocatoria al procedimiento de contratacion",
            "url": "http://189.211.120.220:8880/files/opendata/15043-LPN-SRO-DCAGI-SC-043-15/8.-%20CC/8.pdf",
            "datePublished": "2015-07-06T05:00:00.000Z",
            "dateModified": "2015-07-06T05:00:00.000Z",
            "format": "html",
            "language": "es"
          },
          {
            "id": "doc-b7c2a2dd-af7b-4480-ba1f-5dbb4b683506",
            "documentType": "Tender Notice",
            "title": "Documento que contiene las especificaicones t?cnicas de la obra",
            "description": "Convocatoria al procedimiento de contratacion",
            "url": "http://189.211.120.220:8880/files/opendata/15043-LPN-SRO-DCAGI-SC-043-15/8.-%20CC/8.pdf",
            "datePublished": "2015-07-06T05:00:00.000Z",
            "dateModified": "2015-07-06T05:00:00.000Z",
            "format": "html",
            "language": "es"
          },
          {
            "id": "doc-5d589075-7ba3-4b8a-8cb0-af8f7fbc8546",
            "documentType": "Tender Notice",
            "title": "Convocatoria al procedimiento de contrataci?n",
            "description": "Convocatoria al procedimiento de contratacion",
            "url": "http://189.211.120.220:8880/files/opendata/15043-LPN-SRO-DCAGI-SC-043-15/8.-%20CC/8.pdf",
            "datePublished": "2015-07-06T05:00:00.000Z",
            "dateModified": "2015-07-06T05:00:00.000Z",
            "format": "html",
            "language": "es"
          },
          {
            "id": "doc-160136c9-36cf-4e75-a3d0-5f01420c25a3",
            "documentType": "Tender Notice",
            "title": "Documento que describe los criterios que deben cumplir los licitantes",
            "description": "Convocatoria al procedimiento de contratacion",
            "url": "http://189.211.120.220:8880/files/opendata/15043-LPN-SRO-DCAGI-SC-043-15/8.-%20CC/8.pdf",
            "datePublished": "2015-07-06T05:00:00.000Z",
            "dateModified": "2015-07-06T05:00:00.000Z",
            "format": "html",
            "language": "es"
          }
        ]
      },
      "buyer": {
        "identifier": {
          "scheme": "MK-009KDH999",
          "id": "GACM",
          "legalName": "Grupo Aeroportuario de la Ciudad de Mexico, S.A. de C.V.",
          "uri": "http://www.aeropuerto.gob.mx/"
        },
        "name": "Grupo Aeroportuario de la Ciudad de Mexico, S.A. de C.V.",
        "address": {
          "streetAddress": "AV. INSURGENTES SUR NO. 2453 PISO 2 OFICINA 203",
          "locality": "COL. TIZAPAN",
          "region": "DEL. ALVARO OBREGON",
          "postalCode": "01090",
          "countryName": "Mexico"
        },
        "contactPoint": {
          "name": "G05-DIRECCION CORPORATIVA DE ADMINISTRACION Y GESTION INMOBILIARIA",
          "url": "http://www.aeropuerto.gob.mx/"
        }
      },
      "awards": [
        {
          "id": "LO-009KDH999- N45-2015",
          "title": "Implementacion del plan de restauracion ecologica para el nuevo Aeropuerto Internacional de la Ciudad de Mexico",
          "description": "Ver documento adjunto",
          "status": "active",
          "date": "2015-07-06T05:00:00.000Z",
          "value": {
            "amount": 18934197.76,
            "currency": "MXN"
          },
          "suppliers": [
            {
              "identifier": {
                "id": "MIC020410UGA",
                "legalName": "Manejo Integral de Cuencas, S.A. de C.V."
              },
              "name": "Manejo Integral de Cuencas, S.A. de C.V.",
              "address": {
                "streetAddress": "Jose Maria Pino Suarez Manzana 15, Lote 19",
                "locality": "Nezahualcoyotl",
                "region": "Municipio de Texcoco",
                "postalCode": "56234",
                "countryName": "Mexico"
              }
            }
          ],
          "items": [
            {
              "id": "item-d71be3bf-a2f5-4751-83e2-7bc3bf142073",
              "description": "Implementacion del plan de restauracion ecologica para el Nuevo Aeropuerto Internacional de la Ciudad de Mexico.",
              "classification": {
                "scheme": "EDIFICACION NO HABITACIONAL",
                "id": "6220"
              },
              "quantity": 1,
              "unit": {
                "name": "sop",
                "value": {
                  "amount": 18934197.76,
                  "currency": "MXN"
                }
              }
            }
          ],
          "contractPeriod": {
            "startDate": "2015-07-21T05:00:00.000Z",
            "endDate": "2016-12-31T06:00:00.000Z"
          },
          "documents": [
            {
              "id": "doc-3528f327-3dc0-4161-b0ee-bae52bb4802e",
              "documentType": "Award Notice",
              "title": "Fallo",
              "description": "Acta de Fallo",
              "url": "http://189.211.120.220:8880/files/opendata/15043-LPN-SRO-DCAGI-SC-043-15/12.-%20AF/12.pdf",
              "datePublished": "2015-07-06T05:00:00.000Z",
              "dateModified": "2015-07-06T05:00:00.000Z",
              "format": "html",
              "language": "es"
            },
            {
              "id": "doc-18d15192-4ba1-48de-8775-c4ca5ff67599",
              "documentType": "Award Notice",
              "title": "Fallo",
              "description": "Descripcion del acto de presentacion y apertura de proposiciones",
              "url": "http://189.211.120.220:8880/files/opendata/15043-LPN-SRO-DCAGI-SC-043-15/10.-%20AP/10.pdf",
              "datePublished": "2015-07-06T05:00:00.000Z",
              "dateModified": "2015-07-06T05:00:00.000Z",
              "format": "html",
              "language": "es"
            }
          ]
        }
      ],
      "contracts": [
        {
          "id": "LPN-SRO-DCAGI-SC-043/15",
          "awardID": "LO-009KDH999- N45-2015",
          "title": "Implementacion del plan de restauracion ecologica para el nuevo Aeropuerto Internacional de la Ciudad de Mexico",
          "description": "Ver documento adjunto",
          "status": "active",
          "period": {
            "startDate": "2015-07-21T05:00:00.000Z",
            "endDate": "2016-12-31T06:00:00.000Z"
          },
          "value": {
            "amount": 18934197.76,
            "currency": "MXN"
          },
          "items": [
            {
              "id": "item-6b5d2c5f-e603-4913-a88e-d67a308b1679",
              "description": "Implementacion del plan de restauracion ecologica para el Nuevo Aeropuerto Internacional de la Ciudad de Mexico.",
              "classification": {
                "scheme": "EDIFICACION NO HABITACIONAL",
                "id": "6220"
              },
              "quantity": 1,
              "unit": {
                "name": "sop",
                "value": {
                  "amount": 18934197.76,
                  "currency": "MXN"
                }
              }
            }
          ],
          "dateSigned": "2015-07-21T05:00:00.000Z",
          "documents": [
            {
              "id": "doc-df5e6370-06d7-49f1-b853-6cc1a03e750f",
              "documentType": "Contract Signed",
              "title": "Contrato firmado",
              "description": "Contrato firmado",
              "url": "http://189.211.120.220:8880/files/opendata/15043-LPN-SRO-DCAGI-SC-043-15/15.-%20CF/15.pdf",
              "datePublished": "2015-07-06T05:00:00.000Z",
              "dateModified": "2015-07-06T05:00:00.000Z",
              "format": "html",
              "language": "es"
            },
            {
              "id": "doc-bfb73ba1-bcc3-422f-84fb-171136e9b334",
              "documentType": "Contract Signed",
              "title": "Cl?usula sobre las condiciones de entrega de la obra",
              "description": "Contrato firmado",
              "url": "http://189.211.120.220:8880/files/opendata/15043-LPN-SRO-DCAGI-SC-043-15/15.-%20CF/15.pdf",
              "datePublished": "2015-07-06T05:00:00.000Z",
              "dateModified": "2015-07-06T05:00:00.000Z",
              "format": "html",
              "language": "es"
            },
            {
              "id": "doc-23975880-77b7-4f61-9d6a-1813704bb874",
              "documentType": "Contract Guarantees",
              "title": "Fianza de anticipo",
              "description": "Garantia sobre el anticipo",
              "url": "http://189.211.120.220:8880/files/opendata/15043-LPN-SRO-DCAGI-SC-043-15/17.-%20GA/17.pdf",
              "datePublished": "2015-07-06T05:00:00.000Z",
              "dateModified": "2015-07-06T05:00:00.000Z",
              "format": "html",
              "language": "es"
            },
            {
              "id": "doc-17e4bb55-f6ed-4176-b6e9-8cc169c5fa66",
              "documentType": "Contract Guarantees",
              "title": "Fianza de cumplimiento",
              "description": "Garantias de cumplimiento",
              "url": "http://189.211.120.220:8880/files/opendata/15043-LPN-SRO-DCAGI-SC-043-15/18.-%20GC/18.pdf",
              "datePublished": "2015-07-06T05:00:00.000Z",
              "dateModified": "2015-07-06T05:00:00.000Z",
              "format": "html",
              "language": "es"
            }
          ]
        }
      ],
      "language": "es"
    }
  ],
  "publisher": {
    "name": "GACM",
    "scheme": "SERVICIO",
    "uid": "AS",
    "uri": "http://www.aeropuerto.gob.mx/"
  },
  "license": "https://datos.gob.mx/libreusomx/",
  "publicationPolicy": "https://datos.gob.mx/libreusomx/"
}
