{
  "uri": "https://datos.gob.mx/busca/dataset?organization=gacm",
  "publishedDate": "2017-02-15T16:48:25.162Z",
  "releases": [
    {
      "ocid": "9",
      "id": "RELEASE_9_2017-02-15T16:48:25.161Z",
      "date": "2017-02-08T06:00:00.000Z",
      "tag": [
        "contract"
      ],
      "initiationType": "tender",
      "planning": {
        "budget": {
          "source": "http://www.apartados.hacienda.gob.mx/presupuesto/temas/pef/2015/docs/09/r09_kdh_pie.pdf",
          "id": "CONSTRUCCION DE VIAS DE COMUNICACION",
          "description": "RECURSOS FISCALES",
          "amount": {
            "amount": 522000,
            "currency": "MXN"
          },
          "project": "Nuevo Aeropuerto Internacional de la Ciudad de Mexico",
          "projectID": "46101",
          "uri": "http://www.apartados.hacienda.gob.mx/presupuesto/temas/pef/2015/docs/09/r09_kdh_pie.pdf"
        },
        "rationale": "Elaboracion del Plan de restauracion ecologica para el Nuevo Aeropuerto Internacional de la Ciudad de Mexico",
        "documents": [
          {
            "id": "doc-280c8d66-f9fd-4f13-933a-156ee83bddae",
            "documentType": "projectPlan",
            "title": "Proyecto ejecutivo de la obra",
            "description": "Terminos de referencia",
            "url": "http://189.211.120.220:8880/files/opendata/15004-AD-SRO-DCAGI-SC-004-15/4.-%20TR/4.pdf",
            "datePublished": "2015-02-04T06:00:00.000Z",
            "dateModified": "2015-02-04T06:00:00.000Z",
            "format": "html",
            "language": "es"
          }
        ]
      },
      "tender": {
        "id": "798849",
        "title": "Elaboracion del Plan de restauracion ecologica para el Nuevo Aeropuerto Internacional de la Ciudad de Mexico",
        "description": "Elaboracion del Plan de restauracion ecologica para el Nuevo Aeropuerto Internacional de la Ciudad de Mexico",
        "status": "active",
        "items": [
          {
            "id": "item-fd44e797-70ba-4221-b272-2151465b3a89",
            "description": "Elaboracion  del Plan de restauracion ecologica para el Nuevo Aeropuerto Internacional de la Ciudad de Mexicoexico",
            "classification": {
              "scheme": "CONSTRUCCION DE VIAS DE COMUNICACION",
              "id": "6250"
            },
            "quantity": 1,
            "unit": {
              "name": "sop",
              "value": {
                "amount": 449999.61,
                "currency": "MXN"
              }
            }
          }
        ],
        "value": {
          "amount": 522000,
          "currency": "MXN"
        },
        "procurementMethod": "limited",
        "procurementMethodRationale": "Nacional",
        "metodoDeAdquisicion": "Adjudicación directa",
        "awardCriteria": "bestValueToGoverment",
        "awardCriteriaDetails": "No aplica",
        "submissionMethod": [
          "Presencial"
        ],
        "eligibilityCriteria": "Ver documento adjunto",
        "documents": [
          {
            "id": "doc-85ecf9fb-55dd-4185-a9e5-8ae2a8030299",
            "documentType": "Clarifications",
            "title": "Actas de la junta de aclaraciones",
            "description": "Actas de la junta de aclaraciones",
            "url": "http://189.211.120.220:8880/files/opendata/15004-AD-SRO-DCAGI-SC-004-15/9.-%20AJ/9.pdf",
            "datePublished": "2015-02-04T06:00:00.000Z",
            "dateModified": "2015-02-04T06:00:00.000Z",
            "format": "html",
            "language": "es"
          },
          {
            "id": "doc-323ed10e-50f0-4f0d-a7ac-4cb02f95f228",
            "documentType": "Tender Notice",
            "title": "Documento que describe los criterios de evaluaci?n",
            "description": "Convocatoria al procedimiento de contratacion",
            "url": "http://189.211.120.220:8880/files/opendata/15004-AD-SRO-DCAGI-SC-004-15/8.-%20CC/8.pdf",
            "datePublished": "2015-02-04T06:00:00.000Z",
            "dateModified": "2015-02-04T06:00:00.000Z",
            "format": "html",
            "language": "es"
          },
          {
            "id": "doc-b7bbc66f-9b80-44e8-94d6-6ab4db694454",
            "documentType": "Tender Notice",
            "title": "Documento que contiene los objetivos y caracter?sticas del contrato y proceso de licitaci?n",
            "description": "Convocatoria al procedimiento de contratacion",
            "url": "http://189.211.120.220:8880/files/opendata/15004-AD-SRO-DCAGI-SC-004-15/8.-%20CC/8.pdf",
            "datePublished": "2015-02-04T06:00:00.000Z",
            "dateModified": "2015-02-04T06:00:00.000Z",
            "format": "html",
            "language": "es"
          },
          {
            "id": "doc-ddaaaeb2-a2ff-4103-ad9c-5550d8a6daf5",
            "documentType": "Tender Notice",
            "title": "Documento que contiene las especificaicones t?cnicas de la obra",
            "description": "Convocatoria al procedimiento de contratacion",
            "url": "http://189.211.120.220:8880/files/opendata/15004-AD-SRO-DCAGI-SC-004-15/8.-%20CC/8.pdf",
            "datePublished": "2015-02-04T06:00:00.000Z",
            "dateModified": "2015-02-04T06:00:00.000Z",
            "format": "html",
            "language": "es"
          },
          {
            "id": "doc-e6569bd3-9d73-4239-bfb2-6cd1d059d2a1",
            "documentType": "Tender Notice",
            "title": "Convocatoria al procedimiento de contrataci?n",
            "description": "Convocatoria al procedimiento de contratacion",
            "url": "http://189.211.120.220:8880/files/opendata/15004-AD-SRO-DCAGI-SC-004-15/8.-%20CC/8.pdf",
            "datePublished": "2015-02-04T06:00:00.000Z",
            "dateModified": "2015-02-04T06:00:00.000Z",
            "format": "html",
            "language": "es"
          },
          {
            "id": "doc-7f36fc65-6e7e-4024-8468-49a44e9a9c5c",
            "documentType": "Tender Notice",
            "title": "Documento que describe los criterios que deben cumplir los licitantes",
            "description": "Convocatoria al procedimiento de contratacion",
            "url": "http://189.211.120.220:8880/files/opendata/15004-AD-SRO-DCAGI-SC-004-15/8.-%20CC/8.pdf",
            "datePublished": "2015-02-04T06:00:00.000Z",
            "dateModified": "2015-02-04T06:00:00.000Z",
            "format": "html",
            "language": "es"
          }
        ]
      },
      "buyer": {
        "identifier": {
          "scheme": "MK-009KDH999",
          "id": "GACM",
          "legalName": "Grupo Aeroportuario de la Ciudad de Mexico, S.A. de C.V.",
          "uri": "http://www.aeropuerto.gob.mx/"
        },
        "name": "Grupo Aeroportuario de la Ciudad de Mexico, S.A. de C.V.",
        "address": {
          "streetAddress": "AV. INSURGENTES SUR NO. 2453 PISO 2 OFICINA 203",
          "locality": "COL. TIZAPAN",
          "region": "DEL. ALVARO OBREGON",
          "postalCode": "01090",
          "countryName": "Mexico"
        },
        "contactPoint": {
          "name": "G05-DIRECCION CORPORATIVA DE ADMINISTRACION Y GESTION INMOBILIARIA",
          "url": "http://www.aeropuerto.gob.mx/"
        }
      },
      "awards": [
        {
          "id": "SO-009KDH999-N22-2015",
          "title": "Elaboracion del Plan de restauracion ecologica para el Nuevo Aeropuerto Internacional de la Ciudad de Mexico",
          "description": "Ver documento adjunto",
          "status": "active",
          "value": {
            "amount": 449999.61,
            "currency": "MXN"
          },
          "suppliers": [
            {
              "identifier": {
                "id": "IIC140227RA0",
                "legalName": "Instituto de Investigaciones y Capacitacion para las Ciencias Biologicas, A.C."
              },
              "name": "Instituto de Investigaciones y Capacitacion para las Ciencias Biologicas, A.C.",
              "address": {
                "streetAddress": "Cecilio Robelo 381",
                "locality": "Jardin Balbuena",
                "region": "Venustiano Carranza",
                "postalCode": "15900",
                "countryName": "Mexico"
              }
            }
          ],
          "items": [
            {
              "id": "item-c73e75e8-fbac-4291-83a2-c3dab7188483",
              "description": "Elaboracion  del Plan de restauracion ecologica para el Nuevo Aeropuerto Internacional de la Ciudad de Mexicoexico",
              "classification": {
                "scheme": "CONSTRUCCION DE VIAS DE COMUNICACION",
                "id": "6250"
              },
              "quantity": 1,
              "unit": {
                "name": "sop",
                "value": {
                  "amount": 449999.61,
                  "currency": "MXN"
                }
              }
            }
          ],
          "contractPeriod": {
            "startDate": "2015-02-23T06:00:00.000Z",
            "endDate": "2015-03-23T06:00:00.000Z"
          },
          "documents": [
            {
              "id": "doc-5d8563a6-853d-4fb4-ae87-95678c93bf21",
              "documentType": "Award Notice",
              "title": "Fallo",
              "description": "Acta de Fallo",
              "url": "http://189.211.120.220:8880/files/opendata/15004-AD-SRO-DCAGI-SC-004-15/12.-%20AF/12.pdf",
              "datePublished": "2015-02-04T06:00:00.000Z",
              "dateModified": "2015-02-04T06:00:00.000Z",
              "format": "html",
              "language": "es"
            },
            {
              "id": "doc-a48ae521-19bd-47ff-b1b9-adceba763f7a",
              "documentType": "Award Notice",
              "title": "Fallo",
              "description": "Descripcion del acto de presentacion y apertura de proposiciones",
              "url": "http://189.211.120.220:8880/files/opendata/15004-AD-SRO-DCAGI-SC-004-15/10.-%20AP/10.pdf",
              "datePublished": "2015-02-04T06:00:00.000Z",
              "dateModified": "2015-02-04T06:00:00.000Z",
              "format": "html",
              "language": "es"
            }
          ]
        }
      ],
      "contracts": [
        {
          "id": "AD-SRO-DCAGI-SC-004/15",
          "awardID": "SO-009KDH999-N22-2015",
          "title": "Elaboracion del Plan de restauracion ecologica para el Nuevo Aeropuerto Internacional de la Ciudad de Mexico",
          "description": "Ver documento adjunto",
          "status": "active",
          "period": {
            "startDate": "2015-02-23T06:00:00.000Z",
            "endDate": "2015-03-23T06:00:00.000Z"
          },
          "value": {
            "amount": 449999.61,
            "currency": "MXN"
          },
          "items": [
            {
              "id": "item-ee3e61a0-0244-463b-93b5-6c110573c46b",
              "description": "Elaboracion  del Plan de restauracion ecologica para el Nuevo Aeropuerto Internacional de la Ciudad de Mexicoexico",
              "classification": {
                "scheme": "CONSTRUCCION DE VIAS DE COMUNICACION",
                "id": "6250"
              },
              "quantity": 1,
              "unit": {
                "name": "sop",
                "value": {
                  "amount": 449999.61,
                  "currency": "MXN"
                }
              }
            }
          ],
          "dateSigned": "2015-02-20T06:00:00.000Z",
          "documents": [
            {
              "id": "doc-ee8a9163-ad3b-4869-b228-16b10661b0c4",
              "documentType": "Contract Signed",
              "title": "Contrato firmado",
              "description": "Contrato firmado",
              "url": "http://189.211.120.220:8880/files/opendata/15004-AD-SRO-DCAGI-SC-004-15/15.-%20CF/15.pdf",
              "datePublished": "2015-02-04T06:00:00.000Z",
              "dateModified": "2015-02-04T06:00:00.000Z",
              "format": "html",
              "language": "es"
            },
            {
              "id": "doc-c74fe126-1cb9-477a-9344-93aa03f909d0",
              "documentType": "Contract Signed",
              "title": "Cl?usula sobre las condiciones de entrega de la obra",
              "description": "Contrato firmado",
              "url": "http://189.211.120.220:8880/files/opendata/15004-AD-SRO-DCAGI-SC-004-15/15.-%20CF/15.pdf",
              "datePublished": "2015-02-04T06:00:00.000Z",
              "dateModified": "2015-02-04T06:00:00.000Z",
              "format": "html",
              "language": "es"
            },
            {
              "id": "doc-7797fe85-3c09-4334-99ed-53b341e4be55",
              "documentType": "Contract Guarantees",
              "title": "Fianza de anticipo",
              "description": "Garantia sobre el anticipo",
              "url": "http://189.211.120.220:8880/files/opendata/15004-AD-SRO-DCAGI-SC-004-15/17.-%20GA/17.pdf",
              "datePublished": "2015-02-04T06:00:00.000Z",
              "dateModified": "2015-02-04T06:00:00.000Z",
              "format": "html",
              "language": "es"
            },
            {
              "id": "doc-f595c38d-3c67-4c43-96f7-310eeb75e53d",
              "documentType": "Contract Guarantees",
              "title": "Fianza de cumplimiento",
              "description": "Garantias de cumplimiento",
              "url": "http://189.211.120.220:8880/files/opendata/15004-AD-SRO-DCAGI-SC-004-15/18.-%20GC/18.pdf",
              "datePublished": "2015-02-04T06:00:00.000Z",
              "dateModified": "2015-02-04T06:00:00.000Z",
              "format": "html",
              "language": "es"
            }
          ]
        }
      ],
      "language": "es"
    }
  ],
  "publisher": {
    "name": "GACM",
    "scheme": "SERVICIO",
    "uid": "AS",
    "uri": "http://www.aeropuerto.gob.mx/"
  },
  "license": "https://datos.gob.mx/libreusomx/",
  "publicationPolicy": "https://datos.gob.mx/libreusomx/"
}
