{
  "uri": "https://datos.gob.mx/busca/dataset?organization=gacm",
  "publishedDate": "2017-02-15T16:48:25.988Z",
  "releases": [
    {
      "ocid": "94",
      "id": "RELEASE_94_2017-02-15T16:48:25.987Z",
      "date": "2017-02-09T06:00:00.000Z",
      "tag": [
        "contract"
      ],
      "initiationType": "tender",
      "planning": {
        "budget": {
          "id": "MANTENIMIENTO Y CONSERVACION DE INMUEBLES PARA LA PRESTACION DE SERVICIOS ADMINISTRATIVOS",
          "description": "RECURSOS FISCALES",
          "amount": {
            "amount": 1852058.2,
            "currency": "MXN"
          },
          "project": "Nuevo Aeropuerto Internacional de la Ciudad de Mexico",
          "projectID": "46101"
        },
        "rationale": "Prestar a GACM los servicios para la Adaptacion y adecuaciones en las Instalaciones de Torre Murano.",
        "documents": [
          {
            "id": "doc-75e1cf83-19b1-41b1-b2ba-4630330dfca9",
            "documentType": "projectPlan",
            "title": "Proyecto ejecutivo de la obra",
            "description": "Terminos de referencia",
            "url": "http://189.211.120.220:8880/files/opendata/14008-ITP-S-DCAGI-SC-008-14/4.-%20TR/4.pdf",
            "datePublished": "2014-12-05T06:00:00.000Z",
            "dateModified": "2014-12-05T06:00:00.000Z",
            "format": "html",
            "language": "es"
          }
        ]
      },
      "tender": {
        "id": "722733",
        "title": "Servicios de Adaptacion y Adecuaciones en Instalaciones de Torre Murano",
        "description": "Prestar a GACM los servicios para la Adaptacion y adecuaciones en las Instalaciones de Torre Murano.",
        "status": "active",
        "items": [
          {
            "id": "item-7366a7b2-70bc-453b-9c7c-7258b187cb4b",
            "description": "Servicios de Adaptacion y Adecuaciones en Instalaciones de Torre Murano",
            "classification": {
              "scheme": "CONSERVACION Y MANTENIMIENTO MENOR DE INMUEBLES",
              "id": "3510"
            },
            "quantity": 1,
            "unit": {
              "name": "srv",
              "value": {
                "amount": 1852058.2,
                "currency": "MXN"
              }
            }
          }
        ],
        "value": {
          "amount": 1852058.2,
          "currency": "MXN"
        },
        "procurementMethod": "selective",
        "procurementMethodRationale": "Nacional",
        "metodoDeAdquisicion": "Invitación a tres",
        "awardCriteria": "bestValueToGoverment",
        "awardCriteriaDetails": "No aplica",
        "submissionMethod": [
          "Presencial"
        ],
        "enquiryPeriod": {
          "startDate": "2014-12-02T06:00:00.000Z",
          "endDate": "2014-12-02T06:00:00.000Z"
        },
        "eligibilityCriteria": "Ver documento adjunto",
        "documents": [
          {
            "id": "doc-225ba1fe-e5c1-4b2a-a1c8-81d8b0aa18e7",
            "documentType": "Clarifications",
            "title": "Actas de la junta de aclaraciones",
            "description": "Actas de la junta de aclaraciones",
            "url": "http://189.211.120.220:8880/files/opendata/14008-ITP-S-DCAGI-SC-008-14/9.-%20AJ/9.pdf",
            "datePublished": "2014-12-05T06:00:00.000Z",
            "dateModified": "2014-12-05T06:00:00.000Z",
            "format": "html",
            "language": "es"
          },
          {
            "id": "doc-d7c58e6e-8a06-482a-883e-1994fa212cb9",
            "documentType": "Tender Notice",
            "title": "Documento que contiene las especificaciones t?cnicas de la obra",
            "description": "Convocatoria al procedimiento de contratacion",
            "url": "http://189.211.120.220:8880/files/opendata/14008-ITP-S-DCAGI-SC-008-14/8.-%20CC/8.pdf",
            "datePublished": "2014-12-05T06:00:00.000Z",
            "dateModified": "2014-12-05T06:00:00.000Z",
            "format": "html",
            "language": "es"
          },
          {
            "id": "doc-04d6fe1e-6231-430e-a8bf-5e242f293be4",
            "documentType": "Tender Notice",
            "title": "Documento que describe los criterios de evaluaci?n",
            "description": "Convocatoria al procedimiento de contratacion",
            "url": "http://189.211.120.220:8880/files/opendata/14008-ITP-S-DCAGI-SC-008-14/8.-%20CC/8.pdf",
            "datePublished": "2014-12-05T06:00:00.000Z",
            "dateModified": "2014-12-05T06:00:00.000Z",
            "format": "html",
            "language": "es"
          },
          {
            "id": "doc-a92f72d4-8083-4f82-b71a-f657ec1e4b1f",
            "documentType": "Tender Notice",
            "title": "Documento que contiene los objetivos y caracter?sticas del contrato y proceso de licitaci?n",
            "description": "Convocatoria al procedimiento de contratacion",
            "url": "http://189.211.120.220:8880/files/opendata/14008-ITP-S-DCAGI-SC-008-14/8.-%20CC/8.pdf",
            "datePublished": "2014-12-05T06:00:00.000Z",
            "dateModified": "2014-12-05T06:00:00.000Z",
            "format": "html",
            "language": "es"
          },
          {
            "id": "doc-03e7f839-ee69-4135-9141-efa95b27a09b",
            "documentType": "Tender Notice",
            "title": "Convocatoria al procedimiento de contrataci?n",
            "description": "Convocatoria al procedimiento de contratacion",
            "url": "http://189.211.120.220:8880/files/opendata/14008-ITP-S-DCAGI-SC-008-14/8.-%20CC/8.pdf",
            "datePublished": "2014-12-05T06:00:00.000Z",
            "dateModified": "2014-12-05T06:00:00.000Z",
            "format": "html",
            "language": "es"
          },
          {
            "id": "doc-ec32b84d-d4d4-42d5-8556-0403b436d010",
            "documentType": "Tender Notice",
            "title": "Documento que describe los criterios que deben cumplir los licitantes",
            "description": "Convocatoria al procedimiento de contratacion",
            "url": "http://189.211.120.220:8880/files/opendata/14008-ITP-S-DCAGI-SC-008-14/8.-%20CC/8.pdf",
            "datePublished": "2014-12-05T06:00:00.000Z",
            "dateModified": "2014-12-05T06:00:00.000Z",
            "format": "html",
            "language": "es"
          }
        ]
      },
      "buyer": {
        "identifier": {
          "scheme": "MK-009KDH999",
          "id": "GACM",
          "legalName": "Grupo Aeroportuario de la Ciudad de Mexico, S.A. de C.V.",
          "uri": "http://www.aeropuerto.gob.mx/"
        },
        "name": "Grupo Aeroportuario de la Ciudad de Mexico, S.A. de C.V.",
        "address": {
          "streetAddress": "AV. INSURGENTES SUR NO. 2453 PISO 2 OFICINA 203",
          "locality": "COL. TIZAPAN",
          "region": "DEL. ALVARO OBREGON",
          "postalCode": "01090",
          "countryName": "Mexico"
        },
        "contactPoint": {
          "name": "G05-DIRECCION CORPORATIVA DE ADMINISTRACION Y GESTION INMOBILIARIA",
          "url": "http://www.aeropuerto.gob.mx/"
        }
      },
      "awards": [
        {
          "id": "IA-009KDH999-N7-2014",
          "title": "Servicios de Adaptacion y Adecuaciones en Instalaciones de Torre Murano",
          "description": "Ver documento adjunto",
          "status": "active",
          "date": "2014-12-05T06:00:00.000Z",
          "value": {
            "amount": 1852058.2,
            "currency": "MXN"
          },
          "suppliers": [
            {
              "identifier": {
                "id": "LDE040324GC2",
                "legalName": "Liberty Desarrollos S.A. de C.V."
              },
              "name": "Liberty Desarrollos S.A. de C.V.",
              "address": {
                "streetAddress": "2a Angel Rico smz-7 mz-14 It-57 U.H.",
                "locality": "Vicente Guerrero",
                "region": "Iztapalapa",
                "postalCode": "9200",
                "countryName": "Mexico"
              }
            }
          ],
          "items": [
            {
              "id": "item-fe1c146f-ec37-4800-aaf6-76a0b576a1ea",
              "description": "Servicios de Adaptacion y Adecuaciones en Instalaciones de Torre Murano",
              "classification": {
                "scheme": "CONSERVACION Y MANTENIMIENTO MENOR DE INMUEBLES",
                "id": "3510"
              },
              "quantity": 1,
              "unit": {
                "name": "srv",
                "value": {
                  "amount": 1852058.2,
                  "currency": "MXN"
                }
              }
            }
          ],
          "contractPeriod": {
            "startDate": "2014-12-05T06:00:00.000Z",
            "endDate": "2014-12-31T06:00:00.000Z"
          },
          "documents": [
            {
              "id": "doc-7b4e3341-542f-40f8-be4c-4c7994111610",
              "documentType": "Award Notice",
              "title": "Fallo",
              "description": "Acta de fallo",
              "url": "http://189.211.120.220:8880/files/opendata/14008-ITP-S-DCAGI-SC-008-14/12.-%20AF/12.pdf",
              "datePublished": "2014-12-05T06:00:00.000Z",
              "dateModified": "2014-12-05T06:00:00.000Z",
              "format": "html",
              "language": "es"
            },
            {
              "id": "doc-1e29fdca-8abd-4ae7-9a66-b3d7f20b57b3",
              "documentType": "Award Notice",
              "title": "Fallo",
              "description": "Descripcion del acto de presentacion y apertura de proposiciones",
              "url": "http://189.211.120.220:8880/files/opendata/14008-ITP-S-DCAGI-SC-008-14/10.-%20AP/10.pdf",
              "datePublished": "2014-12-05T06:00:00.000Z",
              "dateModified": "2014-12-05T06:00:00.000Z",
              "format": "html",
              "language": "es"
            }
          ]
        }
      ],
      "contracts": [
        {
          "id": "ITP-S-DCAGI-SC-008/2014",
          "awardID": "IA-009KDH999-N7-2014",
          "title": "Servicios de Adaptacion y Adecuaciones en Instalaciones de Torre Murano",
          "description": "Ver documento adjunto",
          "status": "active",
          "period": {
            "startDate": "2014-12-05T06:00:00.000Z",
            "endDate": "2014-12-31T06:00:00.000Z"
          },
          "value": {
            "amount": 1852058.2,
            "currency": "MXN"
          },
          "items": [
            {
              "id": "item-6dbb76de-2143-4705-8a19-9e901046d9ff",
              "description": "Servicios de Adaptacion y Adecuaciones en Instalaciones de Torre Murano",
              "classification": {
                "scheme": "CONSERVACION Y MANTENIMIENTO MENOR DE INMUEBLES",
                "id": "3510"
              },
              "quantity": 1,
              "unit": {
                "name": "srv",
                "value": {
                  "amount": 1852058.2,
                  "currency": "MXN"
                }
              }
            }
          ],
          "dateSigned": "2014-12-05T06:00:00.000Z",
          "documents": [
            {
              "id": "doc-26ea914d-97c0-4039-ab26-674c5da7c171",
              "documentType": "Contract Signed",
              "title": "Cl?usula sobre las condiciones de entrega de la obra",
              "description": "Contrato firmado",
              "url": "http://189.211.120.220:8880/files/opendata/14008-ITP-S-DCAGI-SC-008-14/15.-%20CF/15.pdf",
              "datePublished": "2014-12-05T06:00:00.000Z",
              "dateModified": "2014-12-05T06:00:00.000Z",
              "format": "html",
              "language": "es"
            },
            {
              "id": "doc-898bdb06-cd13-4f4e-bf2c-1eb77f6232e0",
              "documentType": "Contract Signed",
              "title": "Contrato firmado",
              "description": "Contrato firmado",
              "url": "http://189.211.120.220:8880/files/opendata/14008-ITP-S-DCAGI-SC-008-14/15.-%20CF/15.pdf",
              "datePublished": "2014-12-05T06:00:00.000Z",
              "dateModified": "2014-12-05T06:00:00.000Z",
              "format": "html",
              "language": "es"
            },
            {
              "id": "doc-6c8c2190-2ad4-45b1-a978-156677fc16a5",
              "documentType": "Contract Guarantees",
              "title": "Fianza de anticipo",
              "description": "Garantia sobre el anticipo",
              "url": "http://189.211.120.220:8880/files/opendata/14008-ITP-S-DCAGI-SC-008-14/17.-%20GA/17.pdf",
              "datePublished": "2014-12-05T06:00:00.000Z",
              "dateModified": "2014-12-05T06:00:00.000Z",
              "format": "html",
              "language": "es"
            },
            {
              "id": "doc-19880ed8-9536-443e-9a07-39ce502ae6bc",
              "documentType": "Contract Guarantees",
              "title": "Fianza de cumplimiento",
              "description": "Garantias de cumplimiento",
              "url": "http://189.211.120.220:8880/files/opendata/14008-ITP-S-DCAGI-SC-008-14/18.-%20GC/18.pdf",
              "datePublished": "2014-12-05T06:00:00.000Z",
              "dateModified": "2014-12-05T06:00:00.000Z",
              "format": "html",
              "language": "es"
            }
          ]
        }
      ],
      "language": "es"
    }
  ],
  "publisher": {
    "name": "GACM",
    "scheme": "SERVICIO",
    "uid": "AS",
    "uri": "http://www.aeropuerto.gob.mx/"
  },
  "license": "https://datos.gob.mx/libreusomx/",
  "publicationPolicy": "https://datos.gob.mx/libreusomx/"
}
