{
  "uri": "https://datos.gob.mx/busca/dataset?organization=gacm",
  "publishedDate": "2017-02-15T16:48:25.991Z",
  "releases": [
    {
      "ocid": "95",
      "id": "RELEASE_95_2017-02-15T16:48:25.990Z",
      "date": "2017-02-09T06:00:00.000Z",
      "tag": [
        "contract"
      ],
      "initiationType": "tender",
      "planning": {
        "budget": {
          "id": "MANTENIMIENTO Y CONSERVACION DE INMUEBLES PARA LA PRESTACION DE SERVICIOS ADMINISTRATIVOS",
          "description": "RECURSOS FISCALES",
          "amount": {
            "amount": 2481886.09,
            "currency": "MXN"
          },
          "project": "Nuevo Aeropuerto Internacional de la Ciudad de Mexico",
          "projectID": "46101"
        },
        "rationale": "Mantenimiento, suministro, instalacion y puesta en operacion de las instalaciones de voz, datos y electricidad en las oficinas del Grupo Aeroportuariode la Ciudad de Mexico, S.A. de C.V.",
        "documents": [
          {
            "id": "doc-69b18bd0-971b-41be-965b-953a42a35b03",
            "documentType": "projectPlan",
            "title": "Proyecto ejecutivo de la obra",
            "description": "Terminos de referencia",
            "url": "http://189.211.120.220:8880/files/opendata/14007-ITP-S-DCAGI-SC-007-14/4.-%20TR/4.pdf",
            "datePublished": "2014-12-05T06:00:00.000Z",
            "dateModified": "2014-12-05T06:00:00.000Z",
            "format": "html",
            "language": "es"
          }
        ]
      },
      "tender": {
        "id": "722715",
        "title": "Mantenimiento, suministro, instalacion y puesta en operacion de las instalaciones de voz, datos y electricidad en las oficinas del Grupo Aeroportuariode la Ciudad de Mexico, S.A. de C.V.",
        "description": "Mantenimiento, suministro, instalacion y puesta en operacion de las instalaciones de voz, datos y electricidad en las oficinas del Grupo Aeroportuariode la Ciudad de Mexico, S.A. de C.V.",
        "status": "active",
        "items": [
          {
            "id": "item-59567b00-9194-45c8-9549-1d08064f7431",
            "description": "Mantenimiento, suministro, instalacion y puesta en operacion de las instalaciones de voz, datos y electricidad en las oficinas del Grupo Aeroportuariode la Ciudad de Mexico, S.A. de C.V.",
            "classification": {
              "scheme": "CONSERVACION Y MANTENIMIENTO MENOR DE INMUEBLES",
              "id": "3510"
            },
            "quantity": 1,
            "unit": {
              "name": "srv",
              "value": {
                "amount": 2481886.09,
                "currency": "MXN"
              }
            }
          }
        ],
        "value": {
          "amount": 2481886.09,
          "currency": "MXN"
        },
        "procurementMethod": "limited",
        "procurementMethodRationale": "Nacional",
        "metodoDeAdquisicion": "Adjudicación directa",
        "awardCriteria": "bestValueToGoverment",
        "awardCriteriaDetails": "Presencial",
        "submissionMethod": [
          "Presencial"
        ],
        "tenderPeriod": {
          "endDate": "2014-12-04T06:00:00.000Z"
        },
        "enquiryPeriod": {
          "startDate": "2014-12-02T06:00:00.000Z",
          "endDate": "2014-12-02T06:00:00.000Z"
        },
        "eligibilityCriteria": "Ver documento adjunto",
        "awardPeriod": {
          "endDate": "2014-12-04T06:00:00.000Z"
        },
        "documents": [
          {
            "id": "doc-b2a57414-1dc1-4d19-aae3-b5443c8291cc",
            "documentType": "Clarifications",
            "title": "Actas de la junta de aclaraciones",
            "description": "Actas de la junta de aclaraciones",
            "url": "http://189.211.120.220:8880/files/opendata/14007-ITP-S-DCAGI-SC-007-14/9.-%20AJ/9.pdf",
            "datePublished": "2014-12-05T06:00:00.000Z",
            "dateModified": "2014-12-05T06:00:00.000Z",
            "format": "html",
            "language": "es"
          },
          {
            "id": "doc-d56c993f-b351-49fd-b188-f8cdbe0afe4f",
            "documentType": "Tender Notice",
            "title": "Documento que contiene las especificaciones t?cnicas de la obra",
            "description": "Convocatoria al procedimiento de contratacion",
            "url": "http://189.211.120.220:8880/files/opendata/14007-ITP-S-DCAGI-SC-007-14/8.-%20CC/8.pdf",
            "datePublished": "2014-12-05T06:00:00.000Z",
            "dateModified": "2014-12-05T06:00:00.000Z",
            "format": "html",
            "language": "es"
          },
          {
            "id": "doc-bbf94630-e9eb-432e-8c97-4b60afbb4975",
            "documentType": "Tender Notice",
            "title": "Documento que describe los criterios de evaluaci?n",
            "description": "Convocatoria al procedimiento de contratacion",
            "url": "http://189.211.120.220:8880/files/opendata/14007-ITP-S-DCAGI-SC-007-14/8.-%20CC/8.pdf",
            "datePublished": "2014-12-05T06:00:00.000Z",
            "dateModified": "2014-12-05T06:00:00.000Z",
            "format": "html",
            "language": "es"
          },
          {
            "id": "doc-5841f331-1882-43f9-b2cc-4680ae4b891d",
            "documentType": "Tender Notice",
            "title": "Documento que contiene los objetivos y caracter?sticas del contrato y proceso de licitaci?n",
            "description": "Convocatoria al procedimiento de contratacion",
            "url": "http://189.211.120.220:8880/files/opendata/14007-ITP-S-DCAGI-SC-007-14/8.-%20CC/8.pdf",
            "datePublished": "2014-12-05T06:00:00.000Z",
            "dateModified": "2014-12-05T06:00:00.000Z",
            "format": "html",
            "language": "es"
          },
          {
            "id": "doc-df9baae7-ba75-4d43-9991-2893b1448404",
            "documentType": "Tender Notice",
            "title": "Convocatoria al procedimiento de contrataci?n",
            "description": "Convocatoria al procedimiento de contratacion",
            "url": "http://189.211.120.220:8880/files/opendata/14007-ITP-S-DCAGI-SC-007-14/8.-%20CC/8.pdf",
            "datePublished": "2014-12-05T06:00:00.000Z",
            "dateModified": "2014-12-05T06:00:00.000Z",
            "format": "html",
            "language": "es"
          },
          {
            "id": "doc-2c170bbb-3a43-435b-8af6-3e2c2be42eee",
            "documentType": "Tender Notice",
            "title": "Documento que describe los criterios que deben cumplir los licitantes",
            "description": "Convocatoria al procedimiento de contratacion",
            "url": "http://189.211.120.220:8880/files/opendata/14007-ITP-S-DCAGI-SC-007-14/8.-%20CC/8.pdf",
            "datePublished": "2014-12-05T06:00:00.000Z",
            "dateModified": "2014-12-05T06:00:00.000Z",
            "format": "html",
            "language": "es"
          }
        ]
      },
      "buyer": {
        "identifier": {
          "scheme": "MK-009KDH999",
          "id": "GACM",
          "legalName": "Grupo Aeroportuario de la Ciudad de Mexico, S.A. de C.V.",
          "uri": "http://www.aeropuerto.gob.mx/"
        },
        "name": "Grupo Aeroportuario de la Ciudad de Mexico, S.A. de C.V.",
        "address": {
          "streetAddress": "AV. INSURGENTES SUR NO. 2453 PISO 2 OFICINA 203",
          "locality": "COL. TIZAPAN",
          "region": "DEL. ALVARO OBREGON",
          "postalCode": "01090",
          "countryName": "Mexico"
        },
        "contactPoint": {
          "name": "G05-DIRECCION CORPORATIVA DE ADMINISTRACION Y GESTION INMOBILIARIA",
          "url": "http://www.aeropuerto.gob.mx/"
        }
      },
      "awards": [
        {
          "id": "IA-009KDH999-N6-2014",
          "title": "Mantenimiento, suministro, instalacion y puesta en operacion de las instalaciones de voz, datos y electricidad en las oficinas del Grupo Aeroportuariode la Ciudad de Mexico, S.A. de C.V.",
          "description": "Ver documento adjunto",
          "status": "active",
          "date": "2014-12-05T06:00:00.000Z",
          "value": {
            "amount": 2481886.09,
            "currency": "MXN"
          },
          "suppliers": [
            {
              "identifier": {
                "id": "RTE110519GA9",
                "legalName": "RIBUS TECH, S.A. DE C.V."
              },
              "name": "RIBUS TECH, S.A. DE C.V.",
              "address": {
                "streetAddress": "Avenida Cuauhtemoc 789",
                "locality": "Narvarte",
                "region": "Benito Juarez",
                "postalCode": "3020",
                "countryName": "Mexico"
              }
            }
          ],
          "items": [
            {
              "id": "item-b38497c4-9aac-4ff7-96e2-9a858de67232",
              "description": "Mantenimiento, suministro, instalacion y puesta en operacion de las instalaciones de voz, datos y electricidad en las oficinas del Grupo Aeroportuariode la Ciudad de Mexico, S.A. de C.V.",
              "classification": {
                "scheme": "CONSERVACION Y MANTENIMIENTO MENOR DE INMUEBLES",
                "id": "3510"
              },
              "quantity": 1,
              "unit": {
                "name": "srv",
                "value": {
                  "amount": 2481886.09,
                  "currency": "MXN"
                }
              }
            }
          ],
          "contractPeriod": {
            "startDate": "2014-12-05T06:00:00.000Z",
            "endDate": "2014-12-31T06:00:00.000Z"
          },
          "documents": [
            {
              "id": "doc-2159c690-b557-4614-87f3-894cf82e7587",
              "documentType": "Award Notice",
              "title": "Fallo",
              "description": "Acta de fallo",
              "url": "http://189.211.120.220:8880/files/opendata/14007-ITP-S-DCAGI-SC-007-14/12.-%20AF/12.pdf",
              "datePublished": "2014-12-05T06:00:00.000Z",
              "dateModified": "2014-12-05T06:00:00.000Z",
              "format": "html",
              "language": "es"
            },
            {
              "id": "doc-f94deac4-97c1-4e7f-b863-9f5adb3b417e",
              "documentType": "Award Notice",
              "title": "Fallo",
              "description": "Descripcion del acto de presentacion y apertura de proposiciones",
              "url": "http://189.211.120.220:8880/files/opendata/14007-ITP-S-DCAGI-SC-007-14/10.-%20AP/10.pdf",
              "datePublished": "2014-12-05T06:00:00.000Z",
              "dateModified": "2014-12-05T06:00:00.000Z",
              "format": "html",
              "language": "es"
            }
          ]
        }
      ],
      "contracts": [
        {
          "id": "ITP-S-DCAGI-SC-007/2014",
          "awardID": "IA-009KDH999-N6-2014",
          "title": "Mantenimiento, suministro, instalacion y puesta en operacion de las instalaciones de voz, datos y electricidad en las oficinas del Grupo Aeroportuariode la Ciudad de Mexico, S.A. de C.V.",
          "description": "Ver documento adjunto",
          "status": "active",
          "period": {
            "startDate": "2014-12-05T06:00:00.000Z",
            "endDate": "2014-12-31T06:00:00.000Z"
          },
          "value": {
            "amount": 2481886.09,
            "currency": "MXN"
          },
          "items": [
            {
              "id": "item-71be4e17-3064-47e3-973f-b692422dfec8",
              "description": "Mantenimiento, suministro, instalacion y puesta en operacion de las instalaciones de voz, datos y electricidad en las oficinas del Grupo Aeroportuariode la Ciudad de Mexico, S.A. de C.V.",
              "classification": {
                "scheme": "CONSERVACION Y MANTENIMIENTO MENOR DE INMUEBLES",
                "id": "3510"
              },
              "quantity": 1,
              "unit": {
                "name": "srv",
                "value": {
                  "amount": 2481886.09,
                  "currency": "MXN"
                }
              }
            }
          ],
          "dateSigned": "2014-12-05T06:00:00.000Z",
          "documents": [
            {
              "id": "doc-3ca3c652-a9e9-42a6-98e5-5998b84f1ebf",
              "documentType": "Contract Signed",
              "title": "Cl?usula sobre las condiciones de entrega de la obra",
              "description": "Contrato firmado",
              "url": "http://189.211.120.220:8880/files/opendata/14007-ITP-S-DCAGI-SC-007-14/15.-%20CF/15.pdf",
              "datePublished": "2014-12-05T06:00:00.000Z",
              "dateModified": "2014-12-05T06:00:00.000Z",
              "format": "html",
              "language": "es"
            },
            {
              "id": "doc-843733ee-e637-49cf-b4b3-42f40d3e0a89",
              "documentType": "Contract Signed",
              "title": "Contrato firmado",
              "description": "Contrato firmado",
              "url": "http://189.211.120.220:8880/files/opendata/14007-ITP-S-DCAGI-SC-007-14/15.-%20CF/15.pdf",
              "datePublished": "2014-12-05T06:00:00.000Z",
              "dateModified": "2014-12-05T06:00:00.000Z",
              "format": "html",
              "language": "es"
            },
            {
              "id": "doc-08636051-1ca9-4530-8bc9-9bf0cb6c6605",
              "documentType": "Contract Guarantees",
              "title": "Fianza de anticipo",
              "description": "Garantia sobre el anticipo",
              "url": "http://189.211.120.220:8880/files/opendata/14007-ITP-S-DCAGI-SC-007-14/17.-%20GA/17.pdf",
              "datePublished": "2014-12-05T06:00:00.000Z",
              "dateModified": "2014-12-05T06:00:00.000Z",
              "format": "html",
              "language": "es"
            },
            {
              "id": "doc-1dab7bbc-c28f-4fad-b730-fa3e54da4109",
              "documentType": "Contract Guarantees",
              "title": "Fianza de cumplimiento",
              "description": "Garantias de cumplimiento",
              "url": "http://189.211.120.220:8880/files/opendata/14007-ITP-S-DCAGI-SC-007-14/18.-%20GC/18.pdf",
              "datePublished": "2014-12-05T06:00:00.000Z",
              "dateModified": "2014-12-05T06:00:00.000Z",
              "format": "html",
              "language": "es"
            }
          ]
        }
      ],
      "language": "es"
    }
  ],
  "publisher": {
    "name": "GACM",
    "scheme": "SERVICIO",
    "uid": "AS",
    "uri": "http://www.aeropuerto.gob.mx/"
  },
  "license": "https://datos.gob.mx/libreusomx/",
  "publicationPolicy": "https://datos.gob.mx/libreusomx/"
}
